sample	donor	tissue	split
GTEX-S33H-1126-SM-2XCB6	GTEX-S33H	Adipose - Subcutaneous	GTEx-sim
GTEX-YECK-0226-SM-4W215	GTEX-YECK	Adipose - Subcutaneous	GTEx-sim
GTEX-WL46-0326-SM-3LK6Y	GTEX-WL46	Adipose - Subcutaneous	GTEx-ref
GTEX-YJ8A-0526-SM-5IFHT	GTEX-YJ8A	Adipose - Subcutaneous	GTEx-ref
GTEX-13NZ9-0526-SM-5J1OX	GTEX-13NZ9	Adipose - Subcutaneous	GTEx-sim
GTEX-XQ3S-1626-SM-4WAYN	GTEX-XQ3S	Adipose - Subcutaneous	GTEx-sim
GTEX-111FC-0226-SM-5N9B8	GTEX-111FC	Adipose - Subcutaneous	GTEx-ref
GTEX-SSA3-0226-SM-32QPN	GTEX-SSA3	Adipose - Subcutaneous	GTEx-ref
GTEX-13PVQ-0226-SM-5SIBG	GTEX-13PVQ	Adipose - Subcutaneous	GTEx-sim
GTEX-XMK1-2226-SM-4B673	GTEX-XMK1	Adipose - Subcutaneous	GTEx-sim
GTEX-YFCO-2026-SM-4W21Q	GTEX-YFCO	Adipose - Subcutaneous	GTEx-ref
GTEX-ZVTK-0526-SM-5GZWT	GTEX-ZVTK	Adipose - Subcutaneous	GTEx-ref
GTEX-13FHP-0226-SM-5K7WD	GTEX-13FHP	Adipose - Subcutaneous	GTEx-ref
GTEX-PLZ6-1326-SM-3NB24	GTEX-PLZ6	Adipose - Subcutaneous	GTEx-ref
GTEX-XUYS-0226-SM-47JX1	GTEX-XUYS	Adipose - Subcutaneous	GTEx-sim
GTEX-12KS4-0426-SM-5EQMC	GTEX-12KS4	Adipose - Subcutaneous	GTEx-sim
GTEX-WVLH-0226-SM-3MJG6	GTEX-WVLH	Adipose - Subcutaneous	GTEx-sim
GTEX-ZDTS-0226-SM-5HL7Q	GTEX-ZDTS	Adipose - Subcutaneous	GTEx-sim
GTEX-146FQ-0226-SM-5NQAL	GTEX-146FQ	Adipose - Subcutaneous	GTEx-ref
GTEX-WY7C-2426-SM-3NB2V	GTEX-WY7C	Adipose - Subcutaneous	GTEx-ref
GTEX-QV31-1326-SM-2S1QE	GTEX-QV31	Adipose - Subcutaneous	GTEx-sim
GTEX-11PRG-0626-SM-5BC56	GTEX-11PRG	Adipose - Subcutaneous	GTEx-ref
GTEX-11DXW-0326-SM-5H11W	GTEX-11DXW	Adipose - Subcutaneous	GTEx-ref
GTEX-ZUA1-0226-SM-5NQ9Q	GTEX-ZUA1	Adipose - Subcutaneous	GTEx-ref
GTEX-QEG4-0326-SM-5S2UQ	GTEX-QEG4	Adipose - Subcutaneous	GTEx-sim
GTEX-1314G-1626-SM-5EQ67	GTEX-1314G	Adipose - Subcutaneous	GTEx-ref
GTEX-WVJS-0226-SM-4MVOU	GTEX-WVJS	Adipose - Subcutaneous	GTEx-sim
GTEX-1212Z-2426-SM-5EQ5D	GTEX-1212Z	Adipose - Subcutaneous	GTEx-sim
GTEX-VUSG-2426-SM-4KKZG	GTEX-VUSG	Adipose - Subcutaneous	GTEx-ref
GTEX-ZVZO-0226-SM-5A5LA	GTEX-ZVZO	Adipose - Subcutaneous	GTEx-ref
GTEX-12WSC-0226-SM-5EQ52	GTEX-12WSC	Adipose - Subcutaneous	GTEx-ref
GTEX-U8XE-0426-SM-3DB91	GTEX-U8XE	Adipose - Subcutaneous	GTEx-sim
GTEX-11EI6-0226-SM-5EQ64	GTEX-11EI6	Adipose - Subcutaneous	GTEx-sim
GTEX-WH7G-2226-SM-3NMBN	GTEX-WH7G	Adipose - Subcutaneous	GTEx-sim
GTEX-XOTO-0226-SM-4B66H	GTEX-XOTO	Adipose - Subcutaneous	GTEx-sim
GTEX-ZEX8-2326-SM-5S2MN	GTEX-ZEX8	Adipose - Subcutaneous	GTEx-sim
GTEX-QESD-1526-SM-2S1QT	GTEX-QESD	Adipose - Subcutaneous	GTEx-ref
GTEX-X4LF-1726-SM-3NMBZ	GTEX-X4LF	Adipose - Subcutaneous	GTEx-ref
GTEX-111FC-1426-SM-5N9C7	GTEX-111FC	Adipose - Subcutaneous	GTEx-ref
GTEX-UTHO-0426-SM-5SI7N	GTEX-UTHO	Adipose - Subcutaneous	GTEx-sim
GTEX-Y8E5-0226-SM-57WCM	GTEX-Y8E5	Adipose - Subcutaneous	GTEx-sim
GTEX-131XE-2426-SM-5EQ5V	GTEX-131XE	Adipose - Subcutaneous	GTEx-sim
GTEX-14C5O-0226-SM-5SI6O	GTEX-14C5O	Adipose - Subcutaneous	GTEx-ref
GTEX-Y111-0226-SM-4SOIW	GTEX-Y111	Adipose - Subcutaneous	GTEx-sim
GTEX-13OW6-0526-SM-5L3HY	GTEX-13OW6	Adipose - Subcutaneous	GTEx-sim
GTEX-ZDXO-2426-SM-5S2NJ	GTEX-ZDXO	Adipose - Subcutaneous	GTEx-sim
GTEX-11OF3-2426-SM-5Q5AS	GTEX-11OF3	Adipose - Subcutaneous	GTEx-ref
GTEX-12ZZY-0326-SM-5LZVQ	GTEX-12ZZY	Adipose - Subcutaneous	GTEx-ref
GTEX-SIU8-0226-SM-2XCDS	GTEX-SIU8	Adipose - Subcutaneous	GTEx-sim
GTEX-PLZ5-1826-SM-3NB22	GTEX-PLZ5	Adipose - Subcutaneous	GTEx-sim
GTEX-Y8E4-0726-SM-4WWFN	GTEX-Y8E4	Adipose - Subcutaneous	GTEx-ref
GTEX-113IC-0226-SM-5HL5C	GTEX-113IC	Adipose - Subcutaneous	GTEx-sim
GTEX-13OW7-0226-SM-5MR3N	GTEX-13OW7	Adipose - Subcutaneous	GTEx-sim
GTEX-WFG8-2326-SM-5S2UE	GTEX-WFG8	Adipose - Subcutaneous	GTEx-ref
GTEX-13PDP-0226-SM-5K7W9	GTEX-13PDP	Adipose - Subcutaneous	GTEx-sim
GTEX-13NZA-0126-SM-5K7UH	GTEX-13NZA	Adipose - Subcutaneous	GTEx-sim
GTEX-144GM-1926-SM-5LUAN	GTEX-144GM	Adipose - Subcutaneous	GTEx-sim
GTEX-13112-2726-SM-5DUW5	GTEX-13112	Adipose - Subcutaneous	GTEx-sim
GTEX-144FL-0226-SM-5Q5D4	GTEX-144FL	Adipose - Subcutaneous	GTEx-ref
GTEX-13OVL-0326-SM-5IJCS	GTEX-13OVL	Adipose - Subcutaneous	GTEx-ref
GTEX-139YR-2426-SM-5J1OB	GTEX-139YR	Adipose - Subcutaneous	GTEx-sim
GTEX-XXEK-2426-SM-4BRUS	GTEX-XXEK	Adipose - Subcutaneous	GTEx-ref
GTEX-11GS4-2626-SM-5A5LD	GTEX-11GS4	Adipose - Subcutaneous	GTEx-sim
GTEX-13N1W-0226-SM-5K7W6	GTEX-13N1W	Adipose - Subcutaneous	GTEx-ref
GTEX-13N2G-2726-SM-5J1MG	GTEX-13N2G	Adipose - Subcutaneous	GTEx-ref
GTEX-13IVO-0226-SM-5LZXU	GTEX-13IVO	Adipose - Subcutaneous	GTEx-ref
GTEX-13O1R-0226-SM-5K7U5	GTEX-13O1R	Adipose - Subcutaneous	GTEx-sim
GTEX-WHPG-2126-SM-4M1ZM	GTEX-WHPG	Adipose - Subcutaneous	GTEx-ref
GTEX-139TU-0226-SM-5J1NM	GTEX-139TU	Adipose - Subcutaneous	GTEx-ref
GTEX-11WQC-2426-SM-5EQKQ	GTEX-11WQC	Adipose - Subcutaneous	GTEx-ref
GTEX-111VG-2326-SM-5N9BK	GTEX-111VG	Adipose - Subcutaneous	GTEx-ref
GTEX-YF7O-2426-SM-5IFJL	GTEX-YF7O	Adipose - Subcutaneous	GTEx-sim
GTEX-11ZUS-0726-SM-59886	GTEX-11ZUS	Adipose - Subcutaneous	GTEx-ref
GTEX-1399R-2626-SM-5KLZ7	GTEX-1399R	Adipose - Subcutaneous	GTEx-ref
GTEX-11UD2-0126-SM-5EQL2	GTEX-11UD2	Adipose - Subcutaneous	GTEx-ref
GTEX-13CF2-2626-SM-5LZZA	GTEX-13CF2	Adipose - Subcutaneous	GTEx-sim
GTEX-13FHO-0326-SM-5IJBH	GTEX-13FHO	Adipose - Subcutaneous	GTEx-ref
GTEX-ZVE2-0326-SM-57WFC	GTEX-ZVE2	Adipose - Subcutaneous	GTEx-ref
GTEX-ZTX8-1526-SM-5N9GI	GTEX-ZTX8	Adipose - Subcutaneous	GTEx-sim
GTEX-13SLW-0226-SM-5S2NA	GTEX-13SLW	Adipose - Subcutaneous	GTEx-ref
GTEX-14BIL-0226-SM-5SI9E	GTEX-14BIL	Adipose - Subcutaneous	GTEx-ref
GTEX-ZT9X-1926-SM-57WE7	GTEX-ZT9X	Adipose - Subcutaneous	GTEx-sim
GTEX-ZXG5-0226-SM-59HJI	GTEX-ZXG5	Adipose - Subcutaneous	GTEx-ref
GTEX-OXRL-0226-SM-3NB18	GTEX-OXRL	Adipose - Subcutaneous	GTEx-ref
GTEX-139TT-0226-SM-5K7YH	GTEX-139TT	Adipose - Subcutaneous	GTEx-ref
GTEX-144GL-0226-SM-5QGOX	GTEX-144GL	Adipose - Subcutaneous	GTEx-ref
GTEX-XGQ4-2226-SM-4AT4Y	GTEX-XGQ4	Adipose - Subcutaneous	GTEx-sim
GTEX-13G51-2626-SM-5LZYW	GTEX-13G51	Adipose - Subcutaneous	GTEx-sim
GTEX-T5JC-0526-SM-32PM7	GTEX-T5JC	Adipose - Subcutaneous	GTEx-sim
GTEX-Z93T-0226-SM-5HL5Z	GTEX-Z93T	Adipose - Subcutaneous	GTEx-ref
GTEX-11TUW-2626-SM-5EQKZ	GTEX-11TUW	Adipose - Subcutaneous	GTEx-sim
GTEX-13O3P-0226-SM-5KM3Z	GTEX-13O3P	Adipose - Subcutaneous	GTEx-sim
GTEX-WFON-2226-SM-3TW8W	GTEX-WFON	Adipose - Subcutaneous	GTEx-ref
GTEX-ZPU1-2426-SM-4WWFM	GTEX-ZPU1	Adipose - Subcutaneous	GTEx-ref
GTEX-YB5E-2126-SM-5IFI7	GTEX-YB5E	Adipose - Subcutaneous	GTEx-ref
GTEX-QV44-1825-SM-447CF	GTEX-QV44	Adipose - Subcutaneous	GTEx-ref
GTEX-13QJ3-0426-SM-5RQHP	GTEX-13QJ3	Adipose - Subcutaneous	GTEx-sim
GTEX-1399T-2726-SM-5K7XK	GTEX-1399T	Adipose - Subcutaneous	GTEx-sim
GTEX-139T8-0226-SM-5L3EA	GTEX-139T8	Adipose - Subcutaneous	GTEx-ref
GTEX-11O72-0226-SM-59869	GTEX-11O72	Adipose - Subcutaneous	GTEx-ref
GTEX-13O21-1526-SM-5K7W4	GTEX-13O21	Adipose - Subcutaneous	GTEx-sim
GTEX-REY6-0326-SM-2TF5A	GTEX-REY6	Adipose - Subcutaneous	GTEx-sim
GTEX-13NZB-2426-SM-5K7UF	GTEX-13NZB	Adipose - Subcutaneous	GTEx-sim
GTEX-Q2AH-1726-SM-3NB2B	GTEX-Q2AH	Adipose - Subcutaneous	GTEx-sim
GTEX-R55F-1426-SM-2TF53	GTEX-R55F	Adipose - Subcutaneous	GTEx-ref
GTEX-Z93S-0226-SM-5HL7R	GTEX-Z93S	Adipose - Subcutaneous	GTEx-ref
GTEX-13OW8-1226-SM-5K7XD	GTEX-13OW8	Adipose - Subcutaneous	GTEx-ref
GTEX-R55D-0326-SM-48FES	GTEX-R55D	Adipose - Subcutaneous	GTEx-sim
GTEX-R55C-1626-SM-48FEG	GTEX-R55C	Adipose - Subcutaneous	GTEx-sim
GTEX-OOBJ-0226-SM-2YUMM	GTEX-OOBJ	Adipose - Subcutaneous	GTEx-sim
GTEX-13O61-2426-SM-5J1NV	GTEX-13O61	Adipose - Subcutaneous	GTEx-sim
GTEX-ZVP2-1826-SM-5GU62	GTEX-ZVP2	Adipose - Subcutaneous	GTEx-sim
GTEX-12584-0226-SM-5EQL5	GTEX-12584	Adipose - Subcutaneous	GTEx-ref
GTEX-OIZI-0226-SM-2XCEE	GTEX-OIZI	Adipose - Subcutaneous	GTEx-sim
GTEX-XLM4-0226-SM-4AT4N	GTEX-XLM4	Adipose - Subcutaneous	GTEx-sim
GTEX-ZYW4-0226-SM-5E44M	GTEX-ZYW4	Adipose - Subcutaneous	GTEx-ref
GTEX-ZZ64-1626-SM-5E43W	GTEX-ZZ64	Adipose - Subcutaneous	GTEx-sim
GTEX-13JVG-0226-SM-5J1MW	GTEX-13JVG	Adipose - Subcutaneous	GTEx-sim
GTEX-ZE9C-2826-SM-5S2MO	GTEX-ZE9C	Adipose - Subcutaneous	GTEx-ref
GTEX-111YS-2426-SM-5GZZQ	GTEX-111YS	Adipose - Subcutaneous	GTEx-sim
GTEX-145MO-0426-SM-5QGP6	GTEX-145MO	Adipose - Subcutaneous	GTEx-sim
GTEX-Y3I4-2226-SM-4TT7O	GTEX-Y3I4	Adipose - Subcutaneous	GTEx-sim
GTEX-OHPM-0226-SM-3LK61	GTEX-OHPM	Adipose - Subcutaneous	GTEx-sim
GTEX-X5EB-2426-SM-4E3HX	GTEX-X5EB	Adipose - Subcutaneous	GTEx-sim
GTEX-145MN-2626-SM-5NQAH	GTEX-145MN	Adipose - Subcutaneous	GTEx-ref
GTEX-QMRM-1726-SM-2S1QG	GTEX-QMRM	Adipose - Subcutaneous	GTEx-ref
GTEX-UTHO-0426-SM-3GAED	GTEX-UTHO	Adipose - Subcutaneous	GTEx-sim
GTEX-14C39-2526-SM-5S2UH	GTEX-14C39	Adipose - Subcutaneous	GTEx-ref
GTEX-XBEC-0326-SM-4AT4M	GTEX-XBEC	Adipose - Subcutaneous	GTEx-ref
GTEX-12696-2526-SM-5EQLN	GTEX-12696	Adipose - Subcutaneous	GTEx-sim
GTEX-O5YT-0226-SM-32PK5	GTEX-O5YT	Adipose - Subcutaneous	GTEx-sim
GTEX-11P7K-2026-SM-5GU74	GTEX-11P7K	Adipose - Subcutaneous	GTEx-ref
GTEX-13RTJ-2526-SM-5S2Q3	GTEX-13RTJ	Adipose - Subcutaneous	GTEx-sim
GTEX-12WSM-0226-SM-5LZV6	GTEX-12WSM	Adipose - Subcutaneous	GTEx-sim
GTEX-Q2AI-1426-SM-2S1P5	GTEX-Q2AI	Adipose - Subcutaneous	GTEx-sim
GTEX-YEC4-2426-SM-57WFO	GTEX-YEC4	Adipose - Subcutaneous	GTEx-sim
GTEX-P44H-0326-SM-2XCES	GTEX-P44H	Adipose - Subcutaneous	GTEx-ref
GTEX-U412-0526-SM-3DB9I	GTEX-U412	Adipose - Subcutaneous	GTEx-sim
GTEX-XBEW-0726-SM-4QARX	GTEX-XBEW	Adipose - Subcutaneous	GTEx-ref
GTEX-ZYFD-0226-SM-5NQ86	GTEX-ZYFD	Adipose - Subcutaneous	GTEx-ref
GTEX-X261-0226-SM-3NMD2	GTEX-X261	Adipose - Subcutaneous	GTEx-ref
GTEX-11DXZ-2226-SM-5EGH2	GTEX-11DXZ	Adipose - Subcutaneous	GTEx-sim
GTEX-QLQ7-1526-SM-2S1QA	GTEX-QLQ7	Adipose - Subcutaneous	GTEx-ref
GTEX-S4Q7-1626-SM-3K2AE	GTEX-S4Q7	Adipose - Subcutaneous	GTEx-ref
GTEX-NFK9-0326-SM-3MJGV	GTEX-NFK9	Adipose - Subcutaneous	GTEx-sim
GTEX-11P82-1726-SM-5Q5AT	GTEX-11P82	Adipose - Subcutaneous	GTEx-ref
GTEX-11GSO-2326-SM-5A5LX	GTEX-11GSO	Adipose - Subcutaneous	GTEx-ref
GTEX-117YX-2226-SM-5EGJJ	GTEX-117YX	Adipose - Subcutaneous	GTEx-sim
GTEX-11LCK-1126-SM-5A5KC	GTEX-11LCK	Adipose - Subcutaneous	GTEx-sim
GTEX-XBED-2326-SM-47JYR	GTEX-XBED	Adipose - Subcutaneous	GTEx-ref
GTEX-14DAR-1926-SM-5S2NQ	GTEX-14DAR	Adipose - Subcutaneous	GTEx-sim
GTEX-RWSA-0226-SM-2XCBA	GTEX-RWSA	Adipose - Subcutaneous	GTEx-ref
GTEX-S95S-1326-SM-2XCDK	GTEX-S95S	Adipose - Subcutaneous	GTEx-sim
GTEX-11EQ9-2526-SM-5HL66	GTEX-11EQ9	Adipose - Subcutaneous	GTEx-sim
GTEX-ZF28-0226-SM-5S2OE	GTEX-ZF28	Adipose - Subcutaneous	GTEx-sim
GTEX-111CU-1826-SM-5GZYN	GTEX-111CU	Adipose - Subcutaneous	GTEx-ref
GTEX-XQ8I-0526-SM-4BOPS	GTEX-XQ8I	Adipose - Subcutaneous	GTEx-sim
GTEX-13YAN-0426-SM-5O9DR	GTEX-13YAN	Adipose - Subcutaneous	GTEx-ref
GTEX-X4XY-0326-SM-46MVZ	GTEX-X4XY	Adipose - Subcutaneous	GTEx-ref
GTEX-12WSA-0326-SM-5BC6I	GTEX-12WSA	Adipose - Subcutaneous	GTEx-ref
GTEX-11H98-0226-SM-5NQ89	GTEX-11H98	Adipose - Subcutaneous	GTEx-sim
GTEX-ZTSS-2026-SM-5987K	GTEX-ZTSS	Adipose - Subcutaneous	GTEx-sim
GTEX-YEC3-1226-SM-5IFI8	GTEX-YEC3	Adipose - Subcutaneous	GTEx-ref
GTEX-145LT-1826-SM-5QGP4	GTEX-145LT	Adipose - Subcutaneous	GTEx-ref
GTEX-131XF-2226-SM-5EQKG	GTEX-131XF	Adipose - Subcutaneous	GTEx-sim
GTEX-11DZ1-0226-SM-5A5KF	GTEX-11DZ1	Adipose - Subcutaneous	GTEx-ref
GTEX-NPJ8-0226-SM-48TBN	GTEX-NPJ8	Adipose - Subcutaneous	GTEx-ref
GTEX-ZDYS-2126-SM-5S2OD	GTEX-ZDYS	Adipose - Subcutaneous	GTEx-ref
GTEX-OOBK-0226-SM-2YUMF	GTEX-OOBK	Adipose - Subcutaneous	GTEx-sim
GTEX-QDVN-2126-SM-33HBS	GTEX-QDVN	Adipose - Subcutaneous	GTEx-sim
GTEX-RM2N-1726-SM-2TF55	GTEX-RM2N	Adipose - Subcutaneous	GTEx-ref
GTEX-14753-0326-SM-5QGQB	GTEX-14753	Adipose - Subcutaneous	GTEx-sim
GTEX-P4QS-0226-SM-3NB1U	GTEX-P4QS	Adipose - Subcutaneous	GTEx-ref
GTEX-XAJ8-0926-SM-47JXZ	GTEX-XAJ8	Adipose - Subcutaneous	GTEx-sim
GTEX-147GR-0426-SM-5S2OL	GTEX-147GR	Adipose - Subcutaneous	GTEx-ref
GTEX-RVPU-2326-SM-2TF6R	GTEX-RVPU	Adipose - Subcutaneous	GTEx-sim
GTEX-14E6C-0226-SM-5S2N3	GTEX-14E6C	Adipose - Subcutaneous	GTEx-ref
GTEX-P4QR-0426-SM-2S1NV	GTEX-P4QR	Adipose - Subcutaneous	GTEx-sim
GTEX-OIZH-0226-SM-2YUMH	GTEX-OIZH	Adipose - Subcutaneous	GTEx-ref
GTEX-QDVN-2126-SM-5SI7X	GTEX-QDVN	Adipose - Subcutaneous	GTEx-sim
GTEX-XK95-0426-SM-4AT4R	GTEX-XK95	Adipose - Subcutaneous	GTEx-sim
GTEX-1497J-2326-SM-5NQBK	GTEX-1497J	Adipose - Subcutaneous	GTEx-sim
GTEX-QLQW-1226-SM-2S1Q9	GTEX-QLQW	Adipose - Subcutaneous	GTEx-ref
GTEX-XPVG-2726-SM-4B66W	GTEX-XPVG	Adipose - Subcutaneous	GTEx-ref
GTEX-P4PQ-0226-SM-2S1NK	GTEX-P4PQ	Adipose - Subcutaneous	GTEx-ref
GTEX-12WSL-2426-SM-5GCN7	GTEX-12WSL	Adipose - Subcutaneous	GTEx-ref
GTEX-QEG5-0326-SM-2S1PB	GTEX-QEG5	Adipose - Subcutaneous	GTEx-ref
GTEX-13NYS-0226-SM-5MR49	GTEX-13NYS	Adipose - Subcutaneous	GTEx-ref
GTEX-QEL4-0326-SM-3GAE5	GTEX-QEL4	Adipose - Subcutaneous	GTEx-ref
GTEX-P44G-2326-SM-2XCCZ	GTEX-P44G	Adipose - Subcutaneous	GTEx-sim
GTEX-Y5V6-2526-SM-5IFJV	GTEX-Y5V6	Adipose - Subcutaneous	GTEx-sim
GTEX-11TT1-2426-SM-5EQMK	GTEX-11TT1	Adipose - Subcutaneous	GTEx-ref
GTEX-Q2AH-1726-SM-2S1OT	GTEX-Q2AH	Adipose - Subcutaneous	GTEx-sim
GTEX-ZC5H-0126-SM-4WAYL	GTEX-ZC5H	Adipose - Subcutaneous	GTEx-ref
GTEX-PWCY-1926-SM-3NB25	GTEX-PWCY	Adipose - Subcutaneous	GTEx-ref
GTEX-T5JW-1726-SM-3GADN	GTEX-T5JW	Adipose - Subcutaneous	GTEx-ref
GTEX-R53T-1626-SM-3GAEW	GTEX-R53T	Adipose - Subcutaneous	GTEx-sim
GTEX-PX3G-0226-SM-3NB2C	GTEX-PX3G	Adipose - Subcutaneous	GTEx-sim
GTEX-QDT8-0226-SM-32PL4	GTEX-QDT8	Adipose - Subcutaneous	GTEx-ref
GTEX-UJHI-1626-SM-3DB9A	GTEX-UJHI	Adipose - Subcutaneous	GTEx-sim
GTEX-YJ8O-2426-SM-5HL7S	GTEX-YJ8O	Adipose - Subcutaneous	GTEx-ref
GTEX-Y3IK-2526-SM-4WWDM	GTEX-Y3IK	Adipose - Subcutaneous	GTEx-sim
GTEX-12WSD-0226-SM-59HKO	GTEX-12WSD	Adipose - Subcutaneous	GTEx-sim
GTEX-ZF3C-0226-SM-4WWB3	GTEX-ZF3C	Adipose - Subcutaneous	GTEx-sim
GTEX-ZAK1-0226-SM-5CVMX	GTEX-ZAK1	Adipose - Subcutaneous	GTEx-ref
GTEX-T6MO-1726-SM-33HB8	GTEX-T6MO	Adipose - Subcutaneous	GTEx-sim
GTEX-W5X1-2626-SM-4LMI8	GTEX-W5X1	Adipose - Subcutaneous	GTEx-ref
GTEX-131XW-0526-SM-5PNXZ	GTEX-131XW	Adipose - Subcutaneous	GTEx-ref
GTEX-YFC4-0226-SM-57WD2	GTEX-YFC4	Adipose - Subcutaneous	GTEx-ref
GTEX-ZTPG-0226-SM-5O99I	GTEX-ZTPG	Adipose - Subcutaneous	GTEx-ref
GTEX-OXRP-0226-SM-3NB14	GTEX-OXRP	Adipose - Subcutaneous	GTEx-ref
GTEX-13JUV-2826-SM-5LZWU	GTEX-13JUV	Adipose - Subcutaneous	GTEx-ref
GTEX-OXRK-0326-SM-3NB3R	GTEX-OXRK	Adipose - Subcutaneous	GTEx-sim
GTEX-13W3W-2526-SM-5SI9P	GTEX-13W3W	Adipose - Subcutaneous	GTEx-sim
GTEX-ZV68-0226-SM-59HJF	GTEX-ZV68	Adipose - Subcutaneous	GTEx-sim
GTEX-Y114-2326-SM-4TT7X	GTEX-Y114	Adipose - Subcutaneous	GTEx-sim
GTEX-X638-0226-SM-47JZ9	GTEX-X638	Adipose - Subcutaneous	GTEx-ref
GTEX-11TTK-0226-SM-5N9EC	GTEX-11TTK	Adipose - Subcutaneous	GTEx-sim
GTEX-XYKS-2726-SM-4E3IC	GTEX-XYKS	Adipose - Subcutaneous	GTEx-sim
GTEX-P78B-0226-SM-3NB1Z	GTEX-P78B	Adipose - Subcutaneous	GTEx-ref
GTEX-XMD2-0226-SM-4WWEE	GTEX-XMD2	Adipose - Subcutaneous	GTEx-ref
GTEX-P4PP-0226-SM-5S2VR	GTEX-P4PP	Adipose - Subcutaneous	GTEx-sim
GTEX-OHPK-0226-SM-3MJH6	GTEX-OHPK	Adipose - Subcutaneous	GTEx-sim
GTEX-13QBU-2526-SM-5LU4X	GTEX-13QBU	Adipose - Subcutaneous	GTEx-ref
GTEX-XV7Q-2626-SM-4BRVA	GTEX-XV7Q	Adipose - Subcutaneous	GTEx-sim
GTEX-Q734-1826-SM-2I3EL	GTEX-Q734	Adipose - Subcutaneous	GTEx-ref
GTEX-145LS-0226-SM-5O9A5	GTEX-145LS	Adipose - Subcutaneous	GTEx-sim
GTEX-YB5K-2226-SM-4WWG1	GTEX-YB5K	Adipose - Subcutaneous	GTEx-ref
GTEX-PX3G-0226-SM-2S1OU	GTEX-PX3G	Adipose - Subcutaneous	GTEx-sim
GTEX-S7SF-1826-SM-3K2AD	GTEX-S7SF	Adipose - Subcutaneous	GTEx-sim
GTEX-ZYWO-2526-SM-5GIDM	GTEX-ZYWO	Adipose - Subcutaneous	GTEx-ref
GTEX-11DXX-2326-SM-5Q5A2	GTEX-11DXX	Adipose - Subcutaneous	GTEx-sim
GTEX-14BMU-2126-SM-5S2TS	GTEX-14BMU	Adipose - Subcutaneous	GTEx-ref
GTEX-13FTY-0626-SM-5L3F8	GTEX-13FTY	Adipose - Subcutaneous	GTEx-sim
GTEX-X4EO-0426-SM-4QASA	GTEX-X4EO	Adipose - Subcutaneous	GTEx-sim
GTEX-13S7M-0226-SM-5S2UG	GTEX-13S7M	Adipose - Subcutaneous	GTEx-sim
GTEX-13U4I-0226-SM-5SIB1	GTEX-13U4I	Adipose - Subcutaneous	GTEx-sim
GTEX-ZVT2-2226-SM-5NQ6P	GTEX-ZVT2	Adipose - Subcutaneous	GTEx-sim
GTEX-XUZC-1826-SM-4BRVO	GTEX-XUZC	Adipose - Subcutaneous	GTEx-ref
GTEX-11P81-2426-SM-5GU65	GTEX-11P81	Adipose - Subcutaneous	GTEx-sim
GTEX-OHPN-0226-SM-48TBV	GTEX-OHPN	Adipose - Subcutaneous	GTEx-ref
GTEX-ZLV1-1826-SM-5FQU5	GTEX-ZLV1	Adipose - Subcutaneous	GTEx-sim
GTEX-11EMC-2826-SM-5PNY6	GTEX-11EMC	Adipose - Subcutaneous	GTEx-sim
GTEX-OXRK-0326-SM-2YUMQ	GTEX-OXRK	Adipose - Subcutaneous	GTEx-sim
GTEX-TSE9-0226-SM-3DB84	GTEX-TSE9	Adipose - Subcutaneous	GTEx-ref
GTEX-11ZVC-2626-SM-5FQTA	GTEX-11ZVC	Adipose - Subcutaneous	GTEx-sim
GTEX-T2IS-0226-SM-32QPH	GTEX-T2IS	Adipose - Subcutaneous	GTEx-sim
GTEX-1211K-2226-SM-5FQU6	GTEX-1211K	Adipose - Subcutaneous	GTEx-sim
GTEX-11I78-2626-SM-5Q5AI	GTEX-11I78	Adipose - Subcutaneous	GTEx-ref
GTEX-139T4-0126-SM-5HL5G	GTEX-139T4	Adipose - Subcutaneous	GTEx-sim
GTEX-12ZZX-0226-SM-5DUXU	GTEX-12ZZX	Adipose - Subcutaneous	GTEx-sim
GTEX-147F3-0626-SM-5NQ9I	GTEX-147F3	Adipose - Subcutaneous	GTEx-ref
GTEX-WI4N-1126-SM-3LK7Q	GTEX-WI4N	Adipose - Subcutaneous	GTEx-sim
GTEX-ZF29-2226-SM-4WWB9	GTEX-ZF29	Adipose - Subcutaneous	GTEx-ref
GTEX-ZVT4-0226-SM-51MSD	GTEX-ZVT4	Adipose - Subcutaneous	GTEx-ref
GTEX-RU72-1026-SM-46MUG	GTEX-RU72	Adipose - Subcutaneous	GTEx-ref
GTEX-148VI-1726-SM-5S2W9	GTEX-148VI	Adipose - Subcutaneous	GTEx-sim
GTEX-OXRO-0226-SM-3LK6F	GTEX-OXRO	Adipose - Subcutaneous	GTEx-sim
GTEX-145ME-1926-SM-5SI9S	GTEX-145ME	Adipose - Subcutaneous	GTEx-ref
GTEX-1313W-0226-SM-5LZV7	GTEX-1313W	Adipose - Subcutaneous	GTEx-sim
GTEX-11UD1-0226-SM-5EQKL	GTEX-11UD1	Adipose - Subcutaneous	GTEx-ref
GTEX-P4QT-0226-SM-3LK68	GTEX-P4QT	Adipose - Subcutaneous	GTEx-sim
GTEX-ZYY3-0226-SM-5E45M	GTEX-ZYY3	Adipose - Subcutaneous	GTEx-ref
GTEX-ZQG8-1526-SM-5HL65	GTEX-ZQG8	Adipose - Subcutaneous	GTEx-ref
GTEX-ZP4G-2326-SM-57WEM	GTEX-ZP4G	Adipose - Subcutaneous	GTEx-sim
GTEX-11ILO-0226-SM-5N9D3	GTEX-11ILO	Adipose - Subcutaneous	GTEx-ref
GTEX-PLZ4-0226-SM-5SI7M	GTEX-PLZ4	Adipose - Subcutaneous	GTEx-sim
GTEX-PWN1-0226-SM-5SI7O	GTEX-PWN1	Adipose - Subcutaneous	GTEx-ref
GTEX-13NZ8-0926-SM-5MR3U	GTEX-13NZ8	Adipose - Subcutaneous	GTEx-ref
GTEX-ZPCL-2126-SM-57WFZ	GTEX-ZPCL	Adipose - Subcutaneous	GTEx-sim
GTEX-12WSB-0226-SM-5GCOR	GTEX-12WSB	Adipose - Subcutaneous	GTEx-sim
GTEX-ZZPU-2726-SM-5NQ8O	GTEX-ZZPU	Adipose - Subcutaneous	GTEx-ref
GTEX-RTLS-0226-SM-2TF5E	GTEX-RTLS	Adipose - Subcutaneous	GTEx-ref
GTEX-132AR-0226-SM-5IJBE	GTEX-132AR	Adipose - Subcutaneous	GTEx-ref
GTEX-OXRP-0226-SM-48TDH	GTEX-OXRP	Adipose - Subcutaneous	GTEx-ref
GTEX-13PLJ-0126-SM-5L3HU	GTEX-13PLJ	Adipose - Subcutaneous	GTEx-ref
GTEX-13113-1826-SM-5LZW4	GTEX-13113	Adipose - Subcutaneous	GTEx-sim
GTEX-Y8LW-1926-SM-4WWFZ	GTEX-Y8LW	Adipose - Subcutaneous	GTEx-ref
GTEX-ZAJG-0226-SM-5HL81	GTEX-ZAJG	Adipose - Subcutaneous	GTEx-ref
GTEX-ZLWG-2226-SM-5DUWO	GTEX-ZLWG	Adipose - Subcutaneous	GTEx-ref
GTEX-S4P3-1526-SM-3K2AV	GTEX-S4P3	Adipose - Subcutaneous	GTEx-ref
GTEX-13X6K-0226-SM-5QGPB	GTEX-13X6K	Adipose - Subcutaneous	GTEx-sim
GTEX-1269C-2726-SM-5EGJ4	GTEX-1269C	Adipose - Subcutaneous	GTEx-ref
GTEX-ZPIC-1826-SM-57WFE	GTEX-ZPIC	Adipose - Subcutaneous	GTEx-ref
GTEX-ZVZQ-0426-SM-59HLT	GTEX-ZVZQ	Adipose - Subcutaneous	GTEx-sim
GTEX-13D11-2326-SM-5IJCY	GTEX-13D11	Adipose - Subcutaneous	GTEx-ref
GTEX-X15G-2326-SM-4PQZS	GTEX-X15G	Adipose - Subcutaneous	GTEx-ref
GTEX-ZXES-2026-SM-5NQ6R	GTEX-ZXES	Adipose - Subcutaneous	GTEx-sim
GTEX-S341-1626-SM-3K2B8	GTEX-S341	Adipose - Subcutaneous	GTEx-ref
GTEX-1117F-0226-SM-5GZZ7	GTEX-1117F	Adipose - Subcutaneous	GTEx-sim
GTEX-ZE7O-0226-SM-5S2N1	GTEX-ZE7O	Adipose - Subcutaneous	GTEx-sim
GTEX-R55G-2426-SM-2TC5I	GTEX-R55G	Adipose - Subcutaneous	GTEx-sim
GTEX-13OVI-1326-SM-5IJBO	GTEX-13OVI	Adipose - Subcutaneous	GTEx-ref
GTEX-13VXT-0226-SM-5LU9Q	GTEX-13VXT	Adipose - Subcutaneous	GTEx-sim
GTEX-1399U-2426-SM-5K7XB	GTEX-1399U	Adipose - Subcutaneous	GTEx-ref
GTEX-146FR-1826-SM-5QGPF	GTEX-146FR	Adipose - Subcutaneous	GTEx-sim
GTEX-1128S-2126-SM-5H12U	GTEX-1128S	Adipose - Subcutaneous	GTEx-sim
GTEX-POMQ-2326-SM-5S2VS	GTEX-POMQ	Adipose - Subcutaneous	GTEx-sim
GTEX-X8HC-0226-SM-4E3K1	GTEX-X8HC	Adipose - Subcutaneous	GTEx-ref
GTEX-QCQG-1826-SM-2S1P2	GTEX-QCQG	Adipose - Subcutaneous	GTEx-sim
GTEX-W5WG-2526-SM-4SOJ2	GTEX-W5WG	Adipose - Subcutaneous	GTEx-sim
GTEX-O5YV-0226-SM-48TBY	GTEX-O5YV	Adipose - Subcutaneous	GTEx-sim
GTEX-12WS9-0226-SM-5EQ4X	GTEX-12WS9	Adipose - Subcutaneous	GTEx-sim
GTEX-13OVJ-0326-SM-5L3GL	GTEX-13OVJ	Adipose - Subcutaneous	GTEx-sim
GTEX-146FH-0226-SM-5QGPQ	GTEX-146FH	Adipose - Subcutaneous	GTEx-sim
GTEX-11XUK-2126-SM-5EQLR	GTEX-11XUK	Adipose - Subcutaneous	GTEx-ref
GTEX-ZYVF-0226-SM-5GIEG	GTEX-ZYVF	Adipose - Subcutaneous	GTEx-ref
GTEX-PWN1-0226-SM-2S1OZ	GTEX-PWN1	Adipose - Subcutaneous	GTEx-ref
GTEX-Q2AG-0226-SM-2S1P4	GTEX-Q2AG	Adipose - Subcutaneous	GTEx-sim
GTEX-SN8G-0226-SM-4DM6B	GTEX-SN8G	Adipose - Subcutaneous	GTEx-ref
GTEX-13CF3-2326-SM-5IFGL	GTEX-13CF3	Adipose - Subcutaneous	GTEx-ref
GTEX-13FH7-2226-SM-5IJD4	GTEX-13FH7	Adipose - Subcutaneous	GTEx-ref
GTEX-PLZ4-0226-SM-2S1NW	GTEX-PLZ4	Adipose - Subcutaneous	GTEx-sim
GTEX-POMQ-2326-SM-2S1O8	GTEX-POMQ	Adipose - Subcutaneous	GTEx-sim
GTEX-QVJO-0226-SM-2S1R2	GTEX-QVJO	Adipose - Subcutaneous	GTEx-ref
GTEX-P4PP-0226-SM-2S1NN	GTEX-P4PP	Adipose - Subcutaneous	GTEx-sim
GTEX-NL3G-0226-SM-4RGLU	GTEX-NL3G	Adipose - Subcutaneous	GTEx-ref
GTEX-Y5V5-2426-SM-5IFJA	GTEX-Y5V5	Adipose - Subcutaneous	GTEx-sim
GTEX-WHPG-0626-SM-3NMBD	GTEX-WHPG	Adipose - Visceral (Omentum)	GTEx-sim
GTEX-1399T-1326-SM-5PNVH	GTEX-1399T	Adipose - Visceral (Omentum)	GTEx-ref
GTEX-13VXU-1026-SM-5KLZE	GTEX-13VXU	Adipose - Visceral (Omentum)	GTEx-sim
GTEX-11DXY-0326-SM-5H12F	GTEX-11DXY	Adipose - Visceral (Omentum)	GTEx-sim
GTEX-ZUA1-2126-SM-57YRB	GTEX-ZUA1	Adipose - Visceral (Omentum)	GTEx-sim
GTEX-WK11-2426-SM-3NMAA	GTEX-WK11	Adipose - Visceral (Omentum)	GTEx-sim
GTEX-YECK-1426-SM-5IFHE	GTEX-YECK	Adipose - Visceral (Omentum)	GTEx-ref
GTEX-ZYFC-1826-SM-5GZZA	GTEX-ZYFC	Adipose - Visceral (Omentum)	GTEx-sim
GTEX-117YW-0826-SM-5H11O	GTEX-117YW	Adipose - Visceral (Omentum)	GTEx-ref
GTEX-13OW6-2426-SM-5K7WO	GTEX-13OW6	Adipose - Visceral (Omentum)	GTEx-ref
GTEX-145LU-1226-SM-5LU9B	GTEX-145LU	Adipose - Visceral (Omentum)	GTEx-ref
GTEX-VUSG-1426-SM-3GIJN	GTEX-VUSG	Adipose - Visceral (Omentum)	GTEx-sim
GTEX-11GS4-1026-SM-5N9DE	GTEX-11GS4	Adipose - Visceral (Omentum)	GTEx-ref
GTEX-XQ3S-2426-SM-4WAYB	GTEX-XQ3S	Adipose - Visceral (Omentum)	GTEx-sim
GTEX-ZDXO-2326-SM-5LU9W	GTEX-ZDXO	Adipose - Visceral (Omentum)	GTEx-ref
GTEX-147JS-1026-SM-5S2MP	GTEX-147JS	Adipose - Visceral (Omentum)	GTEx-ref
GTEX-11NUK-2026-SM-5PNVZ	GTEX-11NUK	Adipose - Visceral (Omentum)	GTEx-sim
GTEX-11NV4-1426-SM-5BC4W	GTEX-11NV4	Adipose - Visceral (Omentum)	GTEx-ref
GTEX-XMK1-0926-SM-4B66X	GTEX-XMK1	Adipose - Visceral (Omentum)	GTEx-sim
GTEX-ZDTS-1826-SM-5S2N6	GTEX-ZDTS	Adipose - Visceral (Omentum)	GTEx-sim
GTEX-11DYG-2026-SM-5EGGX	GTEX-11DYG	Adipose - Visceral (Omentum)	GTEx-sim
GTEX-ZYT6-2126-SM-5GZZ4	GTEX-ZYT6	Adipose - Visceral (Omentum)	GTEx-sim
GTEX-11OF3-0826-SM-5BC51	GTEX-11OF3	Adipose - Visceral (Omentum)	GTEx-ref
GTEX-13X6I-1526-SM-5SIAC	GTEX-13X6I	Adipose - Visceral (Omentum)	GTEx-ref
GTEX-13NZ9-2026-SM-5KM1U	GTEX-13NZ9	Adipose - Visceral (Omentum)	GTEx-sim
GTEX-13FHO-2026-SM-5J1OA	GTEX-13FHO	Adipose - Visceral (Omentum)	GTEx-sim
GTEX-Y111-0926-SM-4SOIU	GTEX-Y111	Adipose - Visceral (Omentum)	GTEx-sim
GTEX-13G51-0526-SM-5IJCQ	GTEX-13G51	Adipose - Visceral (Omentum)	GTEx-ref
GTEX-145MF-1026-SM-5Q5EQ	GTEX-145MF	Adipose - Visceral (Omentum)	GTEx-sim
GTEX-14A6H-1026-SM-5SIAZ	GTEX-14A6H	Adipose - Visceral (Omentum)	GTEx-sim
GTEX-11DXZ-1426-SM-5H12A	GTEX-11DXZ	Adipose - Visceral (Omentum)	GTEx-ref
GTEX-139YR-0326-SM-5J1MC	GTEX-139YR	Adipose - Visceral (Omentum)	GTEx-ref
GTEX-YJ89-1926-SM-5IFJ6	GTEX-YJ89	Adipose - Visceral (Omentum)	GTEx-ref
GTEX-12WSC-1726-SM-5GCN3	GTEX-12WSC	Adipose - Visceral (Omentum)	GTEx-sim
GTEX-WHWD-0826-SM-3LK6R	GTEX-WHWD	Adipose - Visceral (Omentum)	GTEx-ref
GTEX-12KS4-1526-SM-5EQ6E	GTEX-12KS4	Adipose - Visceral (Omentum)	GTEx-sim
GTEX-131XE-2026-SM-5LZW1	GTEX-131XE	Adipose - Visceral (Omentum)	GTEx-sim
GTEX-11ZUS-1826-SM-5FQTR	GTEX-11ZUS	Adipose - Visceral (Omentum)	GTEx-ref
GTEX-13OVL-0826-SM-5L3GV	GTEX-13OVL	Adipose - Visceral (Omentum)	GTEx-sim
GTEX-1212Z-0526-SM-5FQSQ	GTEX-1212Z	Adipose - Visceral (Omentum)	GTEx-sim
GTEX-13S86-0926-SM-5SI6I	GTEX-13S86	Adipose - Visceral (Omentum)	GTEx-sim
GTEX-WL46-2026-SM-3LK7U	GTEX-WL46	Adipose - Visceral (Omentum)	GTEx-ref
GTEX-12WSI-1526-SM-5GCNM	GTEX-12WSI	Adipose - Visceral (Omentum)	GTEx-ref
GTEX-Y8E4-1226-SM-5IFIM	GTEX-Y8E4	Adipose - Visceral (Omentum)	GTEx-sim
GTEX-ZAB5-1126-SM-5Q5AD	GTEX-ZAB5	Adipose - Visceral (Omentum)	GTEx-ref
GTEX-ZT9X-0926-SM-5O9C4	GTEX-ZT9X	Adipose - Visceral (Omentum)	GTEx-sim
GTEX-ZE9C-1326-SM-5S2OW	GTEX-ZE9C	Adipose - Visceral (Omentum)	GTEx-sim
GTEX-13OW8-0326-SM-5L3FB	GTEX-13OW8	Adipose - Visceral (Omentum)	GTEx-sim
GTEX-WOFM-0726-SM-3MJF8	GTEX-WOFM	Adipose - Visceral (Omentum)	GTEx-ref
GTEX-ZAB4-1426-SM-5CVN6	GTEX-ZAB4	Adipose - Visceral (Omentum)	GTEx-ref
GTEX-13IVO-2426-SM-5K7V9	GTEX-13IVO	Adipose - Visceral (Omentum)	GTEx-ref
GTEX-XBEC-1826-SM-4QASN	GTEX-XBEC	Adipose - Visceral (Omentum)	GTEx-ref
GTEX-13O3P-0926-SM-5IFFI	GTEX-13O3P	Adipose - Visceral (Omentum)	GTEx-sim
GTEX-13111-0626-SM-5LZVR	GTEX-13111	Adipose - Visceral (Omentum)	GTEx-ref
GTEX-13112-1126-SM-5GCMY	GTEX-13112	Adipose - Visceral (Omentum)	GTEx-sim
GTEX-13W46-1226-SM-5SIAS	GTEX-13W46	Adipose - Visceral (Omentum)	GTEx-sim
GTEX-ZVE2-1826-SM-51MRZ	GTEX-ZVE2	Adipose - Visceral (Omentum)	GTEx-sim
GTEX-11EQ9-1126-SM-5987I	GTEX-11EQ9	Adipose - Visceral (Omentum)	GTEx-ref
GTEX-XXEK-1426-SM-4BRW1	GTEX-XXEK	Adipose - Visceral (Omentum)	GTEx-sim
GTEX-ZPU1-1226-SM-5HL71	GTEX-ZPU1	Adipose - Visceral (Omentum)	GTEx-ref
GTEX-11GSO-0226-SM-5A5LV	GTEX-11GSO	Adipose - Visceral (Omentum)	GTEx-ref
GTEX-1339X-0726-SM-5L3FF	GTEX-1339X	Adipose - Visceral (Omentum)	GTEx-ref
GTEX-13NZB-0826-SM-5K7X5	GTEX-13NZB	Adipose - Visceral (Omentum)	GTEx-sim
GTEX-ZDTT-0526-SM-5HL4M	GTEX-ZDTT	Adipose - Visceral (Omentum)	GTEx-ref
GTEX-ZYW4-2226-SM-5GZYG	GTEX-ZYW4	Adipose - Visceral (Omentum)	GTEx-ref
GTEX-13NYS-0726-SM-5J1OR	GTEX-13NYS	Adipose - Visceral (Omentum)	GTEx-sim
GTEX-ZXG5-1626-SM-59HJK	GTEX-ZXG5	Adipose - Visceral (Omentum)	GTEx-ref
GTEX-Y3I4-0726-SM-4TT7M	GTEX-Y3I4	Adipose - Visceral (Omentum)	GTEx-sim
GTEX-111YS-1326-SM-5EGGK	GTEX-111YS	Adipose - Visceral (Omentum)	GTEx-sim
GTEX-ZTSS-1026-SM-5985N	GTEX-ZTSS	Adipose - Visceral (Omentum)	GTEx-ref
GTEX-ZV7C-0826-SM-59HK8	GTEX-ZV7C	Adipose - Visceral (Omentum)	GTEx-ref
GTEX-ZVP2-0226-SM-57WBD	GTEX-ZVP2	Adipose - Visceral (Omentum)	GTEx-ref
GTEX-12WSA-1626-SM-5EGJV	GTEX-12WSA	Adipose - Visceral (Omentum)	GTEx-ref
GTEX-13RTK-0726-SM-5Q5EN	GTEX-13RTK	Adipose - Visceral (Omentum)	GTEx-ref
GTEX-12ZZW-2326-SM-5DUW2	GTEX-12ZZW	Adipose - Visceral (Omentum)	GTEx-ref
GTEX-X585-2526-SM-4QAS1	GTEX-X585	Adipose - Visceral (Omentum)	GTEx-ref
GTEX-WYJK-1426-SM-3NM8V	GTEX-WYJK	Adipose - Visceral (Omentum)	GTEx-sim
GTEX-14BIL-2426-SM-5QGQR	GTEX-14BIL	Adipose - Visceral (Omentum)	GTEx-sim
GTEX-13FTW-0426-SM-5K7X2	GTEX-13FTW	Adipose - Visceral (Omentum)	GTEx-ref
GTEX-14E1K-0426-SM-5S2PF	GTEX-14E1K	Adipose - Visceral (Omentum)	GTEx-ref
GTEX-YEC4-0926-SM-5PNXY	GTEX-YEC4	Adipose - Visceral (Omentum)	GTEx-ref
GTEX-13PDP-1226-SM-5K7TW	GTEX-13PDP	Adipose - Visceral (Omentum)	GTEx-sim
GTEX-117YX-0726-SM-5GIET	GTEX-117YX	Adipose - Visceral (Omentum)	GTEx-ref
GTEX-132Q8-1726-SM-5EGK8	GTEX-132Q8	Adipose - Visceral (Omentum)	GTEx-ref
GTEX-12584-2126-SM-5FQUM	GTEX-12584	Adipose - Visceral (Omentum)	GTEx-sim
GTEX-WFON-1226-SM-3TW8F	GTEX-WFON	Adipose - Visceral (Omentum)	GTEx-sim
GTEX-11LCK-0326-SM-5A5M7	GTEX-11LCK	Adipose - Visceral (Omentum)	GTEx-sim
GTEX-11P7K-0826-SM-5BC5F	GTEX-11P7K	Adipose - Visceral (Omentum)	GTEx-sim
GTEX-12WSM-0626-SM-5GCOK	GTEX-12WSM	Adipose - Visceral (Omentum)	GTEx-sim
GTEX-ZZ64-0626-SM-5GZWR	GTEX-ZZ64	Adipose - Visceral (Omentum)	GTEx-ref
GTEX-12WSL-1126-SM-5CVNK	GTEX-12WSL	Adipose - Visceral (Omentum)	GTEx-sim
GTEX-131XF-0726-SM-5GIE5	GTEX-131XF	Adipose - Visceral (Omentum)	GTEx-sim
GTEX-13PVQ-2226-SM-5L3G9	GTEX-13PVQ	Adipose - Visceral (Omentum)	GTEx-sim
GTEX-ZF28-1426-SM-5S2OG	GTEX-ZF28	Adipose - Visceral (Omentum)	GTEx-ref
GTEX-ZT9W-1026-SM-57WG5	GTEX-ZT9W	Adipose - Visceral (Omentum)	GTEx-sim
GTEX-139T6-0526-SM-5IJC9	GTEX-139T6	Adipose - Visceral (Omentum)	GTEx-ref
GTEX-ZA64-0926-SM-5HL7H	GTEX-ZA64	Adipose - Visceral (Omentum)	GTEx-sim
GTEX-111CU-1026-SM-5EGIL	GTEX-111CU	Adipose - Visceral (Omentum)	GTEx-sim
GTEX-XGQ4-1026-SM-4AT4L	GTEX-XGQ4	Adipose - Visceral (Omentum)	GTEx-sim
GTEX-11P82-0326-SM-5HL51	GTEX-11P82	Adipose - Visceral (Omentum)	GTEx-sim
GTEX-11TT1-1926-SM-5PNYN	GTEX-11TT1	Adipose - Visceral (Omentum)	GTEx-sim
GTEX-ZDYS-2226-SM-5S2MI	GTEX-ZDYS	Adipose - Visceral (Omentum)	GTEx-ref
GTEX-11WQK-1526-SM-5EGKN	GTEX-11WQK	Adipose - Visceral (Omentum)	GTEx-ref
GTEX-14ICL-0926-SM-5S2TU	GTEX-14ICL	Adipose - Visceral (Omentum)	GTEx-ref
GTEX-132QS-0826-SM-5K7WV	GTEX-132QS	Adipose - Visceral (Omentum)	GTEx-sim
GTEX-X3Y1-0926-SM-3P5YT	GTEX-X3Y1	Adipose - Visceral (Omentum)	GTEx-ref
GTEX-Z9EW-0826-SM-5HL9T	GTEX-Z9EW	Adipose - Visceral (Omentum)	GTEx-ref
GTEX-ZVZP-1126-SM-5GICU	GTEX-ZVZP	Adipose - Visceral (Omentum)	GTEx-sim
GTEX-14753-2526-SM-5LU97	GTEX-14753	Adipose - Visceral (Omentum)	GTEx-sim
GTEX-12696-1826-SM-5EGJS	GTEX-12696	Adipose - Visceral (Omentum)	GTEx-ref
GTEX-1192X-1526-SM-5H11I	GTEX-1192X	Adipose - Visceral (Omentum)	GTEx-sim
GTEX-14B4R-0526-SM-5QGQT	GTEX-14B4R	Adipose - Visceral (Omentum)	GTEx-sim
GTEX-YEC3-0926-SM-5Q5AC	GTEX-YEC3	Adipose - Visceral (Omentum)	GTEx-sim
GTEX-ZTX8-0726-SM-59HL9	GTEX-ZTX8	Adipose - Visceral (Omentum)	GTEx-sim
GTEX-145LV-1026-SM-5O9AE	GTEX-145LV	Adipose - Visceral (Omentum)	GTEx-ref
GTEX-XQ8I-1426-SM-4BOPW	GTEX-XQ8I	Adipose - Visceral (Omentum)	GTEx-ref
GTEX-13OVG-1326-SM-5K7Y3	GTEX-13OVG	Adipose - Visceral (Omentum)	GTEx-sim
GTEX-ZG7Y-1626-SM-5S2NO	GTEX-ZG7Y	Adipose - Visceral (Omentum)	GTEx-ref
GTEX-XBED-1326-SM-4AT4F	GTEX-XBED	Adipose - Visceral (Omentum)	GTEx-ref
GTEX-WWTW-1326-SM-4MVNT	GTEX-WWTW	Adipose - Visceral (Omentum)	GTEx-sim
GTEX-12BJ1-0826-SM-5EQ5P	GTEX-12BJ1	Adipose - Visceral (Omentum)	GTEx-sim
GTEX-ZQUD-0526-SM-57WG4	GTEX-ZQUD	Adipose - Visceral (Omentum)	GTEx-ref
GTEX-13OVH-1126-SM-5K7YP	GTEX-13OVH	Adipose - Visceral (Omentum)	GTEx-sim
GTEX-ZYFD-1026-SM-5E43Z	GTEX-ZYFD	Adipose - Visceral (Omentum)	GTEx-ref
GTEX-WY7C-0926-SM-3NB34	GTEX-WY7C	Adipose - Visceral (Omentum)	GTEx-sim
GTEX-14DAQ-2526-SM-5RQIO	GTEX-14DAQ	Adipose - Visceral (Omentum)	GTEx-sim
GTEX-XV7Q-1726-SM-4BRUU	GTEX-XV7Q	Adipose - Visceral (Omentum)	GTEx-ref
GTEX-11ZTS-1326-SM-5EQMA	GTEX-11ZTS	Adipose - Visceral (Omentum)	GTEx-sim
GTEX-ZGAY-1326-SM-5S2NS	GTEX-ZGAY	Adipose - Visceral (Omentum)	GTEx-ref
GTEX-113JC-0726-SM-5GZZR	GTEX-113JC	Adipose - Visceral (Omentum)	GTEx-ref
GTEX-1313W-1626-SM-5J1OE	GTEX-1313W	Adipose - Visceral (Omentum)	GTEx-sim
GTEX-14BIN-1226-SM-5S2OM	GTEX-14BIN	Adipose - Visceral (Omentum)	GTEx-sim
GTEX-13PL6-0926-SM-5KLYY	GTEX-13PL6	Adipose - Visceral (Omentum)	GTEx-sim
GTEX-WYVS-0626-SM-4SOJY	GTEX-WYVS	Adipose - Visceral (Omentum)	GTEx-ref
GTEX-XOT4-0826-SM-4B66Y	GTEX-XOT4	Adipose - Visceral (Omentum)	GTEx-sim
GTEX-139D8-1626-SM-5IJFZ	GTEX-139D8	Adipose - Visceral (Omentum)	GTEx-sim
GTEX-ZC5H-1626-SM-5HL7L	GTEX-ZC5H	Adipose - Visceral (Omentum)	GTEx-ref
GTEX-WXYG-0926-SM-3NB2O	GTEX-WXYG	Adipose - Visceral (Omentum)	GTEx-ref
GTEX-WRHK-0826-SM-3MJFG	GTEX-WRHK	Adipose - Visceral (Omentum)	GTEx-sim
GTEX-146FH-2026-SM-5SI9I	GTEX-146FH	Adipose - Visceral (Omentum)	GTEx-ref
GTEX-ZLWG-0726-SM-5S2NG	GTEX-ZLWG	Adipose - Visceral (Omentum)	GTEx-sim
GTEX-Y5LM-0826-SM-4VDSW	GTEX-Y5LM	Adipose - Visceral (Omentum)	GTEx-ref
GTEX-12ZZX-1726-SM-5BC63	GTEX-12ZZX	Adipose - Visceral (Omentum)	GTEx-ref
GTEX-11P81-0726-SM-5PNYH	GTEX-11P81	Adipose - Visceral (Omentum)	GTEx-ref
GTEX-12WSG-0426-SM-5FQSE	GTEX-12WSG	Adipose - Visceral (Omentum)	GTEx-ref
GTEX-13X6K-0726-SM-5LU2Z	GTEX-13X6K	Adipose - Visceral (Omentum)	GTEx-sim
GTEX-W5X1-1426-SM-3GIKH	GTEX-W5X1	Adipose - Visceral (Omentum)	GTEx-ref
GTEX-ZE7O-1526-SM-5J1NH	GTEX-ZE7O	Adipose - Visceral (Omentum)	GTEx-sim
GTEX-132AR-0526-SM-5J2MJ	GTEX-132AR	Adipose - Visceral (Omentum)	GTEx-sim
GTEX-13QBU-1326-SM-5LU4K	GTEX-13QBU	Adipose - Visceral (Omentum)	GTEx-ref
GTEX-11I78-0226-SM-5HL6R	GTEX-11I78	Adipose - Visceral (Omentum)	GTEx-ref
GTEX-ZVT2-0226-SM-5GIE3	GTEX-ZVT2	Adipose - Visceral (Omentum)	GTEx-sim
GTEX-13VXT-0926-SM-5LU5K	GTEX-13VXT	Adipose - Visceral (Omentum)	GTEx-ref
GTEX-1211K-1226-SM-5EQ4N	GTEX-1211K	Adipose - Visceral (Omentum)	GTEx-ref
GTEX-13JUV-0626-SM-5J1MQ	GTEX-13JUV	Adipose - Visceral (Omentum)	GTEx-ref
GTEX-Y5V5-0226-SM-5S2N8	GTEX-Y5V5	Adipose - Visceral (Omentum)	GTEx-sim
GTEX-WYBS-1026-SM-4ONCY	GTEX-WYBS	Adipose - Visceral (Omentum)	GTEx-ref
GTEX-14AS3-0426-SM-5QGQK	GTEX-14AS3	Adipose - Visceral (Omentum)	GTEx-ref
GTEX-ZTPG-2326-SM-57WFL	GTEX-ZTPG	Adipose - Visceral (Omentum)	GTEx-sim
GTEX-Y8LW-0926-SM-4VBQ8	GTEX-Y8LW	Adipose - Visceral (Omentum)	GTEx-ref
GTEX-XYKS-1826-SM-4E3JV	GTEX-XYKS	Adipose - Visceral (Omentum)	GTEx-ref
GTEX-13D11-0526-SM-5LZYM	GTEX-13D11	Adipose - Visceral (Omentum)	GTEx-sim
GTEX-131XG-0126-SM-5K7UJ	GTEX-131XG	Adipose - Visceral (Omentum)	GTEx-sim
GTEX-ZF2S-1526-SM-5S2OO	GTEX-ZF2S	Adipose - Visceral (Omentum)	GTEx-ref
GTEX-1399S-1426-SM-5PNYQ	GTEX-1399S	Adipose - Visceral (Omentum)	GTEx-ref
GTEX-Y114-1326-SM-4TT9A	GTEX-Y114	Adipose - Visceral (Omentum)	GTEx-sim
GTEX-13W3W-1126-SM-5L3DO	GTEX-13W3W	Adipose - Visceral (Omentum)	GTEx-sim
GTEX-13PL7-1226-SM-5SIAR	GTEX-13PL7	Adipose - Visceral (Omentum)	GTEx-sim
GTEX-ZAJG-1626-SM-5HL7I	GTEX-ZAJG	Adipose - Visceral (Omentum)	GTEx-ref
GTEX-11DXX-2026-SM-5EGJL	GTEX-11DXX	Adipose - Visceral (Omentum)	GTEx-sim
GTEX-X8HC-2326-SM-4QAS4	GTEX-X8HC	Adipose - Visceral (Omentum)	GTEx-sim
GTEX-ZF3C-1026-SM-5S2OC	GTEX-ZF3C	Adipose - Visceral (Omentum)	GTEx-ref
GTEX-1122O-0926-SM-5N9C9	GTEX-1122O	Adipose - Visceral (Omentum)	GTEx-ref
GTEX-ZV6S-1626-SM-5NQ81	GTEX-ZV6S	Adipose - Visceral (Omentum)	GTEx-ref
GTEX-ZQG8-1026-SM-51MR9	GTEX-ZQG8	Adipose - Visceral (Omentum)	GTEx-sim
GTEX-ZYWO-1726-SM-5E44T	GTEX-ZYWO	Adipose - Visceral (Omentum)	GTEx-sim
GTEX-ZZPU-0326-SM-5N9BJ	GTEX-ZZPU	Adipose - Visceral (Omentum)	GTEx-sim
GTEX-145MI-0826-SM-5SI95	GTEX-145MI	Adipose - Visceral (Omentum)	GTEx-ref
GTEX-ZLV1-0926-SM-5S2MR	GTEX-ZLV1	Adipose - Visceral (Omentum)	GTEx-sim
GTEX-11EM3-1126-SM-5A5KM	GTEX-11EM3	Adipose - Visceral (Omentum)	GTEx-sim
GTEX-146FR-0226-SM-5Q5F6	GTEX-146FR	Adipose - Visceral (Omentum)	GTEx-ref
GTEX-11VI4-1226-SM-5EQMP	GTEX-11VI4	Adipose - Visceral (Omentum)	GTEx-ref
GTEX-13N11-1826-SM-5IJDS	GTEX-13N11	Adipose - Visceral (Omentum)	GTEx-ref
GTEX-12WSK-1026-SM-5CVNR	GTEX-12WSK	Adipose - Visceral (Omentum)	GTEx-ref
GTEX-145ME-0726-SM-5O9A3	GTEX-145ME	Adipose - Visceral (Omentum)	GTEx-ref
GTEX-13OVJ-0926-SM-5K7U1	GTEX-13OVJ	Adipose - Visceral (Omentum)	GTEx-ref
GTEX-1117F-1326-SM-5EGHH	GTEX-1117F	Adipose - Visceral (Omentum)	GTEx-ref
GTEX-13PVR-0526-SM-5S2OB	GTEX-13PVR	Adipose - Visceral (Omentum)	GTEx-sim
GTEX-ZXES-0926-SM-5E43O	GTEX-ZXES	Adipose - Visceral (Omentum)	GTEx-sim
GTEX-ZP4G-1326-SM-5EGIW	GTEX-ZP4G	Adipose - Visceral (Omentum)	GTEx-ref
GTEX-13FH7-1926-SM-5J2OL	GTEX-13FH7	Adipose - Visceral (Omentum)	GTEx-ref
GTEX-ZF29-0826-SM-5S2NP	GTEX-ZF29	Adipose - Visceral (Omentum)	GTEx-sim
GTEX-XUZC-1126-SM-4BOPZ	GTEX-XUZC	Adipose - Visceral (Omentum)	GTEx-sim
GTEX-13X6H-1726-SM-5Q5EH	GTEX-13X6H	Adipose - Visceral (Omentum)	GTEx-sim
GTEX-XUJ4-1726-SM-4BONW	GTEX-XUJ4	Adipose - Visceral (Omentum)	GTEx-sim
GTEX-13CF3-1126-SM-5LZXB	GTEX-13CF3	Adipose - Visceral (Omentum)	GTEx-ref
GTEX-11XUK-1726-SM-5GU61	GTEX-11XUK	Adipose - Visceral (Omentum)	GTEx-ref
GTEX-OIZH-1326-SM-3NB1H	GTEX-OIZH	Adrenal Gland	GTEx-sim
GTEX-NFK9-1726-SM-3TW8P	GTEX-NFK9	Adrenal Gland	GTEx-sim
GTEX-11DXY-1626-SM-5H12L	GTEX-11DXY	Adrenal Gland	GTEx-ref
GTEX-P4QS-1326-SM-3NMCD	GTEX-P4QS	Adrenal Gland	GTEx-ref
GTEX-ZLFU-0826-SM-4WWBP	GTEX-ZLFU	Adrenal Gland	GTEx-sim
GTEX-1399R-0326-SM-5KM1X	GTEX-1399R	Adrenal Gland	GTEx-sim
GTEX-ZVP2-0126-SM-5NQ7D	GTEX-ZVP2	Adrenal Gland	GTEx-sim
GTEX-YFCO-0126-SM-4W1YT	GTEX-YFCO	Adrenal Gland	GTEx-sim
GTEX-YB5E-0226-SM-5IFHI	GTEX-YB5E	Adrenal Gland	GTEx-ref
GTEX-139YR-0126-SM-5IJEY	GTEX-139YR	Adrenal Gland	GTEx-ref
GTEX-YF7O-0126-SM-5IFIR	GTEX-YF7O	Adrenal Gland	GTEx-sim
GTEX-13FTW-0126-SM-5IJED	GTEX-13FTW	Adrenal Gland	GTEx-sim
GTEX-V955-0126-SM-4JBH5	GTEX-V955	Adrenal Gland	GTEx-sim
GTEX-PLZ6-0226-SM-3P61I	GTEX-PLZ6	Adrenal Gland	GTEx-sim
GTEX-131XF-0126-SM-5DUVF	GTEX-131XF	Adrenal Gland	GTEx-sim
GTEX-QDVN-0426-SM-48TZ6	GTEX-QDVN	Adrenal Gland	GTEx-sim
GTEX-11NSD-0226-SM-5A5LR	GTEX-11NSD	Adrenal Gland	GTEx-sim
GTEX-111YS-0126-SM-5987T	GTEX-111YS	Adrenal Gland	GTEx-ref
GTEX-11P7K-0126-SM-5986E	GTEX-11P7K	Adrenal Gland	GTEx-sim
GTEX-WQUQ-0126-SM-4OOSS	GTEX-WQUQ	Adrenal Gland	GTEx-sim
GTEX-QMRM-0126-SM-4R1K9	GTEX-QMRM	Adrenal Gland	GTEx-sim
GTEX-ZDTT-0126-SM-4WKHA	GTEX-ZDTT	Adrenal Gland	GTEx-ref
GTEX-VUSG-1526-SM-4KKZH	GTEX-VUSG	Adrenal Gland	GTEx-ref
GTEX-XQ3S-1726-SM-4BOOD	GTEX-XQ3S	Adrenal Gland	GTEx-ref
GTEX-13111-0326-SM-5DUXF	GTEX-13111	Adrenal Gland	GTEx-ref
GTEX-Y5V6-1926-SM-5IFIL	GTEX-Y5V6	Adrenal Gland	GTEx-ref
GTEX-U4B1-0126-SM-4DXSN	GTEX-U4B1	Adrenal Gland	GTEx-ref
GTEX-XMK1-0226-SM-4B65D	GTEX-XMK1	Adrenal Gland	GTEx-sim
GTEX-WFG8-0126-SM-4LVMH	GTEX-WFG8	Adrenal Gland	GTEx-ref
GTEX-13OW7-2726-SM-5L3HN	GTEX-13OW7	Adrenal Gland	GTEx-sim
GTEX-13O61-0126-SM-5KM4P	GTEX-13O61	Adrenal Gland	GTEx-sim
GTEX-13O21-0126-SM-5IJE8	GTEX-13O21	Adrenal Gland	GTEx-ref
GTEX-QLQ7-0126-SM-4R1JW	GTEX-QLQ7	Adrenal Gland	GTEx-ref
GTEX-12WSN-0926-SM-5GCN1	GTEX-12WSN	Adrenal Gland	GTEx-sim
GTEX-PLZ5-0326-SM-3P614	GTEX-PLZ5	Adrenal Gland	GTEx-sim
GTEX-147F4-2526-SM-5NQBB	GTEX-147F4	Adrenal Gland	GTEx-ref
GTEX-111CU-0126-SM-5GZWZ	GTEX-111CU	Adrenal Gland	GTEx-sim
GTEX-WHPG-1526-SM-4M1ZK	GTEX-WHPG	Adrenal Gland	GTEx-ref
GTEX-O5YT-1326-SM-3MJGR	GTEX-O5YT	Adrenal Gland	GTEx-sim
GTEX-S4Q7-0226-SM-4AD5O	GTEX-S4Q7	Adrenal Gland	GTEx-sim
GTEX-Q2AH-0126-SM-48U2B	GTEX-Q2AH	Adrenal Gland	GTEx-sim
GTEX-TKQ2-0226-SM-4DM6V	GTEX-TKQ2	Adrenal Gland	GTEx-sim
GTEX-X4LF-0126-SM-4QAS7	GTEX-X4LF	Adrenal Gland	GTEx-ref
GTEX-12696-0626-SM-5EGGD	GTEX-12696	Adrenal Gland	GTEx-ref
GTEX-132QS-0126-SM-5IFH9	GTEX-132QS	Adrenal Gland	GTEx-ref
GTEX-U3ZM-0226-SM-4DXTA	GTEX-U3ZM	Adrenal Gland	GTEx-ref
GTEX-OOBK-3125-SM-3LK5R	GTEX-OOBK	Adrenal Gland	GTEx-sim
GTEX-V1D1-0226-SM-4JBHG	GTEX-V1D1	Adrenal Gland	GTEx-sim
GTEX-Q2AI-0226-SM-48U1D	GTEX-Q2AI	Adrenal Gland	GTEx-sim
GTEX-QEG5-1826-SM-4R1JP	GTEX-QEG5	Adrenal Gland	GTEx-ref
GTEX-RUSQ-0226-SM-47JWT	GTEX-RUSQ	Adrenal Gland	GTEx-sim
GTEX-11EQ9-0126-SM-5986I	GTEX-11EQ9	Adrenal Gland	GTEx-sim
GTEX-11DXZ-0226-SM-5EGGZ	GTEX-11DXZ	Adrenal Gland	GTEx-sim
GTEX-R55C-0226-SM-48FEO	GTEX-R55C	Adrenal Gland	GTEx-sim
GTEX-QLQW-0226-SM-447BJ	GTEX-QLQW	Adrenal Gland	GTEx-sim
GTEX-ZA64-0226-SM-5HL9C	GTEX-ZA64	Adrenal Gland	GTEx-sim
GTEX-145LT-0126-SM-5S2QJ	GTEX-145LT	Adrenal Gland	GTEx-ref
GTEX-14753-1726-SM-5NQ9X	GTEX-14753	Adrenal Gland	GTEx-ref
GTEX-148VJ-1626-SM-5QGPH	GTEX-148VJ	Adrenal Gland	GTEx-sim
GTEX-WY7C-0326-SM-4OND5	GTEX-WY7C	Adrenal Gland	GTEx-sim
GTEX-Y9LG-0126-SM-5Q59W	GTEX-Y9LG	Adrenal Gland	GTEx-sim
GTEX-VJYA-0526-SM-4KL1R	GTEX-VJYA	Adrenal Gland	GTEx-ref
GTEX-REY6-1726-SM-48FDL	GTEX-REY6	Adrenal Gland	GTEx-ref
GTEX-RWSA-1726-SM-47JX7	GTEX-RWSA	Adrenal Gland	GTEx-sim
GTEX-QXCU-1326-SM-48FE2	GTEX-QXCU	Adrenal Gland	GTEx-sim
GTEX-11TT1-0126-SM-5LUAA	GTEX-11TT1	Adrenal Gland	GTEx-ref
GTEX-SUCS-0526-SM-4DM56	GTEX-SUCS	Adrenal Gland	GTEx-ref
GTEX-13O1R-2326-SM-5IJF9	GTEX-13O1R	Adrenal Gland	GTEx-sim
GTEX-WFG8-0126-SM-5CHTB	GTEX-WFG8	Adrenal Gland	GTEx-ref
GTEX-12WSL-0326-SM-5CVMK	GTEX-12WSL	Adrenal Gland	GTEx-ref
GTEX-145MN-0226-SM-5QGPY	GTEX-145MN	Adrenal Gland	GTEx-sim
GTEX-OHPL-1326-SM-3MJGG	GTEX-OHPL	Adrenal Gland	GTEx-ref
GTEX-ZYFG-0926-SM-5BC5U	GTEX-ZYFG	Adrenal Gland	GTEx-ref
GTEX-Y114-0526-SM-4TT8V	GTEX-Y114	Adrenal Gland	GTEx-sim
GTEX-Q734-0126-SM-48U1E	GTEX-Q734	Adrenal Gland	GTEx-ref
GTEX-T6MO-0126-SM-4DM6X	GTEX-T6MO	Adrenal Gland	GTEx-sim
GTEX-ZLV1-0226-SM-4WWC1	GTEX-ZLV1	Adrenal Gland	GTEx-ref
GTEX-O5YV-1126-SM-3LK73	GTEX-O5YV	Adrenal Gland	GTEx-sim
GTEX-ZF2S-0126-SM-4WKFO	GTEX-ZF2S	Adrenal Gland	GTEx-ref
GTEX-13OVI-1226-SM-5J2ME	GTEX-13OVI	Adrenal Gland	GTEx-ref
GTEX-11GSP-0326-SM-5A5KW	GTEX-11GSP	Adrenal Gland	GTEx-ref
GTEX-ZLWG-0126-SM-4WWC5	GTEX-ZLWG	Adrenal Gland	GTEx-sim
GTEX-13N11-0826-SM-5IJFP	GTEX-13N11	Adrenal Gland	GTEx-ref
GTEX-S341-0126-SM-4AD64	GTEX-S341	Adrenal Gland	GTEx-sim
GTEX-146FR-1526-SM-5SIB8	GTEX-146FR	Adrenal Gland	GTEx-ref
GTEX-ZZPU-1226-SM-5N9CK	GTEX-ZZPU	Adrenal Gland	GTEx-ref
GTEX-12WSJ-0126-SM-5GCOM	GTEX-12WSJ	Adrenal Gland	GTEx-sim
GTEX-Y3IK-0226-SM-51MRJ	GTEX-Y3IK	Adrenal Gland	GTEx-ref
GTEX-12WSG-0726-SM-5EGIG	GTEX-12WSG	Adrenal Gland	GTEx-ref
GTEX-12WSD-2126-SM-5LZWK	GTEX-12WSD	Adrenal Gland	GTEx-sim
GTEX-OXRK-0126-SM-3NB1E	GTEX-OXRK	Adrenal Gland	GTEx-ref
GTEX-R53T-0226-SM-48FEH	GTEX-R53T	Adrenal Gland	GTEx-ref
GTEX-11I78-1826-SM-5A5M4	GTEX-11I78	Adrenal Gland	GTEx-sim
GTEX-1399U-0226-SM-5P9J2	GTEX-1399U	Adrenal Gland	GTEx-ref
GTEX-1211K-0126-SM-59HJE	GTEX-1211K	Adrenal Gland	GTEx-ref
GTEX-R55G-0126-SM-48FDS	GTEX-R55G	Adrenal Gland	GTEx-sim
GTEX-WYVS-0226-SM-4ONDK	GTEX-WYVS	Adrenal Gland	GTEx-sim
GTEX-131XG-1326-SM-5DUX4	GTEX-131XG	Adrenal Gland	GTEx-ref
GTEX-1399S-0426-SM-5IFG5	GTEX-1399S	Adrenal Gland	GTEx-ref
GTEX-14H4A-0226-SM-5SI6Q	GTEX-14H4A	Adrenal Gland	GTEx-ref
GTEX-QCQG-0126-SM-48U27	GTEX-QCQG	Adrenal Gland	GTEx-ref
GTEX-14A5I-2126-SM-5NQA8	GTEX-14A5I	Adrenal Gland	GTEx-ref
GTEX-Y5V5-1326-SM-4V6G9	GTEX-Y5V5	Adrenal Gland	GTEx-sim
GTEX-ZVT2-0826-SM-5GIEO	GTEX-ZVT2	Adrenal Gland	GTEx-ref
GTEX-13PVR-0226-SM-5RQJI	GTEX-13PVR	Adrenal Gland	GTEx-sim
GTEX-S32W-0126-SM-4AD61	GTEX-S32W	Adrenal Gland	GTEx-sim
GTEX-U3ZN-0826-SM-4DXSZ	GTEX-U3ZN	Adrenal Gland	GTEx-sim
GTEX-1122O-0326-SM-5H124	GTEX-1122O	Adrenal Gland	GTEx-ref
GTEX-12WSK-0326-SM-5GCOJ	GTEX-12WSK	Adrenal Gland	GTEx-ref
GTEX-OHPK-1326-SM-3MJGN	GTEX-OHPK	Adrenal Gland	GTEx-sim
GTEX-14DAQ-1826-SM-5S2VV	GTEX-14DAQ	Adrenal Gland	GTEx-sim
GTEX-XYKS-0926-SM-4BRVG	GTEX-XYKS	Adrenal Gland	GTEx-sim
GTEX-13W3W-1326-SM-5LU4T	GTEX-13W3W	Adrenal Gland	GTEx-sim
GTEX-11EMC-0526-SM-5EGJN	GTEX-11EMC	Adrenal Gland	GTEx-sim
GTEX-14BMU-0126-SM-5S2Q9	GTEX-14BMU	Adrenal Gland	GTEx-sim
GTEX-13D11-0426-SM-5LZYA	GTEX-13D11	Adrenal Gland	GTEx-sim
GTEX-132AR-1726-SM-5EGHQ	GTEX-132AR	Adrenal Gland	GTEx-ref
GTEX-13PL7-1026-SM-5MR5C	GTEX-13PL7	Adrenal Gland	GTEx-ref
GTEX-XUZC-0226-SM-4BOO7	GTEX-XUZC	Adrenal Gland	GTEx-ref
GTEX-13FH7-0226-SM-5IFGG	GTEX-13FH7	Adrenal Gland	GTEx-ref
GTEX-PWCY-0226-SM-48TD8	GTEX-PWCY	Adrenal Gland	GTEx-ref
GTEX-11XUK-0126-SM-5CVLK	GTEX-11XUK	Adrenal Gland	GTEx-ref
GTEX-13O3O-1626-SM-5KM1O	GTEX-13O3O	Adrenal Gland	GTEx-sim
GTEX-11DXX-0126-SM-5EGH7	GTEX-11DXX	Adrenal Gland	GTEx-ref
GTEX-X4EO-1726-SM-4QARN	GTEX-X4EO	Adrenal Gland	GTEx-ref
GTEX-ZYWO-0126-SM-5GZWQ	GTEX-ZYWO	Adrenal Gland	GTEx-ref
GTEX-ZYVF-1626-SM-5N9EH	GTEX-ZYVF	Adrenal Gland	GTEx-ref
GTEX-XV7Q-0226-SM-4BRVL	GTEX-XV7Q	Adrenal Gland	GTEx-ref
GTEX-OHPM-0426-SM-3TW8V	GTEX-OHPM	Artery - Aorta	GTEx-sim
GTEX-OOBJ-0426-SM-3NB1S	GTEX-OOBJ	Artery - Aorta	GTEx-ref
GTEX-11ONC-0926-SM-5BC5E	GTEX-11ONC	Artery - Aorta	GTEx-sim
GTEX-1399T-0526-SM-5J1NC	GTEX-1399T	Artery - Aorta	GTEx-ref
GTEX-11NUK-0726-SM-5A5ME	GTEX-11NUK	Artery - Aorta	GTEx-sim
GTEX-13OW8-1826-SM-5L3H1	GTEX-13OW8	Artery - Aorta	GTEx-sim
GTEX-UPK5-1526-SM-4JBJA	GTEX-UPK5	Artery - Aorta	GTEx-ref
GTEX-13W46-1826-SM-5K7VA	GTEX-13W46	Artery - Aorta	GTEx-sim
GTEX-13FHO-1626-SM-5IJGB	GTEX-13FHO	Artery - Aorta	GTEx-sim
GTEX-ZE9C-0726-SM-4WKGA	GTEX-ZE9C	Artery - Aorta	GTEx-ref
GTEX-YECK-1326-SM-4W1ZF	GTEX-YECK	Artery - Aorta	GTEx-sim
GTEX-UPJH-0926-SM-4IHKA	GTEX-UPJH	Artery - Aorta	GTEx-ref
GTEX-139YR-0626-SM-5IJBT	GTEX-139YR	Artery - Aorta	GTEx-sim
GTEX-12ZZY-1326-SM-5GCNW	GTEX-12ZZY	Artery - Aorta	GTEx-ref
GTEX-13111-0526-SM-5LZVF	GTEX-13111	Artery - Aorta	GTEx-ref
GTEX-OOBK-0425-SM-3LK5O	GTEX-OOBK	Artery - Aorta	GTEx-sim
GTEX-1212Z-0826-SM-5EQ51	GTEX-1212Z	Artery - Aorta	GTEx-ref
GTEX-147F4-1026-SM-5Q5F9	GTEX-147F4	Artery - Aorta	GTEx-sim
GTEX-13FTZ-0126-SM-5K7V3	GTEX-13FTZ	Artery - Aorta	GTEx-ref
GTEX-ZDXO-2726-SM-4WKFA	GTEX-ZDXO	Artery - Aorta	GTEx-ref
GTEX-13O61-0326-SM-5KM2O	GTEX-13O61	Artery - Aorta	GTEx-sim
GTEX-VUSG-0526-SM-4KL22	GTEX-VUSG	Artery - Aorta	GTEx-ref
GTEX-13OW6-1526-SM-5L3HX	GTEX-13OW6	Artery - Aorta	GTEx-ref
GTEX-13NZ9-1226-SM-5MR3J	GTEX-13NZ9	Artery - Aorta	GTEx-sim
GTEX-13PVQ-1426-SM-5J1O4	GTEX-13PVQ	Artery - Aorta	GTEx-ref
GTEX-117XS-0426-SM-5GZZN	GTEX-117XS	Artery - Aorta	GTEx-sim
GTEX-13FLV-1426-SM-5J1N4	GTEX-13FLV	Artery - Aorta	GTEx-ref
GTEX-S4Z8-0626-SM-4AD6J	GTEX-S4Z8	Artery - Aorta	GTEx-ref
GTEX-13YAN-1526-SM-5LU3E	GTEX-13YAN	Artery - Aorta	GTEx-sim
GTEX-1399R-0626-SM-5K7UZ	GTEX-1399R	Artery - Aorta	GTEx-sim
GTEX-P4PQ-0426-SM-3NMCI	GTEX-P4PQ	Artery - Aorta	GTEx-ref
GTEX-T6MN-1126-SM-4DM71	GTEX-T6MN	Artery - Aorta	GTEx-sim
GTEX-PLZ6-0326-SM-3P61J	GTEX-PLZ6	Artery - Aorta	GTEx-ref
GTEX-11UD2-0826-SM-5EQKS	GTEX-11UD2	Artery - Aorta	GTEx-sim
GTEX-139TU-1126-SM-5J1NY	GTEX-139TU	Artery - Aorta	GTEx-ref
GTEX-11GS4-0326-SM-5N9F7	GTEX-11GS4	Artery - Aorta	GTEx-ref
GTEX-11DYG-1226-SM-5N9DC	GTEX-11DYG	Artery - Aorta	GTEx-ref
GTEX-PLZ5-0426-SM-3P612	GTEX-PLZ5	Artery - Aorta	GTEx-sim
GTEX-13O21-0426-SM-5K7VR	GTEX-13O21	Artery - Aorta	GTEx-ref
GTEX-QLQ7-0426-SM-4R1JU	GTEX-QLQ7	Artery - Aorta	GTEx-ref
GTEX-QEL4-1126-SM-4R1JJ	GTEX-QEL4	Artery - Aorta	GTEx-ref
GTEX-ZDTS-1426-SM-5K7WC	GTEX-ZDTS	Artery - Aorta	GTEx-sim
GTEX-Y8E4-1126-SM-5IFIA	GTEX-Y8E4	Artery - Aorta	GTEx-sim
GTEX-SJXC-1126-SM-4DM6Y	GTEX-SJXC	Artery - Aorta	GTEx-sim
GTEX-13OW5-0826-SM-5J1NE	GTEX-13OW5	Artery - Aorta	GTEx-ref
GTEX-13N2G-0526-SM-5MR5L	GTEX-13N2G	Artery - Aorta	GTEx-ref
GTEX-OXRL-0426-SM-3NM97	GTEX-OXRL	Artery - Aorta	GTEx-ref
GTEX-12C56-0226-SM-5N9FB	GTEX-12C56	Artery - Aorta	GTEx-sim
GTEX-WZTO-1626-SM-4PQYR	GTEX-WZTO	Artery - Aorta	GTEx-sim
GTEX-14ICL-0326-SM-5S2OS	GTEX-14ICL	Artery - Aorta	GTEx-ref
GTEX-QV44-0626-SM-4R1KJ	GTEX-QV44	Artery - Aorta	GTEx-sim
GTEX-R55D-1026-SM-3GAEQ	GTEX-R55D	Artery - Aorta	GTEx-sim
GTEX-WHSB-0226-SM-4M1XE	GTEX-WHSB	Artery - Aorta	GTEx-sim
GTEX-P44H-1026-SM-3NM96	GTEX-P44H	Artery - Aorta	GTEx-ref
GTEX-YEC3-0526-SM-5IFHN	GTEX-YEC3	Artery - Aorta	GTEx-sim
GTEX-WFG7-0926-SM-4LMK7	GTEX-WFG7	Artery - Aorta	GTEx-ref
GTEX-11DXZ-0426-SM-5987Y	GTEX-11DXZ	Artery - Aorta	GTEx-ref
GTEX-11LCK-0726-SM-5PNYC	GTEX-11LCK	Artery - Aorta	GTEx-sim
GTEX-WY7C-0626-SM-4ONCT	GTEX-WY7C	Artery - Aorta	GTEx-ref
GTEX-13NYB-0426-SM-5IJDD	GTEX-13NYB	Artery - Aorta	GTEx-ref
GTEX-12696-0426-SM-5EGL5	GTEX-12696	Artery - Aorta	GTEx-ref
GTEX-QV31-0326-SM-447BM	GTEX-QV31	Artery - Aorta	GTEx-ref
GTEX-PSDG-1026-SM-48TCV	GTEX-PSDG	Artery - Aorta	GTEx-ref
GTEX-OIZG-0426-SM-3LK5W	GTEX-OIZG	Artery - Aorta	GTEx-ref
GTEX-REY6-1126-SM-48FDU	GTEX-REY6	Artery - Aorta	GTEx-sim
GTEX-117YW-0226-SM-5N9CM	GTEX-117YW	Artery - Aorta	GTEx-ref
GTEX-ZQUD-0226-SM-4YCEB	GTEX-ZQUD	Artery - Aorta	GTEx-sim
GTEX-ZYW4-1226-SM-5E45B	GTEX-ZYW4	Artery - Aorta	GTEx-sim
GTEX-V1D1-0326-SM-4JBIY	GTEX-V1D1	Artery - Aorta	GTEx-ref
GTEX-Y3I4-0326-SM-4TT28	GTEX-Y3I4	Artery - Aorta	GTEx-sim
GTEX-QXCU-0926-SM-48FEP	GTEX-QXCU	Artery - Aorta	GTEx-sim
GTEX-Y5V6-0426-SM-4VBRZ	GTEX-Y5V6	Artery - Aorta	GTEx-ref
GTEX-SNOS-0326-SM-4DM6C	GTEX-SNOS	Artery - Aorta	GTEx-ref
GTEX-T8EM-0426-SM-4DM7E	GTEX-T8EM	Artery - Aorta	GTEx-sim
GTEX-WQUQ-1526-SM-4OOSM	GTEX-WQUQ	Artery - Aorta	GTEx-ref
GTEX-144GN-0326-SM-5O9AD	GTEX-144GN	Artery - Aorta	GTEx-ref
GTEX-UJMC-0626-SM-4IHJQ	GTEX-UJMC	Artery - Aorta	GTEx-sim
GTEX-QMRM-0626-SM-447BQ	GTEX-QMRM	Artery - Aorta	GTEx-sim
GTEX-R55E-1126-SM-48FDZ	GTEX-R55E	Artery - Aorta	GTEx-ref
GTEX-12KS4-0626-SM-5PNY4	GTEX-12KS4	Artery - Aorta	GTEx-sim
GTEX-WHWD-0526-SM-4OORW	GTEX-WHWD	Artery - Aorta	GTEx-sim
GTEX-WYJK-1226-SM-4ONCP	GTEX-WYJK	Artery - Aorta	GTEx-ref
GTEX-13X6I-0926-SM-5LUAB	GTEX-13X6I	Artery - Aorta	GTEx-sim
GTEX-O5YT-0426-SM-3MJHD	GTEX-O5YT	Artery - Aorta	GTEx-sim
GTEX-XQ3S-0126-SM-4BOO9	GTEX-XQ3S	Artery - Aorta	GTEx-ref
GTEX-XPT6-0326-SM-4B66V	GTEX-XPT6	Artery - Aorta	GTEx-sim
GTEX-WH7G-0626-SM-4LVMO	GTEX-WH7G	Artery - Aorta	GTEx-ref
GTEX-QEG4-0926-SM-4R1JO	GTEX-QEG4	Artery - Aorta	GTEx-sim
GTEX-VJYA-0226-SM-4KL1Q	GTEX-VJYA	Artery - Aorta	GTEx-ref
GTEX-XBEW-0526-SM-4QASO	GTEX-XBEW	Artery - Aorta	GTEx-ref
GTEX-Z9EW-0126-SM-5CVM6	GTEX-Z9EW	Artery - Aorta	GTEx-ref
GTEX-XQ8I-1326-SM-4BOPV	GTEX-XQ8I	Artery - Aorta	GTEx-sim
GTEX-ZG7Y-0126-SM-4WWEX	GTEX-ZG7Y	Artery - Aorta	GTEx-ref
GTEX-13O3P-1126-SM-5L3FG	GTEX-13O3P	Artery - Aorta	GTEx-ref
GTEX-139UW-0426-SM-5K7V4	GTEX-139UW	Artery - Aorta	GTEx-sim
GTEX-X4XY-1526-SM-4QASE	GTEX-X4XY	Artery - Aorta	GTEx-sim
GTEX-X3Y1-0326-SM-4PQZ7	GTEX-X3Y1	Artery - Aorta	GTEx-ref
GTEX-13O1R-1026-SM-5KM2L	GTEX-13O1R	Artery - Aorta	GTEx-ref
GTEX-P4QS-0426-SM-3NMCQ	GTEX-P4QS	Artery - Aorta	GTEx-sim
GTEX-ZYFD-2126-SM-5E43D	GTEX-ZYFD	Artery - Aorta	GTEx-ref
GTEX-WHPG-0926-SM-4M1XY	GTEX-WHPG	Artery - Aorta	GTEx-ref
GTEX-131XF-0626-SM-5GIDS	GTEX-131XF	Artery - Aorta	GTEx-sim
GTEX-YEC3-0526-SM-4YCF2	GTEX-YEC3	Artery - Aorta	GTEx-sim
GTEX-ZDTT-0226-SM-4WKHM	GTEX-ZDTT	Artery - Aorta	GTEx-sim
GTEX-QEG5-1226-SM-447AR	GTEX-QEG5	Artery - Aorta	GTEx-ref
GTEX-ZDYS-0526-SM-5L3EE	GTEX-ZDYS	Artery - Aorta	GTEx-ref
GTEX-V955-0926-SM-4JBJ8	GTEX-V955	Artery - Aorta	GTEx-ref
GTEX-S95S-0226-SM-4B656	GTEX-S95S	Artery - Aorta	GTEx-ref
GTEX-11TUW-0926-SM-5EQMW	GTEX-11TUW	Artery - Aorta	GTEx-ref
GTEX-145MH-1026-SM-5Q5CI	GTEX-145MH	Artery - Aorta	GTEx-ref
GTEX-WFG8-0826-SM-4LVN5	GTEX-WFG8	Artery - Aorta	GTEx-sim
GTEX-Y9LG-0226-SM-4VBS4	GTEX-Y9LG	Artery - Aorta	GTEx-sim
GTEX-QDVJ-0626-SM-48U1T	GTEX-QDVJ	Artery - Aorta	GTEx-sim
GTEX-S3XE-0326-SM-4AD6L	GTEX-S3XE	Artery - Aorta	GTEx-sim
GTEX-WFON-0526-SM-4LVLY	GTEX-WFON	Artery - Aorta	GTEx-ref
GTEX-11WQK-0326-SM-5EQL1	GTEX-11WQK	Artery - Aorta	GTEx-sim
GTEX-1339X-0526-SM-5KLYW	GTEX-1339X	Artery - Aorta	GTEx-sim
GTEX-13OVG-0826-SM-5L3D8	GTEX-13OVG	Artery - Aorta	GTEx-sim
GTEX-NFK9-1326-SM-3LK5I	GTEX-NFK9	Artery - Aorta	GTEx-ref
GTEX-YEC4-0726-SM-5CVLV	GTEX-YEC4	Artery - Aorta	GTEx-sim
GTEX-RUSQ-0326-SM-47JWS	GTEX-RUSQ	Artery - Aorta	GTEx-sim
GTEX-11P82-0126-SM-5HL72	GTEX-11P82	Artery - Aorta	GTEx-sim
GTEX-ZVZP-0126-SM-5NQ6Q	GTEX-ZVZP	Artery - Aorta	GTEx-sim
GTEX-Q2AH-0326-SM-48U1K	GTEX-Q2AH	Artery - Aorta	GTEx-ref
GTEX-ZA64-0126-SM-5HL8Z	GTEX-ZA64	Artery - Aorta	GTEx-ref
GTEX-12BJ1-0126-SM-5LU9P	GTEX-12BJ1	Artery - Aorta	GTEx-ref
GTEX-SUCS-0426-SM-5CHT6	GTEX-SUCS	Artery - Aorta	GTEx-ref
GTEX-WFG8-0826-SM-5CHQY	GTEX-WFG8	Artery - Aorta	GTEx-sim
GTEX-NPJ8-0526-SM-3MJHN	GTEX-NPJ8	Artery - Aorta	GTEx-ref
GTEX-131YS-1126-SM-5N9FQ	GTEX-131YS	Artery - Aorta	GTEx-sim
GTEX-R53T-0826-SM-48FCP	GTEX-R53T	Artery - Aorta	GTEx-sim
GTEX-11ZTS-0826-SM-5EQ49	GTEX-11ZTS	Artery - Aorta	GTEx-ref
GTEX-ZF3C-1426-SM-4WWCD	GTEX-ZF3C	Artery - Aorta	GTEx-sim
GTEX-11ZVC-0326-SM-5CVLC	GTEX-11ZVC	Artery - Aorta	GTEx-ref
GTEX-13X6K-1926-SM-5LU4O	GTEX-13X6K	Artery - Aorta	GTEx-ref
GTEX-WRHU-1326-SM-4E3K7	GTEX-WRHU	Artery - Aorta	GTEx-sim
GTEX-146FH-1326-SM-5NQBI	GTEX-146FH	Artery - Aorta	GTEx-sim
GTEX-132AR-2126-SM-5K7XG	GTEX-132AR	Artery - Aorta	GTEx-ref
GTEX-Y5V5-0426-SM-4VBPU	GTEX-Y5V5	Artery - Aorta	GTEx-ref
GTEX-Y3IK-0726-SM-4WWE5	GTEX-Y3IK	Artery - Aorta	GTEx-sim
GTEX-12WSD-1326-SM-5GCNU	GTEX-12WSD	Artery - Aorta	GTEx-sim
GTEX-131XW-2226-SM-5PNY1	GTEX-131XW	Artery - Aorta	GTEx-sim
GTEX-P4PP-0426-SM-3NM9H	GTEX-P4PP	Artery - Aorta	GTEx-sim
GTEX-14DAQ-1326-SM-5RQIM	GTEX-14DAQ	Artery - Aorta	GTEx-sim
GTEX-ZLWG-0226-SM-4WWC6	GTEX-ZLWG	Artery - Aorta	GTEx-sim
GTEX-11EMC-0926-SM-59863	GTEX-11EMC	Artery - Aorta	GTEx-ref
GTEX-S4P3-0326-SM-4AD6P	GTEX-S4P3	Artery - Aorta	GTEx-sim
GTEX-13D11-1426-SM-5K7Y9	GTEX-13D11	Artery - Aorta	GTEx-ref
GTEX-ZYY3-1226-SM-5EQKM	GTEX-ZYY3	Artery - Aorta	GTEx-sim
GTEX-1128S-0326-SM-5GZZF	GTEX-1128S	Artery - Aorta	GTEx-ref
GTEX-ZAK1-1226-SM-5Q5AA	GTEX-ZAK1	Artery - Aorta	GTEx-ref
GTEX-1399U-0426-SM-5K7UU	GTEX-1399U	Artery - Aorta	GTEx-sim
GTEX-146FR-1026-SM-5NQ9T	GTEX-146FR	Artery - Aorta	GTEx-sim
GTEX-PX3G-0426-SM-48U1C	GTEX-PX3G	Artery - Aorta	GTEx-ref
GTEX-OHPK-0426-SM-3MJH3	GTEX-OHPK	Artery - Aorta	GTEx-sim
GTEX-X4EP-1426-SM-4PQZP	GTEX-X4EP	Artery - Aorta	GTEx-sim
GTEX-Q2AG-0926-SM-48U1Q	GTEX-Q2AG	Artery - Aorta	GTEx-sim
GTEX-11GSP-1126-SM-5A5LM	GTEX-11GSP	Artery - Aorta	GTEx-sim
GTEX-X4EO-1026-SM-4QARP	GTEX-X4EO	Artery - Aorta	GTEx-ref
GTEX-POMQ-0426-SM-3P61G	GTEX-POMQ	Artery - Aorta	GTEx-sim
GTEX-13U4I-1026-SM-5LU3G	GTEX-13U4I	Artery - Aorta	GTEx-ref
GTEX-1313W-1026-SM-5EQ5I	GTEX-1313W	Artery - Aorta	GTEx-ref
GTEX-Y5LM-0226-SM-4VBRM	GTEX-Y5LM	Artery - Aorta	GTEx-ref
GTEX-P78B-0826-SM-3NMCA	GTEX-P78B	Artery - Aorta	GTEx-sim
GTEX-XV7Q-0526-SM-4BRWR	GTEX-XV7Q	Artery - Aorta	GTEx-ref
GTEX-YJ8O-0226-SM-5S2NL	GTEX-YJ8O	Artery - Aorta	GTEx-ref
GTEX-QVJO-0526-SM-447CE	GTEX-QVJO	Artery - Aorta	GTEx-ref
GTEX-ZC5H-1026-SM-5CVN1	GTEX-ZC5H	Artery - Aorta	GTEx-ref
GTEX-139D8-1226-SM-5L3ED	GTEX-139D8	Artery - Aorta	GTEx-sim
GTEX-13QBU-0326-SM-5LU3F	GTEX-13QBU	Artery - Aorta	GTEx-ref
GTEX-ZP4G-0526-SM-4YCED	GTEX-ZP4G	Artery - Aorta	GTEx-sim
GTEX-N7MT-1426-SM-3LK5M	GTEX-N7MT	Artery - Aorta	GTEx-sim
GTEX-14BIM-2626-SM-5S2OF	GTEX-14BIM	Artery - Aorta	GTEx-ref
GTEX-OHPL-0426-SM-3TW8X	GTEX-OHPL	Artery - Aorta	GTEx-ref
GTEX-S32W-0426-SM-4AD6H	GTEX-S32W	Artery - Aorta	GTEx-sim
GTEX-11DXX-0426-SM-5EQ5F	GTEX-11DXX	Artery - Aorta	GTEx-ref
GTEX-ZF29-0326-SM-4WKFB	GTEX-ZF29	Artery - Aorta	GTEx-ref
GTEX-Y8LW-0426-SM-4VBQ6	GTEX-Y8LW	Artery - Aorta	GTEx-ref
GTEX-13O3O-1126-SM-5KM4Q	GTEX-13O3O	Artery - Aorta	GTEx-ref
GTEX-14A5I-1326-SM-5SIAQ	GTEX-14A5I	Artery - Aorta	GTEx-sim
GTEX-12ZZX-1026-SM-5LZUW	GTEX-12ZZX	Artery - Aorta	GTEx-sim
GTEX-R55G-0626-SM-48FDB	GTEX-R55G	Artery - Aorta	GTEx-sim
GTEX-XUW1-1126-SM-4BONZ	GTEX-XUW1	Artery - Aorta	GTEx-sim
GTEX-Y114-0426-SM-4TT6V	GTEX-Y114	Artery - Aorta	GTEx-sim
GTEX-13FTX-0226-SM-5K7TX	GTEX-13FTX	Artery - Aorta	GTEx-sim
GTEX-XUJ4-0326-SM-4BOP9	GTEX-XUJ4	Artery - Aorta	GTEx-ref
GTEX-UJHI-0226-SM-4IHJL	GTEX-UJHI	Artery - Aorta	GTEx-sim
GTEX-XYKS-0426-SM-4BRW4	GTEX-XYKS	Artery - Aorta	GTEx-sim
GTEX-QVUS-0426-SM-48FE3	GTEX-QVUS	Artery - Aorta	GTEx-ref
GTEX-YB5K-0326-SM-5IFJQ	GTEX-YB5K	Artery - Aorta	GTEx-ref
GTEX-11EM3-0226-SM-5985Y	GTEX-11EM3	Artery - Aorta	GTEx-sim
GTEX-13113-0526-SM-5GCN2	GTEX-13113	Artery - Aorta	GTEx-ref
GTEX-11I78-0726-SM-5A5M1	GTEX-11I78	Artery - Aorta	GTEx-ref
GTEX-ZYFG-0326-SM-5E45Z	GTEX-ZYFG	Artery - Aorta	GTEx-sim
GTEX-ZPIC-1026-SM-59HKZ	GTEX-ZPIC	Artery - Aorta	GTEx-sim
GTEX-14AS3-0526-SM-5QGQQ	GTEX-14AS3	Artery - Aorta	GTEx-sim
GTEX-TMMY-1026-SM-4DXTI	GTEX-TMMY	Artery - Aorta	GTEx-ref
GTEX-11P81-0326-SM-5HL6B	GTEX-11P81	Artery - Aorta	GTEx-sim
GTEX-13OVI-0626-SM-5IJCN	GTEX-13OVI	Artery - Aorta	GTEx-sim
GTEX-UPIC-0526-SM-4WWCQ	GTEX-UPIC	Artery - Aorta	GTEx-sim
GTEX-12WSK-0426-SM-5GCNS	GTEX-12WSK	Artery - Aorta	GTEx-sim
GTEX-13PVR-0826-SM-5S2PV	GTEX-13PVR	Artery - Aorta	GTEx-ref
GTEX-1211K-0326-SM-5FQT1	GTEX-1211K	Artery - Aorta	GTEx-sim
GTEX-PWCY-0326-SM-43IRU	GTEX-PWCY	Artery - Aorta	GTEx-ref
GTEX-13FH7-0326-SM-5J1MR	GTEX-13FH7	Artery - Aorta	GTEx-ref
GTEX-ZTPG-0726-SM-5DUXP	GTEX-ZTPG	Artery - Aorta	GTEx-sim
GTEX-1122O-1126-SM-5NQ8X	GTEX-1122O	Artery - Aorta	GTEx-sim
GTEX-RN64-0726-SM-48FCV	GTEX-RN64	Artery - Coronary	GTEx-ref
GTEX-13VXU-1926-SM-5LU5J	GTEX-13VXU	Artery - Coronary	GTEx-ref
GTEX-12WSC-0926-SM-5EQ63	GTEX-12WSC	Artery - Coronary	GTEx-ref
GTEX-VUSG-0626-SM-4KL1Z	GTEX-VUSG	Artery - Coronary	GTEx-ref
GTEX-13FXS-1126-SM-5IJBB	GTEX-13FXS	Artery - Coronary	GTEx-sim
GTEX-ZUA1-0426-SM-5NQAF	GTEX-ZUA1	Artery - Coronary	GTEx-sim
GTEX-ZYT6-0826-SM-5E43I	GTEX-ZYT6	Artery - Coronary	GTEx-ref
GTEX-11DXZ-0526-SM-5GU7J	GTEX-11DXZ	Artery - Coronary	GTEx-sim
GTEX-12696-0526-SM-5EQ3Z	GTEX-12696	Artery - Coronary	GTEx-sim
GTEX-147F4-1326-SM-5LU9V	GTEX-147F4	Artery - Coronary	GTEx-sim
GTEX-QEL4-1026-SM-4R1JK	GTEX-QEL4	Artery - Coronary	GTEx-sim
GTEX-Y8E4-0226-SM-4VBQ3	GTEX-Y8E4	Artery - Coronary	GTEx-ref
GTEX-13X6J-1326-SM-5QGOV	GTEX-13X6J	Artery - Coronary	GTEx-ref
GTEX-11DYG-0926-SM-5EGGW	GTEX-11DYG	Artery - Coronary	GTEx-ref
GTEX-11ONC-1126-SM-5GU6G	GTEX-11ONC	Artery - Coronary	GTEx-ref
GTEX-WHWD-0226-SM-4OORT	GTEX-WHWD	Artery - Coronary	GTEx-ref
GTEX-14E1K-0926-SM-5S2U4	GTEX-14E1K	Artery - Coronary	GTEx-sim
GTEX-ZPU1-0526-SM-4YCDA	GTEX-ZPU1	Artery - Coronary	GTEx-ref
GTEX-11ZUS-0526-SM-59884	GTEX-11ZUS	Artery - Coronary	GTEx-ref
GTEX-OOBJ-3026-SM-3NB1D	GTEX-OOBJ	Artery - Coronary	GTEx-sim
GTEX-OIZH-3026-SM-3NB1G	GTEX-OIZH	Artery - Coronary	GTEx-ref
GTEX-WHPG-0726-SM-4M1XX	GTEX-WHPG	Artery - Coronary	GTEx-sim
GTEX-11DXY-1126-SM-5987W	GTEX-11DXY	Artery - Coronary	GTEx-sim
GTEX-13O61-0626-SM-5L3D1	GTEX-13O61	Artery - Coronary	GTEx-ref
GTEX-11GS4-0626-SM-5A5LC	GTEX-11GS4	Artery - Coronary	GTEx-sim
GTEX-13O21-2926-SM-5J1OU	GTEX-13O21	Artery - Coronary	GTEx-ref
GTEX-ZAB4-0726-SM-5HL8I	GTEX-ZAB4	Artery - Coronary	GTEx-ref
GTEX-11UD2-1126-SM-5EQM6	GTEX-11UD2	Artery - Coronary	GTEx-ref
GTEX-O5YW-3026-SM-3MJHI	GTEX-O5YW	Artery - Coronary	GTEx-ref
GTEX-YEC4-0426-SM-4W1ZH	GTEX-YEC4	Artery - Coronary	GTEx-sim
GTEX-13FTW-0926-SM-5J2NJ	GTEX-13FTW	Artery - Coronary	GTEx-sim
GTEX-YF7O-0226-SM-5IFJ4	GTEX-YF7O	Artery - Coronary	GTEx-ref
GTEX-U3ZH-0426-SM-4DXSE	GTEX-U3ZH	Artery - Coronary	GTEx-ref
GTEX-ZT9W-0426-SM-57WF4	GTEX-ZT9W	Artery - Coronary	GTEx-sim
GTEX-QEG5-1026-SM-4R1KT	GTEX-QEG5	Artery - Coronary	GTEx-sim
GTEX-REY6-0926-SM-48FDA	GTEX-REY6	Artery - Coronary	GTEx-ref
GTEX-14C5O-1426-SM-5RQI8	GTEX-14C5O	Artery - Coronary	GTEx-ref
GTEX-XPVG-0926-SM-4B651	GTEX-XPVG	Artery - Coronary	GTEx-ref
GTEX-ZDYS-0126-SM-5HL6X	GTEX-ZDYS	Artery - Coronary	GTEx-ref
GTEX-QESD-0326-SM-47J4F	GTEX-QESD	Artery - Coronary	GTEx-ref
GTEX-PSDG-0826-SM-48TCZ	GTEX-PSDG	Artery - Coronary	GTEx-sim
GTEX-SIU7-0226-SM-4BRX2	GTEX-SIU7	Artery - Coronary	GTEx-sim
GTEX-12WSL-0926-SM-5N9EK	GTEX-12WSL	Artery - Coronary	GTEx-ref
GTEX-13RTJ-0626-SM-5S2NB	GTEX-13RTJ	Artery - Coronary	GTEx-sim
GTEX-Y5V6-0326-SM-4VBRW	GTEX-Y5V6	Artery - Coronary	GTEx-ref
GTEX-UJMC-0426-SM-4IHJF	GTEX-UJMC	Artery - Coronary	GTEx-sim
GTEX-ZV7C-0426-SM-51MQY	GTEX-ZV7C	Artery - Coronary	GTEx-ref
GTEX-WYJK-0926-SM-4ONCF	GTEX-WYJK	Artery - Coronary	GTEx-ref
GTEX-QLQ7-0326-SM-4R1JV	GTEX-QLQ7	Artery - Coronary	GTEx-ref
GTEX-YEC3-0326-SM-5IFJJ	GTEX-YEC3	Artery - Coronary	GTEx-ref
GTEX-S3XE-0226-SM-4AD6I	GTEX-S3XE	Artery - Coronary	GTEx-sim
GTEX-1445S-1126-SM-5QGOW	GTEX-1445S	Artery - Coronary	GTEx-sim
GTEX-SNMC-0226-SM-4DM6F	GTEX-SNMC	Artery - Coronary	GTEx-ref
GTEX-14C38-1226-SM-5S2UK	GTEX-14C38	Artery - Coronary	GTEx-ref
GTEX-RUSQ-0426-SM-47JWR	GTEX-RUSQ	Artery - Coronary	GTEx-sim
GTEX-WY7C-1526-SM-4OND2	GTEX-WY7C	Artery - Coronary	GTEx-sim
GTEX-Q2AH-0626-SM-48TZJ	GTEX-Q2AH	Artery - Coronary	GTEx-ref
GTEX-13OVG-0726-SM-5IJBY	GTEX-13OVG	Artery - Coronary	GTEx-sim
GTEX-NPJ8-1326-SM-3LK6B	GTEX-NPJ8	Artery - Coronary	GTEx-sim
GTEX-X5EB-0326-SM-4QASF	GTEX-X5EB	Artery - Coronary	GTEx-ref
GTEX-XGQ4-0626-SM-4AT56	GTEX-XGQ4	Artery - Coronary	GTEx-ref
GTEX-ZLFU-0126-SM-5EQMN	GTEX-ZLFU	Artery - Coronary	GTEx-ref
GTEX-WHSE-0726-SM-4RTXA	GTEX-WHSE	Artery - Coronary	GTEx-sim
GTEX-XQ8I-0326-SM-4BOPN	GTEX-XQ8I	Artery - Coronary	GTEx-sim
GTEX-11TT1-1526-SM-5EQKU	GTEX-11TT1	Artery - Coronary	GTEx-ref
GTEX-12WSD-1026-SM-5EQ42	GTEX-12WSD	Artery - Coronary	GTEx-sim
GTEX-11ZTS-1026-SM-5LU8O	GTEX-11ZTS	Artery - Coronary	GTEx-ref
GTEX-Y3IK-0926-SM-51MQU	GTEX-Y3IK	Artery - Coronary	GTEx-sim
GTEX-131YS-1226-SM-5K7VE	GTEX-131YS	Artery - Coronary	GTEx-ref
GTEX-NPJ7-1326-SM-3MJHO	GTEX-NPJ7	Artery - Coronary	GTEx-ref
GTEX-R53T-0726-SM-48FCS	GTEX-R53T	Artery - Coronary	GTEx-sim
GTEX-132AR-1326-SM-5K7YC	GTEX-132AR	Artery - Coronary	GTEx-sim
GTEX-XV7Q-0626-SM-4BRV5	GTEX-XV7Q	Artery - Coronary	GTEx-sim
GTEX-13U4I-0926-SM-5LU5A	GTEX-13U4I	Artery - Coronary	GTEx-sim
GTEX-UJHI-0326-SM-4IHJE	GTEX-UJHI	Artery - Coronary	GTEx-ref
GTEX-P4PP-3026-SM-3P61O	GTEX-P4PP	Artery - Coronary	GTEx-ref
GTEX-ZYWO-0426-SM-5SI9A	GTEX-ZYWO	Artery - Coronary	GTEx-sim
GTEX-YJ8O-0126-SM-5QGRG	GTEX-YJ8O	Artery - Coronary	GTEx-ref
GTEX-ZVT2-0526-SM-5E455	GTEX-ZVT2	Artery - Coronary	GTEx-sim
GTEX-OHPL-3026-SM-3MJGS	GTEX-OHPL	Artery - Coronary	GTEx-sim
GTEX-146FH-0926-SM-5SI96	GTEX-146FH	Artery - Coronary	GTEx-ref
GTEX-ZF3C-1326-SM-5A5MF	GTEX-ZF3C	Artery - Coronary	GTEx-ref
GTEX-U3ZN-0426-SM-4DXSH	GTEX-U3ZN	Artery - Coronary	GTEx-sim
GTEX-ZYFG-0126-SM-5GIDH	GTEX-ZYFG	Artery - Coronary	GTEx-ref
GTEX-1122O-0426-SM-5H12G	GTEX-1122O	Artery - Coronary	GTEx-sim
GTEX-1399U-0626-SM-5J1NZ	GTEX-1399U	Artery - Coronary	GTEx-sim
GTEX-PWCY-0426-SM-48TCW	GTEX-PWCY	Artery - Coronary	GTEx-sim
GTEX-Y114-0326-SM-4TT99	GTEX-Y114	Artery - Coronary	GTEx-sim
GTEX-1117F-0626-SM-5N9CS	GTEX-1117F	Artery - Coronary	GTEx-ref
GTEX-ZGAY-0426-SM-4WWAM	GTEX-ZGAY	Artery - Coronary	GTEx-ref
GTEX-ZPCL-0326-SM-5FQSG	GTEX-ZPCL	Artery - Coronary	GTEx-sim
GTEX-PX3G-3026-SM-48TZR	GTEX-PX3G	Artery - Coronary	GTEx-ref
GTEX-UPIC-0326-SM-4IHJ9	GTEX-UPIC	Artery - Coronary	GTEx-sim
GTEX-12ZZX-0626-SM-5EQ46	GTEX-12ZZX	Artery - Coronary	GTEx-sim
GTEX-13CF3-0626-SM-5J1NO	GTEX-13CF3	Artery - Coronary	GTEx-ref
GTEX-WEY5-0326-SM-4LMI7	GTEX-WEY5	Artery - Coronary	GTEx-ref
GTEX-11DXX-0826-SM-5GZZP	GTEX-11DXX	Artery - Coronary	GTEx-ref
GTEX-11EM3-0526-SM-5H12N	GTEX-11EM3	Artery - Coronary	GTEx-sim
GTEX-RU72-0226-SM-46MUD	GTEX-RU72	Artery - Coronary	GTEx-sim
GTEX-RTLS-0726-SM-46MV4	GTEX-RTLS	Artery - Coronary	GTEx-ref
GTEX-11ZTT-0426-SM-5EQLK	GTEX-11ZTT	Artery - Coronary	GTEx-sim
GTEX-13W3W-0626-SM-5LU45	GTEX-13W3W	Artery - Coronary	GTEx-sim
GTEX-13N11-0626-SM-5J1OL	GTEX-13N11	Artery - Coronary	GTEx-ref
GTEX-ZF29-0126-SM-4WKGZ	GTEX-ZF29	Artery - Coronary	GTEx-ref
GTEX-RWS6-0426-SM-47JXH	GTEX-RWS6	Artery - Coronary	GTEx-sim
GTEX-12WSK-0726-SM-5LZUV	GTEX-12WSK	Artery - Coronary	GTEx-ref
GTEX-ZQG8-0626-SM-57WF3	GTEX-ZQG8	Artery - Coronary	GTEx-sim
GTEX-13QJC-0626-SM-5S2O9	GTEX-13QJC	Artery - Coronary	GTEx-sim
GTEX-13QBU-0126-SM-5LU3V	GTEX-13QBU	Artery - Coronary	GTEx-sim
GTEX-O5YV-0426-SM-3LK66	GTEX-O5YV	Artery - Coronary	GTEx-sim
GTEX-SE5C-0426-SM-4BRUI	GTEX-SE5C	Artery - Coronary	GTEx-sim
GTEX-13PVR-1126-SM-5S2NX	GTEX-13PVR	Artery - Coronary	GTEx-sim
GTEX-13VXT-1026-SM-5LU37	GTEX-13VXT	Artery - Coronary	GTEx-ref
GTEX-13S7M-2226-SM-5S2WB	GTEX-13S7M	Artery - Coronary	GTEx-sim
GTEX-131XG-0826-SM-5LZVS	GTEX-131XG	Artery - Coronary	GTEx-sim
GTEX-1399S-0926-SM-5PNVQ	GTEX-1399S	Artery - Coronary	GTEx-sim
GTEX-13FH7-0426-SM-5KM4M	GTEX-13FH7	Artery - Coronary	GTEx-ref
GTEX-YB5K-0426-SM-5LUA4	GTEX-YB5K	Artery - Coronary	GTEx-sim
GTEX-PVOW-0726-SM-2XCF5	GTEX-PVOW	Artery - Tibial	GTEx-sim
GTEX-Y8DK-0526-SM-4TT3R	GTEX-Y8DK	Artery - Tibial	GTEx-ref
GTEX-1212Z-2826-SM-59HJ5	GTEX-1212Z	Artery - Tibial	GTEx-ref
GTEX-Y111-0426-SM-4TT3K	GTEX-Y111	Artery - Tibial	GTEx-sim
GTEX-14E7W-0526-SM-5S2W8	GTEX-14E7W	Artery - Tibial	GTEx-sim
GTEX-YECK-0526-SM-4W1ZD	GTEX-YECK	Artery - Tibial	GTEx-sim
GTEX-WHPG-2326-SM-3NMBP	GTEX-WHPG	Artery - Tibial	GTEx-sim
GTEX-S33H-2426-SM-2XCB2	GTEX-S33H	Artery - Tibial	GTEx-ref
GTEX-147JS-0726-SM-5S2UL	GTEX-147JS	Artery - Tibial	GTEx-sim
GTEX-SNOS-1726-SM-32PLN	GTEX-SNOS	Artery - Tibial	GTEx-ref
GTEX-OOBJ-1826-SM-3NB1C	GTEX-OOBJ	Artery - Tibial	GTEx-ref
GTEX-13OW8-1626-SM-5L3HW	GTEX-13OW8	Artery - Tibial	GTEx-sim
GTEX-13G51-2926-SM-5IJDL	GTEX-13G51	Artery - Tibial	GTEx-ref
GTEX-RN64-0526-SM-2TC5P	GTEX-RN64	Artery - Tibial	GTEx-sim
GTEX-11ONC-2726-SM-5N9DZ	GTEX-11ONC	Artery - Tibial	GTEx-sim
GTEX-11WQC-2726-SM-5CVLG	GTEX-11WQC	Artery - Tibial	GTEx-sim
GTEX-N7MS-0626-SM-2YUN7	GTEX-N7MS	Artery - Tibial	GTEx-sim
GTEX-132NY-0626-SM-5L3D9	GTEX-132NY	Artery - Tibial	GTEx-sim
GTEX-145MF-0426-SM-5LU9T	GTEX-145MF	Artery - Tibial	GTEx-ref
GTEX-SIU8-0426-SM-4BRUE	GTEX-SIU8	Artery - Tibial	GTEx-ref
GTEX-1399R-2326-SM-5PNYT	GTEX-1399R	Artery - Tibial	GTEx-ref
GTEX-11NV4-0526-SM-5N9BF	GTEX-11NV4	Artery - Tibial	GTEx-ref
GTEX-PW2O-1926-SM-2S1OB	GTEX-PW2O	Artery - Tibial	GTEx-sim
GTEX-WL46-0526-SM-3LK7W	GTEX-WL46	Artery - Tibial	GTEx-sim
GTEX-ZY6K-1926-SM-5GZXW	GTEX-ZY6K	Artery - Tibial	GTEx-sim
GTEX-1399T-2626-SM-5L3E4	GTEX-1399T	Artery - Tibial	GTEx-ref
GTEX-111FC-0426-SM-5N9CV	GTEX-111FC	Artery - Tibial	GTEx-sim
GTEX-12WSC-0526-SM-5BC5X	GTEX-12WSC	Artery - Tibial	GTEx-ref
GTEX-SNMC-1526-SM-2XCFN	GTEX-SNMC	Artery - Tibial	GTEx-ref
GTEX-ZUA1-0626-SM-4YCCW	GTEX-ZUA1	Artery - Tibial	GTEx-ref
GTEX-145MH-1526-SM-5LUAU	GTEX-145MH	Artery - Tibial	GTEx-sim
GTEX-WZTO-1126-SM-3NM93	GTEX-WZTO	Artery - Tibial	GTEx-ref
GTEX-ZYFC-0726-SM-5E448	GTEX-ZYFC	Artery - Tibial	GTEx-sim
GTEX-139YR-2726-SM-5K7VV	GTEX-139YR	Artery - Tibial	GTEx-ref
GTEX-R55E-0326-SM-48FD2	GTEX-R55E	Artery - Tibial	GTEx-sim
GTEX-S7PM-0426-SM-3NM91	GTEX-S7PM	Artery - Tibial	GTEx-ref
GTEX-S7SE-0526-SM-2XCD8	GTEX-S7SE	Artery - Tibial	GTEx-ref
GTEX-XUYS-0426-SM-47JX3	GTEX-XUYS	Artery - Tibial	GTEx-ref
GTEX-13NZ9-0826-SM-5J1NI	GTEX-13NZ9	Artery - Tibial	GTEx-ref
GTEX-T8EM-1626-SM-3DB7K	GTEX-T8EM	Artery - Tibial	GTEx-sim
GTEX-14BMV-0526-SM-5S2NE	GTEX-14BMV	Artery - Tibial	GTEx-ref
GTEX-VUSG-2826-SM-4KKZM	GTEX-VUSG	Artery - Tibial	GTEx-ref
GTEX-XOTO-0426-SM-4B66A	GTEX-XOTO	Artery - Tibial	GTEx-ref
GTEX-13OW7-0626-SM-5K7UD	GTEX-13OW7	Artery - Tibial	GTEx-sim
GTEX-YEC3-1126-SM-5IFIH	GTEX-YEC3	Artery - Tibial	GTEx-sim
GTEX-13NYB-2926-SM-5K7VH	GTEX-13NYB	Artery - Tibial	GTEx-sim
GTEX-144GL-0526-SM-5LU41	GTEX-144GL	Artery - Tibial	GTEx-ref
GTEX-O5YT-1826-SM-32PK9	GTEX-O5YT	Artery - Tibial	GTEx-ref
GTEX-12584-0426-SM-5FQTT	GTEX-12584	Artery - Tibial	GTEx-sim
GTEX-S4Q7-1326-SM-4AD74	GTEX-S4Q7	Artery - Tibial	GTEx-sim
GTEX-WHSE-1126-SM-3NMBU	GTEX-WHSE	Artery - Tibial	GTEx-sim
GTEX-131XE-2626-SM-5PNYY	GTEX-131XE	Artery - Tibial	GTEx-ref
GTEX-13O61-2526-SM-5J1O8	GTEX-13O61	Artery - Tibial	GTEx-ref
GTEX-11ZUS-1326-SM-5FQUC	GTEX-11ZUS	Artery - Tibial	GTEx-ref
GTEX-11DXZ-2626-SM-59882	GTEX-11DXZ	Artery - Tibial	GTEx-sim
GTEX-13OVL-1326-SM-5IJCZ	GTEX-13OVL	Artery - Tibial	GTEx-sim
GTEX-13OW6-0326-SM-5L3H9	GTEX-13OW6	Artery - Tibial	GTEx-ref
GTEX-13W46-0626-SM-5LU3N	GTEX-13W46	Artery - Tibial	GTEx-sim
GTEX-ZDTS-0426-SM-4WAYH	GTEX-ZDTS	Artery - Tibial	GTEx-sim
GTEX-14A6H-2726-SM-5QGPL	GTEX-14A6H	Artery - Tibial	GTEx-sim
GTEX-13FTW-2226-SM-5J1OH	GTEX-13FTW	Artery - Tibial	GTEx-sim
GTEX-ZPU1-2726-SM-4WWFT	GTEX-ZPU1	Artery - Tibial	GTEx-sim
GTEX-RVPV-0226-SM-2TF6W	GTEX-RVPV	Artery - Tibial	GTEx-sim
GTEX-13N1W-0326-SM-5IJDJ	GTEX-13N1W	Artery - Tibial	GTEx-ref
GTEX-ZT9X-2026-SM-57WEJ	GTEX-ZT9X	Artery - Tibial	GTEx-sim
GTEX-YJ8A-0826-SM-5Q5A7	GTEX-YJ8A	Artery - Tibial	GTEx-ref
GTEX-QLQ7-1926-SM-2S1R6	GTEX-QLQ7	Artery - Tibial	GTEx-ref
GTEX-12ZZY-0526-SM-5EQ5H	GTEX-12ZZY	Artery - Tibial	GTEx-sim
GTEX-XBEW-0826-SM-4QASQ	GTEX-XBEW	Artery - Tibial	GTEx-sim
GTEX-ZTX8-1826-SM-5N9E5	GTEX-ZTX8	Artery - Tibial	GTEx-sim
GTEX-Z93S-0926-SM-5HL8B	GTEX-Z93S	Artery - Tibial	GTEx-ref
GTEX-146FQ-0526-SM-5LU9I	GTEX-146FQ	Artery - Tibial	GTEx-ref
GTEX-QDVJ-2126-SM-5S2U2	GTEX-QDVJ	Artery - Tibial	GTEx-sim
GTEX-WY7C-2826-SM-3NB3Q	GTEX-WY7C	Artery - Tibial	GTEx-sim
GTEX-12126-0726-SM-5FQTX	GTEX-12126	Artery - Tibial	GTEx-ref
GTEX-139T6-1826-SM-5KM2E	GTEX-139T6	Artery - Tibial	GTEx-ref
GTEX-VJYA-1826-SM-4KL1W	GTEX-VJYA	Artery - Tibial	GTEx-ref
GTEX-OHPM-1826-SM-2YUNF	GTEX-OHPM	Artery - Tibial	GTEx-ref
GTEX-13FHP-0426-SM-5J1O5	GTEX-13FHP	Artery - Tibial	GTEx-ref
GTEX-117YW-2726-SM-5GZZT	GTEX-117YW	Artery - Tibial	GTEx-sim
GTEX-117YX-2626-SM-5EQ53	GTEX-117YX	Artery - Tibial	GTEx-sim
GTEX-V1D1-2626-SM-4JBJH	GTEX-V1D1	Artery - Tibial	GTEx-ref
GTEX-13VXU-0526-SM-5K7V1	GTEX-13VXU	Artery - Tibial	GTEx-ref
GTEX-11GS4-2926-SM-5A5LF	GTEX-11GS4	Artery - Tibial	GTEx-ref
GTEX-ZVP2-2226-SM-5GU6Q	GTEX-ZVP2	Artery - Tibial	GTEx-ref
GTEX-13PVQ-0526-SM-5LU8Q	GTEX-13PVQ	Artery - Tibial	GTEx-sim
GTEX-T5JC-0226-SM-32PMA	GTEX-T5JC	Artery - Tibial	GTEx-ref
GTEX-Y5V6-2826-SM-4VDSF	GTEX-Y5V6	Artery - Tibial	GTEx-sim
GTEX-UPJH-0726-SM-4IHJW	GTEX-UPJH	Artery - Tibial	GTEx-ref
GTEX-ZVZO-0426-SM-5HL4Z	GTEX-ZVZO	Artery - Tibial	GTEx-ref
GTEX-VUSH-0526-SM-3NB2J	GTEX-VUSH	Artery - Tibial	GTEx-ref
GTEX-139T8-0426-SM-5K7VC	GTEX-139T8	Artery - Tibial	GTEx-sim
GTEX-13NZB-2226-SM-5MR5B	GTEX-13NZB	Artery - Tibial	GTEx-sim
GTEX-11OC5-0426-SM-5Q5AR	GTEX-11OC5	Artery - Tibial	GTEx-ref
GTEX-QEG4-1226-SM-2S1P6	GTEX-QEG4	Artery - Tibial	GTEx-sim
GTEX-QV44-2226-SM-447A3	GTEX-QV44	Artery - Tibial	GTEx-sim
GTEX-14DAR-2126-SM-5RQID	GTEX-14DAR	Artery - Tibial	GTEx-ref
GTEX-13O21-2526-SM-5J1OZ	GTEX-13O21	Artery - Tibial	GTEx-ref
GTEX-ZT9W-2726-SM-57WG8	GTEX-ZT9W	Artery - Tibial	GTEx-ref
GTEX-11EI6-0526-SM-5985S	GTEX-11EI6	Artery - Tibial	GTEx-sim
GTEX-X88G-0426-SM-47JZ5	GTEX-X88G	Artery - Tibial	GTEx-ref
GTEX-13111-2126-SM-5LZU2	GTEX-13111	Artery - Tibial	GTEx-sim
GTEX-13JVG-0426-SM-5MR59	GTEX-13JVG	Artery - Tibial	GTEx-ref
GTEX-U412-0226-SM-3NMC8	GTEX-U412	Artery - Tibial	GTEx-ref
GTEX-XAJ8-1226-SM-47JYS	GTEX-XAJ8	Artery - Tibial	GTEx-ref
GTEX-OIZH-1826-SM-2YUNP	GTEX-OIZH	Artery - Tibial	GTEx-sim
GTEX-111YS-2226-SM-5987P	GTEX-111YS	Artery - Tibial	GTEx-sim
GTEX-R55C-1826-SM-3GADI	GTEX-R55C	Artery - Tibial	GTEx-sim
GTEX-Y9LG-2326-SM-4VDS1	GTEX-Y9LG	Artery - Tibial	GTEx-ref
GTEX-YB5E-2426-SM-5IFIV	GTEX-YB5E	Artery - Tibial	GTEx-ref
GTEX-12WSH-2826-SM-5GCP5	GTEX-12WSH	Artery - Tibial	GTEx-sim
GTEX-ZYW4-0426-SM-5GZYS	GTEX-ZYW4	Artery - Tibial	GTEx-sim
GTEX-113IC-0426-SM-5HL5O	GTEX-113IC	Artery - Tibial	GTEx-sim
GTEX-147F4-0126-SM-5QGPV	GTEX-147F4	Artery - Tibial	GTEx-ref
GTEX-X62O-1626-SM-46MW9	GTEX-X62O	Artery - Tibial	GTEx-ref
GTEX-V955-2626-SM-3NM9F	GTEX-V955	Artery - Tibial	GTEx-ref
GTEX-QXCU-0226-SM-2TC5W	GTEX-QXCU	Artery - Tibial	GTEx-sim
GTEX-OHPJ-0626-SM-2YUMY	GTEX-OHPJ	Artery - Tibial	GTEx-ref
GTEX-XBEC-0526-SM-4QARU	GTEX-XBEC	Artery - Tibial	GTEx-ref
GTEX-ZDYS-1626-SM-4WKGB	GTEX-ZDYS	Artery - Tibial	GTEx-ref
GTEX-Z9EW-1926-SM-5CVMP	GTEX-Z9EW	Artery - Tibial	GTEx-ref
GTEX-ZZ64-1326-SM-5E444	GTEX-ZZ64	Artery - Tibial	GTEx-ref
GTEX-X261-0526-SM-4PQYS	GTEX-X261	Artery - Tibial	GTEx-ref
GTEX-Z93T-0426-SM-5HL6G	GTEX-Z93T	Artery - Tibial	GTEx-sim
GTEX-ZA64-2226-SM-5Q5A9	GTEX-ZA64	Artery - Tibial	GTEx-ref
GTEX-14C39-2626-SM-5S2QD	GTEX-14C39	Artery - Tibial	GTEx-ref
GTEX-ZVE2-0526-SM-5GU7E	GTEX-ZVE2	Artery - Tibial	GTEx-ref
GTEX-ZYFD-0526-SM-5E442	GTEX-ZYFD	Artery - Tibial	GTEx-ref
GTEX-RVPU-1526-SM-47JXQ	GTEX-RVPU	Artery - Tibial	GTEx-sim
GTEX-11TT1-2726-SM-5LU8L	GTEX-11TT1	Artery - Tibial	GTEx-ref
GTEX-13NYC-0826-SM-5N9FP	GTEX-13NYC	Artery - Tibial	GTEx-sim
GTEX-11LCK-1426-SM-5HL5R	GTEX-11LCK	Artery - Tibial	GTEx-ref
GTEX-XBED-2426-SM-4AT4O	GTEX-XBED	Artery - Tibial	GTEx-ref
GTEX-ZAKK-0426-SM-5EGHB	GTEX-ZAKK	Artery - Tibial	GTEx-ref
GTEX-RM2N-1826-SM-2TF5B	GTEX-RM2N	Artery - Tibial	GTEx-sim
GTEX-132Q8-0526-SM-5IJBQ	GTEX-132Q8	Artery - Tibial	GTEx-sim
GTEX-14ICL-1826-SM-5RQIY	GTEX-14ICL	Artery - Tibial	GTEx-sim
GTEX-REY6-0726-SM-2TF4M	GTEX-REY6	Artery - Tibial	GTEx-ref
GTEX-13O3P-0526-SM-5K7UT	GTEX-13O3P	Artery - Tibial	GTEx-sim
GTEX-NPJ8-1826-SM-2YUNC	GTEX-NPJ8	Artery - Tibial	GTEx-sim
GTEX-XPVG-2926-SM-4B66G	GTEX-XPVG	Artery - Tibial	GTEx-sim
GTEX-XLM4-0426-SM-4AT54	GTEX-XLM4	Artery - Tibial	GTEx-sim
GTEX-U8T8-0326-SM-3DB93	GTEX-U8T8	Artery - Tibial	GTEx-ref
GTEX-S4Z8-2026-SM-3K2A9	GTEX-S4Z8	Artery - Tibial	GTEx-ref
GTEX-1339X-2626-SM-5K7YX	GTEX-1339X	Artery - Tibial	GTEx-ref
GTEX-WYJK-0426-SM-3NM9G	GTEX-WYJK	Artery - Tibial	GTEx-sim
GTEX-144GM-2226-SM-5O9B5	GTEX-144GM	Artery - Tibial	GTEx-sim
GTEX-148VJ-0426-SM-5S2V8	GTEX-148VJ	Artery - Tibial	GTEx-sim
GTEX-11EQ9-2226-SM-5987H	GTEX-11EQ9	Artery - Tibial	GTEx-sim
GTEX-S95S-1626-SM-2XCDJ	GTEX-S95S	Artery - Tibial	GTEx-ref
GTEX-12696-2726-SM-5FQUL	GTEX-12696	Artery - Tibial	GTEx-ref
GTEX-11P7K-2326-SM-5EGKZ	GTEX-11P7K	Artery - Tibial	GTEx-ref
GTEX-ZAB4-1926-SM-57WD8	GTEX-ZAB4	Artery - Tibial	GTEx-ref
GTEX-12WSM-0526-SM-5GCO8	GTEX-12WSM	Artery - Tibial	GTEx-sim
GTEX-X4XY-0526-SM-46MW1	GTEX-X4XY	Artery - Tibial	GTEx-ref
GTEX-14A5H-0226-SM-5S2VK	GTEX-14A5H	Artery - Tibial	GTEx-sim
GTEX-12WSL-2626-SM-5GCNV	GTEX-12WSL	Artery - Tibial	GTEx-ref
GTEX-XGQ4-2426-SM-4AT55	GTEX-XGQ4	Artery - Tibial	GTEx-sim
GTEX-13RTK-1826-SM-5S2P3	GTEX-13RTK	Artery - Tibial	GTEx-sim
GTEX-14753-0226-SM-5Q5CH	GTEX-14753	Artery - Tibial	GTEx-ref
GTEX-QEG5-0626-SM-2S1PP	GTEX-QEG5	Artery - Tibial	GTEx-sim
GTEX-12WSN-2726-SM-5LZUK	GTEX-12WSN	Artery - Tibial	GTEx-sim
GTEX-PSDG-0526-SM-2S1OH	GTEX-PSDG	Artery - Tibial	GTEx-sim
GTEX-QEL4-0526-SM-3GIJ4	GTEX-QEL4	Artery - Tibial	GTEx-sim
GTEX-13OVH-0426-SM-5K7UC	GTEX-13OVH	Artery - Tibial	GTEx-ref
GTEX-12C56-2026-SM-5FQSI	GTEX-12C56	Artery - Tibial	GTEx-sim
GTEX-131XF-2526-SM-5EQ68	GTEX-131XF	Artery - Tibial	GTEx-sim
GTEX-QV31-1626-SM-2S1QC	GTEX-QV31	Artery - Tibial	GTEx-ref
GTEX-NFK9-0526-SM-2YUNL	GTEX-NFK9	Artery - Tibial	GTEx-sim
GTEX-Q2AI-1726-SM-2S1PZ	GTEX-Q2AI	Artery - Tibial	GTEx-ref
GTEX-YEC4-2326-SM-5IFHV	GTEX-YEC4	Artery - Tibial	GTEx-ref
GTEX-QDVN-2326-SM-2S1PF	GTEX-QDVN	Artery - Tibial	GTEx-ref
GTEX-XQ8I-0826-SM-4BOOE	GTEX-XQ8I	Artery - Tibial	GTEx-sim
GTEX-ZVZP-2726-SM-5GZXZ	GTEX-ZVZP	Artery - Tibial	GTEx-sim
GTEX-OIZG-1526-SM-2YUNG	GTEX-OIZG	Artery - Tibial	GTEx-ref
GTEX-Q2AH-2026-SM-2S1PX	GTEX-Q2AH	Artery - Tibial	GTEx-sim
GTEX-QLQW-1526-SM-2S1QV	GTEX-QLQW	Artery - Tibial	GTEx-ref
GTEX-P4QS-1826-SM-2S1NI	GTEX-P4QS	Artery - Tibial	GTEx-sim
GTEX-OHPN-2826-SM-3LK67	GTEX-OHPN	Artery - Tibial	GTEx-sim
GTEX-RNOR-0426-SM-2TF4U	GTEX-RNOR	Artery - Tibial	GTEx-ref
GTEX-131YS-0426-SM-5EQ4J	GTEX-131YS	Artery - Tibial	GTEx-ref
GTEX-ZAK1-0426-SM-5J1MS	GTEX-ZAK1	Artery - Tibial	GTEx-sim
GTEX-XOT4-0426-SM-4B66T	GTEX-XOT4	Artery - Tibial	GTEx-sim
GTEX-R53T-2026-SM-3GIJF	GTEX-R53T	Artery - Tibial	GTEx-sim
GTEX-Y3IK-2826-SM-4WWDW	GTEX-Y3IK	Artery - Tibial	GTEx-sim
GTEX-QDT8-0426-SM-32PKZ	GTEX-QDT8	Artery - Tibial	GTEx-ref
GTEX-T2IS-1026-SM-32QP1	GTEX-T2IS	Artery - Tibial	GTEx-ref
GTEX-WRHU-0726-SM-3MJFL	GTEX-WRHU	Artery - Tibial	GTEx-ref
GTEX-Q734-2226-SM-3GAD9	GTEX-Q734	Artery - Tibial	GTEx-ref
GTEX-WWYW-0426-SM-3NB31	GTEX-WWYW	Artery - Tibial	GTEx-ref
GTEX-14BIN-0926-SM-5S2OZ	GTEX-14BIN	Artery - Tibial	GTEx-ref
GTEX-13FTY-0426-SM-5IJC2	GTEX-13FTY	Artery - Tibial	GTEx-ref
GTEX-11ZTS-0326-SM-5EQKP	GTEX-11ZTS	Artery - Tibial	GTEx-sim
GTEX-YFC4-0926-SM-5S2U7	GTEX-YFC4	Artery - Tibial	GTEx-sim
GTEX-RTLS-0426-SM-2TF5K	GTEX-RTLS	Artery - Tibial	GTEx-sim
GTEX-Y5V5-2726-SM-4VDS2	GTEX-Y5V5	Artery - Tibial	GTEx-sim
GTEX-11ZVC-2926-SM-5986H	GTEX-11ZVC	Artery - Tibial	GTEx-sim
GTEX-ZF2S-2426-SM-5DUXV	GTEX-ZF2S	Artery - Tibial	GTEx-sim
GTEX-WYVS-2526-SM-3NMAT	GTEX-WYVS	Artery - Tibial	GTEx-sim
GTEX-13QIC-1626-SM-5K7TZ	GTEX-13QIC	Artery - Tibial	GTEx-sim
GTEX-11I78-2326-SM-5Q5AH	GTEX-11I78	Artery - Tibial	GTEx-ref
GTEX-ZLWG-2426-SM-57WG6	GTEX-ZLWG	Artery - Tibial	GTEx-sim
GTEX-Q2AG-0526-SM-2S1PW	GTEX-Q2AG	Artery - Tibial	GTEx-ref
GTEX-ZVT3-0426-SM-5GIDW	GTEX-ZVT3	Artery - Tibial	GTEx-sim
GTEX-1269C-2826-SM-5EQ5O	GTEX-1269C	Artery - Tibial	GTEx-ref
GTEX-13JUV-2426-SM-5J1NS	GTEX-13JUV	Artery - Tibial	GTEx-sim
GTEX-145LS-0426-SM-5LU8M	GTEX-145LS	Artery - Tibial	GTEx-sim
GTEX-1211K-2426-SM-59HL8	GTEX-1211K	Artery - Tibial	GTEx-sim
GTEX-11EMC-3026-SM-5EQ4R	GTEX-11EMC	Artery - Tibial	GTEx-sim
GTEX-ZYWO-2826-SM-5GIDY	GTEX-ZYWO	Artery - Tibial	GTEx-ref
GTEX-WEY5-2126-SM-3GILK	GTEX-WEY5	Artery - Tibial	GTEx-ref
GTEX-13U4I-0426-SM-5LU4W	GTEX-13U4I	Artery - Tibial	GTEx-sim
GTEX-YBZK-0226-SM-59HLO	GTEX-YBZK	Artery - Tibial	GTEx-sim
GTEX-13X6K-0526-SM-5LU51	GTEX-13X6K	Artery - Tibial	GTEx-ref
GTEX-ZF3C-0526-SM-4WWBG	GTEX-ZF3C	Artery - Tibial	GTEx-sim
GTEX-11DXX-2626-SM-5Q5A3	GTEX-11DXX	Artery - Tibial	GTEx-sim
GTEX-13PL6-0526-SM-5L3G6	GTEX-13PL6	Artery - Tibial	GTEx-ref
GTEX-147F3-0426-SM-5SI8V	GTEX-147F3	Artery - Tibial	GTEx-sim
GTEX-WYBS-0426-SM-3NM9M	GTEX-WYBS	Artery - Tibial	GTEx-ref
GTEX-13O3O-0426-SM-5KM2Y	GTEX-13O3O	Artery - Tibial	GTEx-sim
GTEX-OHPK-1826-SM-2YUMR	GTEX-OHPK	Artery - Tibial	GTEx-ref
GTEX-X4EP-0826-SM-3P5YK	GTEX-X4EP	Artery - Tibial	GTEx-ref
GTEX-12ZZX-0526-SM-5DUW6	GTEX-12ZZX	Artery - Tibial	GTEx-ref
GTEX-13NZ8-1626-SM-5IJBC	GTEX-13NZ8	Artery - Tibial	GTEx-ref
GTEX-ZLV1-1926-SM-5FQSF	GTEX-ZLV1	Artery - Tibial	GTEx-sim
GTEX-11P81-2726-SM-59876	GTEX-11P81	Artery - Tibial	GTEx-sim
GTEX-14AS3-2326-SM-5S2NZ	GTEX-14AS3	Artery - Tibial	GTEx-ref
GTEX-13CF3-2226-SM-5J2MX	GTEX-13CF3	Artery - Tibial	GTEx-ref
GTEX-13VXT-0526-SM-5SI9O	GTEX-13VXT	Artery - Tibial	GTEx-sim
GTEX-QCQG-1926-SM-5SI7Q	GTEX-QCQG	Artery - Tibial	GTEx-sim
GTEX-RU72-1226-SM-2TF6N	GTEX-RU72	Artery - Tibial	GTEx-sim
GTEX-131XG-2226-SM-5DUXS	GTEX-131XG	Artery - Tibial	GTEx-sim
GTEX-Y5LM-2326-SM-5S2NK	GTEX-Y5LM	Artery - Tibial	GTEx-ref
GTEX-OXRK-0526-SM-3NB2F	GTEX-OXRK	Artery - Tibial	GTEx-ref
GTEX-Y114-2726-SM-4TT9B	GTEX-Y114	Artery - Tibial	GTEx-sim
GTEX-13113-2126-SM-5EQ4U	GTEX-13113	Artery - Tibial	GTEx-ref
GTEX-13QBU-2226-SM-5K7WI	GTEX-13QBU	Artery - Tibial	GTEx-ref
GTEX-ZP4G-2126-SM-57WEA	GTEX-ZP4G	Artery - Tibial	GTEx-sim
GTEX-11XUK-2426-SM-5GU72	GTEX-11XUK	Artery - Tibial	GTEx-sim
GTEX-XUJ4-2826-SM-4BOQ2	GTEX-XUJ4	Artery - Tibial	GTEx-sim
GTEX-OHPL-1826-SM-2YUN8	GTEX-OHPL	Artery - Tibial	GTEx-ref
GTEX-ZV6S-2026-SM-5NQ8P	GTEX-ZV6S	Artery - Tibial	GTEx-ref
GTEX-13PL7-2126-SM-5L3HZ	GTEX-13PL7	Artery - Tibial	GTEx-sim
GTEX-OXRK-0526-SM-2YUMW	GTEX-OXRK	Artery - Tibial	GTEx-ref
GTEX-13FTX-2226-SM-5J1OP	GTEX-13FTX	Artery - Tibial	GTEx-sim
GTEX-VJWN-0626-SM-3NMAN	GTEX-VJWN	Artery - Tibial	GTEx-ref
GTEX-PWN1-1826-SM-2S1PE	GTEX-PWN1	Artery - Tibial	GTEx-ref
GTEX-PX3G-1826-SM-2S1PK	GTEX-PX3G	Artery - Tibial	GTEx-sim
GTEX-XUZC-2026-SM-4BRW9	GTEX-XUZC	Artery - Tibial	GTEx-ref
GTEX-146FR-1626-SM-5Q5DS	GTEX-146FR	Artery - Tibial	GTEx-sim
GTEX-XYKS-2626-SM-4BRUT	GTEX-XYKS	Artery - Tibial	GTEx-sim
GTEX-ZTPG-0426-SM-5O98K	GTEX-ZTPG	Artery - Tibial	GTEx-ref
GTEX-13FH7-2326-SM-5KM1E	GTEX-13FH7	Artery - Tibial	GTEx-ref
GTEX-RU1J-1926-SM-2TF6S	GTEX-RU1J	Artery - Tibial	GTEx-ref
GTEX-1128S-2526-SM-5H11N	GTEX-1128S	Artery - Tibial	GTEx-sim
GTEX-POMQ-2126-SM-2S1OJ	GTEX-POMQ	Artery - Tibial	GTEx-ref
GTEX-14BMU-2426-SM-5RQIJ	GTEX-14BMU	Artery - Tibial	GTEx-sim
GTEX-11VI4-2026-SM-5CVLJ	GTEX-11VI4	Artery - Tibial	GTEx-sim
GTEX-PLZ4-1326-SM-2S1O7	GTEX-PLZ4	Artery - Tibial	GTEx-ref
GTEX-W5WG-2226-SM-4LMI3	GTEX-W5WG	Artery - Tibial	GTEx-ref
GTEX-S4UY-0426-SM-3K2AF	GTEX-S4UY	Artery - Tibial	GTEx-ref
GTEX-11ILO-0526-SM-5N9DF	GTEX-11ILO	Artery - Tibial	GTEx-sim
GTEX-ZGAY-0926-SM-4WWBQ	GTEX-ZGAY	Artery - Tibial	GTEx-ref
GTEX-13N11-2926-SM-5K7VD	GTEX-13N11	Artery - Tibial	GTEx-ref
GTEX-12WSK-2726-SM-5CVND	GTEX-12WSK	Artery - Tibial	GTEx-sim
GTEX-145ME-2226-SM-5S2VY	GTEX-145ME	Artery - Tibial	GTEx-sim
GTEX-146FH-0426-SM-5QGPS	GTEX-146FH	Artery - Tibial	GTEx-sim
GTEX-11EM3-2226-SM-5H11Y	GTEX-11EM3	Artery - Tibial	GTEx-sim
GTEX-PWOO-2426-SM-2S1OV	GTEX-PWOO	Artery - Tibial	GTEx-ref
GTEX-OXRO-1926-SM-2S1O3	GTEX-OXRO	Artery - Tibial	GTEx-sim
GTEX-133LE-2226-SM-5IFGU	GTEX-133LE	Artery - Tibial	GTEx-sim
GTEX-ZPIC-2426-SM-5DUW1	GTEX-ZPIC	Artery - Tibial	GTEx-sim
GTEX-ZYVF-0826-SM-5E447	GTEX-ZYVF	Artery - Tibial	GTEx-ref
GTEX-P78B-0726-SM-2S1O2	GTEX-P78B	Artery - Tibial	GTEx-sim
GTEX-1117F-0526-SM-5EGHJ	GTEX-1117F	Artery - Tibial	GTEx-ref
GTEX-OXRP-2426-SM-2S1NR	GTEX-OXRP	Artery - Tibial	GTEx-ref
GTEX-QVJO-1726-SM-2S1R3	GTEX-QVJO	Artery - Tibial	GTEx-sim
GTEX-PWCY-2226-SM-2S1OP	GTEX-PWCY	Artery - Tibial	GTEx-ref
GTEX-QCQG-1926-SM-2S1PI	GTEX-QCQG	Artery - Tibial	GTEx-sim
GTEX-13X6H-2526-SM-5QGOT	GTEX-13X6H	Artery - Tibial	GTEx-ref
GTEX-YJ8O-2726-SM-5IFJ7	GTEX-YJ8O	Artery - Tibial	GTEx-sim
GTEX-U4B1-1226-SM-4DXT7	GTEX-U4B1	Bladder	GTEx-sim
GTEX-S3XE-1226-SM-4AD4L	GTEX-S3XE	Bladder	GTEx-sim
GTEX-SNMC-0826-SM-4DM66	GTEX-SNMC	Bladder	GTEx-ref
GTEX-SNOS-0526-SM-4DM54	GTEX-SNOS	Bladder	GTEx-sim
GTEX-S4Q7-0926-SM-4AD5D	GTEX-S4Q7	Bladder	GTEx-sim
GTEX-U3ZM-0826-SM-4DXU6	GTEX-U3ZM	Bladder	GTEx-ref
GTEX-S4UY-0926-SM-4AD6O	GTEX-S4UY	Bladder	GTEx-ref
GTEX-SE5C-1026-SM-4BRUG	GTEX-SE5C	Bladder	GTEx-sim
GTEX-S32W-1126-SM-4AD5V	GTEX-S32W	Bladder	GTEx-ref
GTEX-13SLW-0011-R4b-SM-5S2W2	GTEX-13SLW	Brain - Amygdala	GTEx-sim
GTEX-13RTJ-0011-R4b-SM-5PNX1	GTEX-13RTJ	Brain - Amygdala	GTEx-ref
GTEX-WVLH-0011-R4A-SM-3MJFS	GTEX-WVLH	Brain - Amygdala	GTEx-sim
GTEX-147GR-0011-R4a-SM-5S2V2	GTEX-147GR	Brain - Amygdala	GTEx-sim
GTEX-13N2G-0011-R4b-SM-5MR54	GTEX-13N2G	Brain - Amygdala	GTEx-sim
GTEX-13N1W-0011-R4a-SM-5MR52	GTEX-13N1W	Brain - Amygdala	GTEx-sim
GTEX-WHSE-0011-R4A-SM-3P5ZN	GTEX-WHSE	Brain - Amygdala	GTEx-ref
GTEX-14ABY-0011-R4b-SM-5S2VN	GTEX-14ABY	Brain - Amygdala	GTEx-ref
GTEX-13NYS-0011-R4b-SM-5MR3O	GTEX-13NYS	Brain - Amygdala	GTEx-sim
GTEX-1445S-0011-R4a-SM-5PNWN	GTEX-1445S	Brain - Amygdala	GTEx-ref
GTEX-X585-0011-R4B-SM-46MVH	GTEX-X585	Brain - Amygdala	GTEx-sim
GTEX-13OW7-0011-R4b-SM-5O9CX	GTEX-13OW7	Brain - Amygdala	GTEx-ref
GTEX-13OW5-0011-R4b-SM-5L3HS	GTEX-13OW5	Brain - Amygdala	GTEx-sim
GTEX-NPJ8-0011-R4a-SM-2HML3	GTEX-NPJ8	Brain - Amygdala	GTEx-ref
GTEX-12WSA-0011-R4a-SM-57WB7	GTEX-12WSA	Brain - Amygdala	GTEx-sim
GTEX-P44G-0011-R4A-SM-2I3FB	GTEX-P44G	Brain - Amygdala	GTEx-sim
GTEX-N7MS-0011-R4a-SM-2HMKW	GTEX-N7MS	Brain - Amygdala	GTEx-ref
GTEX-13OW6-0011-R4a-SM-5O9DX	GTEX-13OW6	Brain - Amygdala	GTEx-sim
GTEX-S7SE-0011-R4A-SM-2XCDB	GTEX-S7SE	Brain - Amygdala	GTEx-sim
GTEX-13X6J-0011-R4b-SM-5P9K4	GTEX-13X6J	Brain - Amygdala	GTEx-sim
GTEX-13O3Q-0011-R4a-SM-5P9H2	GTEX-13O3Q	Brain - Amygdala	GTEx-ref
GTEX-12WSF-0011-R4b-SM-5HL88	GTEX-12WSF	Brain - Amygdala	GTEx-ref
GTEX-13JVG-0011-R4a-SM-5MR4C	GTEX-13JVG	Brain - Amygdala	GTEx-ref
GTEX-QMR6-0011-R4A-SM-32PKU	GTEX-QMR6	Brain - Amygdala	GTEx-ref
GTEX-XLM4-0011-R4B-SM-4AT5C	GTEX-XLM4	Brain - Amygdala	GTEx-ref
GTEX-13VXU-0011-R4b-SM-5O9CI	GTEX-13VXU	Brain - Amygdala	GTEx-sim
GTEX-WZTO-0011-R4A-SM-3NMC7	GTEX-WZTO	Brain - Amygdala	GTEx-sim
GTEX-131XH-0011-R4b-SM-5DUWB	GTEX-131XH	Brain - Amygdala	GTEx-sim
GTEX-X4XX-0011-R4B-SM-46MWL	GTEX-X4XX	Brain - Amygdala	GTEx-ref
GTEX-13112-0011-R4b-SM-5DUXL	GTEX-13112	Brain - Amygdala	GTEx-ref
GTEX-139T8-0011-R4a-SM-5HL54	GTEX-139T8	Brain - Amygdala	GTEx-sim
GTEX-13CZV-0011-R4b-SM-5J2NY	GTEX-13CZV	Brain - Amygdala	GTEx-ref
GTEX-144GL-0011-R4a-SM-5PNUI	GTEX-144GL	Brain - Amygdala	GTEx-sim
GTEX-P44H-0011-R4A-SM-2XCEW	GTEX-P44H	Brain - Amygdala	GTEx-sim
GTEX-1399T-0011-R4b-SM-5DUVX	GTEX-1399T	Brain - Amygdala	GTEx-ref
GTEX-13OVH-0011-R4a-SM-5KM3W	GTEX-13OVH	Brain - Amygdala	GTEx-ref
GTEX-13OVL-0011-R4b-SM-5L3HV	GTEX-13OVL	Brain - Amygdala	GTEx-ref
GTEX-139UC-0011-R4a-SM-5K7XM	GTEX-139UC	Brain - Amygdala	GTEx-ref
GTEX-ZE9C-0011-R4a-SM-4WKH6	GTEX-ZE9C	Brain - Amygdala	GTEx-sim
GTEX-T6MN-0011-R4A-SM-32QPG	GTEX-T6MN	Brain - Amygdala	GTEx-sim
GTEX-12ZZW-0011-R4a-SM-5DUX9	GTEX-12ZZW	Brain - Amygdala	GTEx-ref
GTEX-12ZZZ-0011-R4b-SM-5DUV7	GTEX-12ZZZ	Brain - Amygdala	GTEx-ref
GTEX-13FLV-0011-R4a-SM-5LZYU	GTEX-13FLV	Brain - Amygdala	GTEx-ref
GTEX-RVPU-0011-R4A-SM-5SI8K	GTEX-RVPU	Brain - Amygdala	GTEx-ref
GTEX-11ZU8-0011-R4a-SM-5BC6Y	GTEX-11ZU8	Brain - Amygdala	GTEx-sim
GTEX-RVPU-0011-R4A-SM-2TF6X	GTEX-RVPU	Brain - Amygdala	GTEx-ref
GTEX-T6MN-0011-R4A-SM-5CHSD	GTEX-T6MN	Brain - Amygdala	GTEx-sim
GTEX-131YS-0011-R4a-SM-5DUVL	GTEX-131YS	Brain - Amygdala	GTEx-sim
GTEX-X4EP-0011-R4B-SM-3P627	GTEX-X4EP	Brain - Amygdala	GTEx-ref
GTEX-N7MT-0011-R4a-SM-2I3G9	GTEX-N7MT	Brain - Amygdala	GTEx-sim
GTEX-13OVJ-0011-R4b-SM-5P9H5	GTEX-13OVJ	Brain - Amygdala	GTEx-ref
GTEX-12WSD-0011-R4b-SM-5LZUA	GTEX-12WSD	Brain - Amygdala	GTEx-sim
GTEX-13SLX-0011-R4a-SM-5O9BJ	GTEX-13SLX	Brain - Amygdala	GTEx-sim
GTEX-Q2AG-0011-R4A-SM-2HMKA	GTEX-Q2AG	Brain - Amygdala	GTEx-sim
GTEX-13X6K-0011-R4b-SM-5P9HO	GTEX-13X6K	Brain - Amygdala	GTEx-ref
GTEX-YFC4-0011-R4a-SM-4RGLQ	GTEX-YFC4	Brain - Amygdala	GTEx-sim
GTEX-QVJO-0011-R4A-SM-2S1QL	GTEX-QVJO	Brain - Amygdala	GTEx-sim
GTEX-145LS-0011-R4b-SM-5S2UT	GTEX-145LS	Brain - Amygdala	GTEx-sim
GTEX-ZVZQ-0011-R4b-SM-57WCZ	GTEX-ZVZQ	Brain - Amygdala	GTEx-sim
GTEX-1313W-0011-R4b-SM-5KLZV	GTEX-1313W	Brain - Amygdala	GTEx-ref
GTEX-145MI-0011-R4b-SM-5PNZH	GTEX-145MI	Brain - Amygdala	GTEx-ref
GTEX-12WS9-0011-R4b-SM-5P9EU	GTEX-12WS9	Brain - Amygdala	GTEx-ref
GTEX-13O3O-0011-R4b-SM-5KM3F	GTEX-13O3O	Brain - Amygdala	GTEx-ref
GTEX-14BIM-0011-R4b-SM-5S2RK	GTEX-14BIM	Brain - Amygdala	GTEx-sim
GTEX-NPJ7-0011-R4a-SM-2I3GJ	GTEX-NPJ7	Brain - Amygdala	GTEx-ref
GTEX-RNOR-0011-R4A-SM-3GAD3	GTEX-RNOR	Brain - Amygdala	GTEx-sim
GTEX-13QIC-0011-R4a-SM-5PNX8	GTEX-13QIC	Brain - Amygdala	GTEx-ref
GTEX-11ZVC-0011-R4a-SM-5BC6Z	GTEX-11ZVC	Brain - Amygdala	GTEx-sim
GTEX-QVUS-0011-R4A-SM-3GAE7	GTEX-QVUS	Brain - Amygdala	GTEx-ref
GTEX-PVOW-0011-R3A-SM-32PKX	GTEX-PVOW	Brain - Anterior Cingulate Cortex (Ba24)	GTEx-sim
GTEX-13N1W-0011-R3a-SM-5MR5E	GTEX-13N1W	Brain - Anterior Cingulate Cortex (Ba24)	GTEx-sim
GTEX-WZTO-0011-R3B-SM-3NMC6	GTEX-WZTO	Brain - Anterior Cingulate Cortex (Ba24)	GTEx-sim
GTEX-13N2G-0011-R3b-SM-5MR5G	GTEX-13N2G	Brain - Anterior Cingulate Cortex (Ba24)	GTEx-sim
GTEX-13X6J-0011-R3b-SM-5P9K5	GTEX-13X6J	Brain - Anterior Cingulate Cortex (Ba24)	GTEx-sim
GTEX-NL3H-0011-R3a-SM-2I3GL	GTEX-NL3H	Brain - Anterior Cingulate Cortex (Ba24)	GTEx-sim
GTEX-N7MS-0011-R3a-SM-5SI8H	GTEX-N7MS	Brain - Anterior Cingulate Cortex (Ba24)	GTEx-sim
GTEX-13VXU-0011-R3b-SM-5O9CU	GTEX-13VXU	Brain - Anterior Cingulate Cortex (Ba24)	GTEx-ref
GTEX-ZAB4-0011-R3a-SM-4RGNQ	GTEX-ZAB4	Brain - Anterior Cingulate Cortex (Ba24)	GTEx-sim
GTEX-13RTJ-0011-R3a-SM-5PNX7	GTEX-13RTJ	Brain - Anterior Cingulate Cortex (Ba24)	GTEx-ref
GTEX-NPJ8-0011-R3a-SM-2HMIW	GTEX-NPJ8	Brain - Anterior Cingulate Cortex (Ba24)	GTEx-ref
GTEX-145MH-0011-R3b-SM-5P9JQ	GTEX-145MH	Brain - Anterior Cingulate Cortex (Ba24)	GTEx-sim
GTEX-ZUA1-0011-R3a-SM-4YCEE	GTEX-ZUA1	Brain - Anterior Cingulate Cortex (Ba24)	GTEx-sim
GTEX-13X6I-0011-R3b-SM-5P9HM	GTEX-13X6I	Brain - Anterior Cingulate Cortex (Ba24)	GTEx-sim
GTEX-XOTO-0011-R3A-SM-4B64W	GTEX-XOTO	Brain - Anterior Cingulate Cortex (Ba24)	GTEx-ref
GTEX-12WSF-0011-R3a-SM-5DUW7	GTEX-12WSF	Brain - Anterior Cingulate Cortex (Ba24)	GTEx-sim
GTEX-P44G-0011-R3A-SM-2I3FC	GTEX-P44G	Brain - Anterior Cingulate Cortex (Ba24)	GTEx-sim
GTEX-RVPV-0011-R3A-SM-2TF63	GTEX-RVPV	Brain - Anterior Cingulate Cortex (Ba24)	GTEx-sim
GTEX-ZDXO-0011-R3a-SM-4WKFS	GTEX-ZDXO	Brain - Anterior Cingulate Cortex (Ba24)	GTEx-ref
GTEX-11GSO-0011-R3b-SM-57WB2	GTEX-11GSO	Brain - Anterior Cingulate Cortex (Ba24)	GTEx-ref
GTEX-145LU-0011-R3a-SM-5P9K2	GTEX-145LU	Brain - Anterior Cingulate Cortex (Ba24)	GTEx-ref
GTEX-131XH-0011-R3b-SM-5DUWM	GTEX-131XH	Brain - Anterior Cingulate Cortex (Ba24)	GTEx-ref
GTEX-13OW7-0011-R3a-SM-5O9DA	GTEX-13OW7	Brain - Anterior Cingulate Cortex (Ba24)	GTEx-sim
GTEX-1445S-0011-R3a-SM-5P9HY	GTEX-1445S	Brain - Anterior Cingulate Cortex (Ba24)	GTEx-sim
GTEX-144GL-0011-R3a-SM-5P9HP	GTEX-144GL	Brain - Anterior Cingulate Cortex (Ba24)	GTEx-ref
GTEX-12WSC-0011-R3a-SM-5P9F1	GTEX-12WSC	Brain - Anterior Cingulate Cortex (Ba24)	GTEx-ref
GTEX-13SLW-0011-R3b-SM-5SI6Y	GTEX-13SLW	Brain - Anterior Cingulate Cortex (Ba24)	GTEx-ref
GTEX-P44H-0011-R3A-SM-5SI8A	GTEX-P44H	Brain - Anterior Cingulate Cortex (Ba24)	GTEx-ref
GTEX-Z93S-0011-R3b-SM-4RGNH	GTEX-Z93S	Brain - Anterior Cingulate Cortex (Ba24)	GTEx-sim
GTEX-X585-0011-R3B-SM-46MVG	GTEX-X585	Brain - Anterior Cingulate Cortex (Ba24)	GTEx-sim
GTEX-Y8DK-0011-R3A-SM-4RTW5	GTEX-Y8DK	Brain - Anterior Cingulate Cortex (Ba24)	GTEx-sim
GTEX-13CZV-0011-R3a-SM-5KM27	GTEX-13CZV	Brain - Anterior Cingulate Cortex (Ba24)	GTEx-ref
GTEX-ZE9C-0011-R3a-SM-4WKGT	GTEX-ZE9C	Brain - Anterior Cingulate Cortex (Ba24)	GTEx-ref
GTEX-13OVL-0011-R3b-SM-5L3I8	GTEX-13OVL	Brain - Anterior Cingulate Cortex (Ba24)	GTEx-ref
GTEX-WHSE-0011-R3A-SM-3P5ZM	GTEX-WHSE	Brain - Anterior Cingulate Cortex (Ba24)	GTEx-ref
GTEX-X4XX-0011-R3B-SM-46MWK	GTEX-X4XX	Brain - Anterior Cingulate Cortex (Ba24)	GTEx-ref
GTEX-ZF28-0011-R3a-SM-4WWDA	GTEX-ZF28	Brain - Anterior Cingulate Cortex (Ba24)	GTEx-sim
GTEX-12ZZZ-0011-R3b-SM-5DUXK	GTEX-12ZZZ	Brain - Anterior Cingulate Cortex (Ba24)	GTEx-sim
GTEX-13OVH-0011-R3a-SM-5KM49	GTEX-13OVH	Brain - Anterior Cingulate Cortex (Ba24)	GTEx-ref
GTEX-1477Z-0011-R3b-SM-5PNX9	GTEX-1477Z	Brain - Anterior Cingulate Cortex (Ba24)	GTEx-ref
GTEX-WL46-0011-R3A-SM-3TW8E	GTEX-WL46	Brain - Anterior Cingulate Cortex (Ba24)	GTEx-ref
GTEX-XMD1-0011-R3B-SM-4AT5R	GTEX-XMD1	Brain - Anterior Cingulate Cortex (Ba24)	GTEx-ref
GTEX-13FHO-0011-R3b-SM-5K7YA	GTEX-13FHO	Brain - Anterior Cingulate Cortex (Ba24)	GTEx-sim
GTEX-139T8-0011-R3b-SM-5HL4R	GTEX-139T8	Brain - Anterior Cingulate Cortex (Ba24)	GTEx-ref
GTEX-13NYS-0011-R3b-SM-5MR41	GTEX-13NYS	Brain - Anterior Cingulate Cortex (Ba24)	GTEx-ref
GTEX-13IVO-0011-R3b-SM-5IJBJ	GTEX-13IVO	Brain - Anterior Cingulate Cortex (Ba24)	GTEx-sim
GTEX-13JVG-0011-R3b-SM-5LZXF	GTEX-13JVG	Brain - Anterior Cingulate Cortex (Ba24)	GTEx-sim
GTEX-12ZZW-0011-R3a-SM-5DUWW	GTEX-12ZZW	Brain - Anterior Cingulate Cortex (Ba24)	GTEx-ref
GTEX-13CIG-0011-R3b-SM-5K7XF	GTEX-13CIG	Brain - Anterior Cingulate Cortex (Ba24)	GTEx-ref
GTEX-13FLV-0011-R3b-SM-5LZYP	GTEX-13FLV	Brain - Anterior Cingulate Cortex (Ba24)	GTEx-ref
GTEX-139UC-0011-R3b-SM-5K7VZ	GTEX-139UC	Brain - Anterior Cingulate Cortex (Ba24)	GTEx-ref
GTEX-13CF2-0011-R3b-SM-5LZZ6	GTEX-13CF2	Brain - Anterior Cingulate Cortex (Ba24)	GTEx-ref
GTEX-13OW8-0011-R3a-SM-5L3I4	GTEX-13OW8	Brain - Anterior Cingulate Cortex (Ba24)	GTEx-ref
GTEX-145MG-0011-R3b-SM-5SI67	GTEX-145MG	Brain - Anterior Cingulate Cortex (Ba24)	GTEx-sim
GTEX-13RTL-0011-R3a-SM-5P9JP	GTEX-13RTL	Brain - Anterior Cingulate Cortex (Ba24)	GTEx-ref
GTEX-139TT-0011-R3b-SM-5K7VL	GTEX-139TT	Brain - Anterior Cingulate Cortex (Ba24)	GTEx-sim
GTEX-P44H-0011-R3A-SM-2XCEQ	GTEX-P44H	Brain - Anterior Cingulate Cortex (Ba24)	GTEx-ref
GTEX-UTHO-0011-R3A-SM-3GIK8	GTEX-UTHO	Brain - Anterior Cingulate Cortex (Ba24)	GTEx-ref
GTEX-11ZU8-0011-R3a-SM-5BC6U	GTEX-11ZU8	Brain - Anterior Cingulate Cortex (Ba24)	GTEx-ref
GTEX-RVPU-0011-R3A-SM-2XCAE	GTEX-RVPU	Brain - Anterior Cingulate Cortex (Ba24)	GTEx-sim
GTEX-X4EP-0011-R3A-SM-3P626	GTEX-X4EP	Brain - Anterior Cingulate Cortex (Ba24)	GTEx-ref
GTEX-13X6K-0011-R3b-SM-5PNUD	GTEX-13X6K	Brain - Anterior Cingulate Cortex (Ba24)	GTEx-sim
GTEX-13OVJ-0011-R3b-SM-5P9H6	GTEX-13OVJ	Brain - Anterior Cingulate Cortex (Ba24)	GTEx-sim
GTEX-RNOR-0011-R3A-SM-5SI8E	GTEX-RNOR	Brain - Anterior Cingulate Cortex (Ba24)	GTEx-sim
GTEX-Q2AG-0011-R3A-SM-2HMJ9	GTEX-Q2AG	Brain - Anterior Cingulate Cortex (Ba24)	GTEx-sim
GTEX-QVUS-0011-R3A-SM-3GAFD	GTEX-QVUS	Brain - Anterior Cingulate Cortex (Ba24)	GTEx-ref
GTEX-12ZZX-0011-R3b-SM-5EGLH	GTEX-12ZZX	Brain - Anterior Cingulate Cortex (Ba24)	GTEx-sim
GTEX-13QIC-0011-R3a-SM-5P9HT	GTEX-13QIC	Brain - Anterior Cingulate Cortex (Ba24)	GTEx-sim
GTEX-1313W-0011-R3a-SM-5EGLI	GTEX-1313W	Brain - Anterior Cingulate Cortex (Ba24)	GTEx-sim
GTEX-145LS-0011-R3a-SM-5S2VJ	GTEX-145LS	Brain - Anterior Cingulate Cortex (Ba24)	GTEx-ref
GTEX-131YS-0011-R3b-SM-5DUXB	GTEX-131YS	Brain - Anterior Cingulate Cortex (Ba24)	GTEx-sim
GTEX-ZVZQ-0011-R3a-SM-57WC7	GTEX-ZVZQ	Brain - Anterior Cingulate Cortex (Ba24)	GTEx-ref
GTEX-14BIM-0011-R3b-SM-5S2RL	GTEX-14BIM	Brain - Anterior Cingulate Cortex (Ba24)	GTEx-sim
GTEX-N7MT-0011-R3a-SM-2I3GC	GTEX-N7MT	Brain - Anterior Cingulate Cortex (Ba24)	GTEx-sim
GTEX-11UD1-0011-R3a-SM-5BC6S	GTEX-11UD1	Brain - Anterior Cingulate Cortex (Ba24)	GTEx-ref
GTEX-ZVT3-0011-R3b-SM-51MTJ	GTEX-ZVT3	Brain - Anterior Cingulate Cortex (Ba24)	GTEx-ref
GTEX-12WS9-0011-R3a-SM-5CVNF	GTEX-12WS9	Brain - Anterior Cingulate Cortex (Ba24)	GTEx-sim
GTEX-11ZVC-0011-R3a-SM-5BC6V	GTEX-11ZVC	Brain - Anterior Cingulate Cortex (Ba24)	GTEx-sim
GTEX-13PLJ-0011-R3a-SM-5O9DT	GTEX-13PLJ	Brain - Anterior Cingulate Cortex (Ba24)	GTEx-ref
GTEX-13O3O-0011-R3b-SM-5KM3R	GTEX-13O3O	Brain - Anterior Cingulate Cortex (Ba24)	GTEx-ref
GTEX-12WSD-0011-R3b-SM-5LZWN	GTEX-12WSD	Brain - Anterior Cingulate Cortex (Ba24)	GTEx-sim
GTEX-11ZTS-0011-R3a-SM-5BC78	GTEX-11ZTS	Brain - Anterior Cingulate Cortex (Ba24)	GTEx-sim
GTEX-RNOR-0011-R3A-SM-2TF5J	GTEX-RNOR	Brain - Anterior Cingulate Cortex (Ba24)	GTEx-sim
GTEX-13N2G-0011-R5a-SM-5MR33	GTEX-13N2G	Brain - Caudate (Basal Ganglia)	GTEx-ref
GTEX-13OW6-0011-R5a-SM-5O9BK	GTEX-13OW6	Brain - Caudate (Basal Ganglia)	GTEx-sim
GTEX-13O3Q-0011-R5b-SM-5P9H4	GTEX-13O3Q	Brain - Caudate (Basal Ganglia)	GTEx-sim
GTEX-NPJ8-0011-R5a-SM-2HMJY	GTEX-NPJ8	Brain - Caudate (Basal Ganglia)	GTEx-sim
GTEX-ZDXO-0011-R5a-SM-4WKG5	GTEX-ZDXO	Brain - Caudate (Basal Ganglia)	GTEx-sim
GTEX-WVLH-0011-R5A-SM-3MJFW	GTEX-WVLH	Brain - Caudate (Basal Ganglia)	GTEx-sim
GTEX-13N1W-0011-R5b-SM-5MR5Q	GTEX-13N1W	Brain - Caudate (Basal Ganglia)	GTEx-sim
GTEX-WZTO-0011-R5B-SM-3NMC5	GTEX-WZTO	Brain - Caudate (Basal Ganglia)	GTEx-sim
GTEX-13VXU-0011-R5a-SM-5O9D7	GTEX-13VXU	Brain - Caudate (Basal Ganglia)	GTEx-sim
GTEX-N7MS-0011-R5a-SM-2HMK8	GTEX-N7MS	Brain - Caudate (Basal Ganglia)	GTEx-sim
GTEX-ZAB4-0011-R5a-SM-4SOKC	GTEX-ZAB4	Brain - Caudate (Basal Ganglia)	GTEx-ref
GTEX-P44H-0011-R5A-SM-2XCEX	GTEX-P44H	Brain - Caudate (Basal Ganglia)	GTEx-ref
GTEX-WHSE-0011-R5A-SM-3P5ZO	GTEX-WHSE	Brain - Caudate (Basal Ganglia)	GTEx-sim
GTEX-T6MN-0011-R5A-SM-32QPD	GTEX-T6MN	Brain - Caudate (Basal Ganglia)	GTEx-sim
GTEX-QMR6-0011-R5A-SM-32PKT	GTEX-QMR6	Brain - Caudate (Basal Ganglia)	GTEx-sim
GTEX-13OW7-0011-R5b-SM-5O9DM	GTEX-13OW7	Brain - Caudate (Basal Ganglia)	GTEx-ref
GTEX-13X6I-0011-R5a-SM-5PNWW	GTEX-13X6I	Brain - Caudate (Basal Ganglia)	GTEx-ref
GTEX-13SLW-0011-R5b-SM-5SI6Z	GTEX-13SLW	Brain - Caudate (Basal Ganglia)	GTEx-ref
GTEX-132Q8-0011-R5a-SM-5IJDM	GTEX-132Q8	Brain - Caudate (Basal Ganglia)	GTEx-sim
GTEX-XMD1-0011-R5A-SM-4AT47	GTEX-XMD1	Brain - Caudate (Basal Ganglia)	GTEx-ref
GTEX-12ZZY-0011-R5a-SM-5EGL9	GTEX-12ZZY	Brain - Caudate (Basal Ganglia)	GTEx-sim
GTEX-13X6J-0011-R5b-SM-5PNWT	GTEX-13X6J	Brain - Caudate (Basal Ganglia)	GTEx-sim
GTEX-14ABY-0011-R5b-SM-5SI7B	GTEX-14ABY	Brain - Caudate (Basal Ganglia)	GTEx-ref
GTEX-139TS-0011-R5b-SM-5J2MZ	GTEX-139TS	Brain - Caudate (Basal Ganglia)	GTEx-sim
GTEX-11OF3-0011-R5a-SM-57WB4	GTEX-11OF3	Brain - Caudate (Basal Ganglia)	GTEx-ref
GTEX-13PVQ-0011-R5b-SM-5O9DI	GTEX-13PVQ	Brain - Caudate (Basal Ganglia)	GTEx-ref
GTEX-13OVL-0011-R5b-SM-5L3FU	GTEX-13OVL	Brain - Caudate (Basal Ganglia)	GTEx-ref
GTEX-12WSF-0011-R5a-SM-5HL8K	GTEX-12WSF	Brain - Caudate (Basal Ganglia)	GTEx-ref
GTEX-139TU-0011-R5b-SM-5L3E1	GTEX-139TU	Brain - Caudate (Basal Ganglia)	GTEx-sim
GTEX-1399T-0011-R5b-SM-5IJDK	GTEX-1399T	Brain - Caudate (Basal Ganglia)	GTEx-sim
GTEX-P44G-0011-R5A-SM-2I3FA	GTEX-P44G	Brain - Caudate (Basal Ganglia)	GTEx-ref
GTEX-ZXG5-0011-R5b-SM-57WBN	GTEX-ZXG5	Brain - Caudate (Basal Ganglia)	GTEx-sim
GTEX-NL4W-0011-R5a-SM-2I3GD	GTEX-NL4W	Brain - Caudate (Basal Ganglia)	GTEx-sim
GTEX-NL3H-0011-R5a-SM-2I3GB	GTEX-NL3H	Brain - Caudate (Basal Ganglia)	GTEx-ref
GTEX-13NYS-0011-R5a-SM-5MR4D	GTEX-13NYS	Brain - Caudate (Basal Ganglia)	GTEx-ref
GTEX-12ZZZ-0011-R5a-SM-5EQ4M	GTEX-12ZZZ	Brain - Caudate (Basal Ganglia)	GTEx-ref
GTEX-WL46-0011-R5A-SM-3LK6V	GTEX-WL46	Brain - Caudate (Basal Ganglia)	GTEx-ref
GTEX-X4XX-0011-R5A-SM-46MWN	GTEX-X4XX	Brain - Caudate (Basal Ganglia)	GTEx-sim
GTEX-13FHO-0011-R5b-SM-5LZZ3	GTEX-13FHO	Brain - Caudate (Basal Ganglia)	GTEx-sim
GTEX-13OW5-0011-R5b-SM-5L3FR	GTEX-13OW5	Brain - Caudate (Basal Ganglia)	GTEx-ref
GTEX-11H98-0011-R5b-SM-57WCF	GTEX-11H98	Brain - Caudate (Basal Ganglia)	GTEx-sim
GTEX-144GO-0011-R5a-SM-5PNUR	GTEX-144GO	Brain - Caudate (Basal Ganglia)	GTEx-ref
GTEX-S7PM-0011-R5A-SM-3NM8G	GTEX-S7PM	Brain - Caudate (Basal Ganglia)	GTEx-ref
GTEX-Y8DK-0011-R5B-SM-4RTW6	GTEX-Y8DK	Brain - Caudate (Basal Ganglia)	GTEx-ref
GTEX-Z93S-0011-R5b-SM-4RGNI	GTEX-Z93S	Brain - Caudate (Basal Ganglia)	GTEx-sim
GTEX-12WSC-0011-R5b-SM-5CVNS	GTEX-12WSC	Brain - Caudate (Basal Ganglia)	GTEx-ref
GTEX-X261-0011-R5A-SM-3NMB4	GTEX-X261	Brain - Caudate (Basal Ganglia)	GTEx-ref
GTEX-X585-0011-R5A-SM-46MVI	GTEX-X585	Brain - Caudate (Basal Ganglia)	GTEx-sim
GTEX-ZUA1-0011-R5b-SM-51MTG	GTEX-ZUA1	Brain - Caudate (Basal Ganglia)	GTEx-ref
GTEX-11NV4-0011-R5a-SM-5NQ88	GTEX-11NV4	Brain - Caudate (Basal Ganglia)	GTEx-ref
GTEX-R55F-0011-R5A-SM-2TF5L	GTEX-R55F	Brain - Caudate (Basal Ganglia)	GTEx-sim
GTEX-ZE9C-0011-R5a-SM-5EGLO	GTEX-ZE9C	Brain - Caudate (Basal Ganglia)	GTEx-ref
GTEX-139UC-0011-R5b-SM-5K7VY	GTEX-139UC	Brain - Caudate (Basal Ganglia)	GTEx-sim
GTEX-S7SE-0011-R5A-SM-2XCDA	GTEX-S7SE	Brain - Caudate (Basal Ganglia)	GTEx-ref
GTEX-R55E-0011-R5A-SM-2TC5N	GTEX-R55E	Brain - Caudate (Basal Ganglia)	GTEx-ref
GTEX-13FXS-0011-R5b-SM-5LZYE	GTEX-13FXS	Brain - Caudate (Basal Ganglia)	GTEx-ref
GTEX-13JVG-0011-R5a-SM-5MR4O	GTEX-13JVG	Brain - Caudate (Basal Ganglia)	GTEx-ref
GTEX-12ZZW-0011-R5a-SM-5DUVN	GTEX-12ZZW	Brain - Caudate (Basal Ganglia)	GTEx-sim
GTEX-13112-0011-R5b-SM-5DUV8	GTEX-13112	Brain - Caudate (Basal Ganglia)	GTEx-sim
GTEX-XOTO-0011-R5A-SM-4B657	GTEX-XOTO	Brain - Caudate (Basal Ganglia)	GTEx-ref
GTEX-13NYB-0011-R5a-SM-5MR45	GTEX-13NYB	Brain - Caudate (Basal Ganglia)	GTEx-sim
GTEX-1445S-0011-R5a-SM-5PNUS	GTEX-1445S	Brain - Caudate (Basal Ganglia)	GTEx-ref
GTEX-YJ89-0011-R5a-SM-4V6GM	GTEX-YJ89	Brain - Caudate (Basal Ganglia)	GTEx-sim
GTEX-11WQC-0011-R5a-SM-5BC74	GTEX-11WQC	Brain - Caudate (Basal Ganglia)	GTEx-sim
GTEX-13CZV-0011-R5a-SM-5K7XA	GTEX-13CZV	Brain - Caudate (Basal Ganglia)	GTEx-ref
GTEX-13FLW-0011-R5a-SM-5LZX6	GTEX-13FLW	Brain - Caudate (Basal Ganglia)	GTEx-sim
GTEX-13CF2-0011-R5a-SM-5LZWS	GTEX-13CF2	Brain - Caudate (Basal Ganglia)	GTEx-ref
GTEX-13IVO-0011-R5a-SM-5L3CY	GTEX-13IVO	Brain - Caudate (Basal Ganglia)	GTEx-ref
GTEX-RVPV-0011-R5A-SM-2TF69	GTEX-RVPV	Brain - Caudate (Basal Ganglia)	GTEx-sim
GTEX-ZF28-0011-R5a-SM-4WWCZ	GTEX-ZF28	Brain - Caudate (Basal Ganglia)	GTEx-ref
GTEX-139TT-0011-R5b-SM-5K7W8	GTEX-139TT	Brain - Caudate (Basal Ganglia)	GTEx-ref
GTEX-13FLV-0011-R5a-SM-5LZWT	GTEX-13FLV	Brain - Caudate (Basal Ganglia)	GTEx-sim
GTEX-1477Z-0011-R5b-SM-5PNUO	GTEX-1477Z	Brain - Caudate (Basal Ganglia)	GTEx-sim
GTEX-13FHP-0011-R5b-SM-5LZY2	GTEX-13FHP	Brain - Caudate (Basal Ganglia)	GTEx-ref
GTEX-144GL-0011-R5b-SM-5PNUJ	GTEX-144GL	Brain - Caudate (Basal Ganglia)	GTEx-ref
GTEX-12WSA-0011-R5b-SM-5GU5I	GTEX-12WSA	Brain - Caudate (Basal Ganglia)	GTEx-ref
GTEX-13CIG-0011-R5b-SM-5L3F2	GTEX-13CIG	Brain - Caudate (Basal Ganglia)	GTEx-ref
GTEX-13NZA-0011-R5b-SM-5KM4K	GTEX-13NZA	Brain - Caudate (Basal Ganglia)	GTEx-sim
GTEX-UTHO-0011-R5A-SM-3GIJD	GTEX-UTHO	Brain - Caudate (Basal Ganglia)	GTEx-ref
GTEX-14753-0011-R5a-SM-5S2VW	GTEX-14753	Brain - Caudate (Basal Ganglia)	GTEx-sim
GTEX-145MH-0011-R5a-SM-5P9JT	GTEX-145MH	Brain - Caudate (Basal Ganglia)	GTEx-ref
GTEX-X4EP-0011-R5A-SM-3P628	GTEX-X4EP	Brain - Caudate (Basal Ganglia)	GTEx-ref
GTEX-13PL6-0011-R5b-SM-5O9BI	GTEX-13PL6	Brain - Caudate (Basal Ganglia)	GTEx-ref
GTEX-145LS-0011-R5a-SM-5SI65	GTEX-145LS	Brain - Caudate (Basal Ganglia)	GTEx-sim
GTEX-13S7M-0011-R5b-SM-5P9HS	GTEX-13S7M	Brain - Caudate (Basal Ganglia)	GTEx-sim
GTEX-WWYW-0011-R5A-SM-3NB3E	GTEX-WWYW	Brain - Caudate (Basal Ganglia)	GTEx-sim
GTEX-13PLJ-0011-R5a-SM-5O9BG	GTEX-13PLJ	Brain - Caudate (Basal Ganglia)	GTEx-sim
GTEX-13OVJ-0011-R5a-SM-5P9H7	GTEX-13OVJ	Brain - Caudate (Basal Ganglia)	GTEx-ref
GTEX-Q2AG-0011-R5A-SM-2HMJH	GTEX-Q2AG	Brain - Caudate (Basal Ganglia)	GTEx-sim
GTEX-YFC4-0011-R5a-SM-4RGLR	GTEX-YFC4	Brain - Caudate (Basal Ganglia)	GTEx-sim
GTEX-14BIM-0011-R5b-SM-5S2RM	GTEX-14BIM	Brain - Caudate (Basal Ganglia)	GTEx-sim
GTEX-13SLX-0011-R5a-SM-5O9BV	GTEX-13SLX	Brain - Caudate (Basal Ganglia)	GTEx-sim
GTEX-RNOR-0011-R5A-SM-2TF4J	GTEX-RNOR	Brain - Caudate (Basal Ganglia)	GTEx-ref
GTEX-ZE7O-0011-R5a-SM-57WBO	GTEX-ZE7O	Brain - Caudate (Basal Ganglia)	GTEx-ref
GTEX-QVJO-0011-R5A-SM-2S1QM	GTEX-QVJO	Brain - Caudate (Basal Ganglia)	GTEx-ref
GTEX-QDT8-0011-R5A-SM-32PKN	GTEX-QDT8	Brain - Caudate (Basal Ganglia)	GTEx-ref
GTEX-11GSP-0011-R5a-SM-57WBE	GTEX-11GSP	Brain - Caudate (Basal Ganglia)	GTEx-sim
GTEX-12WS9-0011-R5b-SM-5P9EV	GTEX-12WS9	Brain - Caudate (Basal Ganglia)	GTEx-ref
GTEX-ZVZQ-0011-R5b-SM-57WDC	GTEX-ZVZQ	Brain - Caudate (Basal Ganglia)	GTEx-sim
GTEX-1313W-0011-R5b-SM-5L3EP	GTEX-1313W	Brain - Caudate (Basal Ganglia)	GTEx-sim
GTEX-13O3O-0011-R5b-SM-5KM44	GTEX-13O3O	Brain - Caudate (Basal Ganglia)	GTEx-sim
GTEX-12WSB-0011-R5b-SM-5GU67	GTEX-12WSB	Brain - Caudate (Basal Ganglia)	GTEx-sim
GTEX-11UD1-0011-R5b-SM-5P9FP	GTEX-11UD1	Brain - Caudate (Basal Ganglia)	GTEx-sim
GTEX-12ZZX-0011-R5a-SM-5HL89	GTEX-12ZZX	Brain - Caudate (Basal Ganglia)	GTEx-ref
GTEX-13X6K-0011-R5b-SM-5PNUE	GTEX-13X6K	Brain - Caudate (Basal Ganglia)	GTEx-sim
GTEX-145MI-0011-R5a-SM-5Q5B4	GTEX-145MI	Brain - Caudate (Basal Ganglia)	GTEx-ref
GTEX-RU72-0011-R5A-SM-2TF6U	GTEX-RU72	Brain - Caudate (Basal Ganglia)	GTEx-sim
GTEX-ZVT3-0011-R5a-SM-51MSI	GTEX-ZVT3	Brain - Caudate (Basal Ganglia)	GTEx-ref
GTEX-ZV68-0011-R5a-SM-4YCDW	GTEX-ZV68	Brain - Caudate (Basal Ganglia)	GTEx-sim
GTEX-WVLH-0011-R11A-SM-3MJFO	GTEX-WVLH	Brain - Cerebellar Hemisphere	GTEx-ref
GTEX-R55E-0011-R11A-SM-2TC6I	GTEX-R55E	Brain - Cerebellar Hemisphere	GTEx-ref
GTEX-RVPV-0011-R11A-SM-2TF6F	GTEX-RVPV	Brain - Cerebellar Hemisphere	GTEx-sim
GTEX-13VXU-0011-R11b-SM-5O9DJ	GTEX-13VXU	Brain - Cerebellar Hemisphere	GTEx-ref
GTEX-WHSE-0011-R11A-SM-3P5YY	GTEX-WHSE	Brain - Cerebellar Hemisphere	GTEx-sim
GTEX-145LU-0011-R11b-SM-5P9JX	GTEX-145LU	Brain - Cerebellar Hemisphere	GTEx-ref
GTEX-13OW7-0011-R11a-SM-5O9DY	GTEX-13OW7	Brain - Cerebellar Hemisphere	GTEx-sim
GTEX-QMR6-0011-R11A-SM-32PKK	GTEX-QMR6	Brain - Cerebellar Hemisphere	GTEx-sim
GTEX-XOTO-0011-R11B-SM-4B64O	GTEX-XOTO	Brain - Cerebellar Hemisphere	GTEx-ref
GTEX-WZTO-0011-R11A-SM-4E3K9	GTEX-WZTO	Brain - Cerebellar Hemisphere	GTEx-ref
GTEX-13OVL-0011-R11b-SM-5L3G7	GTEX-13OVL	Brain - Cerebellar Hemisphere	GTEx-sim
GTEX-11OF3-0011-R11a-SM-57WCR	GTEX-11OF3	Brain - Cerebellar Hemisphere	GTEx-ref
GTEX-13OW5-0011-R11b-SM-5L3GG	GTEX-13OW5	Brain - Cerebellar Hemisphere	GTEx-ref
GTEX-13OW6-0011-R11a-SM-5L3H2	GTEX-13OW6	Brain - Cerebellar Hemisphere	GTEx-sim
GTEX-13RTJ-0011-R11a-SM-5O9CK	GTEX-13RTJ	Brain - Cerebellar Hemisphere	GTEx-ref
GTEX-ZAB4-0011-R11a-SM-4SOKI	GTEX-ZAB4	Brain - Cerebellar Hemisphere	GTEx-ref
GTEX-12WSI-0011-R11b-SM-5P9EZ	GTEX-12WSI	Brain - Cerebellar Hemisphere	GTEx-sim
GTEX-X4XX-0011-R11A-SM-46MWQ	GTEX-X4XX	Brain - Cerebellar Hemisphere	GTEx-sim
GTEX-11H98-0011-R11b-SM-5NQ6U	GTEX-11H98	Brain - Cerebellar Hemisphere	GTEx-sim
GTEX-13O3Q-0011-R11b-SM-5KM2W	GTEX-13O3Q	Brain - Cerebellar Hemisphere	GTEx-sim
GTEX-T5JC-0011-R11A-SM-32PMB	GTEX-T5JC	Brain - Cerebellar Hemisphere	GTEx-ref
GTEX-Z93S-0011-R11a-SM-4RGNN	GTEX-Z93S	Brain - Cerebellar Hemisphere	GTEx-sim
GTEX-X261-0011-R11A-SM-4E3JY	GTEX-X261	Brain - Cerebellar Hemisphere	GTEx-sim
GTEX-1399T-0011-R11a-SM-5J2O1	GTEX-1399T	Brain - Cerebellar Hemisphere	GTEx-ref
GTEX-ZUA1-0011-R11b-SM-51MTI	GTEX-ZUA1	Brain - Cerebellar Hemisphere	GTEx-sim
GTEX-ZDXO-0011-R11a-SM-4WWD9	GTEX-ZDXO	Brain - Cerebellar Hemisphere	GTEx-sim
GTEX-WL46-0011-R11A-SM-3MJFT	GTEX-WL46	Brain - Cerebellar Hemisphere	GTEx-sim
GTEX-13OW8-0011-R11a-SM-5L3GT	GTEX-13OW8	Brain - Cerebellar Hemisphere	GTEx-ref
GTEX-145MH-0011-R11a-SM-5P9HQ	GTEX-145MH	Brain - Cerebellar Hemisphere	GTEx-sim
GTEX-Y8DK-0011-R11A-SM-4SOK2	GTEX-Y8DK	Brain - Cerebellar Hemisphere	GTEx-ref
GTEX-13FHP-0011-R11b-SM-5LZXP	GTEX-13FHP	Brain - Cerebellar Hemisphere	GTEx-sim
GTEX-13CF2-0011-R11b-SM-5LZXO	GTEX-13CF2	Brain - Cerebellar Hemisphere	GTEx-ref
GTEX-13N2G-0011-R11a-SM-5MR3F	GTEX-13N2G	Brain - Cerebellar Hemisphere	GTEx-sim
GTEX-13JVG-0011-R11a-SM-5KM53	GTEX-13JVG	Brain - Cerebellar Hemisphere	GTEx-sim
GTEX-X585-0011-R11B-SM-46MUZ	GTEX-X585	Brain - Cerebellar Hemisphere	GTEx-sim
GTEX-13X6I-0011-R11a-SM-5P9HN	GTEX-13X6I	Brain - Cerebellar Hemisphere	GTEx-ref
GTEX-NPJ8-0011-R11A-SM-2YUMS	GTEX-NPJ8	Brain - Cerebellar Hemisphere	GTEx-sim
GTEX-13OVH-0011-R11b-SM-5KM4X	GTEX-13OVH	Brain - Cerebellar Hemisphere	GTEx-sim
GTEX-13NYS-0011-R11b-SM-5MR4P	GTEX-13NYS	Brain - Cerebellar Hemisphere	GTEx-sim
GTEX-13SLW-0011-R11a-SM-5SI8Q	GTEX-13SLW	Brain - Cerebellar Hemisphere	GTEx-ref
GTEX-YJ89-0011-R11a-SM-4SOKA	GTEX-YJ89	Brain - Cerebellar Hemisphere	GTEx-ref
GTEX-14ABY-0011-R11a-SM-5SI7C	GTEX-14ABY	Brain - Cerebellar Hemisphere	GTEx-ref
GTEX-NL3H-0011-R11A-SM-2I3E6	GTEX-NL3H	Brain - Cerebellar Hemisphere	GTEx-ref
GTEX-13FHO-0011-R11b-SM-5LZYQ	GTEX-13FHO	Brain - Cerebellar Hemisphere	GTEx-ref
GTEX-N7MS-0011-R11A-SM-2HMJS	GTEX-N7MS	Brain - Cerebellar Hemisphere	GTEx-ref
GTEX-12126-0011-R11a-SM-5BC6X	GTEX-12126	Brain - Cerebellar Hemisphere	GTEx-ref
GTEX-144GL-0011-R11b-SM-5P9F6	GTEX-144GL	Brain - Cerebellar Hemisphere	GTEx-sim
GTEX-13NZA-0011-R11b-SM-5KM4W	GTEX-13NZA	Brain - Cerebellar Hemisphere	GTEx-ref
GTEX-12WSF-0011-R11a-SM-5LZVT	GTEX-12WSF	Brain - Cerebellar Hemisphere	GTEx-ref
GTEX-13IVO-0011-R11b-SM-5LZXQ	GTEX-13IVO	Brain - Cerebellar Hemisphere	GTEx-ref
GTEX-139TT-0011-R11b-SM-5LZV1	GTEX-139TT	Brain - Cerebellar Hemisphere	GTEx-sim
GTEX-13X6J-0011-R11a-SM-5P9HE	GTEX-13X6J	Brain - Cerebellar Hemisphere	GTEx-ref
GTEX-13N1W-0011-R11a-SM-5MR3D	GTEX-13N1W	Brain - Cerebellar Hemisphere	GTEx-sim
GTEX-11WQK-0011-R11a-SM-5BC6W	GTEX-11WQK	Brain - Cerebellar Hemisphere	GTEx-ref
GTEX-11WQC-0011-R11b-SM-57WD6	GTEX-11WQC	Brain - Cerebellar Hemisphere	GTEx-sim
GTEX-13FXS-0011-R11a-SM-5L3DM	GTEX-13FXS	Brain - Cerebellar Hemisphere	GTEx-ref
GTEX-11ZUS-0011-R11b-SM-5BC7B	GTEX-11ZUS	Brain - Cerebellar Hemisphere	GTEx-sim
GTEX-ZE9C-0011-R11a-SM-4WKGG	GTEX-ZE9C	Brain - Cerebellar Hemisphere	GTEx-ref
GTEX-13G51-0011-R11b-SM-5J2NE	GTEX-13G51	Brain - Cerebellar Hemisphere	GTEx-sim
GTEX-12WSH-0011-R11a-SM-5LZVM	GTEX-12WSH	Brain - Cerebellar Hemisphere	GTEx-sim
GTEX-NL4W-0011-R11A-SM-2I3DW	GTEX-NL4W	Brain - Cerebellar Hemisphere	GTEx-ref
GTEX-139UW-0011-R11a-SM-5IJGN	GTEX-139UW	Brain - Cerebellar Hemisphere	GTEx-sim
GTEX-13CZV-0011-R11b-SM-5N9FN	GTEX-13CZV	Brain - Cerebellar Hemisphere	GTEx-ref
GTEX-XLM4-0011-R11A-SM-4AT46	GTEX-XLM4	Brain - Cerebellar Hemisphere	GTEx-ref
GTEX-ZF28-0011-R11a-SM-4WWEI	GTEX-ZF28	Brain - Cerebellar Hemisphere	GTEx-ref
GTEX-139UC-0011-R11a-SM-5KM3J	GTEX-139UC	Brain - Cerebellar Hemisphere	GTEx-ref
GTEX-13FLV-0011-R11a-SM-5LZZ7	GTEX-13FLV	Brain - Cerebellar Hemisphere	GTEx-ref
GTEX-RVPU-0011-R11A-SM-2XCAF	GTEX-RVPU	Brain - Cerebellar Hemisphere	GTEx-sim
GTEX-QDT8-0011-R11A-SM-32PKD	GTEX-QDT8	Brain - Cerebellar Hemisphere	GTEx-sim
GTEX-13OVJ-0011-R11a-SM-5P9H8	GTEX-13OVJ	Brain - Cerebellar Hemisphere	GTEx-sim
GTEX-T2IS-0011-R11A-SM-32QPC	GTEX-T2IS	Brain - Cerebellar Hemisphere	GTEx-ref
GTEX-131YS-0011-R11b-SM-5EGLM	GTEX-131YS	Brain - Cerebellar Hemisphere	GTEx-sim
GTEX-12ZZX-0011-R11a-SM-5DUVJ	GTEX-12ZZX	Brain - Cerebellar Hemisphere	GTEx-ref
GTEX-Q2AG-0011-R11A-SM-2HMKZ	GTEX-Q2AG	Brain - Cerebellar Hemisphere	GTEx-ref
GTEX-13SLX-0011-R11b-SM-5O9C8	GTEX-13SLX	Brain - Cerebellar Hemisphere	GTEx-sim
GTEX-145MI-0011-R11a-SM-5P9JZ	GTEX-145MI	Brain - Cerebellar Hemisphere	GTEx-sim
GTEX-11GSP-0011-R11b-SM-5NQ7V	GTEX-11GSP	Brain - Cerebellar Hemisphere	GTEx-sim
GTEX-YFC4-0011-R11a-SM-4SOK6	GTEX-YFC4	Brain - Cerebellar Hemisphere	GTEx-ref
GTEX-13S7M-0011-R11b-SM-5P9HU	GTEX-13S7M	Brain - Cerebellar Hemisphere	GTEx-sim
GTEX-NPJ7-0011-R11A-SM-2I3E8	GTEX-NPJ7	Brain - Cerebellar Hemisphere	GTEx-sim
GTEX-RU72-0011-R11A-SM-5SI8G	GTEX-RU72	Brain - Cerebellar Hemisphere	GTEx-ref
GTEX-13X6K-0011-R11a-SM-5P9F5	GTEX-13X6K	Brain - Cerebellar Hemisphere	GTEx-sim
GTEX-WWYW-0011-R11A-SM-3NB38	GTEX-WWYW	Brain - Cerebellar Hemisphere	GTEx-sim
GTEX-13O3O-0011-R11b-SM-5KM4G	GTEX-13O3O	Brain - Cerebellar Hemisphere	GTEx-sim
GTEX-ZVZQ-0011-R11a-SM-51MS6	GTEX-ZVZQ	Brain - Cerebellar Hemisphere	GTEx-ref
GTEX-X4EP-0011-R11B-SM-4QASK	GTEX-X4EP	Brain - Cerebellar Hemisphere	GTEx-sim
GTEX-13QIC-0011-R11b-SM-5O9BU	GTEX-13QIC	Brain - Cerebellar Hemisphere	GTEx-ref
GTEX-14BIM-0011-R11b-SM-5S2RN	GTEX-14BIM	Brain - Cerebellar Hemisphere	GTEx-sim
GTEX-13PLJ-0011-R11b-SM-5O9BS	GTEX-13PLJ	Brain - Cerebellar Hemisphere	GTEx-sim
GTEX-14BIN-0011-R11a-SM-5SI79	GTEX-14BIN	Brain - Cerebellar Hemisphere	GTEx-ref
GTEX-ZVT3-0011-R11b-SM-57WBI	GTEX-ZVT3	Brain - Cerebellar Hemisphere	GTEx-ref
GTEX-ZE7O-0011-R11a-SM-57WBC	GTEX-ZE7O	Brain - Cerebellar Hemisphere	GTEx-ref
GTEX-RU72-0011-R11A-SM-2TF6J	GTEX-RU72	Brain - Cerebellar Hemisphere	GTEx-ref
GTEX-13JUV-0011-R11a-SM-5LZYH	GTEX-13JUV	Brain - Cerebellar Hemisphere	GTEx-ref
GTEX-N7MT-0011-R11A-SM-2I3DZ	GTEX-N7MT	Brain - Cerebellar Hemisphere	GTEx-sim
GTEX-12WSB-0011-R11b-SM-57WBJ	GTEX-12WSB	Brain - Cerebellar Hemisphere	GTEx-ref
GTEX-131XW-0011-R11a-SM-5DUV9	GTEX-131XW	Brain - Cerebellar Hemisphere	GTEx-sim
GTEX-13JVG-3226-SM-5IJGJ	GTEX-13JVG	Brain - Cerebellum	GTEx-sim
GTEX-WZTO-2826-SM-3NM8P	GTEX-WZTO	Brain - Cerebellum	GTEx-ref
GTEX-X4XX-2926-SM-3NMB1	GTEX-X4XX	Brain - Cerebellum	GTEx-sim
GTEX-11ZUS-2826-SM-5EQKW	GTEX-11ZUS	Brain - Cerebellum	GTEx-sim
GTEX-ZYFD-2926-SM-5GID9	GTEX-ZYFD	Brain - Cerebellum	GTEx-ref
GTEX-YJ89-2926-SM-5P9IT	GTEX-YJ89	Brain - Cerebellum	GTEx-ref
GTEX-QMR6-1326-SM-32PLB	GTEX-QMR6	Brain - Cerebellum	GTEx-ref
GTEX-UTHO-2926-SM-3P5Z9	GTEX-UTHO	Brain - Cerebellum	GTEx-sim
GTEX-13G51-3126-SM-5IJG7	GTEX-13G51	Brain - Cerebellum	GTEx-sim
GTEX-XOTO-2926-SM-4B65G	GTEX-XOTO	Brain - Cerebellum	GTEx-ref
GTEX-131XH-2926-SM-5LZU4	GTEX-131XH	Brain - Cerebellum	GTEx-sim
GTEX-ZUA1-2926-SM-59HL3	GTEX-ZUA1	Brain - Cerebellum	GTEx-sim
GTEX-13OW6-2926-SM-5KM29	GTEX-13OW6	Brain - Cerebellum	GTEx-sim
GTEX-13VXU-3026-SM-5LU3K	GTEX-13VXU	Brain - Cerebellum	GTEx-sim
GTEX-NPJ8-2626-SM-26GMZ	GTEX-NPJ8	Brain - Cerebellum	GTEx-sim
GTEX-T5JC-2326-SM-32PMR	GTEX-T5JC	Brain - Cerebellum	GTEx-sim
GTEX-145MH-2926-SM-5Q5D2	GTEX-145MH	Brain - Cerebellum	GTEx-sim
GTEX-13O3Q-3026-SM-5IJGD	GTEX-13O3Q	Brain - Cerebellum	GTEx-ref
GTEX-Z93S-2826-SM-57WBL	GTEX-Z93S	Brain - Cerebellum	GTEx-sim
GTEX-WVLH-2926-SM-3MJG5	GTEX-WVLH	Brain - Cerebellum	GTEx-ref
GTEX-13OVH-2926-SM-5IJFH	GTEX-13OVH	Brain - Cerebellum	GTEx-sim
GTEX-13OW5-3126-SM-5MR3Y	GTEX-13OW5	Brain - Cerebellum	GTEx-sim
GTEX-12WSC-2926-SM-5BC5Z	GTEX-12WSC	Brain - Cerebellum	GTEx-ref
GTEX-12ZZY-2926-SM-5DUXO	GTEX-12ZZY	Brain - Cerebellum	GTEx-sim
GTEX-12126-0926-SM-5FQTW	GTEX-12126	Brain - Cerebellum	GTEx-sim
GTEX-13OW8-2926-SM-5L3FV	GTEX-13OW8	Brain - Cerebellum	GTEx-ref
GTEX-11O72-2826-SM-5HL6W	GTEX-11O72	Brain - Cerebellum	GTEx-sim
GTEX-Y111-2826-SM-4TT3O	GTEX-Y111	Brain - Cerebellum	GTEx-ref
GTEX-139TS-3126-SM-5LZWX	GTEX-139TS	Brain - Cerebellum	GTEx-ref
GTEX-13OW7-2926-SM-5MR3Z	GTEX-13OW7	Brain - Cerebellum	GTEx-ref
GTEX-13OVL-3026-SM-5IJF1	GTEX-13OVL	Brain - Cerebellum	GTEx-sim
GTEX-N7MS-2526-SM-26GMR	GTEX-N7MS	Brain - Cerebellum	GTEx-ref
GTEX-139TT-2626-SM-5LZUB	GTEX-139TT	Brain - Cerebellum	GTEx-sim
GTEX-13FHP-2926-SM-5IJG9	GTEX-13FHP	Brain - Cerebellum	GTEx-ref
GTEX-11DZ1-2926-SM-5A5KI	GTEX-11DZ1	Brain - Cerebellum	GTEx-sim
GTEX-117XS-3126-SM-5GIDP	GTEX-117XS	Brain - Cerebellum	GTEx-sim
GTEX-13PDP-2926-SM-5N9E8	GTEX-13PDP	Brain - Cerebellum	GTEx-ref
GTEX-11PRG-2826-SM-5BC54	GTEX-11PRG	Brain - Cerebellum	GTEx-ref
GTEX-111FC-3326-SM-5GZYV	GTEX-111FC	Brain - Cerebellum	GTEx-sim
GTEX-12WSE-2926-SM-5RQJ9	GTEX-12WSE	Brain - Cerebellum	GTEx-ref
GTEX-11EQ8-2826-SM-5N9C1	GTEX-11EQ8	Brain - Cerebellum	GTEx-ref
GTEX-ZDXO-2926-SM-4WKFM	GTEX-ZDXO	Brain - Cerebellum	GTEx-sim
GTEX-11GSO-3026-SM-5Q5AL	GTEX-11GSO	Brain - Cerebellum	GTEx-ref
GTEX-13FXS-3026-SM-5LZYO	GTEX-13FXS	Brain - Cerebellum	GTEx-sim
GTEX-144GL-2926-SM-5O99F	GTEX-144GL	Brain - Cerebellum	GTEx-sim
GTEX-ZAB4-2926-SM-57WCV	GTEX-ZAB4	Brain - Cerebellum	GTEx-sim
GTEX-139UC-3226-SM-5N9EZ	GTEX-139UC	Brain - Cerebellum	GTEx-sim
GTEX-11DXW-1026-SM-5H11K	GTEX-11DXW	Brain - Cerebellum	GTEx-ref
GTEX-12ZZZ-3126-SM-5LZU6	GTEX-12ZZZ	Brain - Cerebellum	GTEx-sim
GTEX-13NYB-3226-SM-5J2ND	GTEX-13NYB	Brain - Cerebellum	GTEx-ref
GTEX-11ONC-3026-SM-5985W	GTEX-11ONC	Brain - Cerebellum	GTEx-sim
GTEX-132Q8-2926-SM-5IFFP	GTEX-132Q8	Brain - Cerebellum	GTEx-ref
GTEX-145LU-2626-SM-5LU9Z	GTEX-145LU	Brain - Cerebellum	GTEx-sim
GTEX-13FHO-2926-SM-5L3ES	GTEX-13FHO	Brain - Cerebellum	GTEx-ref
GTEX-12WSH-3126-SM-5LZW8	GTEX-12WSH	Brain - Cerebellum	GTEx-ref
GTEX-13X6I-2926-SM-5Q5C3	GTEX-13X6I	Brain - Cerebellum	GTEx-ref
GTEX-WHSE-2926-SM-3NMBG	GTEX-WHSE	Brain - Cerebellum	GTEx-ref
GTEX-1192X-3226-SM-5987D	GTEX-1192X	Brain - Cerebellum	GTEx-ref
GTEX-NPJ8-2626-SM-2D7W2	GTEX-NPJ8	Brain - Cerebellum	GTEx-sim
GTEX-WL46-2826-SM-3LK81	GTEX-WL46	Brain - Cerebellum	GTEx-ref
GTEX-11OC5-0626-SM-5HL6M	GTEX-11OC5	Brain - Cerebellum	GTEx-ref
GTEX-12WSM-2126-SM-5GCOC	GTEX-12WSM	Brain - Cerebellum	GTEx-sim
GTEX-N7MS-2526-SM-2D7W3	GTEX-N7MS	Brain - Cerebellum	GTEx-ref
GTEX-13112-2926-SM-5DUWT	GTEX-13112	Brain - Cerebellum	GTEx-sim
GTEX-R55F-1226-SM-2TF59	GTEX-R55F	Brain - Cerebellum	GTEx-ref
GTEX-R55E-2526-SM-2TC6H	GTEX-R55E	Brain - Cerebellum	GTEx-ref
GTEX-11EI6-2926-SM-5985U	GTEX-11EI6	Brain - Cerebellum	GTEx-ref
GTEX-ZF28-2926-SM-4WKG1	GTEX-ZF28	Brain - Cerebellum	GTEx-ref
GTEX-13RTJ-3126-SM-5S2Q4	GTEX-13RTJ	Brain - Cerebellum	GTEx-ref
GTEX-N7MS-2526-SM-26GMA	GTEX-N7MS	Brain - Cerebellum	GTEx-ref
GTEX-X261-3126-SM-4PQZC	GTEX-X261	Brain - Cerebellum	GTEx-ref
GTEX-XLM4-2926-SM-4AT59	GTEX-XLM4	Brain - Cerebellum	GTEx-sim
GTEX-ZZPT-2926-SM-5EQ5S	GTEX-ZZPT	Brain - Cerebellum	GTEx-ref
GTEX-145MG-3126-SM-5Q5D3	GTEX-145MG	Brain - Cerebellum	GTEx-ref
GTEX-NPJ8-2626-SM-26GMI	GTEX-NPJ8	Brain - Cerebellum	GTEx-sim
GTEX-12696-3026-SM-5FQTU	GTEX-12696	Brain - Cerebellum	GTEx-sim
GTEX-11OF3-3126-SM-5GU5E	GTEX-11OF3	Brain - Cerebellum	GTEx-sim
GTEX-11WQK-3126-SM-5EGI2	GTEX-11WQK	Brain - Cerebellum	GTEx-sim
GTEX-12ZZX-2826-SM-5BC6K	GTEX-12ZZX	Brain - Cerebellum	GTEx-sim
GTEX-QDT8-3026-SM-32PKB	GTEX-QDT8	Brain - Cerebellum	GTEx-sim
GTEX-N7MT-1226-SM-26GMT	GTEX-N7MT	Brain - Cerebellum	GTEx-ref
GTEX-13OVJ-2726-SM-5IJG6	GTEX-13OVJ	Brain - Cerebellum	GTEx-ref
GTEX-T2IS-2926-SM-32QPO	GTEX-T2IS	Brain - Cerebellum	GTEx-sim
GTEX-11GSP-3126-SM-5A5LL	GTEX-11GSP	Brain - Cerebellum	GTEx-ref
GTEX-13X6K-2826-SM-5O9DS	GTEX-13X6K	Brain - Cerebellum	GTEx-ref
GTEX-YFC4-3026-SM-5IFJK	GTEX-YFC4	Brain - Cerebellum	GTEx-ref
GTEX-14BIN-3326-SM-5Q5E6	GTEX-14BIN	Brain - Cerebellum	GTEx-ref
GTEX-RNOR-2226-SM-2TF5O	GTEX-RNOR	Brain - Cerebellum	GTEx-ref
GTEX-14BIM-3126-SM-5Q5C7	GTEX-14BIM	Brain - Cerebellum	GTEx-ref
GTEX-11ZTS-3226-SM-5EGID	GTEX-11ZTS	Brain - Cerebellum	GTEx-sim
GTEX-13QIC-3026-SM-5LU58	GTEX-13QIC	Brain - Cerebellum	GTEx-ref
GTEX-131YS-3026-SM-5EGHY	GTEX-131YS	Brain - Cerebellum	GTEx-sim
GTEX-13O3O-3026-SM-5KM42	GTEX-13O3O	Brain - Cerebellum	GTEx-sim
GTEX-ZAJG-3026-SM-5HL92	GTEX-ZAJG	Brain - Cerebellum	GTEx-sim
GTEX-12WS9-2826-SM-5FQU9	GTEX-12WS9	Brain - Cerebellum	GTEx-sim
GTEX-X4EP-3026-SM-3P5YP	GTEX-X4EP	Brain - Cerebellum	GTEx-ref
GTEX-ZYY3-3026-SM-5GIEJ	GTEX-ZYY3	Brain - Cerebellum	GTEx-ref
GTEX-ZAK1-2926-SM-5HL9S	GTEX-ZAK1	Brain - Cerebellum	GTEx-sim
GTEX-N7MT-1226-SM-2D7W4	GTEX-N7MT	Brain - Cerebellum	GTEx-ref
GTEX-QVUS-2926-SM-3GIJB	GTEX-QVUS	Brain - Cerebellum	GTEx-sim
GTEX-14DAQ-3026-SM-5S2QZ	GTEX-14DAQ	Brain - Cerebellum	GTEx-ref
GTEX-Q2AG-2826-SM-2HMJQ	GTEX-Q2AG	Brain - Cerebellum	GTEx-ref
GTEX-1313W-3026-SM-5LZUZ	GTEX-1313W	Brain - Cerebellum	GTEx-sim
GTEX-WWYW-3026-SM-3NB36	GTEX-WWYW	Brain - Cerebellum	GTEx-sim
GTEX-QVJO-1325-SM-2S1QX	GTEX-QVJO	Brain - Cerebellum	GTEx-ref
GTEX-13JUV-3026-SM-5K7WX	GTEX-13JUV	Brain - Cerebellum	GTEx-sim
GTEX-11TTK-2826-SM-5GU5K	GTEX-11TTK	Brain - Cerebellum	GTEx-ref
GTEX-N7MT-1226-SM-2TC6K	GTEX-N7MT	Brain - Cerebellum	GTEx-ref
GTEX-1128S-2826-SM-5N9DI	GTEX-1128S	Brain - Cerebellum	GTEx-sim
GTEX-13NZ8-3026-SM-5L3D4	GTEX-13NZ8	Brain - Cerebellum	GTEx-ref
GTEX-145MI-3126-SM-5Q5CF	GTEX-145MI	Brain - Cerebellum	GTEx-sim
GTEX-12WSB-3026-SM-59HKM	GTEX-12WSB	Brain - Cerebellum	GTEx-ref
GTEX-N7MT-1226-SM-26GMC	GTEX-N7MT	Brain - Cerebellum	GTEx-ref
GTEX-RU72-2926-SM-2TF66	GTEX-RU72	Brain - Cerebellum	GTEx-sim
GTEX-1269C-3126-SM-5EGI6	GTEX-1269C	Brain - Cerebellum	GTEx-ref
GTEX-14A5I-2826-SM-5SIBF	GTEX-14A5I	Brain - Cerebellum	GTEx-sim
GTEX-TSE9-2926-SM-5CHQO	GTEX-TSE9	Brain - Cerebellum	GTEx-ref
GTEX-11EMC-3326-SM-5P9JH	GTEX-11EMC	Brain - Cerebellum	GTEx-sim
GTEX-13S7M-3026-SM-5S2QQ	GTEX-13S7M	Brain - Cerebellum	GTEx-sim
GTEX-WZTO-2926-SM-3NM9I	GTEX-WZTO	Brain - Cortex	GTEx-ref
GTEX-PVOW-2526-SM-2XCF7	GTEX-PVOW	Brain - Cortex	GTEx-sim
GTEX-13NYS-3126-SM-5KLYV	GTEX-13NYS	Brain - Cortex	GTEx-ref
GTEX-11NUK-2926-SM-5A5MD	GTEX-11NUK	Brain - Cortex	GTEx-sim
GTEX-11DXW-1126-SM-5H12Q	GTEX-11DXW	Brain - Cortex	GTEx-ref
GTEX-13FHO-3026-SM-5J1O9	GTEX-13FHO	Brain - Cortex	GTEx-sim
GTEX-13NYC-2826-SM-5K7WR	GTEX-13NYC	Brain - Cortex	GTEx-ref
GTEX-111FC-3126-SM-5GZZ2	GTEX-111FC	Brain - Cortex	GTEx-ref
GTEX-NPJ8-1526-SM-26GMY	GTEX-NPJ8	Brain - Cortex	GTEx-sim
GTEX-1399T-3026-SM-5KLZC	GTEX-1399T	Brain - Cortex	GTEx-sim
GTEX-13OW6-3026-SM-5J2MI	GTEX-13OW6	Brain - Cortex	GTEx-sim
GTEX-X4XX-3026-SM-3NMB2	GTEX-X4XX	Brain - Cortex	GTEx-ref
GTEX-XMD1-2926-SM-4AT42	GTEX-XMD1	Brain - Cortex	GTEx-sim
GTEX-ZUA1-3026-SM-59HJC	GTEX-ZUA1	Brain - Cortex	GTEx-ref
GTEX-ZYFD-3026-SM-5E44C	GTEX-ZYFD	Brain - Cortex	GTEx-sim
GTEX-12126-1026-SM-5P9JJ	GTEX-12126	Brain - Cortex	GTEx-ref
GTEX-144GL-3026-SM-5Q5CW	GTEX-144GL	Brain - Cortex	GTEx-ref
GTEX-1192X-3126-SM-5N9BY	GTEX-1192X	Brain - Cortex	GTEx-ref
GTEX-T5JC-2426-SM-3NMDB	GTEX-T5JC	Brain - Cortex	GTEx-ref
GTEX-13OVH-3026-SM-5MR4N	GTEX-13OVH	Brain - Cortex	GTEx-ref
GTEX-144FL-3026-SM-5O99C	GTEX-144FL	Brain - Cortex	GTEx-sim
GTEX-13FHP-3026-SM-5IJBS	GTEX-13FHP	Brain - Cortex	GTEx-sim
GTEX-XOTO-3026-SM-4B65M	GTEX-XOTO	Brain - Cortex	GTEx-ref
GTEX-132Q8-3026-SM-5PNVG	GTEX-132Q8	Brain - Cortex	GTEx-ref
GTEX-145MH-3026-SM-5Q5DZ	GTEX-145MH	Brain - Cortex	GTEx-ref
GTEX-13G51-3026-SM-5IJB8	GTEX-13G51	Brain - Cortex	GTEx-ref
GTEX-13VXU-2926-SM-5LU5C	GTEX-13VXU	Brain - Cortex	GTEx-ref
GTEX-T6MN-2626-SM-32PMQ	GTEX-T6MN	Brain - Cortex	GTEx-sim
GTEX-139UC-3126-SM-5J1OY	GTEX-139UC	Brain - Cortex	GTEx-ref
GTEX-WL46-2926-SM-3LK82	GTEX-WL46	Brain - Cortex	GTEx-ref
GTEX-11EI6-3026-SM-5GZZO	GTEX-11EI6	Brain - Cortex	GTEx-ref
GTEX-12ZZY-3026-SM-5GCOU	GTEX-12ZZY	Brain - Cortex	GTEx-sim
GTEX-12WSH-3026-SM-5CVNI	GTEX-12WSH	Brain - Cortex	GTEx-sim
GTEX-WHSE-3026-SM-3P5ZH	GTEX-WHSE	Brain - Cortex	GTEx-ref
GTEX-12WSC-3026-SM-5GCNF	GTEX-12WSC	Brain - Cortex	GTEx-sim
GTEX-WVLH-3026-SM-3MJG9	GTEX-WVLH	Brain - Cortex	GTEx-ref
GTEX-11DXY-3226-SM-5GIDE	GTEX-11DXY	Brain - Cortex	GTEx-sim
GTEX-Y8DK-0826-SM-4TT3T	GTEX-Y8DK	Brain - Cortex	GTEx-sim
GTEX-11ONC-2926-SM-5P9JM	GTEX-11ONC	Brain - Cortex	GTEx-sim
GTEX-117XS-3026-SM-5N9CA	GTEX-117XS	Brain - Cortex	GTEx-ref
GTEX-14BMV-3026-SM-5S2PQ	GTEX-14BMV	Brain - Cortex	GTEx-sim
GTEX-XLM4-3026-SM-4AT6L	GTEX-XLM4	Brain - Cortex	GTEx-sim
GTEX-12ZZZ-3026-SM-5BC67	GTEX-12ZZZ	Brain - Cortex	GTEx-ref
GTEX-14ASI-3026-SM-5S2PN	GTEX-14ASI	Brain - Cortex	GTEx-sim
GTEX-11GSO-2926-SM-5HL73	GTEX-11GSO	Brain - Cortex	GTEx-sim
GTEX-12WSA-2926-SM-5EQ4D	GTEX-12WSA	Brain - Cortex	GTEx-ref
GTEX-R55F-1326-SM-5S2V4	GTEX-R55F	Brain - Cortex	GTEx-sim
GTEX-11WQK-3026-SM-5EQL6	GTEX-11WQK	Brain - Cortex	GTEx-ref
GTEX-145MF-2726-SM-5O995	GTEX-145MF	Brain - Cortex	GTEx-sim
GTEX-ZF28-3026-SM-4WKHP	GTEX-ZF28	Brain - Cortex	GTEx-ref
GTEX-13X6J-3026-SM-5Q5CU	GTEX-13X6J	Brain - Cortex	GTEx-sim
GTEX-11O72-2926-SM-5BC4V	GTEX-11O72	Brain - Cortex	GTEx-ref
GTEX-12696-2926-SM-5FQTG	GTEX-12696	Brain - Cortex	GTEx-ref
GTEX-X585-3026-SM-46MWF	GTEX-X585	Brain - Cortex	GTEx-ref
GTEX-13NYB-3026-SM-5IJD7	GTEX-13NYB	Brain - Cortex	GTEx-sim
GTEX-1445S-3026-SM-5O9BR	GTEX-1445S	Brain - Cortex	GTEx-ref
GTEX-Z93S-2926-SM-57WB9	GTEX-Z93S	Brain - Cortex	GTEx-ref
GTEX-11ZUS-2926-SM-5FQSL	GTEX-11ZUS	Brain - Cortex	GTEx-sim
GTEX-ZE9C-3026-SM-4WKHB	GTEX-ZE9C	Brain - Cortex	GTEx-ref
GTEX-NPJ8-1526-SM-2D7VU	GTEX-NPJ8	Brain - Cortex	GTEx-sim
GTEX-11GS4-3126-SM-5A5LH	GTEX-11GS4	Brain - Cortex	GTEx-sim
GTEX-13IVO-2926-SM-5L3CZ	GTEX-13IVO	Brain - Cortex	GTEx-ref
GTEX-13FLW-1426-SM-5K7YE	GTEX-13FLW	Brain - Cortex	GTEx-ref
GTEX-13O3Q-2926-SM-5KM45	GTEX-13O3Q	Brain - Cortex	GTEx-sim
GTEX-13OW7-3026-SM-5L3GY	GTEX-13OW7	Brain - Cortex	GTEx-sim
GTEX-145MG-3026-SM-5RQJA	GTEX-145MG	Brain - Cortex	GTEx-sim
GTEX-ZZPT-3026-SM-5GZXH	GTEX-ZZPT	Brain - Cortex	GTEx-sim
GTEX-11TUW-3126-SM-5GU4Y	GTEX-11TUW	Brain - Cortex	GTEx-sim
GTEX-12ZZW-2926-SM-5LZUP	GTEX-12ZZW	Brain - Cortex	GTEx-ref
GTEX-11NV4-2126-SM-5N9DS	GTEX-11NV4	Brain - Cortex	GTEx-sim
GTEX-N7MS-2425-SM-26GMD	GTEX-N7MS	Brain - Cortex	GTEx-sim
GTEX-NPJ8-1526-SM-26GMH	GTEX-NPJ8	Brain - Cortex	GTEx-sim
GTEX-R55F-1326-SM-2TF5F	GTEX-R55F	Brain - Cortex	GTEx-sim
GTEX-ZYY3-3126-SM-5SI9L	GTEX-ZYY3	Brain - Cortex	GTEx-sim
GTEX-TSE9-3026-SM-3DB76	GTEX-TSE9	Brain - Cortex	GTEx-ref
GTEX-RNOR-2326-SM-2TF4I	GTEX-RNOR	Brain - Cortex	GTEx-sim
GTEX-T2IS-3026-SM-32QPM	GTEX-T2IS	Brain - Cortex	GTEx-ref
GTEX-QDT8-2926-SM-32PKC	GTEX-QDT8	Brain - Cortex	GTEx-ref
GTEX-145LS-3126-SM-5Q5BY	GTEX-145LS	Brain - Cortex	GTEx-ref
GTEX-Q2AG-2926-SM-2HMJ3	GTEX-Q2AG	Brain - Cortex	GTEx-ref
GTEX-131YS-3126-SM-5KLYT	GTEX-131YS	Brain - Cortex	GTEx-ref
GTEX-13OVJ-2826-SM-5L3GW	GTEX-13OVJ	Brain - Cortex	GTEx-ref
GTEX-ZAK1-3026-SM-5S2MJ	GTEX-ZAK1	Brain - Cortex	GTEx-ref
GTEX-11EMC-3226-SM-5EGKW	GTEX-11EMC	Brain - Cortex	GTEx-ref
GTEX-ZVT3-3026-SM-5E43N	GTEX-ZVT3	Brain - Cortex	GTEx-sim
GTEX-1128S-2726-SM-5H12C	GTEX-1128S	Brain - Cortex	GTEx-sim
GTEX-13O3O-3126-SM-5KM3H	GTEX-13O3O	Brain - Cortex	GTEx-sim
GTEX-QVUS-2826-SM-3GADB	GTEX-QVUS	Brain - Cortex	GTEx-ref
GTEX-12ZZX-2926-SM-5GCOQ	GTEX-12ZZX	Brain - Cortex	GTEx-sim
GTEX-1313W-3126-SM-5LZUI	GTEX-1313W	Brain - Cortex	GTEx-sim
GTEX-13QIC-2926-SM-5J2NF	GTEX-13QIC	Brain - Cortex	GTEx-sim
GTEX-WWYW-3126-SM-3NB39	GTEX-WWYW	Brain - Cortex	GTEx-sim
GTEX-13PL6-3126-SM-5LUAR	GTEX-13PL6	Brain - Cortex	GTEx-sim
GTEX-14A5I-2926-SM-5Q5CQ	GTEX-14A5I	Brain - Cortex	GTEx-sim
GTEX-11GSP-3226-SM-5986O	GTEX-11GSP	Brain - Cortex	GTEx-ref
GTEX-NPJ7-2726-SM-2I3FT	GTEX-NPJ7	Brain - Cortex	GTEx-ref
GTEX-13S7M-3126-SM-5RQJQ	GTEX-13S7M	Brain - Cortex	GTEx-ref
GTEX-RU72-3026-SM-5SI7Y	GTEX-RU72	Brain - Cortex	GTEx-sim
GTEX-12WSD-3126-SM-5HL7P	GTEX-12WSD	Brain - Cortex	GTEx-sim
GTEX-1117F-3226-SM-5N9CT	GTEX-1117F	Brain - Cortex	GTEx-ref
GTEX-ZAJG-3126-SM-5HL9J	GTEX-ZAJG	Brain - Cortex	GTEx-sim
GTEX-11TTK-2926-SM-5PNYP	GTEX-11TTK	Brain - Cortex	GTEx-sim
GTEX-13SLX-3126-SM-5S2Q5	GTEX-13SLX	Brain - Cortex	GTEx-sim
GTEX-ZE7O-3126-SM-5HL5X	GTEX-ZE7O	Brain - Cortex	GTEx-ref
GTEX-N7MT-1126-SM-2YUNQ	GTEX-N7MT	Brain - Cortex	GTEx-sim
GTEX-QMR6-0011-R10A-SM-32PKO	GTEX-QMR6	Brain - Frontal Cortex (Ba9)	GTEx-sim
GTEX-12WSE-0011-R10b-SM-5P9JV	GTEX-12WSE	Brain - Frontal Cortex (Ba9)	GTEx-sim
GTEX-WVLH-0011-R10A-SM-3MJFM	GTEX-WVLH	Brain - Frontal Cortex (Ba9)	GTEx-ref
GTEX-T6MN-0011-R10A-SM-32QP7	GTEX-T6MN	Brain - Frontal Cortex (Ba9)	GTEx-sim
GTEX-WZTO-0011-R10B-SM-4E3KB	GTEX-WZTO	Brain - Frontal Cortex (Ba9)	GTEx-sim
GTEX-S7SE-0011-R10A-SM-2XCDF	GTEX-S7SE	Brain - Frontal Cortex (Ba9)	GTEx-sim
GTEX-P44G-0011-R10A-SM-2I3FF	GTEX-P44G	Brain - Frontal Cortex (Ba9)	GTEx-ref
GTEX-ZF28-0011-R10a-SM-4WWEH	GTEX-ZF28	Brain - Frontal Cortex (Ba9)	GTEx-sim
GTEX-13N2G-0011-R10a-SM-5MR34	GTEX-13N2G	Brain - Frontal Cortex (Ba9)	GTEx-ref
GTEX-N7MS-0011-R10A-SM-2HMJK	GTEX-N7MS	Brain - Frontal Cortex (Ba9)	GTEx-sim
GTEX-NL3H-0011-R10A-SM-2I3E9	GTEX-NL3H	Brain - Frontal Cortex (Ba9)	GTEx-sim
GTEX-131XH-0011-R10a-SM-5EGLJ	GTEX-131XH	Brain - Frontal Cortex (Ba9)	GTEx-ref
GTEX-NPJ8-0011-R10A-SM-2YUMO	GTEX-NPJ8	Brain - Frontal Cortex (Ba9)	GTEx-ref
GTEX-13N1W-0011-R10b-SM-5MR4H	GTEX-13N1W	Brain - Frontal Cortex (Ba9)	GTEx-ref
GTEX-13OW6-0011-R10a-SM-5L3HE	GTEX-13OW6	Brain - Frontal Cortex (Ba9)	GTEx-ref
GTEX-147GR-0011-R10b-SM-5S2UM	GTEX-147GR	Brain - Frontal Cortex (Ba9)	GTEx-ref
GTEX-13O3Q-0011-R10b-SM-5KM39	GTEX-13O3Q	Brain - Frontal Cortex (Ba9)	GTEx-sim
GTEX-14BIL-0011-R10a-SM-5SI75	GTEX-14BIL	Brain - Frontal Cortex (Ba9)	GTEx-sim
GTEX-Z93S-0011-R10a-SM-4RGNM	GTEX-Z93S	Brain - Frontal Cortex (Ba9)	GTEx-sim
GTEX-X261-0011-R10B-SM-4E3JT	GTEX-X261	Brain - Frontal Cortex (Ba9)	GTEx-sim
GTEX-X4XX-0011-R10B-SM-46MWO	GTEX-X4XX	Brain - Frontal Cortex (Ba9)	GTEx-sim
GTEX-XLM4-0011-R10A-SM-4AT5P	GTEX-XLM4	Brain - Frontal Cortex (Ba9)	GTEx-ref
GTEX-13OW8-0011-R10a-SM-5L3H6	GTEX-13OW8	Brain - Frontal Cortex (Ba9)	GTEx-sim
GTEX-13RTJ-0011-R10b-SM-5O9CW	GTEX-13RTJ	Brain - Frontal Cortex (Ba9)	GTEx-ref
GTEX-145MH-0011-R10b-SM-5PNUK	GTEX-145MH	Brain - Frontal Cortex (Ba9)	GTEx-sim
GTEX-WL46-0011-R10A-SM-3MJFQ	GTEX-WL46	Brain - Frontal Cortex (Ba9)	GTEx-ref
GTEX-132Q8-0011-R10b-SM-5DUWZ	GTEX-132Q8	Brain - Frontal Cortex (Ba9)	GTEx-ref
GTEX-13OVL-0011-R10a-SM-5L3GS	GTEX-13OVL	Brain - Frontal Cortex (Ba9)	GTEx-sim
GTEX-13FTZ-0011-R10b-SM-5KLZS	GTEX-13FTZ	Brain - Frontal Cortex (Ba9)	GTEx-sim
GTEX-T5JC-0011-R10A-SM-32PM2	GTEX-T5JC	Brain - Frontal Cortex (Ba9)	GTEx-sim
GTEX-13FXS-0011-R10a-SM-5J2MA	GTEX-13FXS	Brain - Frontal Cortex (Ba9)	GTEx-ref
GTEX-12WSF-0011-R10a-SM-5LZVH	GTEX-12WSF	Brain - Frontal Cortex (Ba9)	GTEx-ref
GTEX-ZAB4-0011-R10a-SM-4SOKH	GTEX-ZAB4	Brain - Frontal Cortex (Ba9)	GTEx-sim
GTEX-11H98-0011-R10b-SM-5NQ98	GTEX-11H98	Brain - Frontal Cortex (Ba9)	GTEx-ref
GTEX-12126-0011-R10b-SM-5BC6T	GTEX-12126	Brain - Frontal Cortex (Ba9)	GTEx-ref
GTEX-13NZA-0011-R10b-SM-5KM54	GTEX-13NZA	Brain - Frontal Cortex (Ba9)	GTEx-ref
GTEX-Y8DK-0011-R10A-SM-4SOK1	GTEX-Y8DK	Brain - Frontal Cortex (Ba9)	GTEx-sim
GTEX-ZDXO-0011-R10a-SM-4WWD8	GTEX-ZDXO	Brain - Frontal Cortex (Ba9)	GTEx-ref
GTEX-13X6I-0011-R10a-SM-5PNWI	GTEX-13X6I	Brain - Frontal Cortex (Ba9)	GTEx-ref
GTEX-12WSH-0011-R10a-SM-5LZUS	GTEX-12WSH	Brain - Frontal Cortex (Ba9)	GTEx-ref
GTEX-13NYB-0011-R10a-SM-5KM43	GTEX-13NYB	Brain - Frontal Cortex (Ba9)	GTEx-ref
GTEX-NL4W-0011-R10A-SM-2I3DY	GTEX-NL4W	Brain - Frontal Cortex (Ba9)	GTEx-ref
GTEX-13CZV-0011-R10b-SM-5LZYD	GTEX-13CZV	Brain - Frontal Cortex (Ba9)	GTEx-sim
GTEX-13FLV-0011-R10b-SM-5LZZ2	GTEX-13FLV	Brain - Frontal Cortex (Ba9)	GTEx-ref
GTEX-13X6J-0011-R10b-SM-5PNWA	GTEX-13X6J	Brain - Frontal Cortex (Ba9)	GTEx-ref
GTEX-147F4-0011-R10b-SM-5S2WC	GTEX-147F4	Brain - Frontal Cortex (Ba9)	GTEx-sim
GTEX-145LU-0011-R10a-SM-5PNWJ	GTEX-145LU	Brain - Frontal Cortex (Ba9)	GTEx-ref
GTEX-12ZZZ-0011-R10a-SM-5P9HC	GTEX-12ZZZ	Brain - Frontal Cortex (Ba9)	GTEx-sim
GTEX-P44H-0011-R10A-SM-2XCEK	GTEX-P44H	Brain - Frontal Cortex (Ba9)	GTEx-ref
GTEX-12WSA-0011-R10b-SM-5P9ET	GTEX-12WSA	Brain - Frontal Cortex (Ba9)	GTEx-sim
GTEX-13G51-0011-R10b-SM-5LZYF	GTEX-13G51	Brain - Frontal Cortex (Ba9)	GTEx-sim
GTEX-13SLW-0011-R10a-SM-5S2UI	GTEX-13SLW	Brain - Frontal Cortex (Ba9)	GTEx-sim
GTEX-ZXG5-0011-R10a-SM-57WDD	GTEX-ZXG5	Brain - Frontal Cortex (Ba9)	GTEx-sim
GTEX-12ZZW-0011-R10b-SM-5HL9X	GTEX-12ZZW	Brain - Frontal Cortex (Ba9)	GTEx-sim
GTEX-13NYS-0011-R10a-SM-5MR4S	GTEX-13NYS	Brain - Frontal Cortex (Ba9)	GTEx-sim
GTEX-11WQC-0011-R10a-SM-57WCT	GTEX-11WQC	Brain - Frontal Cortex (Ba9)	GTEx-sim
GTEX-139TS-0011-R10a-SM-5K7TU	GTEX-139TS	Brain - Frontal Cortex (Ba9)	GTEx-ref
GTEX-11WQK-0011-R10a-SM-5BC6R	GTEX-11WQK	Brain - Frontal Cortex (Ba9)	GTEx-ref
GTEX-13JVG-0011-R10b-SM-5KM2P	GTEX-13JVG	Brain - Frontal Cortex (Ba9)	GTEx-sim
GTEX-XMD1-0011-R10A-SM-4AT4A	GTEX-XMD1	Brain - Frontal Cortex (Ba9)	GTEx-sim
GTEX-12WSC-0011-R10a-SM-5GU57	GTEX-12WSC	Brain - Frontal Cortex (Ba9)	GTEx-ref
GTEX-13IVO-0011-R10a-SM-5LZY3	GTEX-13IVO	Brain - Frontal Cortex (Ba9)	GTEx-ref
GTEX-X4XY-0011-R10B-SM-46MWS	GTEX-X4XY	Brain - Frontal Cortex (Ba9)	GTEx-ref
GTEX-14753-0011-R10b-SM-5S2WE	GTEX-14753	Brain - Frontal Cortex (Ba9)	GTEx-ref
GTEX-UTHO-0011-R10A-SM-3GIJQ	GTEX-UTHO	Brain - Frontal Cortex (Ba9)	GTEx-sim
GTEX-12ZZY-0011-R10b-SM-5HL7W	GTEX-12ZZY	Brain - Frontal Cortex (Ba9)	GTEx-ref
GTEX-1445S-0011-R10a-SM-5PNWB	GTEX-1445S	Brain - Frontal Cortex (Ba9)	GTEx-sim
GTEX-1477Z-0011-R10b-SM-5S2RF	GTEX-1477Z	Brain - Frontal Cortex (Ba9)	GTEx-ref
GTEX-T6MN-0011-R10A-SM-5CHQC	GTEX-T6MN	Brain - Frontal Cortex (Ba9)	GTEx-sim
GTEX-145LS-0011-R10a-SM-5PNUQ	GTEX-145LS	Brain - Frontal Cortex (Ba9)	GTEx-ref
GTEX-Q2AG-0011-R10A-SM-2HMLA	GTEX-Q2AG	Brain - Frontal Cortex (Ba9)	GTEx-ref
GTEX-WWYW-0011-R10A-SM-3NB35	GTEX-WWYW	Brain - Frontal Cortex (Ba9)	GTEx-sim
GTEX-12ZZX-0011-R10b-SM-5DUWK	GTEX-12ZZX	Brain - Frontal Cortex (Ba9)	GTEx-sim
GTEX-QVUS-0011-R10A-SM-3GIK3	GTEX-QVUS	Brain - Frontal Cortex (Ba9)	GTEx-ref
GTEX-ZVZQ-0011-R10b-SM-51MRT	GTEX-ZVZQ	Brain - Frontal Cortex (Ba9)	GTEx-sim
GTEX-13QIC-0011-R10a-SM-5O9C7	GTEX-13QIC	Brain - Frontal Cortex (Ba9)	GTEx-sim
GTEX-YFC4-0011-R10a-SM-4SOK5	GTEX-YFC4	Brain - Frontal Cortex (Ba9)	GTEx-sim
GTEX-QVJO-0011-R10A-SM-2S1QJ	GTEX-QVJO	Brain - Frontal Cortex (Ba9)	GTEx-ref
GTEX-13OVJ-0011-R10b-SM-5L3HT	GTEX-13OVJ	Brain - Frontal Cortex (Ba9)	GTEx-sim
GTEX-13JUV-0011-R10b-SM-5LZXR	GTEX-13JUV	Brain - Frontal Cortex (Ba9)	GTEx-sim
GTEX-OHPN-0011-R10A-SM-5S2U3	GTEX-OHPN	Brain - Frontal Cortex (Ba9)	GTEx-sim
GTEX-OHPN-0011-R10A-SM-33HBU	GTEX-OHPN	Brain - Frontal Cortex (Ba9)	GTEx-sim
GTEX-13X6K-0011-R10a-SM-5P9JR	GTEX-13X6K	Brain - Frontal Cortex (Ba9)	GTEx-ref
GTEX-13SLX-0011-R10a-SM-5P9HV	GTEX-13SLX	Brain - Frontal Cortex (Ba9)	GTEx-sim
GTEX-11GSP-0011-R10a-SM-5NQ7J	GTEX-11GSP	Brain - Frontal Cortex (Ba9)	GTEx-sim
GTEX-NPJ7-0011-R10A-SM-2I3E5	GTEX-NPJ7	Brain - Frontal Cortex (Ba9)	GTEx-ref
GTEX-131YS-0011-R10b-SM-5EQ5N	GTEX-131YS	Brain - Frontal Cortex (Ba9)	GTEx-ref
GTEX-1313W-0011-R10b-SM-5DUXA	GTEX-1313W	Brain - Frontal Cortex (Ba9)	GTEx-sim
GTEX-145MI-0011-R10a-SM-5PNZD	GTEX-145MI	Brain - Frontal Cortex (Ba9)	GTEx-sim
GTEX-N7MT-0011-R10A-SM-2I3E1	GTEX-N7MT	Brain - Frontal Cortex (Ba9)	GTEx-ref
GTEX-X4EP-0011-R10B-SM-4QASJ	GTEX-X4EP	Brain - Frontal Cortex (Ba9)	GTEx-sim
GTEX-TSE9-0011-R10A-SM-3DB7O	GTEX-TSE9	Brain - Frontal Cortex (Ba9)	GTEx-ref
GTEX-14BIN-0011-R10a-SM-5S2UA	GTEX-14BIN	Brain - Frontal Cortex (Ba9)	GTEx-ref
GTEX-ZE7O-0011-R10a-SM-57WAZ	GTEX-ZE7O	Brain - Frontal Cortex (Ba9)	GTEx-sim
GTEX-RU72-0011-R10A-SM-2TF6D	GTEX-RU72	Brain - Frontal Cortex (Ba9)	GTEx-ref
GTEX-ZVT3-0011-R10b-SM-57WB6	GTEX-ZVT3	Brain - Frontal Cortex (Ba9)	GTEx-sim
GTEX-ZV68-0011-R10a-SM-51MT7	GTEX-ZV68	Brain - Frontal Cortex (Ba9)	GTEx-ref
GTEX-13O3O-0011-R10a-SM-5LUA9	GTEX-13O3O	Brain - Frontal Cortex (Ba9)	GTEx-sim
GTEX-131XW-0011-R10a-SM-5DUVA	GTEX-131XW	Brain - Frontal Cortex (Ba9)	GTEx-ref
GTEX-12WS9-0011-R10a-SM-57WBV	GTEX-12WS9	Brain - Frontal Cortex (Ba9)	GTEx-ref
GTEX-12WSD-0011-R10b-SM-5GU79	GTEX-12WSD	Brain - Frontal Cortex (Ba9)	GTEx-ref
GTEX-13S7M-0011-R10b-SM-5PNZB	GTEX-13S7M	Brain - Frontal Cortex (Ba9)	GTEx-ref
GTEX-NPJ8-0011-R1a-SM-33HCB	GTEX-NPJ8	Brain - Hippocampus	GTEx-ref
GTEX-13RTJ-0011-R1a-SM-5O9D9	GTEX-13RTJ	Brain - Hippocampus	GTEx-ref
GTEX-131XH-0011-R1a-SM-5DUWA	GTEX-131XH	Brain - Hippocampus	GTEx-ref
GTEX-X585-0011-R1B-SM-46MVE	GTEX-X585	Brain - Hippocampus	GTEx-ref
GTEX-XOTO-0011-R1B-SM-4B65C	GTEX-XOTO	Brain - Hippocampus	GTEx-ref
GTEX-13G51-0011-R1a-SM-5LZYR	GTEX-13G51	Brain - Hippocampus	GTEx-ref
GTEX-14ASI-0011-R1b-SM-5S2TY	GTEX-14ASI	Brain - Hippocampus	GTEx-sim
GTEX-WHSE-0011-R1A-SM-3P5ZK	GTEX-WHSE	Brain - Hippocampus	GTEx-sim
GTEX-13OW6-0011-R1a-SM-5L3HQ	GTEX-13OW6	Brain - Hippocampus	GTEx-ref
GTEX-X4XX-0011-R1B-SM-3P622	GTEX-X4XX	Brain - Hippocampus	GTEx-ref
GTEX-13FHO-0011-R1b-SM-5KLZG	GTEX-13FHO	Brain - Hippocampus	GTEx-ref
GTEX-WVLH-0011-R1A-SM-4MVOK	GTEX-WVLH	Brain - Hippocampus	GTEx-sim
GTEX-13OVL-0011-R1a-SM-5L3H5	GTEX-13OVL	Brain - Hippocampus	GTEx-ref
GTEX-WZTO-0011-R1B-SM-3NMAR	GTEX-WZTO	Brain - Hippocampus	GTEx-ref
GTEX-13N2G-0011-R1b-SM-5MR3G	GTEX-13N2G	Brain - Hippocampus	GTEx-sim
GTEX-145MH-0011-R1b-SM-5PNWY	GTEX-145MH	Brain - Hippocampus	GTEx-ref
GTEX-P44H-0011-R1A-SM-3NM8J	GTEX-P44H	Brain - Hippocampus	GTEx-sim
GTEX-ZUA1-0011-R1a-SM-4YCE2	GTEX-ZUA1	Brain - Hippocampus	GTEx-ref
GTEX-11ONC-0011-R1a-SM-57WD4	GTEX-11ONC	Brain - Hippocampus	GTEx-ref
GTEX-YJ89-0011-R1a-SM-4RGLS	GTEX-YJ89	Brain - Hippocampus	GTEx-sim
GTEX-NPJ8-0011-R1a-SM-5SI8B	GTEX-NPJ8	Brain - Hippocampus	GTEx-ref
GTEX-13OW8-0011-R1a-SM-5L3HI	GTEX-13OW8	Brain - Hippocampus	GTEx-ref
GTEX-12WSE-0011-R1b-SM-5GU4V	GTEX-12WSE	Brain - Hippocampus	GTEx-ref
GTEX-PVOW-0011-R1A-SM-32PL6	GTEX-PVOW	Brain - Hippocampus	GTEx-sim
GTEX-ZDXO-0011-R1a-SM-4WKF4	GTEX-ZDXO	Brain - Hippocampus	GTEx-sim
GTEX-1212Z-0011-R1b-SM-5BC72	GTEX-1212Z	Brain - Hippocampus	GTEx-ref
GTEX-XMD1-0011-R1A-SM-4AT4C	GTEX-XMD1	Brain - Hippocampus	GTEx-ref
GTEX-N7MS-0011-R1a-SM-2HMJG	GTEX-N7MS	Brain - Hippocampus	GTEx-sim
GTEX-P44G-0011-R1A-SM-2I3FE	GTEX-P44G	Brain - Hippocampus	GTEx-sim
GTEX-T5JC-0011-R1A-SM-32PM6	GTEX-T5JC	Brain - Hippocampus	GTEx-ref
GTEX-13OW7-0011-R1b-SM-5L3HF	GTEX-13OW7	Brain - Hippocampus	GTEx-ref
GTEX-WL46-0011-R1A-SM-3LK6M	GTEX-WL46	Brain - Hippocampus	GTEx-sim
GTEX-Y8DK-0011-R1A-SM-4RGLO	GTEX-Y8DK	Brain - Hippocampus	GTEx-sim
GTEX-1399T-0011-R1b-SM-5DUWN	GTEX-1399T	Brain - Hippocampus	GTEx-sim
GTEX-13OW5-0011-R1b-SM-5L3GE	GTEX-13OW5	Brain - Hippocampus	GTEx-sim
GTEX-T6MN-0011-R1A-SM-32QOY	GTEX-T6MN	Brain - Hippocampus	GTEx-sim
GTEX-13RTL-0011-R1a-SM-5PNZ8	GTEX-13RTL	Brain - Hippocampus	GTEx-sim
GTEX-13O3Q-0011-R1b-SM-5KM3L	GTEX-13O3Q	Brain - Hippocampus	GTEx-ref
GTEX-144GL-0011-R1a-SM-5PNZ5	GTEX-144GL	Brain - Hippocampus	GTEx-ref
GTEX-13NYB-0011-R1b-SM-5KM4F	GTEX-13NYB	Brain - Hippocampus	GTEx-sim
GTEX-13PDP-0011-R1a-SM-5PNX5	GTEX-13PDP	Brain - Hippocampus	GTEx-ref
GTEX-12WSF-0011-R1a-SM-5DUVI	GTEX-12WSF	Brain - Hippocampus	GTEx-ref
GTEX-ZF28-0011-R1a-SM-4WWD1	GTEX-ZF28	Brain - Hippocampus	GTEx-ref
GTEX-NPJ8-0011-R1a-SM-2HMLC	GTEX-NPJ8	Brain - Hippocampus	GTEx-ref
GTEX-12WSH-0011-R1a-SM-5GU5V	GTEX-12WSH	Brain - Hippocampus	GTEx-sim
GTEX-139TT-0011-R1a-SM-5LZVD	GTEX-139TT	Brain - Hippocampus	GTEx-sim
GTEX-13NZA-0011-R1b-SM-5LUAF	GTEX-13NZA	Brain - Hippocampus	GTEx-sim
GTEX-13SLW-0011-R1a-SM-5S2W7	GTEX-13SLW	Brain - Hippocampus	GTEx-sim
GTEX-13112-0011-R1b-SM-5HL7K	GTEX-13112	Brain - Hippocampus	GTEx-sim
GTEX-13CF2-0011-R1a-SM-5LZY1	GTEX-13CF2	Brain - Hippocampus	GTEx-sim
GTEX-13FLW-0011-R1b-SM-5LZX2	GTEX-13FLW	Brain - Hippocampus	GTEx-sim
GTEX-13X6I-0011-R1b-SM-5PNZC	GTEX-13X6I	Brain - Hippocampus	GTEx-ref
GTEX-12WSM-0011-R1a-SM-5LZW6	GTEX-12WSM	Brain - Hippocampus	GTEx-ref
GTEX-13FXS-0011-R1a-SM-5K7U6	GTEX-13FXS	Brain - Hippocampus	GTEx-ref
GTEX-13NYS-0011-R1b-SM-5MR55	GTEX-13NYS	Brain - Hippocampus	GTEx-sim
GTEX-NL3H-0011-R1a-SM-48TDJ	GTEX-NL3H	Brain - Hippocampus	GTEx-sim
GTEX-139T8-0011-R1a-SM-5HL75	GTEX-139T8	Brain - Hippocampus	GTEx-ref
GTEX-13FHP-0011-R1b-SM-5K7XL	GTEX-13FHP	Brain - Hippocampus	GTEx-ref
GTEX-144GO-0011-R1a-SM-5PNWO	GTEX-144GO	Brain - Hippocampus	GTEx-sim
GTEX-145LU-0011-R1a-SM-5Q5CE	GTEX-145LU	Brain - Hippocampus	GTEx-sim
GTEX-X4EP-0011-R1A-SM-3P624	GTEX-X4EP	Brain - Hippocampus	GTEx-sim
GTEX-WWYW-0011-R1A-SM-3TW8G	GTEX-WWYW	Brain - Hippocampus	GTEx-ref
GTEX-RNOR-0011-R1A-SM-5SI8F	GTEX-RNOR	Brain - Hippocampus	GTEx-ref
GTEX-145LS-0011-R1b-SM-5PNUP	GTEX-145LS	Brain - Hippocampus	GTEx-ref
GTEX-13OVJ-0011-R1b-SM-5L3I6	GTEX-13OVJ	Brain - Hippocampus	GTEx-ref
GTEX-13QIC-0011-R1a-SM-5O9CJ	GTEX-13QIC	Brain - Hippocampus	GTEx-sim
GTEX-Q2AG-0011-R1A-SM-2HMJI	GTEX-Q2AG	Brain - Hippocampus	GTEx-ref
GTEX-N7MT-0011-R1a-SM-5SI7S	GTEX-N7MT	Brain - Hippocampus	GTEx-sim
GTEX-QVJO-0011-R1A-SM-2S1QI	GTEX-QVJO	Brain - Hippocampus	GTEx-ref
GTEX-11ZTS-0011-R1a-SM-5BC71	GTEX-11ZTS	Brain - Hippocampus	GTEx-sim
GTEX-13NZ8-0011-R1b-SM-5KM3V	GTEX-13NZ8	Brain - Hippocampus	GTEx-sim
GTEX-NPJ7-0011-R1a-SM-3GACT	GTEX-NPJ7	Brain - Hippocampus	GTEx-ref
GTEX-13JUV-0011-R1a-SM-5LZY4	GTEX-13JUV	Brain - Hippocampus	GTEx-sim
GTEX-131YS-0011-R1a-SM-5DUXC	GTEX-131YS	Brain - Hippocampus	GTEx-sim
GTEX-YFC4-0011-R1a-SM-4V6EH	GTEX-YFC4	Brain - Hippocampus	GTEx-sim
GTEX-1313W-0011-R1b-SM-5EQ4A	GTEX-1313W	Brain - Hippocampus	GTEx-ref
GTEX-12WSB-0011-R1b-SM-5P9EY	GTEX-12WSB	Brain - Hippocampus	GTEx-sim
GTEX-ZE7O-0011-R1a-SM-57WDM	GTEX-ZE7O	Brain - Hippocampus	GTEx-ref
GTEX-12WSD-0011-R1b-SM-5LZVY	GTEX-12WSD	Brain - Hippocampus	GTEx-sim
GTEX-11ZVC-0011-R1b-SM-5BC6M	GTEX-11ZVC	Brain - Hippocampus	GTEx-sim
GTEX-13O3O-0011-R1b-SM-5KM2K	GTEX-13O3O	Brain - Hippocampus	GTEx-sim
GTEX-13FTY-0011-R1a-SM-5LZXE	GTEX-13FTY	Brain - Hippocampus	GTEx-sim
GTEX-TSE9-0011-R1A-SM-3DB7E	GTEX-TSE9	Brain - Hippocampus	GTEx-ref
GTEX-ZVZQ-0011-R1a-SM-57WBU	GTEX-ZVZQ	Brain - Hippocampus	GTEx-ref
GTEX-NPJ8-0011-R8a-SM-2HMLG	GTEX-NPJ8	Brain - Hypothalamus	GTEx-ref
GTEX-QMR6-0011-R8A-SM-32PKJ	GTEX-QMR6	Brain - Hypothalamus	GTEx-sim
GTEX-13OW7-0011-R8b-SM-5L3HR	GTEX-13OW7	Brain - Hypothalamus	GTEx-ref
GTEX-13O3Q-0011-R8b-SM-5KM2J	GTEX-13O3Q	Brain - Hypothalamus	GTEx-ref
GTEX-X4XX-0011-R8B-SM-46MWM	GTEX-X4XX	Brain - Hypothalamus	GTEx-sim
GTEX-NL4W-0011-R8a-SM-2I3G4	GTEX-NL4W	Brain - Hypothalamus	GTEx-ref
GTEX-13FXS-0011-R8a-SM-5J1MN	GTEX-13FXS	Brain - Hypothalamus	GTEx-ref
GTEX-13SLW-0011-R8b-SM-5SI64	GTEX-13SLW	Brain - Hypothalamus	GTEx-ref
GTEX-11OF3-0011-R8b-SM-57WCS	GTEX-11OF3	Brain - Hypothalamus	GTEx-ref
GTEX-14ASI-0011-R8b-SM-5S2UB	GTEX-14ASI	Brain - Hypothalamus	GTEx-ref
GTEX-13CF2-0011-R8b-SM-5IJCX	GTEX-13CF2	Brain - Hypothalamus	GTEx-sim
GTEX-13NZA-0011-R8b-SM-5KM2Q	GTEX-13NZA	Brain - Hypothalamus	GTEx-sim
GTEX-13OW6-0011-R8a-SM-5L3GF	GTEX-13OW6	Brain - Hypothalamus	GTEx-sim
GTEX-13CIG-0011-R8b-SM-5LZX5	GTEX-13CIG	Brain - Hypothalamus	GTEx-ref
GTEX-X585-0011-R8A-SM-46MUX	GTEX-X585	Brain - Hypothalamus	GTEx-sim
GTEX-12WSM-0011-R8a-SM-5DUWJ	GTEX-12WSM	Brain - Hypothalamus	GTEx-sim
GTEX-11WQC-0011-R8b-SM-57WCH	GTEX-11WQC	Brain - Hypothalamus	GTEx-sim
GTEX-13IVO-0011-R8a-SM-5L3DY	GTEX-13IVO	Brain - Hypothalamus	GTEx-sim
GTEX-R55F-0011-R8A-SM-2TF4F	GTEX-R55F	Brain - Hypothalamus	GTEx-ref
GTEX-13RTJ-0011-R8b-SM-5O9DL	GTEX-13RTJ	Brain - Hypothalamus	GTEx-ref
GTEX-1399T-0011-R8b-SM-5IJD8	GTEX-1399T	Brain - Hypothalamus	GTEx-sim
GTEX-144GL-0011-R8a-SM-5Q5B1	GTEX-144GL	Brain - Hypothalamus	GTEx-ref
GTEX-YJ89-0011-R8b-SM-4SOK8	GTEX-YJ89	Brain - Hypothalamus	GTEx-ref
GTEX-WZTO-0011-R8A-SM-4E3II	GTEX-WZTO	Brain - Hypothalamus	GTEx-sim
GTEX-XMD1-0011-R8A-SM-4AT48	GTEX-XMD1	Brain - Hypothalamus	GTEx-ref
GTEX-X261-0011-R8A-SM-4E3I5	GTEX-X261	Brain - Hypothalamus	GTEx-sim
GTEX-XOTO-0011-R8A-SM-4B65J	GTEX-XOTO	Brain - Hypothalamus	GTEx-sim
GTEX-11ONC-0011-R8b-SM-5NQ87	GTEX-11ONC	Brain - Hypothalamus	GTEx-sim
GTEX-147F4-0011-R8b-SM-5S2UN	GTEX-147F4	Brain - Hypothalamus	GTEx-ref
GTEX-13OW5-0011-R8a-SM-5L3GQ	GTEX-13OW5	Brain - Hypothalamus	GTEx-sim
GTEX-ZDXO-0011-R8a-SM-4WWD7	GTEX-ZDXO	Brain - Hypothalamus	GTEx-ref
GTEX-13OVH-0011-R8b-SM-5MR35	GTEX-13OVH	Brain - Hypothalamus	GTEx-ref
GTEX-13PDP-0011-R8b-SM-5O9CS	GTEX-13PDP	Brain - Hypothalamus	GTEx-sim
GTEX-13NYB-0011-R8a-SM-5KM4R	GTEX-13NYB	Brain - Hypothalamus	GTEx-ref
GTEX-13NYS-0011-R8a-SM-5MR5H	GTEX-13NYS	Brain - Hypothalamus	GTEx-ref
GTEX-13OVL-0011-R8a-SM-5L3HH	GTEX-13OVL	Brain - Hypothalamus	GTEx-sim
GTEX-WHSE-0011-R8A-SM-3P5Z1	GTEX-WHSE	Brain - Hypothalamus	GTEx-sim
GTEX-WVLH-0011-R8A-SM-3MJFC	GTEX-WVLH	Brain - Hypothalamus	GTEx-ref
GTEX-13JVG-0011-R8a-SM-5KM3E	GTEX-13JVG	Brain - Hypothalamus	GTEx-sim
GTEX-14753-0011-R8b-SM-5S2U1	GTEX-14753	Brain - Hypothalamus	GTEx-sim
GTEX-ZAB4-0011-R8b-SM-4SOKF	GTEX-ZAB4	Brain - Hypothalamus	GTEx-ref
GTEX-11WQK-0011-R8a-SM-5BC7C	GTEX-11WQK	Brain - Hypothalamus	GTEx-sim
GTEX-N7MS-0011-R8a-SM-2YUMK	GTEX-N7MS	Brain - Hypothalamus	GTEx-sim
GTEX-XLM4-0011-R8A-SM-4AT44	GTEX-XLM4	Brain - Hypothalamus	GTEx-ref
GTEX-R55E-0011-R8A-SM-2TC66	GTEX-R55E	Brain - Hypothalamus	GTEx-ref
GTEX-1445S-0011-R8a-SM-5PNWX	GTEX-1445S	Brain - Hypothalamus	GTEx-sim
GTEX-13FLV-0011-R8a-SM-5LZZE	GTEX-13FLV	Brain - Hypothalamus	GTEx-sim
GTEX-13FLW-0011-R8b-SM-5J1MZ	GTEX-13FLW	Brain - Hypothalamus	GTEx-ref
GTEX-ZF28-0011-R8a-SM-4WWFW	GTEX-ZF28	Brain - Hypothalamus	GTEx-ref
GTEX-13X6I-0011-R8a-SM-5PNZF	GTEX-13X6I	Brain - Hypothalamus	GTEx-ref
GTEX-ZUA1-0011-R8b-SM-51MST	GTEX-ZUA1	Brain - Hypothalamus	GTEx-sim
GTEX-11H98-0011-R8a-SM-5NQ8V	GTEX-11H98	Brain - Hypothalamus	GTEx-ref
GTEX-13X6J-0011-R8b-SM-5PNUA	GTEX-13X6J	Brain - Hypothalamus	GTEx-ref
GTEX-13OW8-0011-R8a-SM-5L3G5	GTEX-13OW8	Brain - Hypothalamus	GTEx-sim
GTEX-145MH-0011-R8a-SM-5PNUL	GTEX-145MH	Brain - Hypothalamus	GTEx-ref
GTEX-131XH-0011-R8a-SM-5EGLL	GTEX-131XH	Brain - Hypothalamus	GTEx-ref
GTEX-RVPU-0011-R8A-SM-5SI8I	GTEX-RVPU	Brain - Hypothalamus	GTEx-ref
GTEX-12WSA-0011-R8a-SM-5P9EX	GTEX-12WSA	Brain - Hypothalamus	GTEx-sim
GTEX-11ZUS-0011-R8a-SM-5BC73	GTEX-11ZUS	Brain - Hypothalamus	GTEx-sim
GTEX-X4XY-0011-R8A-SM-46MVC	GTEX-X4XY	Brain - Hypothalamus	GTEx-ref
GTEX-RVPU-0011-R8A-SM-2TF74	GTEX-RVPU	Brain - Hypothalamus	GTEx-ref
GTEX-13X6K-0011-R8b-SM-5PNZ4	GTEX-13X6K	Brain - Hypothalamus	GTEx-ref
GTEX-QVUS-0011-R8A-SM-3GAD7	GTEX-QVUS	Brain - Hypothalamus	GTEx-ref
GTEX-145LS-0011-R8b-SM-5PNXA	GTEX-145LS	Brain - Hypothalamus	GTEx-sim
GTEX-X4EP-0011-R8B-SM-4QASL	GTEX-X4EP	Brain - Hypothalamus	GTEx-sim
GTEX-OHPN-0011-R8A-SM-33HBT	GTEX-OHPN	Brain - Hypothalamus	GTEx-sim
GTEX-1313W-0011-R8a-SM-5DUVM	GTEX-1313W	Brain - Hypothalamus	GTEx-sim
GTEX-ZVZQ-0011-R8a-SM-51MR5	GTEX-ZVZQ	Brain - Hypothalamus	GTEx-sim
GTEX-12ZZX-0011-R8a-SM-5DUW8	GTEX-12ZZX	Brain - Hypothalamus	GTEx-ref
GTEX-ZVT3-0011-R8b-SM-57WDJ	GTEX-ZVT3	Brain - Hypothalamus	GTEx-sim
GTEX-13QIC-0011-R8b-SM-5O9CV	GTEX-13QIC	Brain - Hypothalamus	GTEx-sim
GTEX-NPJ7-0011-R8a-SM-2I3G2	GTEX-NPJ7	Brain - Hypothalamus	GTEx-ref
GTEX-Q2AG-0011-R8A-SM-2HMK5	GTEX-Q2AG	Brain - Hypothalamus	GTEx-ref
GTEX-11GSP-0011-R8b-SM-5NQ79	GTEX-11GSP	Brain - Hypothalamus	GTEx-ref
GTEX-13O3O-0011-R8b-SM-5LUAL	GTEX-13O3O	Brain - Hypothalamus	GTEx-sim
GTEX-13NZ8-0011-R8b-SM-5KM48	GTEX-13NZ8	Brain - Hypothalamus	GTEx-sim
GTEX-13OVJ-0011-R8b-SM-5L3FS	GTEX-13OVJ	Brain - Hypothalamus	GTEx-sim
GTEX-13SLX-0011-R8b-SM-5PNWZ	GTEX-13SLX	Brain - Hypothalamus	GTEx-sim
GTEX-RU72-0011-R8A-SM-2TF61	GTEX-RU72	Brain - Hypothalamus	GTEx-ref
GTEX-QVJO-0011-R8A-SM-447C7	GTEX-QVJO	Brain - Hypothalamus	GTEx-sim
GTEX-13QJC-0011-R8b-SM-5S2U6	GTEX-13QJC	Brain - Hypothalamus	GTEx-ref
GTEX-145MI-0011-R8b-SM-5PNZ9	GTEX-145MI	Brain - Hypothalamus	GTEx-sim
GTEX-QMR6-0011-R6A-SM-32PKP	GTEX-QMR6	Brain - Nucleus Accumbens (Basal Ganglia)	GTEx-ref
GTEX-NPJ8-0011-R6a-SM-2HMKB	GTEX-NPJ8	Brain - Nucleus Accumbens (Basal Ganglia)	GTEx-sim
GTEX-P44H-0011-R6A-SM-2XCF3	GTEX-P44H	Brain - Nucleus Accumbens (Basal Ganglia)	GTEx-sim
GTEX-NL3H-0011-R6a-SM-2I3G8	GTEX-NL3H	Brain - Nucleus Accumbens (Basal Ganglia)	GTEx-sim
GTEX-WVLH-0011-R6A-SM-3MJFZ	GTEX-WVLH	Brain - Nucleus Accumbens (Basal Ganglia)	GTEx-ref
GTEX-XLM4-0011-R6A-SM-4AT4B	GTEX-XLM4	Brain - Nucleus Accumbens (Basal Ganglia)	GTEx-ref
GTEX-WL46-0011-R6A-SM-3LK6X	GTEX-WL46	Brain - Nucleus Accumbens (Basal Ganglia)	GTEx-ref
GTEX-13VXU-0011-R6a-SM-5SI71	GTEX-13VXU	Brain - Nucleus Accumbens (Basal Ganglia)	GTEx-sim
GTEX-ZF28-0011-R6a-SM-4WKHI	GTEX-ZF28	Brain - Nucleus Accumbens (Basal Ganglia)	GTEx-ref
GTEX-T6MN-0011-R6A-SM-32QP8	GTEX-T6MN	Brain - Nucleus Accumbens (Basal Ganglia)	GTEx-ref
GTEX-131XH-0011-R6a-SM-5KM2G	GTEX-131XH	Brain - Nucleus Accumbens (Basal Ganglia)	GTEx-sim
GTEX-144GL-0011-R6a-SM-5P9HW	GTEX-144GL	Brain - Nucleus Accumbens (Basal Ganglia)	GTEx-sim
GTEX-NL4W-0011-R6a-SM-2I3GA	GTEX-NL4W	Brain - Nucleus Accumbens (Basal Ganglia)	GTEx-ref
GTEX-WZTO-0011-R6B-SM-4E3J6	GTEX-WZTO	Brain - Nucleus Accumbens (Basal Ganglia)	GTEx-sim
GTEX-13OVL-0011-R6a-SM-5L3G4	GTEX-13OVL	Brain - Nucleus Accumbens (Basal Ganglia)	GTEx-sim
GTEX-UTHO-0011-R6A-SM-3GIJW	GTEX-UTHO	Brain - Nucleus Accumbens (Basal Ganglia)	GTEx-ref
GTEX-ZXG5-0011-R6a-SM-57WBZ	GTEX-ZXG5	Brain - Nucleus Accumbens (Basal Ganglia)	GTEx-sim
GTEX-13NYS-0011-R6b-SM-5MR3R	GTEX-13NYS	Brain - Nucleus Accumbens (Basal Ganglia)	GTEx-ref
GTEX-N7MS-0011-R6a-SM-2HMJ4	GTEX-N7MS	Brain - Nucleus Accumbens (Basal Ganglia)	GTEx-sim
GTEX-14ABY-0011-R6a-SM-5PNWR	GTEX-14ABY	Brain - Nucleus Accumbens (Basal Ganglia)	GTEx-sim
GTEX-12ZZY-0011-R6b-SM-5EGLA	GTEX-12ZZY	Brain - Nucleus Accumbens (Basal Ganglia)	GTEx-ref
GTEX-YJ89-0011-R6a-SM-4V6GN	GTEX-YJ89	Brain - Nucleus Accumbens (Basal Ganglia)	GTEx-sim
GTEX-13N2G-0011-R6b-SM-5MR3P	GTEX-13N2G	Brain - Nucleus Accumbens (Basal Ganglia)	GTEx-ref
GTEX-ZUA1-0011-R6b-SM-4YCDD	GTEX-ZUA1	Brain - Nucleus Accumbens (Basal Ganglia)	GTEx-ref
GTEX-13FLW-0011-R6b-SM-5L3EN	GTEX-13FLW	Brain - Nucleus Accumbens (Basal Ganglia)	GTEx-sim
GTEX-13OW5-0011-R6b-SM-5O9BW	GTEX-13OW5	Brain - Nucleus Accumbens (Basal Ganglia)	GTEx-ref
GTEX-Z93S-0011-R6b-SM-4RGNJ	GTEX-Z93S	Brain - Nucleus Accumbens (Basal Ganglia)	GTEx-sim
GTEX-13O3Q-0011-R6a-SM-5KM2V	GTEX-13O3Q	Brain - Nucleus Accumbens (Basal Ganglia)	GTEx-ref
GTEX-13FXS-0011-R6b-SM-5L3F7	GTEX-13FXS	Brain - Nucleus Accumbens (Basal Ganglia)	GTEx-ref
GTEX-13NYB-0011-R6b-SM-5MR51	GTEX-13NYB	Brain - Nucleus Accumbens (Basal Ganglia)	GTEx-ref
GTEX-T5JC-0011-R6A-SM-5SI89	GTEX-T5JC	Brain - Nucleus Accumbens (Basal Ganglia)	GTEx-sim
GTEX-13N1W-0011-R6a-SM-5MR43	GTEX-13N1W	Brain - Nucleus Accumbens (Basal Ganglia)	GTEx-ref
GTEX-Y8DK-0011-R6A-SM-4V6EG	GTEX-Y8DK	Brain - Nucleus Accumbens (Basal Ganglia)	GTEx-ref
GTEX-XMD1-0011-R6A-SM-4AT5K	GTEX-XMD1	Brain - Nucleus Accumbens (Basal Ganglia)	GTEx-sim
GTEX-ZE9C-0011-R6a-SM-4WWCW	GTEX-ZE9C	Brain - Nucleus Accumbens (Basal Ganglia)	GTEx-sim
GTEX-11OF3-0011-R6b-SM-57WBG	GTEX-11OF3	Brain - Nucleus Accumbens (Basal Ganglia)	GTEx-sim
GTEX-13112-0011-R6b-SM-5DUVK	GTEX-13112	Brain - Nucleus Accumbens (Basal Ganglia)	GTEx-sim
GTEX-14ASI-0011-R6a-SM-5S2UZ	GTEX-14ASI	Brain - Nucleus Accumbens (Basal Ganglia)	GTEx-ref
GTEX-ZAB4-0011-R6a-SM-4SOKD	GTEX-ZAB4	Brain - Nucleus Accumbens (Basal Ganglia)	GTEx-ref
GTEX-13X6J-0011-R6a-SM-5PNUB	GTEX-13X6J	Brain - Nucleus Accumbens (Basal Ganglia)	GTEx-sim
GTEX-147GR-0011-R6b-SM-5S2RO	GTEX-147GR	Brain - Nucleus Accumbens (Basal Ganglia)	GTEx-sim
GTEX-139UC-0011-R6b-SM-5K7Z1	GTEX-139UC	Brain - Nucleus Accumbens (Basal Ganglia)	GTEx-ref
GTEX-R55F-0011-R6A-SM-2TF4L	GTEX-R55F	Brain - Nucleus Accumbens (Basal Ganglia)	GTEx-sim
GTEX-X4XX-0011-R6B-SM-46MWP	GTEX-X4XX	Brain - Nucleus Accumbens (Basal Ganglia)	GTEx-ref
GTEX-12WSE-0011-R6b-SM-5LZV5	GTEX-12WSE	Brain - Nucleus Accumbens (Basal Ganglia)	GTEx-ref
GTEX-WHSE-0011-R6A-SM-3P5ZP	GTEX-WHSE	Brain - Nucleus Accumbens (Basal Ganglia)	GTEx-ref
GTEX-12ZZZ-0011-R6b-SM-5EQ5B	GTEX-12ZZZ	Brain - Nucleus Accumbens (Basal Ganglia)	GTEx-sim
GTEX-S7SE-0011-R6A-SM-2XCD9	GTEX-S7SE	Brain - Nucleus Accumbens (Basal Ganglia)	GTEx-sim
GTEX-1445S-0011-R6b-SM-5PNUF	GTEX-1445S	Brain - Nucleus Accumbens (Basal Ganglia)	GTEx-sim
GTEX-11NV4-0011-R6a-SM-57WD5	GTEX-11NV4	Brain - Nucleus Accumbens (Basal Ganglia)	GTEx-sim
GTEX-13OVH-0011-R6b-SM-5LUAX	GTEX-13OVH	Brain - Nucleus Accumbens (Basal Ganglia)	GTEx-ref
GTEX-13G51-0011-R6b-SM-5LZX4	GTEX-13G51	Brain - Nucleus Accumbens (Basal Ganglia)	GTEx-ref
GTEX-13FLV-0011-R6a-SM-5KLZ4	GTEX-13FLV	Brain - Nucleus Accumbens (Basal Ganglia)	GTEx-sim
GTEX-S7PM-0011-R6A-SM-3NM8F	GTEX-S7PM	Brain - Nucleus Accumbens (Basal Ganglia)	GTEx-sim
GTEX-13OW8-0011-R6b-SM-5L3I3	GTEX-13OW8	Brain - Nucleus Accumbens (Basal Ganglia)	GTEx-ref
GTEX-144GO-0011-R6b-SM-5S2V7	GTEX-144GO	Brain - Nucleus Accumbens (Basal Ganglia)	GTEx-sim
GTEX-12WSF-0011-R6b-SM-5HL8W	GTEX-12WSF	Brain - Nucleus Accumbens (Basal Ganglia)	GTEx-sim
GTEX-XOTO-0011-R6B-SM-4B65X	GTEX-XOTO	Brain - Nucleus Accumbens (Basal Ganglia)	GTEx-sim
GTEX-11WQC-0011-R6a-SM-5BC77	GTEX-11WQC	Brain - Nucleus Accumbens (Basal Ganglia)	GTEx-sim
GTEX-12WSM-0011-R6b-SM-5EQ6N	GTEX-12WSM	Brain - Nucleus Accumbens (Basal Ganglia)	GTEx-sim
GTEX-12ZZW-0011-R6a-SM-5DUVZ	GTEX-12ZZW	Brain - Nucleus Accumbens (Basal Ganglia)	GTEx-sim
GTEX-139TS-0011-R6a-SM-5J2OB	GTEX-139TS	Brain - Nucleus Accumbens (Basal Ganglia)	GTEx-sim
GTEX-13JVG-0011-R6a-SM-5MR3E	GTEX-13JVG	Brain - Nucleus Accumbens (Basal Ganglia)	GTEx-ref
GTEX-14753-0011-R6b-SM-5S2UD	GTEX-14753	Brain - Nucleus Accumbens (Basal Ganglia)	GTEx-sim
GTEX-X261-0011-R6B-SM-4E3J8	GTEX-X261	Brain - Nucleus Accumbens (Basal Ganglia)	GTEx-ref
GTEX-12584-0011-R6a-SM-5NQ7C	GTEX-12584	Brain - Nucleus Accumbens (Basal Ganglia)	GTEx-ref
GTEX-147F4-0011-R6b-SM-5S2UP	GTEX-147F4	Brain - Nucleus Accumbens (Basal Ganglia)	GTEx-ref
GTEX-13PDP-0011-R6b-SM-5O9D5	GTEX-13PDP	Brain - Nucleus Accumbens (Basal Ganglia)	GTEx-sim
GTEX-13FHP-0011-R6b-SM-5LZY6	GTEX-13FHP	Brain - Nucleus Accumbens (Basal Ganglia)	GTEx-ref
GTEX-RVPU-0011-R6A-SM-2XCAC	GTEX-RVPU	Brain - Nucleus Accumbens (Basal Ganglia)	GTEx-ref
GTEX-T6MN-0011-R6A-SM-5CHQD	GTEX-T6MN	Brain - Nucleus Accumbens (Basal Ganglia)	GTEx-ref
GTEX-12WSD-0011-R6b-SM-5P9JU	GTEX-12WSD	Brain - Nucleus Accumbens (Basal Ganglia)	GTEx-sim
GTEX-13X6K-0011-R6a-SM-5P9K6	GTEX-13X6K	Brain - Nucleus Accumbens (Basal Ganglia)	GTEx-ref
GTEX-QVJO-0011-R6A-SM-2S1QN	GTEX-QVJO	Brain - Nucleus Accumbens (Basal Ganglia)	GTEx-sim
GTEX-WWYW-0011-R6A-SM-3NB3G	GTEX-WWYW	Brain - Nucleus Accumbens (Basal Ganglia)	GTEx-ref
GTEX-X4EP-0011-R6A-SM-3P629	GTEX-X4EP	Brain - Nucleus Accumbens (Basal Ganglia)	GTEx-sim
GTEX-QDT8-0011-R6A-SM-32PKI	GTEX-QDT8	Brain - Nucleus Accumbens (Basal Ganglia)	GTEx-ref
GTEX-14BIN-0011-R6a-SM-5S2RH	GTEX-14BIN	Brain - Nucleus Accumbens (Basal Ganglia)	GTEx-ref
GTEX-14BIM-0011-R6b-SM-5S2VB	GTEX-14BIM	Brain - Nucleus Accumbens (Basal Ganglia)	GTEx-sim
GTEX-13OVJ-0011-R6b-SM-5L3GH	GTEX-13OVJ	Brain - Nucleus Accumbens (Basal Ganglia)	GTEx-ref
GTEX-N7MT-0011-R6a-SM-2I3G3	GTEX-N7MT	Brain - Nucleus Accumbens (Basal Ganglia)	GTEx-ref
GTEX-T2IS-0011-R6A-SM-32QP2	GTEX-T2IS	Brain - Nucleus Accumbens (Basal Ganglia)	GTEx-ref
GTEX-13SLX-0011-R6a-SM-5PNX4	GTEX-13SLX	Brain - Nucleus Accumbens (Basal Ganglia)	GTEx-ref
GTEX-13O3O-0011-R6b-SM-5P9GY	GTEX-13O3O	Brain - Nucleus Accumbens (Basal Ganglia)	GTEx-ref
GTEX-145LS-0011-R6b-SM-5PNWL	GTEX-145LS	Brain - Nucleus Accumbens (Basal Ganglia)	GTEx-ref
GTEX-Q2AG-0011-R6A-SM-2HML7	GTEX-Q2AG	Brain - Nucleus Accumbens (Basal Ganglia)	GTEx-ref
GTEX-13S7M-0011-R6b-SM-5O9D8	GTEX-13S7M	Brain - Nucleus Accumbens (Basal Ganglia)	GTEx-sim
GTEX-11GSP-0011-R6b-SM-57WBQ	GTEX-11GSP	Brain - Nucleus Accumbens (Basal Ganglia)	GTEx-ref
GTEX-ZVZQ-0011-R6b-SM-57WAY	GTEX-ZVZQ	Brain - Nucleus Accumbens (Basal Ganglia)	GTEx-sim
GTEX-NPJ7-0011-R6a-SM-2I3G7	GTEX-NPJ7	Brain - Nucleus Accumbens (Basal Ganglia)	GTEx-sim
GTEX-YFC4-0011-R6b-SM-4V6E1	GTEX-YFC4	Brain - Nucleus Accumbens (Basal Ganglia)	GTEx-ref
GTEX-13JUV-0011-R6b-SM-5LZYG	GTEX-13JUV	Brain - Nucleus Accumbens (Basal Ganglia)	GTEx-sim
GTEX-12WS9-0011-R6a-SM-5P9EW	GTEX-12WS9	Brain - Nucleus Accumbens (Basal Ganglia)	GTEx-sim
GTEX-1313W-0011-R6a-SM-5K7XO	GTEX-1313W	Brain - Nucleus Accumbens (Basal Ganglia)	GTEx-ref
GTEX-12ZZX-0011-R6a-SM-5HL8L	GTEX-12ZZX	Brain - Nucleus Accumbens (Basal Ganglia)	GTEx-ref
GTEX-ZVT3-0011-R6a-SM-51MSU	GTEX-ZVT3	Brain - Nucleus Accumbens (Basal Ganglia)	GTEx-sim
GTEX-13QJC-0011-R6a-SM-5S2VI	GTEX-13QJC	Brain - Nucleus Accumbens (Basal Ganglia)	GTEx-sim
GTEX-ZE7O-0011-R6a-SM-57WCI	GTEX-ZE7O	Brain - Nucleus Accumbens (Basal Ganglia)	GTEx-sim
GTEX-QVUS-0011-R6A-SM-3GACX	GTEX-QVUS	Brain - Nucleus Accumbens (Basal Ganglia)	GTEx-sim
GTEX-RU72-0011-R6A-SM-2TF71	GTEX-RU72	Brain - Nucleus Accumbens (Basal Ganglia)	GTEx-sim
GTEX-13PL6-0011-R6a-SM-5O9C5	GTEX-13PL6	Brain - Nucleus Accumbens (Basal Ganglia)	GTEx-sim
GTEX-12WSB-0011-R6b-SM-5GU6J	GTEX-12WSB	Brain - Nucleus Accumbens (Basal Ganglia)	GTEx-ref
GTEX-131XW-0011-R6b-SM-5K7XY	GTEX-131XW	Brain - Nucleus Accumbens (Basal Ganglia)	GTEx-ref
GTEX-ZV68-0011-R6a-SM-51MSR	GTEX-ZV68	Brain - Nucleus Accumbens (Basal Ganglia)	GTEx-ref
GTEX-13RTJ-0011-R7b-SM-5P9JS	GTEX-13RTJ	Brain - Putamen (Basal Ganglia)	GTEx-sim
GTEX-ZUA1-0011-R7b-SM-4YCDP	GTEX-ZUA1	Brain - Putamen (Basal Ganglia)	GTEx-ref
GTEX-ZAB4-0011-R7a-SM-4SOKE	GTEX-ZAB4	Brain - Putamen (Basal Ganglia)	GTEx-ref
GTEX-WZTO-0011-R7B-SM-4E3IS	GTEX-WZTO	Brain - Putamen (Basal Ganglia)	GTEx-sim
GTEX-13X6I-0011-R7b-SM-5PNWP	GTEX-13X6I	Brain - Putamen (Basal Ganglia)	GTEx-ref
GTEX-13VXU-0011-R7b-SM-5SI72	GTEX-13VXU	Brain - Putamen (Basal Ganglia)	GTEx-ref
GTEX-139UC-0011-R7a-SM-5IJCV	GTEX-139UC	Brain - Putamen (Basal Ganglia)	GTEx-ref
GTEX-WVLH-0011-R7A-SM-3MJFB	GTEX-WVLH	Brain - Putamen (Basal Ganglia)	GTEx-sim
GTEX-13112-0011-R7b-SM-5DUVW	GTEX-13112	Brain - Putamen (Basal Ganglia)	GTEx-ref
GTEX-139TT-0011-R7b-SM-5J2MN	GTEX-139TT	Brain - Putamen (Basal Ganglia)	GTEx-ref
GTEX-13X6J-0011-R7b-SM-5PNUC	GTEX-13X6J	Brain - Putamen (Basal Ganglia)	GTEx-sim
GTEX-145MH-0011-R7a-SM-5PNWH	GTEX-145MH	Brain - Putamen (Basal Ganglia)	GTEx-sim
GTEX-13PVQ-0011-R7a-SM-5L3G3	GTEX-13PVQ	Brain - Putamen (Basal Ganglia)	GTEx-sim
GTEX-145MG-0011-R7b-SM-5P9JY	GTEX-145MG	Brain - Putamen (Basal Ganglia)	GTEx-sim
GTEX-N7MS-0011-R7a-SM-2HMKN	GTEX-N7MS	Brain - Putamen (Basal Ganglia)	GTEx-ref
GTEX-P44G-0011-R7A-SM-2I3F9	GTEX-P44G	Brain - Putamen (Basal Ganglia)	GTEx-ref
GTEX-XOTO-0011-R7B-SM-4B64R	GTEX-XOTO	Brain - Putamen (Basal Ganglia)	GTEx-sim
GTEX-13FLW-0011-R7b-SM-5L3EZ	GTEX-13FLW	Brain - Putamen (Basal Ganglia)	GTEx-sim
GTEX-R55E-0011-R7A-SM-2TC5Z	GTEX-R55E	Brain - Putamen (Basal Ganglia)	GTEx-ref
GTEX-12WSC-0011-R7b-SM-5LU9L	GTEX-12WSC	Brain - Putamen (Basal Ganglia)	GTEx-sim
GTEX-13NYB-0011-R7a-SM-5MR5D	GTEX-13NYB	Brain - Putamen (Basal Ganglia)	GTEx-ref
GTEX-11OF3-0011-R7a-SM-57WCG	GTEX-11OF3	Brain - Putamen (Basal Ganglia)	GTEx-ref
GTEX-13OW6-0011-R7b-SM-5L3H4	GTEX-13OW6	Brain - Putamen (Basal Ganglia)	GTEx-ref
GTEX-YJ89-0011-R7a-SM-4V6GO	GTEX-YJ89	Brain - Putamen (Basal Ganglia)	GTEx-ref
GTEX-WL46-0011-R7A-SM-3LK7X	GTEX-WL46	Brain - Putamen (Basal Ganglia)	GTEx-sim
GTEX-X4XX-0011-R7A-SM-46MWR	GTEX-X4XX	Brain - Putamen (Basal Ganglia)	GTEx-sim
GTEX-13FHO-0011-R7b-SM-5LZXD	GTEX-13FHO	Brain - Putamen (Basal Ganglia)	GTEx-sim
GTEX-X261-0011-R7A-SM-4E3JJ	GTEX-X261	Brain - Putamen (Basal Ganglia)	GTEx-sim
GTEX-ZXG5-0011-R7b-SM-57WCC	GTEX-ZXG5	Brain - Putamen (Basal Ganglia)	GTEx-ref
GTEX-11NV4-0011-R7a-SM-57WDH	GTEX-11NV4	Brain - Putamen (Basal Ganglia)	GTEx-sim
GTEX-13G51-0011-R7b-SM-5LZXG	GTEX-13G51	Brain - Putamen (Basal Ganglia)	GTEx-sim
GTEX-11WQC-0011-R7b-SM-5BC7A	GTEX-11WQC	Brain - Putamen (Basal Ganglia)	GTEx-sim
GTEX-12ZZZ-0011-R7b-SM-5EGLE	GTEX-12ZZZ	Brain - Putamen (Basal Ganglia)	GTEx-ref
GTEX-12WSF-0011-R7b-SM-5HL99	GTEX-12WSF	Brain - Putamen (Basal Ganglia)	GTEx-sim
GTEX-12WSM-0011-R7b-SM-5EGLD	GTEX-12WSM	Brain - Putamen (Basal Ganglia)	GTEx-ref
GTEX-NL3H-0011-R7a-SM-2I3G5	GTEX-NL3H	Brain - Putamen (Basal Ganglia)	GTEx-sim
GTEX-NPJ8-0011-R7a-SM-2HMJV	GTEX-NPJ8	Brain - Putamen (Basal Ganglia)	GTEx-sim
GTEX-WHSE-0011-R7A-SM-3P5YZ	GTEX-WHSE	Brain - Putamen (Basal Ganglia)	GTEx-ref
GTEX-13JVG-0011-R7b-SM-5MR3Q	GTEX-13JVG	Brain - Putamen (Basal Ganglia)	GTEx-ref
GTEX-13OW8-0011-R7a-SM-5L3FP	GTEX-13OW8	Brain - Putamen (Basal Ganglia)	GTEx-sim
GTEX-ZDXO-0011-R7a-SM-4WWCU	GTEX-ZDXO	Brain - Putamen (Basal Ganglia)	GTEx-ref
GTEX-S7SE-0011-R7A-SM-2XCDI	GTEX-S7SE	Brain - Putamen (Basal Ganglia)	GTEx-ref
GTEX-12ZZW-0011-R7a-SM-5DUWC	GTEX-12ZZW	Brain - Putamen (Basal Ganglia)	GTEx-sim
GTEX-147GR-0011-R7a-SM-5S2RP	GTEX-147GR	Brain - Putamen (Basal Ganglia)	GTEx-ref
GTEX-RVPU-0011-R7A-SM-2XCAB	GTEX-RVPU	Brain - Putamen (Basal Ganglia)	GTEx-sim
GTEX-ZE9C-0011-R7a-SM-4WWCX	GTEX-ZE9C	Brain - Putamen (Basal Ganglia)	GTEx-ref
GTEX-ZF28-0011-R7a-SM-4WKF5	GTEX-ZF28	Brain - Putamen (Basal Ganglia)	GTEx-ref
GTEX-12WSA-0011-R7b-SM-5GU5U	GTEX-12WSA	Brain - Putamen (Basal Ganglia)	GTEx-ref
GTEX-12WSE-0011-R7a-SM-5PNWF	GTEX-12WSE	Brain - Putamen (Basal Ganglia)	GTEx-sim
GTEX-13CZV-0011-R7b-SM-5LZXH	GTEX-13CZV	Brain - Putamen (Basal Ganglia)	GTEx-sim
GTEX-13FHP-0011-R7b-SM-5LZYI	GTEX-13FHP	Brain - Putamen (Basal Ganglia)	GTEx-sim
GTEX-139TS-0011-R7a-SM-5K7X7	GTEX-139TS	Brain - Putamen (Basal Ganglia)	GTEx-ref
GTEX-13CF2-0011-R7b-SM-5K7UV	GTEX-13CF2	Brain - Putamen (Basal Ganglia)	GTEx-ref
GTEX-1445S-0011-R7b-SM-5PNUG	GTEX-1445S	Brain - Putamen (Basal Ganglia)	GTEx-sim
GTEX-T6MN-0011-R7A-SM-5CHSP	GTEX-T6MN	Brain - Putamen (Basal Ganglia)	GTEx-sim
GTEX-RNOR-0011-R7A-SM-2TF4V	GTEX-RNOR	Brain - Putamen (Basal Ganglia)	GTEx-sim
GTEX-13OVJ-0011-R7a-SM-5L3G1	GTEX-13OVJ	Brain - Putamen (Basal Ganglia)	GTEx-ref
GTEX-11GSP-0011-R7b-SM-57WC3	GTEX-11GSP	Brain - Putamen (Basal Ganglia)	GTEx-ref
GTEX-N7MT-0011-R7a-SM-2I3FZ	GTEX-N7MT	Brain - Putamen (Basal Ganglia)	GTEx-sim
GTEX-13X6K-0011-R7b-SM-5P9K7	GTEX-13X6K	Brain - Putamen (Basal Ganglia)	GTEx-ref
GTEX-X4EP-0011-R7B-SM-4PQZW	GTEX-X4EP	Brain - Putamen (Basal Ganglia)	GTEx-ref
GTEX-ZVZQ-0011-R7b-SM-57WBB	GTEX-ZVZQ	Brain - Putamen (Basal Ganglia)	GTEx-ref
GTEX-131YS-0011-R7a-SM-5IJDA	GTEX-131YS	Brain - Putamen (Basal Ganglia)	GTEx-ref
GTEX-WWYW-0011-R7A-SM-3NB3H	GTEX-WWYW	Brain - Putamen (Basal Ganglia)	GTEx-sim
GTEX-Q2AG-0011-R7A-SM-2HMJP	GTEX-Q2AG	Brain - Putamen (Basal Ganglia)	GTEx-sim
GTEX-145LS-0011-R7a-SM-5PNWM	GTEX-145LS	Brain - Putamen (Basal Ganglia)	GTEx-sim
GTEX-13S7M-0011-R7a-SM-5O9DK	GTEX-13S7M	Brain - Putamen (Basal Ganglia)	GTEx-sim
GTEX-13O3O-0011-R7b-SM-5P9GZ	GTEX-13O3O	Brain - Putamen (Basal Ganglia)	GTEx-ref
GTEX-12WSD-0011-R7b-SM-5PNWE	GTEX-12WSD	Brain - Putamen (Basal Ganglia)	GTEx-sim
GTEX-13QJC-0011-R7b-SM-5PNUM	GTEX-13QJC	Brain - Putamen (Basal Ganglia)	GTEx-sim
GTEX-12ZZX-0011-R7b-SM-5DUVV	GTEX-12ZZX	Brain - Putamen (Basal Ganglia)	GTEx-ref
GTEX-ZVT3-0011-R7a-SM-57WCO	GTEX-ZVT3	Brain - Putamen (Basal Ganglia)	GTEx-ref
GTEX-13JUV-0011-R7b-SM-5LZZG	GTEX-13JUV	Brain - Putamen (Basal Ganglia)	GTEx-sim
GTEX-145MI-0011-R7b-SM-5Q5AZ	GTEX-145MI	Brain - Putamen (Basal Ganglia)	GTEx-ref
GTEX-ZE7O-0011-R7a-SM-57WCU	GTEX-ZE7O	Brain - Putamen (Basal Ganglia)	GTEx-sim
GTEX-ZV68-0011-R7a-SM-51MT4	GTEX-ZV68	Brain - Putamen (Basal Ganglia)	GTEx-ref
GTEX-12WSB-0011-R7b-SM-5GU6V	GTEX-12WSB	Brain - Putamen (Basal Ganglia)	GTEx-sim
GTEX-1313W-0011-R7b-SM-5DUWL	GTEX-1313W	Brain - Putamen (Basal Ganglia)	GTEx-sim
GTEX-RU72-0011-R7A-SM-2TF5U	GTEX-RU72	Brain - Putamen (Basal Ganglia)	GTEx-ref
GTEX-QVJO-0011-R7A-SM-2S1QO	GTEX-QVJO	Brain - Putamen (Basal Ganglia)	GTEx-sim
GTEX-TSE9-0011-R7A-SM-5CHS2	GTEX-TSE9	Brain - Putamen (Basal Ganglia)	GTEx-ref
GTEX-14ABY-0011-R9a-SM-5PNZK	GTEX-14ABY	Brain - Spinal Cord (Cervical C-1)	GTEx-ref
GTEX-13FXS-0011-R9a-SM-5K7UI	GTEX-13FXS	Brain - Spinal Cord (Cervical C-1)	GTEx-sim
GTEX-ZAB4-0011-R9a-SM-4SOKG	GTEX-ZAB4	Brain - Spinal Cord (Cervical C-1)	GTEx-ref
GTEX-139UC-0011-R9a-SM-5K7W7	GTEX-139UC	Brain - Spinal Cord (Cervical C-1)	GTEx-ref
GTEX-WL46-0011-R9A-SM-3MJFP	GTEX-WL46	Brain - Spinal Cord (Cervical C-1)	GTEx-sim
GTEX-13N2G-0011-R9b-SM-5MR4E	GTEX-13N2G	Brain - Spinal Cord (Cervical C-1)	GTEx-ref
GTEX-14BIL-0011-R9a-SM-5SI7A	GTEX-14BIL	Brain - Spinal Cord (Cervical C-1)	GTEx-ref
GTEX-13OVL-0011-R9a-SM-5P9GX	GTEX-13OVL	Brain - Spinal Cord (Cervical C-1)	GTEx-ref
GTEX-147GR-0011-R9a-SM-5S2UY	GTEX-147GR	Brain - Spinal Cord (Cervical C-1)	GTEx-sim
GTEX-12WSC-0011-R9a-SM-5GU4U	GTEX-12WSC	Brain - Spinal Cord (Cervical C-1)	GTEx-ref
GTEX-RVPU-0011-R9A-SM-3NM8E	GTEX-RVPU	Brain - Spinal Cord (Cervical C-1)	GTEx-sim
GTEX-YJ89-0011-R9a-SM-4SOK7	GTEX-YJ89	Brain - Spinal Cord (Cervical C-1)	GTEx-ref
GTEX-ZE9C-0011-R9a-SM-4WWCY	GTEX-ZE9C	Brain - Spinal Cord (Cervical C-1)	GTEx-ref
GTEX-13RTJ-0011-R9a-SM-5Q5AY	GTEX-13RTJ	Brain - Spinal Cord (Cervical C-1)	GTEx-ref
GTEX-13PVQ-0011-R9b-SM-5LU3B	GTEX-13PVQ	Brain - Spinal Cord (Cervical C-1)	GTEx-ref
GTEX-12126-0011-R9b-SM-5BC6P	GTEX-12126	Brain - Spinal Cord (Cervical C-1)	GTEx-ref
GTEX-145LU-0011-R9b-SM-5SI66	GTEX-145LU	Brain - Spinal Cord (Cervical C-1)	GTEx-sim
GTEX-13N1W-0011-R9b-SM-5MR4R	GTEX-13N1W	Brain - Spinal Cord (Cervical C-1)	GTEx-sim
GTEX-NL4W-0011-R9a-SM-2I3G1	GTEX-NL4W	Brain - Spinal Cord (Cervical C-1)	GTEx-sim
GTEX-13NZA-0011-R9b-SM-5MR5I	GTEX-13NZA	Brain - Spinal Cord (Cervical C-1)	GTEx-sim
GTEX-NPJ8-0011-R9a-SM-2YUN5	GTEX-NPJ8	Brain - Spinal Cord (Cervical C-1)	GTEx-ref
GTEX-13CIG-0011-R9a-SM-5K7VU	GTEX-13CIG	Brain - Spinal Cord (Cervical C-1)	GTEx-sim
GTEX-11ONC-0011-R9b-SM-5NQ8J	GTEX-11ONC	Brain - Spinal Cord (Cervical C-1)	GTEx-sim
GTEX-12WSH-0011-R9b-SM-5LZUG	GTEX-12WSH	Brain - Spinal Cord (Cervical C-1)	GTEx-sim
GTEX-13CZV-0011-R9a-SM-5LZXT	GTEX-13CZV	Brain - Spinal Cord (Cervical C-1)	GTEx-ref
GTEX-XLM4-0011-R9A-SM-4AT45	GTEX-XLM4	Brain - Spinal Cord (Cervical C-1)	GTEx-sim
GTEX-139UW-0011-R9b-SM-5LZYT	GTEX-139UW	Brain - Spinal Cord (Cervical C-1)	GTEx-sim
GTEX-13O1R-0011-R9b-SM-5KM33	GTEX-13O1R	Brain - Spinal Cord (Cervical C-1)	GTEx-ref
GTEX-R55E-0011-R9A-SM-2TC6C	GTEX-R55E	Brain - Spinal Cord (Cervical C-1)	GTEx-sim
GTEX-11ZUS-0011-R9b-SM-5BC76	GTEX-11ZUS	Brain - Spinal Cord (Cervical C-1)	GTEx-ref
GTEX-13NYS-0011-R9b-SM-5MR44	GTEX-13NYS	Brain - Spinal Cord (Cervical C-1)	GTEx-ref
GTEX-148VJ-0011-R9b-SM-5SI77	GTEX-148VJ	Brain - Spinal Cord (Cervical C-1)	GTEx-sim
GTEX-11WQK-0011-R9b-SM-5BC6N	GTEX-11WQK	Brain - Spinal Cord (Cervical C-1)	GTEx-ref
GTEX-13RTL-0011-R9a-SM-5Q5BR	GTEX-13RTL	Brain - Spinal Cord (Cervical C-1)	GTEx-sim
GTEX-OHPN-0011-R9A-SM-2YUMN	GTEX-OHPN	Brain - Spinal Cord (Cervical C-1)	GTEx-ref
GTEX-YFC4-0011-R9a-SM-4SOK4	GTEX-YFC4	Brain - Spinal Cord (Cervical C-1)	GTEx-ref
GTEX-OHPN-0011-R9A-SM-4DXUH	GTEX-OHPN	Brain - Spinal Cord (Cervical C-1)	GTEx-ref
GTEX-OXRO-0011-R9A-SM-3NB1X	GTEX-OXRO	Brain - Spinal Cord (Cervical C-1)	GTEx-sim
GTEX-13OVJ-0011-R9b-SM-5L3GD	GTEX-13OVJ	Brain - Spinal Cord (Cervical C-1)	GTEx-sim
GTEX-13S7M-0011-R9a-SM-5O9DW	GTEX-13S7M	Brain - Spinal Cord (Cervical C-1)	GTEx-sim
GTEX-X4EP-0011-R9B-SM-4QASI	GTEX-X4EP	Brain - Spinal Cord (Cervical C-1)	GTEx-ref
GTEX-TSE9-0011-R9A-SM-3DB7Q	GTEX-TSE9	Brain - Spinal Cord (Cervical C-1)	GTEx-ref
GTEX-QDT8-0011-R9A-SM-5SI8J	GTEX-QDT8	Brain - Spinal Cord (Cervical C-1)	GTEx-ref
GTEX-131XW-0011-R9a-SM-5N9EO	GTEX-131XW	Brain - Spinal Cord (Cervical C-1)	GTEx-sim
GTEX-ZVZQ-0011-R9a-SM-51MRH	GTEX-ZVZQ	Brain - Spinal Cord (Cervical C-1)	GTEx-ref
GTEX-13JUV-0011-R9a-SM-5LZX3	GTEX-13JUV	Brain - Spinal Cord (Cervical C-1)	GTEx-sim
GTEX-131YS-0011-R9b-SM-5EQLY	GTEX-131YS	Brain - Spinal Cord (Cervical C-1)	GTEx-sim
GTEX-13PLJ-0011-R9b-SM-5O9DV	GTEX-13PLJ	Brain - Spinal Cord (Cervical C-1)	GTEx-ref
GTEX-OXRO-0011-R9A-SM-5S2W3	GTEX-OXRO	Brain - Spinal Cord (Cervical C-1)	GTEx-sim
GTEX-14BIN-0011-R9a-SM-5SI76	GTEX-14BIN	Brain - Spinal Cord (Cervical C-1)	GTEx-ref
GTEX-139T4-0011-R9b-SM-5HL6S	GTEX-139T4	Brain - Spinal Cord (Cervical C-1)	GTEx-ref
GTEX-13SLX-0011-R9b-SM-5SI6X	GTEX-13SLX	Brain - Spinal Cord (Cervical C-1)	GTEx-sim
GTEX-13PL6-0011-R9b-SM-5O9CH	GTEX-13PL6	Brain - Spinal Cord (Cervical C-1)	GTEx-sim
GTEX-12WSD-0011-R9a-SM-5GU6W	GTEX-12WSD	Brain - Spinal Cord (Cervical C-1)	GTEx-sim
GTEX-RNOR-0011-R9A-SM-2TF52	GTEX-RNOR	Brain - Spinal Cord (Cervical C-1)	GTEx-sim
GTEX-Q2AG-0011-R9A-SM-2HMJ6	GTEX-Q2AG	Brain - Spinal Cord (Cervical C-1)	GTEx-sim
GTEX-NPJ7-0011-R9a-SM-2TC5R	GTEX-NPJ7	Brain - Spinal Cord (Cervical C-1)	GTEx-ref
GTEX-11ZVC-0011-R9a-SM-57WC5	GTEX-11ZVC	Brain - Spinal Cord (Cervical C-1)	GTEx-sim
GTEX-QDT8-0011-R9A-SM-32PKH	GTEX-QDT8	Brain - Spinal Cord (Cervical C-1)	GTEx-ref
GTEX-13FTY-0011-R9b-SM-5KM2U	GTEX-13FTY	Brain - Spinal Cord (Cervical C-1)	GTEx-sim
GTEX-WVLH-0011-R2A-SM-3MJFJ	GTEX-WVLH	Brain - Substantia Nigra	GTEx-sim
GTEX-X4XX-0011-R2A-SM-3P623	GTEX-X4XX	Brain - Substantia Nigra	GTEx-ref
GTEX-139TS-0011-R2b-SM-5J1MX	GTEX-139TS	Brain - Substantia Nigra	GTEx-sim
GTEX-13FXS-0011-R2b-SM-5K7XX	GTEX-13FXS	Brain - Substantia Nigra	GTEx-ref
GTEX-13X6I-0011-R2b-SM-5PNWQ	GTEX-13X6I	Brain - Substantia Nigra	GTEx-ref
GTEX-13NYB-0011-R2a-SM-5MR3C	GTEX-13NYB	Brain - Substantia Nigra	GTEx-ref
GTEX-WHSE-0011-R2A-SM-3P5ZL	GTEX-WHSE	Brain - Substantia Nigra	GTEx-sim
GTEX-13OW6-0011-R2a-SM-5L3HG	GTEX-13OW6	Brain - Substantia Nigra	GTEx-sim
GTEX-13RTJ-0011-R2a-SM-5PNW9	GTEX-13RTJ	Brain - Substantia Nigra	GTEx-ref
GTEX-N7MS-0011-R2a-SM-2HML6	GTEX-N7MS	Brain - Substantia Nigra	GTEx-sim
GTEX-131XH-0011-R2b-SM-5DUVY	GTEX-131XH	Brain - Substantia Nigra	GTEx-ref
GTEX-132Q8-0011-R2b-SM-5EQ5Z	GTEX-132Q8	Brain - Substantia Nigra	GTEx-ref
GTEX-1399T-0011-R2b-SM-5DUXM	GTEX-1399T	Brain - Substantia Nigra	GTEx-sim
GTEX-YJ89-0011-R2b-SM-4RGLT	GTEX-YJ89	Brain - Substantia Nigra	GTEx-sim
GTEX-S7SE-0011-R2A-SM-2XCDC	GTEX-S7SE	Brain - Substantia Nigra	GTEx-ref
GTEX-WL46-0011-R2A-SM-3LK6O	GTEX-WL46	Brain - Substantia Nigra	GTEx-sim
GTEX-ZAB4-0011-R2a-SM-4RGNP	GTEX-ZAB4	Brain - Substantia Nigra	GTEx-sim
GTEX-11GSO-0011-R2a-SM-57WDF	GTEX-11GSO	Brain - Substantia Nigra	GTEx-ref
GTEX-147GR-0011-R2b-SM-5S2RQ	GTEX-147GR	Brain - Substantia Nigra	GTEx-sim
GTEX-13CF2-0011-R2a-SM-5L3DC	GTEX-13CF2	Brain - Substantia Nigra	GTEx-ref
GTEX-13SLW-0011-R2b-SM-5O9C6	GTEX-13SLW	Brain - Substantia Nigra	GTEx-sim
GTEX-1445S-0011-R2b-SM-5PNUH	GTEX-1445S	Brain - Substantia Nigra	GTEx-ref
GTEX-XMD1-0011-R2B-SM-4AT5N	GTEX-XMD1	Brain - Substantia Nigra	GTEx-ref
GTEX-12WSA-0011-R2a-SM-57WDK	GTEX-12WSA	Brain - Substantia Nigra	GTEx-sim
GTEX-13G51-0011-R2b-SM-5LZXS	GTEX-13G51	Brain - Substantia Nigra	GTEx-ref
GTEX-XLM4-0011-R2B-SM-4AT5Z	GTEX-XLM4	Brain - Substantia Nigra	GTEx-sim
GTEX-13N2G-0011-R2a-SM-5MR4Q	GTEX-13N2G	Brain - Substantia Nigra	GTEx-sim
GTEX-T6MN-0011-R2A-SM-32QOW	GTEX-T6MN	Brain - Substantia Nigra	GTEx-ref
GTEX-13O3Q-0011-R2b-SM-5KM3K	GTEX-13O3Q	Brain - Substantia Nigra	GTEx-sim
GTEX-P44G-0011-R2A-SM-2XCD2	GTEX-P44G	Brain - Substantia Nigra	GTEx-ref
GTEX-ZE9C-0011-R2a-SM-4WKGH	GTEX-ZE9C	Brain - Substantia Nigra	GTEx-sim
GTEX-X585-0011-R2B-SM-46MVF	GTEX-X585	Brain - Substantia Nigra	GTEx-sim
GTEX-Z93S-0011-R2a-SM-4RGNG	GTEX-Z93S	Brain - Substantia Nigra	GTEx-ref
GTEX-ZDXO-0011-R2b-SM-4WKFG	GTEX-ZDXO	Brain - Substantia Nigra	GTEx-ref
GTEX-12WSH-0011-R2a-SM-5GU68	GTEX-12WSH	Brain - Substantia Nigra	GTEx-sim
GTEX-YFC4-0011-R2a-SM-4V6DZ	GTEX-YFC4	Brain - Substantia Nigra	GTEx-sim
GTEX-T2IS-0011-R2A-SM-32QPF	GTEX-T2IS	Brain - Substantia Nigra	GTEx-sim
GTEX-X4EP-0011-R2B-SM-3P625	GTEX-X4EP	Brain - Substantia Nigra	GTEx-sim
GTEX-13OVJ-0011-R2b-SM-5L3GP	GTEX-13OVJ	Brain - Substantia Nigra	GTEx-ref
GTEX-Q2AG-0011-R2A-SM-2HMIT	GTEX-Q2AG	Brain - Substantia Nigra	GTEx-ref
GTEX-11ZTS-0011-R2b-SM-5BC75	GTEX-11ZTS	Brain - Substantia Nigra	GTEx-ref
GTEX-13X6K-0011-R2b-SM-5P9K3	GTEX-13X6K	Brain - Substantia Nigra	GTEx-ref
GTEX-145LS-0011-R2a-SM-5PNZI	GTEX-145LS	Brain - Substantia Nigra	GTEx-sim
GTEX-QVJO-0011-R2A-SM-2S1QK	GTEX-QVJO	Brain - Substantia Nigra	GTEx-sim
GTEX-OXRO-0011-R2A-SM-3NB1W	GTEX-OXRO	Brain - Substantia Nigra	GTEx-sim
GTEX-13SLX-0011-R2b-SM-5S2VP	GTEX-13SLX	Brain - Substantia Nigra	GTEx-sim
GTEX-NPJ7-0011-R2a-SM-2I3GF	GTEX-NPJ7	Brain - Substantia Nigra	GTEx-ref
GTEX-11UD1-0011-R2b-SM-5BC6O	GTEX-11UD1	Brain - Substantia Nigra	GTEx-sim
GTEX-1313W-0011-R2a-SM-5EGLF	GTEX-1313W	Brain - Substantia Nigra	GTEx-sim
GTEX-13QJC-0011-R2b-SM-5PNUN	GTEX-13QJC	Brain - Substantia Nigra	GTEx-ref
GTEX-N7MT-0011-R2a-SM-2I3GI	GTEX-N7MT	Brain - Substantia Nigra	GTEx-ref
GTEX-12WS9-0011-R2a-SM-5CVNE	GTEX-12WS9	Brain - Substantia Nigra	GTEx-sim
GTEX-PWO3-0011-R2A-SM-2S1OX	GTEX-PWO3	Brain - Substantia Nigra	GTEx-ref
GTEX-12ZZX-0011-R2a-SM-5EGLG	GTEX-12ZZX	Brain - Substantia Nigra	GTEx-sim
GTEX-ZV68-0011-R2a-SM-4YCDK	GTEX-ZV68	Brain - Substantia Nigra	GTEx-ref
GTEX-12WSD-0011-R2a-SM-5LZWB	GTEX-12WSD	Brain - Substantia Nigra	GTEx-ref
GTEX-RU72-0011-R2A-SM-2TF6O	GTEX-RU72	Brain - Substantia Nigra	GTEx-ref
GTEX-T6MN-0726-SM-32PML	GTEX-T6MN	Breast - Mammary Tissue	GTEx-sim
GTEX-13NZB-2126-SM-5MR4Y	GTEX-13NZB	Breast - Mammary Tissue	GTEx-sim
GTEX-ZU9S-1926-SM-5NQBP	GTEX-ZU9S	Breast - Mammary Tissue	GTEx-ref
GTEX-11DXW-0626-SM-5N9ER	GTEX-11DXW	Breast - Mammary Tissue	GTEx-sim
GTEX-UPK5-2326-SM-3P5Z8	GTEX-UPK5	Breast - Mammary Tissue	GTEx-sim
GTEX-VUSG-2226-SM-4KKZO	GTEX-VUSG	Breast - Mammary Tissue	GTEx-sim
GTEX-ZVTK-0326-SM-51MRR	GTEX-ZVTK	Breast - Mammary Tissue	GTEx-ref
GTEX-14ABY-2126-SM-5QGQZ	GTEX-14ABY	Breast - Mammary Tissue	GTEx-sim
GTEX-R55F-1726-SM-2TF4R	GTEX-R55F	Breast - Mammary Tissue	GTEx-sim
GTEX-U3ZH-1426-SM-4DXSR	GTEX-U3ZH	Breast - Mammary Tissue	GTEx-ref
GTEX-13CF2-2026-SM-5K7VI	GTEX-13CF2	Breast - Mammary Tissue	GTEx-sim
GTEX-QEL4-2126-SM-447AE	GTEX-QEL4	Breast - Mammary Tissue	GTEx-ref
GTEX-11P7K-0726-SM-5EGKX	GTEX-11P7K	Breast - Mammary Tissue	GTEx-ref
GTEX-11EI6-0626-SM-5985T	GTEX-11EI6	Breast - Mammary Tissue	GTEx-sim
GTEX-11GS4-2126-SM-5A5KR	GTEX-11GS4	Breast - Mammary Tissue	GTEx-sim
GTEX-147F4-2826-SM-5NQBN	GTEX-147F4	Breast - Mammary Tissue	GTEx-sim
GTEX-WYJK-1326-SM-3NB2T	GTEX-WYJK	Breast - Mammary Tissue	GTEx-ref
GTEX-145MO-0826-SM-5NQBL	GTEX-145MO	Breast - Mammary Tissue	GTEx-sim
GTEX-Y111-2026-SM-4SOJA	GTEX-Y111	Breast - Mammary Tissue	GTEx-sim
GTEX-13NZ9-1026-SM-5MR5K	GTEX-13NZ9	Breast - Mammary Tissue	GTEx-ref
GTEX-QEG5-0726-SM-4R1JQ	GTEX-QEG5	Breast - Mammary Tissue	GTEx-ref
GTEX-111YS-1926-SM-5GICC	GTEX-111YS	Breast - Mammary Tissue	GTEx-sim
GTEX-S33H-0326-SM-4AD6N	GTEX-S33H	Breast - Mammary Tissue	GTEx-ref
GTEX-11PRG-0826-SM-5EQ6A	GTEX-11PRG	Breast - Mammary Tissue	GTEx-ref
GTEX-ZTX8-1226-SM-4YCE9	GTEX-ZTX8	Breast - Mammary Tissue	GTEx-sim
GTEX-U412-1826-SM-4DXTJ	GTEX-U412	Breast - Mammary Tissue	GTEx-ref
GTEX-1192X-2326-SM-5987X	GTEX-1192X	Breast - Mammary Tissue	GTEx-sim
GTEX-T2YK-2226-SM-32QPT	GTEX-T2YK	Breast - Mammary Tissue	GTEx-sim
GTEX-ZEX8-2226-SM-57WC6	GTEX-ZEX8	Breast - Mammary Tissue	GTEx-sim
GTEX-139TU-0626-SM-5KM3X	GTEX-139TU	Breast - Mammary Tissue	GTEx-ref
GTEX-SIU7-1626-SM-4BRUK	GTEX-SIU7	Breast - Mammary Tissue	GTEx-sim
GTEX-XMD1-0826-SM-4AT52	GTEX-XMD1	Breast - Mammary Tissue	GTEx-sim
GTEX-ZY6K-1626-SM-5GZWV	GTEX-ZY6K	Breast - Mammary Tissue	GTEx-ref
GTEX-XBED-1626-SM-47JYN	GTEX-XBED	Breast - Mammary Tissue	GTEx-sim
GTEX-11TT1-2126-SM-5GU5Y	GTEX-11TT1	Breast - Mammary Tissue	GTEx-ref
GTEX-ZV7C-1826-SM-5NQ83	GTEX-ZV7C	Breast - Mammary Tissue	GTEx-ref
GTEX-139T6-1626-SM-5PNYZ	GTEX-139T6	Breast - Mammary Tissue	GTEx-ref
GTEX-11WQC-1726-SM-5GU4W	GTEX-11WQC	Breast - Mammary Tissue	GTEx-sim
GTEX-X261-0626-SM-3NMD9	GTEX-X261	Breast - Mammary Tissue	GTEx-sim
GTEX-ZDXO-0126-SM-5S2ND	GTEX-ZDXO	Breast - Mammary Tissue	GTEx-sim
GTEX-13OW8-0226-SM-5K7UP	GTEX-13OW8	Breast - Mammary Tissue	GTEx-sim
GTEX-11DXZ-1926-SM-5GZZL	GTEX-11DXZ	Breast - Mammary Tissue	GTEx-sim
GTEX-ZYFC-0826-SM-5E44K	GTEX-ZYFC	Breast - Mammary Tissue	GTEx-ref
GTEX-ZVE2-1226-SM-5NQ8R	GTEX-ZVE2	Breast - Mammary Tissue	GTEx-ref
GTEX-11NV4-2026-SM-5N9DG	GTEX-11NV4	Breast - Mammary Tissue	GTEx-sim
GTEX-144GM-0926-SM-5O994	GTEX-144GM	Breast - Mammary Tissue	GTEx-sim
GTEX-13FHO-0826-SM-5L3E8	GTEX-13FHO	Breast - Mammary Tissue	GTEx-ref
GTEX-11OF3-1926-SM-59889	GTEX-11OF3	Breast - Mammary Tissue	GTEx-ref
GTEX-13W46-0826-SM-5LU3H	GTEX-13W46	Breast - Mammary Tissue	GTEx-sim
GTEX-XQ3S-1326-SM-4BOPQ	GTEX-XQ3S	Breast - Mammary Tissue	GTEx-ref
GTEX-ZDTT-2126-SM-5S2OJ	GTEX-ZDTT	Breast - Mammary Tissue	GTEx-sim
GTEX-139T8-0826-SM-5L3DE	GTEX-139T8	Breast - Mammary Tissue	GTEx-ref
GTEX-S7SE-0826-SM-4AT4D	GTEX-S7SE	Breast - Mammary Tissue	GTEx-sim
GTEX-WY7C-2726-SM-3NB3P	GTEX-WY7C	Breast - Mammary Tissue	GTEx-sim
GTEX-ZYT6-0126-SM-5E45J	GTEX-ZYT6	Breast - Mammary Tissue	GTEx-sim
GTEX-QMRM-1626-SM-4R1KV	GTEX-QMRM	Breast - Mammary Tissue	GTEx-ref
GTEX-145MN-1926-SM-5SIAI	GTEX-145MN	Breast - Mammary Tissue	GTEx-sim
GTEX-X4XY-0926-SM-4E3JD	GTEX-X4XY	Breast - Mammary Tissue	GTEx-sim
GTEX-WOFL-0826-SM-3MJG1	GTEX-WOFL	Breast - Mammary Tissue	GTEx-sim
GTEX-132Q8-1426-SM-5EGK7	GTEX-132Q8	Breast - Mammary Tissue	GTEx-ref
GTEX-117XS-1926-SM-5GICO	GTEX-117XS	Breast - Mammary Tissue	GTEx-ref
GTEX-11NSD-0926-SM-5N9DR	GTEX-11NSD	Breast - Mammary Tissue	GTEx-ref
GTEX-13O3P-0826-SM-5L3DH	GTEX-13O3P	Breast - Mammary Tissue	GTEx-sim
GTEX-Y3I4-1526-SM-4TT7K	GTEX-Y3I4	Breast - Mammary Tissue	GTEx-ref
GTEX-11ONC-2126-SM-5HL6E	GTEX-11ONC	Breast - Mammary Tissue	GTEx-sim
GTEX-ZUA1-1526-SM-59HLS	GTEX-ZUA1	Breast - Mammary Tissue	GTEx-ref
GTEX-11EQ9-1826-SM-5Q5AJ	GTEX-11EQ9	Breast - Mammary Tissue	GTEx-ref
GTEX-144GL-2026-SM-5LU3O	GTEX-144GL	Breast - Mammary Tissue	GTEx-sim
GTEX-12KS4-0126-SM-5Q5A5	GTEX-12KS4	Breast - Mammary Tissue	GTEx-sim
GTEX-13N1W-0626-SM-5MR4U	GTEX-13N1W	Breast - Mammary Tissue	GTEx-ref
GTEX-XMK1-1126-SM-4IHJ8	GTEX-XMK1	Breast - Mammary Tissue	GTEx-sim
GTEX-UTHO-1026-SM-3GAF7	GTEX-UTHO	Breast - Mammary Tissue	GTEx-sim
GTEX-R55D-0826-SM-48FEA	GTEX-R55D	Breast - Mammary Tissue	GTEx-sim
GTEX-14E6E-1326-SM-5S2NR	GTEX-14E6E	Breast - Mammary Tissue	GTEx-ref
GTEX-11GSO-1926-SM-5A5K3	GTEX-11GSO	Breast - Mammary Tissue	GTEx-ref
GTEX-14753-2426-SM-5LU8U	GTEX-14753	Breast - Mammary Tissue	GTEx-ref
GTEX-YB5E-1726-SM-5IFJ3	GTEX-YB5E	Breast - Mammary Tissue	GTEx-sim
GTEX-REY6-2426-SM-48FF5	GTEX-REY6	Breast - Mammary Tissue	GTEx-ref
GTEX-Y5V6-2126-SM-4WWFX	GTEX-Y5V6	Breast - Mammary Tissue	GTEx-ref
GTEX-ZLFU-2126-SM-4WWEV	GTEX-ZLFU	Breast - Mammary Tissue	GTEx-ref
GTEX-U8XE-0826-SM-4E3J1	GTEX-U8XE	Breast - Mammary Tissue	GTEx-ref
GTEX-ZA64-1526-SM-5CVMD	GTEX-ZA64	Breast - Mammary Tissue	GTEx-sim
GTEX-ZYW4-0826-SM-5GIDG	GTEX-ZYW4	Breast - Mammary Tissue	GTEx-sim
GTEX-13S86-1226-SM-5S2OA	GTEX-13S86	Breast - Mammary Tissue	GTEx-ref
GTEX-XGQ4-0926-SM-4AT4U	GTEX-XGQ4	Breast - Mammary Tissue	GTEx-sim
GTEX-V955-2026-SM-3GAFA	GTEX-V955	Breast - Mammary Tissue	GTEx-sim
GTEX-Y9LG-1426-SM-5IFJZ	GTEX-Y9LG	Breast - Mammary Tissue	GTEx-ref
GTEX-13O61-1826-SM-5KM4I	GTEX-13O61	Breast - Mammary Tissue	GTEx-ref
GTEX-13PVQ-1026-SM-5KM3M	GTEX-13PVQ	Breast - Mammary Tissue	GTEx-ref
GTEX-ZT9W-2026-SM-51MRA	GTEX-ZT9W	Breast - Mammary Tissue	GTEx-sim
GTEX-YEC3-1026-SM-5IFI5	GTEX-YEC3	Breast - Mammary Tissue	GTEx-ref
GTEX-ZWKS-2826-SM-5NQ74	GTEX-ZWKS	Breast - Mammary Tissue	GTEx-ref
GTEX-11P82-1326-SM-5HL62	GTEX-11P82	Breast - Mammary Tissue	GTEx-ref
GTEX-117YX-1426-SM-5H12H	GTEX-117YX	Breast - Mammary Tissue	GTEx-sim
GTEX-12WSN-1326-SM-5GCNT	GTEX-12WSN	Breast - Mammary Tissue	GTEx-sim
GTEX-12WSM-1726-SM-5BC6J	GTEX-12WSM	Breast - Mammary Tissue	GTEx-ref
GTEX-ZDYS-1126-SM-5K7UB	GTEX-ZDYS	Breast - Mammary Tissue	GTEx-sim
GTEX-XQ8I-2426-SM-4WAXY	GTEX-XQ8I	Breast - Mammary Tissue	GTEx-sim
GTEX-11WQK-2426-SM-5GU5C	GTEX-11WQK	Breast - Mammary Tissue	GTEx-ref
GTEX-ZF2S-2026-SM-5E461	GTEX-ZF2S	Breast - Mammary Tissue	GTEx-sim
GTEX-13FTY-2226-SM-5J1ND	GTEX-13FTY	Breast - Mammary Tissue	GTEx-sim
GTEX-WYVS-1726-SM-3NMAY	GTEX-WYVS	Breast - Mammary Tissue	GTEx-ref
GTEX-ZVT2-1826-SM-5NQ8W	GTEX-ZVT2	Breast - Mammary Tissue	GTEx-sim
GTEX-RU72-0626-SM-46MUI	GTEX-RU72	Breast - Mammary Tissue	GTEx-ref
GTEX-131YS-0626-SM-5EGKL	GTEX-131YS	Breast - Mammary Tissue	GTEx-ref
GTEX-X15G-1626-SM-3NMB3	GTEX-X15G	Breast - Mammary Tissue	GTEx-ref
GTEX-1313W-0826-SM-5EQ4T	GTEX-1313W	Breast - Mammary Tissue	GTEx-ref
GTEX-YFC4-1426-SM-5IFJG	GTEX-YFC4	Breast - Mammary Tissue	GTEx-ref
GTEX-131XW-0726-SM-5EGK3	GTEX-131XW	Breast - Mammary Tissue	GTEx-sim
GTEX-S341-1526-SM-4AD6K	GTEX-S341	Breast - Mammary Tissue	GTEx-sim
GTEX-ZF3C-2326-SM-5S2MZ	GTEX-ZF3C	Breast - Mammary Tissue	GTEx-ref
GTEX-WYBS-0926-SM-3NM94	GTEX-WYBS	Breast - Mammary Tissue	GTEx-sim
GTEX-WRHU-0326-SM-3MJFY	GTEX-WRHU	Breast - Mammary Tissue	GTEx-ref
GTEX-ZC5H-2626-SM-5J2MG	GTEX-ZC5H	Breast - Mammary Tissue	GTEx-ref
GTEX-13QIC-2326-SM-5LU5N	GTEX-13QIC	Breast - Mammary Tissue	GTEx-ref
GTEX-ZLV1-1426-SM-4WWES	GTEX-ZLV1	Breast - Mammary Tissue	GTEx-sim
GTEX-XUJ4-1926-SM-4BOOV	GTEX-XUJ4	Breast - Mammary Tissue	GTEx-ref
GTEX-13PL6-2926-SM-5L3I2	GTEX-13PL6	Breast - Mammary Tissue	GTEx-sim
GTEX-VJWN-0726-SM-3GIJ8	GTEX-VJWN	Breast - Mammary Tissue	GTEx-sim
GTEX-Q2AG-0326-SM-48U1O	GTEX-Q2AG	Breast - Mammary Tissue	GTEx-ref
GTEX-13O3O-0826-SM-5K7WE	GTEX-13O3O	Breast - Mammary Tissue	GTEx-sim
GTEX-XMD2-0926-SM-4WWEF	GTEX-XMD2	Breast - Mammary Tissue	GTEx-ref
GTEX-1269C-2426-SM-5FQSN	GTEX-1269C	Breast - Mammary Tissue	GTEx-sim
GTEX-Y3IK-2326-SM-4WWDT	GTEX-Y3IK	Breast - Mammary Tissue	GTEx-sim
GTEX-13N11-1726-SM-5J1OJ	GTEX-13N11	Breast - Mammary Tissue	GTEx-ref
GTEX-146FH-0826-SM-5SI8T	GTEX-146FH	Breast - Mammary Tissue	GTEx-ref
GTEX-RU1J-0626-SM-4WAWY	GTEX-RU1J	Breast - Mammary Tissue	GTEx-sim
GTEX-XUZC-1626-SM-4BRVP	GTEX-XUZC	Breast - Mammary Tissue	GTEx-ref
GTEX-WXYG-2226-SM-4E3IM	GTEX-WXYG	Breast - Mammary Tissue	GTEx-ref
GTEX-R53T-1526-SM-48FEK	GTEX-R53T	Breast - Mammary Tissue	GTEx-ref
GTEX-Y5V5-2126-SM-4WWFO	GTEX-Y5V5	Breast - Mammary Tissue	GTEx-ref
GTEX-Y8LW-1626-SM-5IFHX	GTEX-Y8LW	Breast - Mammary Tissue	GTEx-sim
GTEX-ZVT4-1026-SM-57WC4	GTEX-ZVT4	Breast - Mammary Tissue	GTEx-ref
GTEX-13W3W-1226-SM-5LU4H	GTEX-13W3W	Breast - Mammary Tissue	GTEx-ref
GTEX-12ZZX-1126-SM-5EGKB	GTEX-12ZZX	Breast - Mammary Tissue	GTEx-ref
GTEX-ZXES-0826-SM-5E43C	GTEX-ZXES	Breast - Mammary Tissue	GTEx-ref
GTEX-ZVZQ-0826-SM-51MRF	GTEX-ZVZQ	Breast - Mammary Tissue	GTEx-ref
GTEX-QDT8-0626-SM-48TYW	GTEX-QDT8	Breast - Mammary Tissue	GTEx-sim
GTEX-1399U-1826-SM-5PNZ1	GTEX-1399U	Breast - Mammary Tissue	GTEx-ref
GTEX-TML8-1226-SM-32QON	GTEX-TML8	Breast - Mammary Tissue	GTEx-ref
GTEX-S4UY-0726-SM-4AD6X	GTEX-S4UY	Breast - Mammary Tissue	GTEx-sim
GTEX-ZF29-1926-SM-5S2P1	GTEX-ZF29	Breast - Mammary Tissue	GTEx-sim
GTEX-13113-1726-SM-5GCOO	GTEX-13113	Breast - Mammary Tissue	GTEx-sim
GTEX-U3ZN-1926-SM-4DXSG	GTEX-U3ZN	Breast - Mammary Tissue	GTEx-sim
GTEX-133LE-1726-SM-5K7VQ	GTEX-133LE	Breast - Mammary Tissue	GTEx-sim
GTEX-11EM3-1326-SM-5N9C6	GTEX-11EM3	Breast - Mammary Tissue	GTEx-ref
GTEX-14AS3-1626-SM-5S2OY	GTEX-14AS3	Breast - Mammary Tissue	GTEx-ref
GTEX-Y114-2026-SM-4TT7L	GTEX-Y114	Breast - Mammary Tissue	GTEx-sim
GTEX-1211K-1926-SM-5EQLB	GTEX-1211K	Breast - Mammary Tissue	GTEx-sim
GTEX-Y5LM-1726-SM-4VDSX	GTEX-Y5LM	Breast - Mammary Tissue	GTEx-sim
GTEX-ZYWO-2326-SM-5GZY4	GTEX-ZYWO	Breast - Mammary Tissue	GTEx-ref
GTEX-11P81-1926-SM-5BC53	GTEX-11P81	Breast - Mammary Tissue	GTEx-ref
GTEX-YJ8O-2226-SM-5IFHW	GTEX-YJ8O	Breast - Mammary Tissue	GTEx-ref
GTEX-11ILO-2226-SM-5A5L1	GTEX-11ILO	Breast - Mammary Tissue	GTEx-sim
GTEX-YB5K-1626-SM-5IFIN	GTEX-YB5K	Breast - Mammary Tissue	GTEx-sim
GTEX-T6MO-0326-SM-32QOK	GTEX-T6MO	Breast - Mammary Tissue	GTEx-ref
GTEX-UJHI-1426-SM-3DB9C	GTEX-UJHI	Breast - Mammary Tissue	GTEx-sim
GTEX-ZAJG-0626-SM-5HL8X	GTEX-ZAJG	Breast - Mammary Tissue	GTEx-sim
GTEX-13D11-1026-SM-5IJFB	GTEX-13D11	Breast - Mammary Tissue	GTEx-sim
GTEX-XV7Q-2326-SM-4BRVZ	GTEX-XV7Q	Breast - Mammary Tissue	GTEx-sim
GTEX-T5JW-2026-SM-4DM63	GTEX-T5JW	Breast - Mammary Tissue	GTEx-sim
GTEX-X4EP-2926-SM-3P5YQ	GTEX-X4EP	Breast - Mammary Tissue	GTEx-ref
GTEX-XUW1-2326-SM-4BOO5	GTEX-XUW1	Breast - Mammary Tissue	GTEx-ref
GTEX-11I78-2226-SM-5PNYA	GTEX-11I78	Breast - Mammary Tissue	GTEx-ref
GTEX-1117F-2826-SM-5GZXL	GTEX-1117F	Breast - Mammary Tissue	GTEx-ref
GTEX-XYKS-1326-SM-4BRUN	GTEX-XYKS	Breast - Mammary Tissue	GTEx-sim
GTEX-QVJO-1826-SM-447C9	GTEX-QVJO	Breast - Mammary Tissue	GTEx-ref
GTEX-ZQG8-0726-SM-5P9H9	GTEX-ZQG8	Breast - Mammary Tissue	GTEx-sim
GTEX-13FTX-1126-SM-5N9EN	GTEX-13FTX	Breast - Mammary Tissue	GTEx-sim
GTEX-12WSB-0626-SM-59HJO	GTEX-12WSB	Breast - Mammary Tissue	GTEx-ref
GTEX-ZPIC-1126-SM-5BC7F	GTEX-ZPIC	Breast - Mammary Tissue	GTEx-sim
GTEX-132AR-0826-SM-5EGK6	GTEX-132AR	Breast - Mammary Tissue	GTEx-sim
GTEX-SE5C-2126-SM-4BRUJ	GTEX-SE5C	Breast - Mammary Tissue	GTEx-sim
GTEX-ZV6S-1826-SM-5NQ8D	GTEX-ZV6S	Breast - Mammary Tissue	GTEx-ref
GTEX-145ME-1526-SM-5Q5F2	GTEX-145ME	Breast - Mammary Tissue	GTEx-ref
GTEX-WI4N-1426-SM-3LK7H	GTEX-WI4N	Breast - Mammary Tissue	GTEx-ref
GTEX-13CF3-2126-SM-5IFJP	GTEX-13CF3	Breast - Mammary Tissue	GTEx-ref
GTEX-S32W-2026-SM-4AD6E	GTEX-S32W	Breast - Mammary Tissue	GTEx-ref
GTEX-12WSK-2226-SM-5GCO5	GTEX-12WSK	Breast - Mammary Tissue	GTEx-sim
GTEX-UPK5-0003-SM-3NMDI	GTEX-UPK5	Cells - Ebv-Transformed Lymphocytes	GTEx-sim
GTEX-WZTO-0001-SM-4PQZY	GTEX-WZTO	Cells - Ebv-Transformed Lymphocytes	GTEx-sim
GTEX-SSA3-0002-SM-3P61R	GTEX-SSA3	Cells - Ebv-Transformed Lymphocytes	GTEx-ref
GTEX-TKQ1-0003-SM-3NMAE	GTEX-TKQ1	Cells - Ebv-Transformed Lymphocytes	GTEx-sim
GTEX-SNOS-0003-SM-3NMAO	GTEX-SNOS	Cells - Ebv-Transformed Lymphocytes	GTEx-sim
GTEX-WCDI-0002-SM-3P61U	GTEX-WCDI	Cells - Ebv-Transformed Lymphocytes	GTEx-sim
GTEX-ZVZP-0004-SM-51MS8	GTEX-ZVZP	Cells - Ebv-Transformed Lymphocytes	GTEx-sim
GTEX-SIU7-0001-SM-3NMAW	GTEX-SIU7	Cells - Ebv-Transformed Lymphocytes	GTEx-ref
GTEX-WFJO-0002-SM-3P61X	GTEX-WFJO	Cells - Ebv-Transformed Lymphocytes	GTEx-sim
GTEX-WHPG-0004-SM-3NMDO	GTEX-WHPG	Cells - Ebv-Transformed Lymphocytes	GTEx-sim
GTEX-ZDTT-0004-SM-4WKG3	GTEX-ZDTT	Cells - Ebv-Transformed Lymphocytes	GTEx-sim
GTEX-VUSG-0003-SM-3NMDK	GTEX-VUSG	Cells - Ebv-Transformed Lymphocytes	GTEx-sim
GTEX-V1D1-0003-SM-3NMDP	GTEX-V1D1	Cells - Ebv-Transformed Lymphocytes	GTEx-sim
GTEX-S95S-0002-SM-3NM8K	GTEX-S95S	Cells - Ebv-Transformed Lymphocytes	GTEx-ref
GTEX-VJYA-0001-SM-3NMDJ	GTEX-VJYA	Cells - Ebv-Transformed Lymphocytes	GTEx-ref
GTEX-ZVTK-0003-SM-51MRV	GTEX-ZVTK	Cells - Ebv-Transformed Lymphocytes	GTEx-sim
GTEX-12BJ1-0003-SM-5SI6V	GTEX-12BJ1	Cells - Ebv-Transformed Lymphocytes	GTEx-ref
GTEX-ZDTS-0001-SM-4WAXW	GTEX-ZDTS	Cells - Ebv-Transformed Lymphocytes	GTEx-ref
GTEX-T5JC-0001-SM-3NMAK	GTEX-T5JC	Cells - Ebv-Transformed Lymphocytes	GTEx-ref
GTEX-WHSB-0002-SM-4M1ZR	GTEX-WHSB	Cells - Ebv-Transformed Lymphocytes	GTEx-sim
GTEX-ZT9X-0004-SM-4YCDT	GTEX-ZT9X	Cells - Ebv-Transformed Lymphocytes	GTEx-sim
GTEX-X88G-0004-SM-47JZ6	GTEX-X88G	Cells - Ebv-Transformed Lymphocytes	GTEx-sim
GTEX-YF7O-0004-SM-4W1ZT	GTEX-YF7O	Cells - Ebv-Transformed Lymphocytes	GTEx-ref
GTEX-UPJH-0001-SM-3NMDE	GTEX-UPJH	Cells - Ebv-Transformed Lymphocytes	GTEx-ref
GTEX-XMK1-0001-SM-4B64F	GTEX-XMK1	Cells - Ebv-Transformed Lymphocytes	GTEx-sim
GTEX-YB5E-0001-SM-4VDSV	GTEX-YB5E	Cells - Ebv-Transformed Lymphocytes	GTEx-ref
GTEX-ZTX8-0002-SM-4YCEU	GTEX-ZTX8	Cells - Ebv-Transformed Lymphocytes	GTEx-sim
GTEX-U3ZH-0002-SM-3NMDD	GTEX-U3ZH	Cells - Ebv-Transformed Lymphocytes	GTEx-sim
GTEX-TMZS-0001-SM-3P61Q	GTEX-TMZS	Cells - Ebv-Transformed Lymphocytes	GTEx-ref
GTEX-WFG8-0001-SM-4LVN8	GTEX-WFG8	Cells - Ebv-Transformed Lymphocytes	GTEx-ref
GTEX-WFON-0001-SM-3P61W	GTEX-WFON	Cells - Ebv-Transformed Lymphocytes	GTEx-sim
GTEX-S4Q7-0003-SM-3NM8M	GTEX-S4Q7	Cells - Ebv-Transformed Lymphocytes	GTEx-sim
GTEX-WFG7-0001-SM-3P61S	GTEX-WFG7	Cells - Ebv-Transformed Lymphocytes	GTEx-ref
GTEX-XBED-0003-SM-47JWP	GTEX-XBED	Cells - Ebv-Transformed Lymphocytes	GTEx-ref
GTEX-WH7G-0002-SM-4LVN9	GTEX-WH7G	Cells - Ebv-Transformed Lymphocytes	GTEx-ref
GTEX-ZTTD-0001-SM-4YCD5	GTEX-ZTTD	Cells - Ebv-Transformed Lymphocytes	GTEx-ref
GTEX-ZUA1-0002-SM-4YCF7	GTEX-ZUA1	Cells - Ebv-Transformed Lymphocytes	GTEx-sim
GTEX-X3Y1-0001-SM-4PQYP	GTEX-X3Y1	Cells - Ebv-Transformed Lymphocytes	GTEx-ref
GTEX-Y8E5-0002-SM-57WD9	GTEX-Y8E5	Cells - Ebv-Transformed Lymphocytes	GTEx-sim
GTEX-X5EB-0004-SM-46MWA	GTEX-X5EB	Cells - Ebv-Transformed Lymphocytes	GTEx-ref
GTEX-ZG7Y-0003-SM-4WWEJ	GTEX-ZG7Y	Cells - Ebv-Transformed Lymphocytes	GTEx-sim
GTEX-XLM4-0004-SM-4AT5I	GTEX-XLM4	Cells - Ebv-Transformed Lymphocytes	GTEx-sim
GTEX-Y9LG-0001-SM-4VBRQ	GTEX-Y9LG	Cells - Ebv-Transformed Lymphocytes	GTEx-ref
GTEX-11EQ9-0002-SM-5QGQ1	GTEX-11EQ9	Cells - Ebv-Transformed Lymphocytes	GTEx-ref
GTEX-T6MN-0002-SM-3NMAH	GTEX-T6MN	Cells - Ebv-Transformed Lymphocytes	GTEx-ref
GTEX-TKQ2-0004-SM-3NMAC	GTEX-TKQ2	Cells - Ebv-Transformed Lymphocytes	GTEx-sim
GTEX-WOFM-0001-SM-4OOT2	GTEX-WOFM	Cells - Ebv-Transformed Lymphocytes	GTEx-ref
GTEX-X585-0002-SM-46MVA	GTEX-X585	Cells - Ebv-Transformed Lymphocytes	GTEx-sim
GTEX-Y5V6-0003-SM-4V6FX	GTEX-Y5V6	Cells - Ebv-Transformed Lymphocytes	GTEx-ref
GTEX-VUSH-0004-SM-3P61T	GTEX-VUSH	Cells - Ebv-Transformed Lymphocytes	GTEx-sim
GTEX-XBEW-0002-SM-4AT5O	GTEX-XBEW	Cells - Ebv-Transformed Lymphocytes	GTEx-sim
GTEX-XXEK-0004-SM-4BRWO	GTEX-XXEK	Cells - Ebv-Transformed Lymphocytes	GTEx-ref
GTEX-WHWD-0003-SM-4M1ZS	GTEX-WHWD	Cells - Ebv-Transformed Lymphocytes	GTEx-sim
GTEX-ZT9W-0003-SM-4YCE6	GTEX-ZT9W	Cells - Ebv-Transformed Lymphocytes	GTEx-sim
GTEX-Y8DK-0004-SM-4RGM7	GTEX-Y8DK	Cells - Ebv-Transformed Lymphocytes	GTEx-sim
GTEX-ZQUD-0003-SM-4YCD3	GTEX-ZQUD	Cells - Ebv-Transformed Lymphocytes	GTEx-ref
GTEX-ZTSS-0004-SM-4YCCS	GTEX-ZTSS	Cells - Ebv-Transformed Lymphocytes	GTEx-ref
GTEX-U3ZM-0002-SM-3NMDM	GTEX-U3ZM	Cells - Ebv-Transformed Lymphocytes	GTEx-ref
GTEX-X4LF-0002-SM-4QASG	GTEX-X4LF	Cells - Ebv-Transformed Lymphocytes	GTEx-ref
GTEX-WWTW-0002-SM-4MVNH	GTEX-WWTW	Cells - Ebv-Transformed Lymphocytes	GTEx-ref
GTEX-ZEX8-0004-SM-4WKFQ	GTEX-ZEX8	Cells - Ebv-Transformed Lymphocytes	GTEx-ref
GTEX-XGQ4-0004-SM-4AT5S	GTEX-XGQ4	Cells - Ebv-Transformed Lymphocytes	GTEx-sim
GTEX-YEC3-0002-SM-4W1YI	GTEX-YEC3	Cells - Ebv-Transformed Lymphocytes	GTEx-ref
GTEX-ZV7C-0003-SM-4YCF6	GTEX-ZV7C	Cells - Ebv-Transformed Lymphocytes	GTEx-ref
GTEX-11OC5-0004-SM-5S2O6	GTEX-11OC5	Cells - Ebv-Transformed Lymphocytes	GTEx-ref
GTEX-RUSQ-0003-SM-2XCEB	GTEX-RUSQ	Cells - Ebv-Transformed Lymphocytes	GTEx-ref
GTEX-11TT1-0004-SM-5S2NT	GTEX-11TT1	Cells - Ebv-Transformed Lymphocytes	GTEx-sim
GTEX-RWS6-0001-SM-3NMAL	GTEX-RWS6	Cells - Ebv-Transformed Lymphocytes	GTEx-sim
GTEX-11EMC-0002-SM-5Q5DO	GTEX-11EMC	Cells - Ebv-Transformed Lymphocytes	GTEx-ref
GTEX-Y5V5-0001-SM-4V6FZ	GTEX-Y5V5	Cells - Ebv-Transformed Lymphocytes	GTEx-sim
GTEX-TML8-0001-SM-3NMAF	GTEX-TML8	Cells - Ebv-Transformed Lymphocytes	GTEx-sim
GTEX-U3ZN-0002-SM-3NMDF	GTEX-U3ZN	Cells - Ebv-Transformed Lymphocytes	GTEx-ref
GTEX-WEY5-0001-SM-3P61Z	GTEX-WEY5	Cells - Ebv-Transformed Lymphocytes	GTEx-sim
GTEX-X638-0003-SM-47JZ1	GTEX-X638	Cells - Ebv-Transformed Lymphocytes	GTEx-ref
GTEX-W5WG-0002-SM-3NMDN	GTEX-W5WG	Cells - Ebv-Transformed Lymphocytes	GTEx-ref
GTEX-W5X1-0001-SM-3P61V	GTEX-W5X1	Cells - Ebv-Transformed Lymphocytes	GTEx-sim
GTEX-Y5LM-0003-SM-4V6G1	GTEX-Y5LM	Cells - Ebv-Transformed Lymphocytes	GTEx-sim
GTEX-YB5K-0003-SM-4VDSN	GTEX-YB5K	Cells - Ebv-Transformed Lymphocytes	GTEx-sim
GTEX-1122O-0003-SM-5Q5DL	GTEX-1122O	Cells - Ebv-Transformed Lymphocytes	GTEx-ref
GTEX-WYVS-0004-SM-4ONDT	GTEX-WYVS	Cells - Ebv-Transformed Lymphocytes	GTEx-sim
GTEX-T6MO-0003-SM-3NMAG	GTEX-T6MO	Cells - Ebv-Transformed Lymphocytes	GTEx-sim
GTEX-ZF29-0002-SM-4WKF2	GTEX-ZF29	Cells - Ebv-Transformed Lymphocytes	GTEx-sim
GTEX-WRHK-0001-SM-4WWDD	GTEX-WRHK	Cells - Ebv-Transformed Lymphocytes	GTEx-ref
GTEX-Y114-0002-SM-4TT78	GTEX-Y114	Cells - Ebv-Transformed Lymphocytes	GTEx-sim
GTEX-ZVT2-0001-SM-57WCK	GTEX-ZVT2	Cells - Ebv-Transformed Lymphocytes	GTEx-sim
GTEX-11I78-0001-SM-5Q5BE	GTEX-11I78	Cells - Ebv-Transformed Lymphocytes	GTEx-sim
GTEX-SN8G-0001-SM-3NM8L	GTEX-SN8G	Cells - Ebv-Transformed Lymphocytes	GTEx-ref
GTEX-WXYG-0004-SM-4MVOS	GTEX-WXYG	Cells - Ebv-Transformed Lymphocytes	GTEx-sim
GTEX-T5JW-0003-SM-3NMAD	GTEX-T5JW	Cells - Ebv-Transformed Lymphocytes	GTEx-ref
GTEX-X4EO-0004-SM-4QARM	GTEX-X4EO	Cells - Ebv-Transformed Lymphocytes	GTEx-ref
GTEX-Y8LW-0002-SM-4V6G2	GTEX-Y8LW	Cells - Ebv-Transformed Lymphocytes	GTEx-ref
GTEX-Y3IK-0001-SM-4WWE1	GTEX-Y3IK	Cells - Ebv-Transformed Lymphocytes	GTEx-sim
GTEX-11EM3-0001-SM-5Q5BD	GTEX-11EM3	Cells - Ebv-Transformed Lymphocytes	GTEx-sim
GTEX-ZPIC-0002-SM-4WWEC	GTEX-ZPIC	Cells - Ebv-Transformed Lymphocytes	GTEx-sim
GTEX-ZV6S-0003-SM-4YCCT	GTEX-ZV6S	Cells - Ebv-Transformed Lymphocytes	GTEx-sim
GTEX-ZPCL-0004-SM-4WWD6	GTEX-ZPCL	Cells - Ebv-Transformed Lymphocytes	GTEx-ref
GTEX-ZTPG-0002-SM-4YCEI	GTEX-ZTPG	Cells - Ebv-Transformed Lymphocytes	GTEx-sim
GTEX-XYKS-0002-SM-4BRWN	GTEX-XYKS	Cells - Ebv-Transformed Lymphocytes	GTEx-ref
GTEX-ZXES-0004-SM-57WCW	GTEX-ZXES	Cells - Ebv-Transformed Lymphocytes	GTEx-ref
GTEX-ZF3C-0001-SM-4WWAW	GTEX-ZF3C	Cells - Ebv-Transformed Lymphocytes	GTEx-ref
GTEX-11VI4-0001-SM-5S2OI	GTEX-11VI4	Cells - Ebv-Transformed Lymphocytes	GTEx-ref
GTEX-ZF2S-0004-SM-4WKFE	GTEX-ZF2S	Cells - Ebv-Transformed Lymphocytes	GTEx-ref
GTEX-S32W-0004-SM-2XCE9	GTEX-S32W	Cells - Ebv-Transformed Lymphocytes	GTEx-sim
GTEX-UPIC-0002-SM-3NMDC	GTEX-UPIC	Cells - Ebv-Transformed Lymphocytes	GTEx-sim
GTEX-ZLWG-0004-SM-4WWD5	GTEX-ZLWG	Cells - Ebv-Transformed Lymphocytes	GTEx-ref
GTEX-ZQG8-0001-SM-4YCDH	GTEX-ZQG8	Cells - Ebv-Transformed Lymphocytes	GTEx-ref
GTEX-1269C-0003-SM-5S2PB	GTEX-1269C	Cells - Ebv-Transformed Lymphocytes	GTEx-ref
GTEX-S4Q7-0008-SM-3NM8A	GTEX-S4Q7	Cells - Transformed Fibroblasts	GTEx-ref
GTEX-OIZI-0008-SM-2XCFD	GTEX-OIZI	Cells - Transformed Fibroblasts	GTEx-sim
GTEX-X4LF-0008-SM-4QAST	GTEX-X4LF	Cells - Transformed Fibroblasts	GTEx-ref
GTEX-VUSG-0008-SM-4KL24	GTEX-VUSG	Cells - Transformed Fibroblasts	GTEx-ref
GTEX-S95S-0008-SM-4AT5M	GTEX-S95S	Cells - Transformed Fibroblasts	GTEx-ref
GTEX-QESD-0008-SM-447B2	GTEX-QESD	Cells - Transformed Fibroblasts	GTEx-sim
GTEX-Z93S-0008-SM-4RGM5	GTEX-Z93S	Cells - Transformed Fibroblasts	GTEx-ref
GTEX-QEL4-0008-SM-447AZ	GTEX-QEL4	Cells - Transformed Fibroblasts	GTEx-sim
GTEX-S33H-0008-SM-4AD6C	GTEX-S33H	Cells - Transformed Fibroblasts	GTEx-ref
GTEX-U8XE-0008-SM-4E3K4	GTEX-U8XE	Cells - Transformed Fibroblasts	GTEx-sim
GTEX-XLM4-0008-SM-4AT4W	GTEX-XLM4	Cells - Transformed Fibroblasts	GTEx-sim
GTEX-Y8E4-0008-SM-4V6FW	GTEX-Y8E4	Cells - Transformed Fibroblasts	GTEx-sim
GTEX-YB5E-0008-SM-4VDT7	GTEX-YB5E	Cells - Transformed Fibroblasts	GTEx-ref
GTEX-WHSB-0008-SM-4M1ZP	GTEX-WHSB	Cells - Transformed Fibroblasts	GTEx-sim
GTEX-UPK5-0008-SM-4IHJD	GTEX-UPK5	Cells - Transformed Fibroblasts	GTEx-ref
GTEX-Y3I4-0008-SM-4TT21	GTEX-Y3I4	Cells - Transformed Fibroblasts	GTEx-ref
GTEX-Y9LG-0008-SM-4VBRJ	GTEX-Y9LG	Cells - Transformed Fibroblasts	GTEx-ref
GTEX-S3XE-0008-SM-3NM8O	GTEX-S3XE	Cells - Transformed Fibroblasts	GTEx-ref
GTEX-ZVTK-0008-SM-57WDA	GTEX-ZVTK	Cells - Transformed Fibroblasts	GTEx-sim
GTEX-TKQ2-0008-SM-4DM5L	GTEX-TKQ2	Cells - Transformed Fibroblasts	GTEx-sim
GTEX-11ONC-0008-SM-5S2MG	GTEX-11ONC	Cells - Transformed Fibroblasts	GTEx-sim
GTEX-12WSM-0008-SM-5S2VD	GTEX-12WSM	Cells - Transformed Fibroblasts	GTEx-sim
GTEX-RN64-0008-SM-48FEZ	GTEX-RN64	Cells - Transformed Fibroblasts	GTEx-sim
GTEX-TMZS-0008-SM-47JWM	GTEX-TMZS	Cells - Transformed Fibroblasts	GTEx-ref
GTEX-QV44-0008-SM-447AX	GTEX-QV44	Cells - Transformed Fibroblasts	GTEx-ref
GTEX-XAJ8-0008-SM-46MU7	GTEX-XAJ8	Cells - Transformed Fibroblasts	GTEx-sim
GTEX-WQUQ-0008-SM-4OOT1	GTEX-WQUQ	Cells - Transformed Fibroblasts	GTEx-ref
GTEX-XGQ4-0008-SM-4AT3Z	GTEX-XGQ4	Cells - Transformed Fibroblasts	GTEx-ref
GTEX-11TUW-0008-SM-5SI6S	GTEX-11TUW	Cells - Transformed Fibroblasts	GTEx-sim
GTEX-WY7C-0008-SM-4ONDW	GTEX-WY7C	Cells - Transformed Fibroblasts	GTEx-ref
GTEX-ZT9X-0008-SM-4YCD7	GTEX-ZT9X	Cells - Transformed Fibroblasts	GTEx-ref
GTEX-XBEW-0008-SM-4AT3Y	GTEX-XBEW	Cells - Transformed Fibroblasts	GTEx-ref
GTEX-VUSH-0008-SM-47JWK	GTEX-VUSH	Cells - Transformed Fibroblasts	GTEx-sim
GTEX-RVPU-0008-SM-3NM8B	GTEX-RVPU	Cells - Transformed Fibroblasts	GTEx-sim
GTEX-WL46-0008-SM-4OOSW	GTEX-WL46	Cells - Transformed Fibroblasts	GTEx-sim
GTEX-PW2O-0008-SM-48TEB	GTEX-PW2O	Cells - Transformed Fibroblasts	GTEx-ref
GTEX-XUYS-0008-SM-47JYZ	GTEX-XUYS	Cells - Transformed Fibroblasts	GTEx-sim
GTEX-WFG7-0008-SM-4LMKB	GTEX-WFG7	Cells - Transformed Fibroblasts	GTEx-sim
GTEX-XPT6-0008-SM-4B64Q	GTEX-XPT6	Cells - Transformed Fibroblasts	GTEx-sim
GTEX-X5EB-0008-SM-46MU3	GTEX-X5EB	Cells - Transformed Fibroblasts	GTEx-sim
GTEX-OXRL-0008-SM-3NB29	GTEX-OXRL	Cells - Transformed Fibroblasts	GTEx-ref
GTEX-ZEX8-0008-SM-4E3JU	GTEX-ZEX8	Cells - Transformed Fibroblasts	GTEx-sim
GTEX-U3ZG-0008-SM-47JWL	GTEX-U3ZG	Cells - Transformed Fibroblasts	GTEx-ref
GTEX-ZDYS-0008-SM-4E3IX	GTEX-ZDYS	Cells - Transformed Fibroblasts	GTEx-sim
GTEX-RWSA-0008-SM-47JYX	GTEX-RWSA	Cells - Transformed Fibroblasts	GTEx-sim
GTEX-T6MN-0008-SM-4DM7H	GTEX-T6MN	Cells - Transformed Fibroblasts	GTEx-sim
GTEX-WHWD-0008-SM-4OOSU	GTEX-WHWD	Cells - Transformed Fibroblasts	GTEx-ref
GTEX-WH7G-0008-SM-4LVNM	GTEX-WH7G	Cells - Transformed Fibroblasts	GTEx-ref
GTEX-WZTO-0008-SM-4PQZZ	GTEX-WZTO	Cells - Transformed Fibroblasts	GTEx-sim
GTEX-U3ZH-0008-SM-4DXT2	GTEX-U3ZH	Cells - Transformed Fibroblasts	GTEx-ref
GTEX-XMD1-0008-SM-4AT41	GTEX-XMD1	Cells - Transformed Fibroblasts	GTEx-ref
GTEX-U4B1-0008-SM-4DXUW	GTEX-U4B1	Cells - Transformed Fibroblasts	GTEx-ref
GTEX-P4PQ-0008-SM-48TDX	GTEX-P4PQ	Cells - Transformed Fibroblasts	GTEx-ref
GTEX-11O72-0008-SM-5Q5DN	GTEX-11O72	Cells - Transformed Fibroblasts	GTEx-ref
GTEX-S7PM-0008-SM-3NM9Q	GTEX-S7PM	Cells - Transformed Fibroblasts	GTEx-ref
GTEX-Y8DK-0008-SM-4RGM2	GTEX-Y8DK	Cells - Transformed Fibroblasts	GTEx-sim
GTEX-OOBK-0008-SM-3NB27	GTEX-OOBK	Cells - Transformed Fibroblasts	GTEx-ref
GTEX-UTHO-0008-SM-4JBID	GTEX-UTHO	Cells - Transformed Fibroblasts	GTEx-ref
GTEX-X3Y1-0008-SM-4PR12	GTEX-X3Y1	Cells - Transformed Fibroblasts	GTEx-ref
GTEX-12WSH-0008-SM-5S2V1	GTEX-12WSH	Cells - Transformed Fibroblasts	GTEx-ref
GTEX-QLQ7-0008-SM-447AW	GTEX-QLQ7	Cells - Transformed Fibroblasts	GTEx-ref
GTEX-1192X-0008-SM-5Q5B7	GTEX-1192X	Cells - Transformed Fibroblasts	GTEx-ref
GTEX-QV31-0008-SM-447AT	GTEX-QV31	Cells - Transformed Fibroblasts	GTEx-ref
GTEX-R55E-0008-SM-48FCG	GTEX-R55E	Cells - Transformed Fibroblasts	GTEx-sim
GTEX-PLZ6-0008-SM-48TD5	GTEX-PLZ6	Cells - Transformed Fibroblasts	GTEx-sim
GTEX-SJXC-0008-SM-4DM7G	GTEX-SJXC	Cells - Transformed Fibroblasts	GTEx-sim
GTEX-WVJS-0008-SM-4MVPC	GTEX-WVJS	Cells - Transformed Fibroblasts	GTEx-sim
GTEX-Y5V6-0008-SM-4V6FV	GTEX-Y5V6	Cells - Transformed Fibroblasts	GTEx-ref
GTEX-ZDXO-0008-SM-4E3HR	GTEX-ZDXO	Cells - Transformed Fibroblasts	GTEx-ref
GTEX-12126-0008-SM-5S2UC	GTEX-12126	Cells - Transformed Fibroblasts	GTEx-sim
GTEX-WVLH-0008-SM-4MVPD	GTEX-WVLH	Cells - Transformed Fibroblasts	GTEx-ref
GTEX-QMRM-0008-SM-447B1	GTEX-QMRM	Cells - Transformed Fibroblasts	GTEx-sim
GTEX-U8T8-0008-SM-4DXSP	GTEX-U8T8	Cells - Transformed Fibroblasts	GTEx-sim
GTEX-X585-0008-SM-46MU4	GTEX-X585	Cells - Transformed Fibroblasts	GTEx-sim
GTEX-ZAB4-0008-SM-4RGM6	GTEX-ZAB4	Cells - Transformed Fibroblasts	GTEx-ref
GTEX-SIU8-0008-SM-4BRUC	GTEX-SIU8	Cells - Transformed Fibroblasts	GTEx-sim
GTEX-WFJO-0008-SM-4LVN7	GTEX-WFJO	Cells - Transformed Fibroblasts	GTEx-ref
GTEX-WYJK-0008-SM-4ONDV	GTEX-WYJK	Cells - Transformed Fibroblasts	GTEx-sim
GTEX-WHSE-0008-SM-4M1ZO	GTEX-WHSE	Cells - Transformed Fibroblasts	GTEx-ref
GTEX-11NV4-0008-SM-5Q5BA	GTEX-11NV4	Cells - Transformed Fibroblasts	GTEx-sim
GTEX-V1D1-0008-SM-4JBIJ	GTEX-V1D1	Cells - Transformed Fibroblasts	GTEx-ref
GTEX-XK95-0008-SM-4AT5G	GTEX-XK95	Cells - Transformed Fibroblasts	GTEx-ref
GTEX-ZDTT-0008-SM-4E3K5	GTEX-ZDTT	Cells - Transformed Fibroblasts	GTEx-sim
GTEX-R55D-0008-SM-48FEV	GTEX-R55D	Cells - Transformed Fibroblasts	GTEx-ref
GTEX-111YS-0008-SM-5Q5BH	GTEX-111YS	Cells - Transformed Fibroblasts	GTEx-sim
GTEX-QEG5-0008-SM-4R1KL	GTEX-QEG5	Cells - Transformed Fibroblasts	GTEx-sim
GTEX-X4XY-0008-SM-46MVL	GTEX-X4XY	Cells - Transformed Fibroblasts	GTEx-ref
GTEX-SSA3-0008-SM-47JWJ	GTEX-SSA3	Cells - Transformed Fibroblasts	GTEx-ref
GTEX-ZPU1-0008-SM-4E3IR	GTEX-ZPU1	Cells - Transformed Fibroblasts	GTEx-sim
GTEX-X88G-0008-SM-47JWN	GTEX-X88G	Cells - Transformed Fibroblasts	GTEx-ref
GTEX-ZDTS-0008-SM-4E3I8	GTEX-ZDTS	Cells - Transformed Fibroblasts	GTEx-ref
GTEX-ZUA1-0008-SM-4YCEW	GTEX-ZUA1	Cells - Transformed Fibroblasts	GTEx-ref
GTEX-T2YK-0008-SM-4DM6M	GTEX-T2YK	Cells - Transformed Fibroblasts	GTEx-sim
GTEX-ZE9C-0008-SM-4E3K6	GTEX-ZE9C	Cells - Transformed Fibroblasts	GTEx-sim
GTEX-11WQC-0008-SM-5SI6R	GTEX-11WQC	Cells - Transformed Fibroblasts	GTEx-ref
GTEX-SNMC-0008-SM-4DM5A	GTEX-SNMC	Cells - Transformed Fibroblasts	GTEx-sim
GTEX-WOFL-0008-SM-4OOSZ	GTEX-WOFL	Cells - Transformed Fibroblasts	GTEx-sim
GTEX-QXCU-0008-SM-48FCH	GTEX-QXCU	Cells - Transformed Fibroblasts	GTEx-ref
GTEX-Y111-0008-SM-4SOJ3	GTEX-Y111	Cells - Transformed Fibroblasts	GTEx-sim
GTEX-YJ89-0008-SM-4RGM4	GTEX-YJ89	Cells - Transformed Fibroblasts	GTEx-ref
GTEX-ZQUD-0008-SM-4YCCU	GTEX-ZQUD	Cells - Transformed Fibroblasts	GTEx-sim
GTEX-11P82-0008-SM-5S2MS	GTEX-11P82	Cells - Transformed Fibroblasts	GTEx-ref
GTEX-PVOW-0008-SM-48TE8	GTEX-PVOW	Cells - Transformed Fibroblasts	GTEx-ref
GTEX-QMR6-0008-SM-447AV	GTEX-QMR6	Cells - Transformed Fibroblasts	GTEx-ref
GTEX-SNOS-0008-SM-4DM6I	GTEX-SNOS	Cells - Transformed Fibroblasts	GTEx-ref
GTEX-NFK9-0008-SM-4E3JE	GTEX-NFK9	Cells - Transformed Fibroblasts	GTEx-sim
GTEX-P4QR-0008-SM-48TE2	GTEX-P4QR	Cells - Transformed Fibroblasts	GTEx-sim
GTEX-OHPM-0008-SM-4E3IP	GTEX-OHPM	Cells - Transformed Fibroblasts	GTEx-ref
GTEX-Y8E5-0008-SM-57WBA	GTEX-Y8E5	Cells - Transformed Fibroblasts	GTEx-sim
GTEX-ZT9W-0008-SM-4YCDJ	GTEX-ZT9W	Cells - Transformed Fibroblasts	GTEx-ref
GTEX-11DXY-0008-SM-5QGR4	GTEX-11DXY	Cells - Transformed Fibroblasts	GTEx-ref
GTEX-11DYG-0008-SM-5QGR5	GTEX-11DYG	Cells - Transformed Fibroblasts	GTEx-sim
GTEX-O5YW-0008-SM-4E3IE	GTEX-O5YW	Cells - Transformed Fibroblasts	GTEx-ref
GTEX-WWTW-0008-SM-4MVPE	GTEX-WWTW	Cells - Transformed Fibroblasts	GTEx-sim
GTEX-11EQ9-0008-SM-5Q5DK	GTEX-11EQ9	Cells - Transformed Fibroblasts	GTEx-sim
GTEX-P4QS-0008-SM-48TDY	GTEX-P4QS	Cells - Transformed Fibroblasts	GTEx-ref
GTEX-QEG4-0008-SM-48TYZ	GTEX-QEG4	Cells - Transformed Fibroblasts	GTEx-ref
GTEX-ZVP2-0008-SM-51MSL	GTEX-ZVP2	Cells - Transformed Fibroblasts	GTEx-ref
GTEX-117YW-0008-SM-5QGRD	GTEX-117YW	Cells - Transformed Fibroblasts	GTEx-sim
GTEX-Q2AI-0008-SM-48U2H	GTEX-Q2AI	Cells - Transformed Fibroblasts	GTEx-sim
GTEX-X261-0008-SM-4PR11	GTEX-X261	Cells - Transformed Fibroblasts	GTEx-sim
GTEX-ZTTD-0008-SM-51MQV	GTEX-ZTTD	Cells - Transformed Fibroblasts	GTEx-ref
GTEX-ZXG5-0008-SM-57WDB	GTEX-ZXG5	Cells - Transformed Fibroblasts	GTEx-sim
GTEX-P44H-0008-SM-48TDW	GTEX-P44H	Cells - Transformed Fibroblasts	GTEx-ref
GTEX-ZVZP-0008-SM-51MSX	GTEX-ZVZP	Cells - Transformed Fibroblasts	GTEx-ref
GTEX-11GS4-0008-SM-5QGRA	GTEX-11GS4	Cells - Transformed Fibroblasts	GTEx-ref
GTEX-QDVJ-0008-SM-48U2E	GTEX-QDVJ	Cells - Transformed Fibroblasts	GTEx-sim
GTEX-YECK-0008-SM-4W1ZG	GTEX-YECK	Cells - Transformed Fibroblasts	GTEx-ref
GTEX-ZTSS-0008-SM-4YCE8	GTEX-ZTSS	Cells - Transformed Fibroblasts	GTEx-sim
GTEX-113IC-0008-SM-5QGRF	GTEX-113IC	Cells - Transformed Fibroblasts	GTEx-ref
GTEX-WK11-0008-SM-4OOSX	GTEX-WK11	Cells - Transformed Fibroblasts	GTEx-sim
GTEX-O5YU-0008-SM-4E3I7	GTEX-O5YU	Cells - Transformed Fibroblasts	GTEx-sim
GTEX-11EQ8-0008-SM-5Q5DJ	GTEX-11EQ8	Cells - Transformed Fibroblasts	GTEx-ref
GTEX-11PRG-0008-SM-5S2N5	GTEX-11PRG	Cells - Transformed Fibroblasts	GTEx-sim
GTEX-NL4W-0008-SM-4E3I2	GTEX-NL4W	Cells - Transformed Fibroblasts	GTEx-sim
GTEX-O5YT-0008-SM-4E3IQ	GTEX-O5YT	Cells - Transformed Fibroblasts	GTEx-sim
GTEX-OOBJ-0008-SM-3NB26	GTEX-OOBJ	Cells - Transformed Fibroblasts	GTEx-sim
GTEX-Q2AH-0008-SM-48U2J	GTEX-Q2AH	Cells - Transformed Fibroblasts	GTEx-ref
GTEX-RVPV-0008-SM-47JYW	GTEX-RVPV	Cells - Transformed Fibroblasts	GTEx-sim
GTEX-11WQK-0008-SM-5SI6T	GTEX-11WQK	Cells - Transformed Fibroblasts	GTEx-sim
GTEX-XQ8I-0008-SM-4WAWM	GTEX-XQ8I	Cells - Transformed Fibroblasts	GTEx-sim
GTEX-1192W-0008-SM-5QGRE	GTEX-1192W	Cells - Transformed Fibroblasts	GTEx-sim
GTEX-UJMC-0008-SM-4IHKK	GTEX-UJMC	Cells - Transformed Fibroblasts	GTEx-sim
GTEX-OHPJ-0008-SM-4E3JG	GTEX-OHPJ	Cells - Transformed Fibroblasts	GTEx-ref
GTEX-SUCS-0008-SM-4DM53	GTEX-SUCS	Cells - Transformed Fibroblasts	GTEx-sim
GTEX-11DZ1-0008-SM-5QGR3	GTEX-11DZ1	Cells - Transformed Fibroblasts	GTEx-sim
GTEX-11ZU8-0008-SM-5S2VO	GTEX-11ZU8	Cells - Transformed Fibroblasts	GTEx-sim
GTEX-11ZUS-0008-SM-5S2UO	GTEX-11ZUS	Cells - Transformed Fibroblasts	GTEx-sim
GTEX-ZV7C-0008-SM-57WCL	GTEX-ZV7C	Cells - Transformed Fibroblasts	GTEx-ref
GTEX-ZTX8-0008-SM-4YCDV	GTEX-ZTX8	Cells - Transformed Fibroblasts	GTEx-sim
GTEX-111VG-0008-SM-5Q5BG	GTEX-111VG	Cells - Transformed Fibroblasts	GTEx-sim
GTEX-WCDI-0008-SM-47JYE	GTEX-WCDI	Cells - Transformed Fibroblasts	GTEx-ref
GTEX-11LCK-0008-SM-5Q5BB	GTEX-11LCK	Cells - Transformed Fibroblasts	GTEx-ref
GTEX-N7MS-0008-SM-4E3JI	GTEX-N7MS	Cells - Transformed Fibroblasts	GTEx-ref
GTEX-POYW-0008-SM-48TE4	GTEX-POYW	Cells - Transformed Fibroblasts	GTEx-ref
GTEX-R55F-0008-SM-48FE6	GTEX-R55F	Cells - Transformed Fibroblasts	GTEx-ref
GTEX-OIZG-0008-SM-4E3J2	GTEX-OIZG	Cells - Transformed Fibroblasts	GTEx-ref
GTEX-11EI6-0008-SM-5QGR7	GTEX-11EI6	Cells - Transformed Fibroblasts	GTEx-ref
GTEX-YEC4-0008-SM-4W1YR	GTEX-YEC4	Cells - Transformed Fibroblasts	GTEx-sim
GTEX-PSDG-0008-SM-48TE5	GTEX-PSDG	Cells - Transformed Fibroblasts	GTEx-ref
GTEX-YF7O-0008-SM-4W1ZS	GTEX-YF7O	Cells - Transformed Fibroblasts	GTEx-ref
GTEX-11OF3-0008-SM-5S2NH	GTEX-11OF3	Cells - Transformed Fibroblasts	GTEx-ref
GTEX-S4P3-0008-SM-3NM8R	GTEX-S4P3	Cells - Transformed Fibroblasts	GTEx-ref
GTEX-X4EO-0008-SM-4QASS	GTEX-X4EO	Cells - Transformed Fibroblasts	GTEx-ref
GTEX-XMD3-0008-SM-4AT4V	GTEX-XMD3	Cells - Transformed Fibroblasts	GTEx-ref
GTEX-WWYW-0008-SM-4MVPF	GTEX-WWYW	Cells - Transformed Fibroblasts	GTEx-ref
GTEX-WYVS-0008-SM-4ONDY	GTEX-WYVS	Cells - Transformed Fibroblasts	GTEx-sim
GTEX-Q734-0008-SM-48U2I	GTEX-Q734	Cells - Transformed Fibroblasts	GTEx-sim
GTEX-RNOR-0008-SM-48FEY	GTEX-RNOR	Cells - Transformed Fibroblasts	GTEx-ref
GTEX-TML8-0008-SM-4DXUI	GTEX-TML8	Cells - Transformed Fibroblasts	GTEx-sim
GTEX-OHPK-0008-SM-4E3JL	GTEX-OHPK	Cells - Transformed Fibroblasts	GTEx-sim
GTEX-X638-0008-SM-47JZ7	GTEX-X638	Cells - Transformed Fibroblasts	GTEx-ref
GTEX-SE5C-0008-SM-4B64J	GTEX-SE5C	Cells - Transformed Fibroblasts	GTEx-ref
GTEX-RWS6-0008-SM-47JYV	GTEX-RWS6	Cells - Transformed Fibroblasts	GTEx-sim
GTEX-W5WG-0008-SM-4KL25	GTEX-W5WG	Cells - Transformed Fibroblasts	GTEx-sim
GTEX-Y8LW-0008-SM-4V6G5	GTEX-Y8LW	Cells - Transformed Fibroblasts	GTEx-ref
GTEX-XOT4-0008-SM-4B664	GTEX-XOT4	Cells - Transformed Fibroblasts	GTEx-ref
GTEX-Y114-0008-SM-4TT8X	GTEX-Y114	Cells - Transformed Fibroblasts	GTEx-sim
GTEX-S341-0008-SM-4AD6D	GTEX-S341	Cells - Transformed Fibroblasts	GTEx-sim
GTEX-U3ZN-0008-SM-4DXTL	GTEX-U3ZN	Cells - Transformed Fibroblasts	GTEx-ref
GTEX-W5X1-0008-SM-4LMKA	GTEX-W5X1	Cells - Transformed Fibroblasts	GTEx-sim
GTEX-ZVE1-0008-SM-51MS9	GTEX-ZVE1	Cells - Transformed Fibroblasts	GTEx-ref
GTEX-ZVT3-0008-SM-51MRI	GTEX-ZVT3	Cells - Transformed Fibroblasts	GTEx-sim
GTEX-PWN1-0008-SM-48TEA	GTEX-PWN1	Cells - Transformed Fibroblasts	GTEx-sim
GTEX-XUW1-0008-SM-4BOQH	GTEX-XUW1	Cells - Transformed Fibroblasts	GTEx-sim
GTEX-YFC4-0008-SM-4RGM3	GTEX-YFC4	Cells - Transformed Fibroblasts	GTEx-sim
GTEX-RU72-0008-SM-46MV8	GTEX-RU72	Cells - Transformed Fibroblasts	GTEx-ref
GTEX-WRHU-0008-SM-4MVPB	GTEX-WRHU	Cells - Transformed Fibroblasts	GTEx-sim
GTEX-11I78-0008-SM-5Q5DI	GTEX-11I78	Cells - Transformed Fibroblasts	GTEx-sim
GTEX-TSE9-0008-SM-4DXT8	GTEX-TSE9	Cells - Transformed Fibroblasts	GTEx-sim
GTEX-YB5K-0008-SM-4VDT8	GTEX-YB5K	Cells - Transformed Fibroblasts	GTEx-ref
GTEX-XV7Q-0008-SM-4BRWL	GTEX-XV7Q	Cells - Transformed Fibroblasts	GTEx-sim
GTEX-WI4N-0008-SM-4OOSV	GTEX-WI4N	Cells - Transformed Fibroblasts	GTEx-ref
GTEX-UJHI-0008-SM-4IHL1	GTEX-UJHI	Cells - Transformed Fibroblasts	GTEx-sim
GTEX-P78B-0008-SM-48TE1	GTEX-P78B	Cells - Transformed Fibroblasts	GTEx-sim
GTEX-XUJ4-0008-SM-4BOQI	GTEX-XUJ4	Cells - Transformed Fibroblasts	GTEx-ref
GTEX-YBZK-0008-SM-59HL6	GTEX-YBZK	Cells - Transformed Fibroblasts	GTEx-ref
GTEX-WEY5-0008-SM-4LMKC	GTEX-WEY5	Cells - Transformed Fibroblasts	GTEx-ref
GTEX-WRHK-0008-SM-4MVPA	GTEX-WRHK	Cells - Transformed Fibroblasts	GTEx-sim
GTEX-ZV6S-0008-SM-4YCF9	GTEX-ZV6S	Cells - Transformed Fibroblasts	GTEx-ref
GTEX-XUZC-0008-SM-4BOQG	GTEX-XUZC	Cells - Transformed Fibroblasts	GTEx-ref
GTEX-ZF2S-0008-SM-4E3IK	GTEX-ZF2S	Cells - Transformed Fibroblasts	GTEx-ref
GTEX-11ILO-0008-SM-5QGR9	GTEX-11ILO	Cells - Transformed Fibroblasts	GTEx-ref
GTEX-ZVT4-0008-SM-57WCA	GTEX-ZVT4	Cells - Transformed Fibroblasts	GTEx-ref
GTEX-OXRK-0008-SM-3NB28	GTEX-OXRK	Cells - Transformed Fibroblasts	GTEx-sim
GTEX-QDT8-0008-SM-48U2F	GTEX-QDT8	Cells - Transformed Fibroblasts	GTEx-ref
GTEX-11ZTT-0008-SM-5S2TZ	GTEX-11ZTT	Cells - Transformed Fibroblasts	GTEx-ref
GTEX-ZPIC-0008-SM-4E3JF	GTEX-ZPIC	Cells - Transformed Fibroblasts	GTEx-ref
GTEX-11EMC-0008-SM-5Q5DR	GTEX-11EMC	Cells - Transformed Fibroblasts	GTEx-ref
GTEX-Y3IK-0008-SM-4WWDZ	GTEX-Y3IK	Cells - Transformed Fibroblasts	GTEx-ref
GTEX-NL3G-0008-SM-4E3JX	GTEX-NL3G	Cells - Transformed Fibroblasts	GTEx-sim
GTEX-S4UY-0008-SM-3NM8H	GTEX-S4UY	Cells - Transformed Fibroblasts	GTEx-sim
GTEX-QVJO-0008-SM-447AU	GTEX-QVJO	Cells - Transformed Fibroblasts	GTEx-sim
GTEX-RTLS-0008-SM-48FET	GTEX-RTLS	Cells - Transformed Fibroblasts	GTEx-ref
GTEX-ZQG8-0008-SM-4YCE7	GTEX-ZQG8	Cells - Transformed Fibroblasts	GTEx-ref
GTEX-XMD2-0008-SM-4WWE7	GTEX-XMD2	Cells - Transformed Fibroblasts	GTEx-sim
GTEX-R45C-0008-SM-48FF2	GTEX-R45C	Cells - Transformed Fibroblasts	GTEx-sim
GTEX-X8HC-0008-SM-46MU6	GTEX-X8HC	Cells - Transformed Fibroblasts	GTEx-sim
GTEX-X4EP-0008-SM-4PQYO	GTEX-X4EP	Cells - Transformed Fibroblasts	GTEx-ref
GTEX-R55G-0008-SM-48FEX	GTEX-R55G	Cells - Transformed Fibroblasts	GTEx-sim
GTEX-SN8G-0008-SM-4DM4X	GTEX-SN8G	Cells - Transformed Fibroblasts	GTEx-ref
GTEX-11GSP-0008-SM-5Q5DM	GTEX-11GSP	Cells - Transformed Fibroblasts	GTEx-sim
GTEX-11XUK-0008-SM-5S2WD	GTEX-11XUK	Cells - Transformed Fibroblasts	GTEx-sim
GTEX-WYBS-0008-SM-4ONDX	GTEX-WYBS	Cells - Transformed Fibroblasts	GTEx-ref
GTEX-ZXES-0008-SM-57WCX	GTEX-ZXES	Cells - Transformed Fibroblasts	GTEx-sim
GTEX-139T4-0008-SM-5S2WF	GTEX-139T4	Cells - Transformed Fibroblasts	GTEx-ref
GTEX-P4QT-0008-SM-48TDZ	GTEX-P4QT	Cells - Transformed Fibroblasts	GTEx-ref
GTEX-PWOO-0008-SM-48TDU	GTEX-PWOO	Cells - Transformed Fibroblasts	GTEx-ref
GTEX-WXYG-0008-SM-4ONDU	GTEX-WXYG	Cells - Transformed Fibroblasts	GTEx-ref
GTEX-QCQG-0008-SM-48U2G	GTEX-QCQG	Cells - Transformed Fibroblasts	GTEx-sim
GTEX-T2IS-0008-SM-4DM75	GTEX-T2IS	Cells - Transformed Fibroblasts	GTEx-ref
GTEX-ZLWG-0008-SM-4E3J4	GTEX-ZLWG	Cells - Transformed Fibroblasts	GTEx-ref
GTEX-XYKS-0008-SM-4BRW6	GTEX-XYKS	Cells - Transformed Fibroblasts	GTEx-sim
GTEX-ZP4G-0008-SM-4E3I4	GTEX-ZP4G	Cells - Transformed Fibroblasts	GTEx-sim
GTEX-PWCY-0008-SM-48TE9	GTEX-PWCY	Cells - Transformed Fibroblasts	GTEx-ref
GTEX-NPJ7-0008-SM-4E3JS	GTEX-NPJ7	Cells - Transformed Fibroblasts	GTEx-sim
GTEX-R3RS-0008-SM-48FF1	GTEX-R3RS	Cells - Transformed Fibroblasts	GTEx-ref
GTEX-ZV68-0008-SM-4YCCV	GTEX-ZV68	Cells - Transformed Fibroblasts	GTEx-sim
GTEX-ZC5H-0008-SM-4WAX8	GTEX-ZC5H	Cells - Transformed Fibroblasts	GTEx-sim
GTEX-ZPCL-0008-SM-4WWAU	GTEX-ZPCL	Cells - Transformed Fibroblasts	GTEx-sim
GTEX-R53T-0008-SM-48FEW	GTEX-R53T	Cells - Transformed Fibroblasts	GTEx-sim
GTEX-11DXX-0008-SM-5Q5B8	GTEX-11DXX	Cells - Transformed Fibroblasts	GTEx-sim
GTEX-OHPL-0008-SM-4E3I9	GTEX-OHPL	Cells - Transformed Fibroblasts	GTEx-sim
GTEX-11UD1-0008-SM-5S2P6	GTEX-11UD1	Cells - Transformed Fibroblasts	GTEx-sim
GTEX-PLZ4-0008-SM-48TE6	GTEX-PLZ4	Cells - Transformed Fibroblasts	GTEx-sim
GTEX-ZVZQ-0008-SM-51MSK	GTEX-ZVZQ	Cells - Transformed Fibroblasts	GTEx-sim
GTEX-113JC-0008-SM-5QGR6	GTEX-113JC	Cells - Transformed Fibroblasts	GTEx-ref
GTEX-1399U-0008-SM-5S2VE	GTEX-1399U	Cells - Transformed Fibroblasts	GTEx-ref
GTEX-11TTK-0008-SM-5S2RU	GTEX-11TTK	Cells - Transformed Fibroblasts	GTEx-sim
GTEX-T5JW-0008-SM-4DM5X	GTEX-T5JW	Cells - Transformed Fibroblasts	GTEx-ref
GTEX-P4PP-0008-SM-48TDV	GTEX-P4PP	Cells - Transformed Fibroblasts	GTEx-sim
GTEX-11P81-0008-SM-5S2OT	GTEX-11P81	Cells - Transformed Fibroblasts	GTEx-sim
GTEX-ZTPG-0008-SM-4YCEK	GTEX-ZTPG	Cells - Transformed Fibroblasts	GTEx-sim
GTEX-11ZTS-0008-SM-5S2VC	GTEX-11ZTS	Cells - Transformed Fibroblasts	GTEx-sim
GTEX-1122O-0008-SM-5QGR2	GTEX-1122O	Cells - Transformed Fibroblasts	GTEx-sim
GTEX-PX3G-0008-SM-48U2L	GTEX-PX3G	Cells - Transformed Fibroblasts	GTEx-ref
GTEX-S4UY-1426-SM-4AD6Y	GTEX-S4UY	Cervix - Ectocervix	GTEx-sim
GTEX-S341-1126-SM-4AD6T	GTEX-S341	Cervix - Ectocervix	GTEx-sim
GTEX-U3ZN-1626-SM-4DXTZ	GTEX-U3ZN	Cervix - Ectocervix	GTEx-ref
GTEX-TSE9-2826-SM-4DXTF	GTEX-TSE9	Cervix - Ectocervix	GTEx-ref
GTEX-T5JW-0726-SM-4DM6D	GTEX-T5JW	Cervix - Ectocervix	GTEx-sim
GTEX-S32W-1526-SM-4AD6Z	GTEX-S32W	Cervix - Ectocervix	GTEx-ref
GTEX-S341-1326-SM-4AD72	GTEX-S341	Cervix - Endocervix	GTEx-ref
GTEX-T6MO-1426-SM-4DM73	GTEX-T6MO	Cervix - Endocervix	GTEx-ref
GTEX-S32W-1626-SM-4AD6G	GTEX-S32W	Cervix - Endocervix	GTEx-sim
GTEX-TSE9-2726-SM-4DXSQ	GTEX-TSE9	Cervix - Endocervix	GTEx-sim
GTEX-132NY-2726-SM-5PNY2	GTEX-132NY	Colon - Sigmoid	GTEx-ref
GTEX-13OW6-2226-SM-5N9FL	GTEX-13OW6	Colon - Sigmoid	GTEx-ref
GTEX-12ZZY-2726-SM-5EQ45	GTEX-12ZZY	Colon - Sigmoid	GTEx-sim
GTEX-XGQ4-1726-SM-4RH4G	GTEX-XGQ4	Colon - Sigmoid	GTEx-sim
GTEX-11GS4-1826-SM-5HL4T	GTEX-11GS4	Colon - Sigmoid	GTEx-sim
GTEX-147JS-2626-SM-5S2UX	GTEX-147JS	Colon - Sigmoid	GTEx-ref
GTEX-148VJ-2426-SM-5NQ9Y	GTEX-148VJ	Colon - Sigmoid	GTEx-sim
GTEX-13SLW-2826-SM-5Q5ES	GTEX-13SLW	Colon - Sigmoid	GTEx-sim
GTEX-ZYT6-2826-SM-5GICX	GTEX-ZYT6	Colon - Sigmoid	GTEx-sim
GTEX-1212Z-1826-SM-5FQSH	GTEX-1212Z	Colon - Sigmoid	GTEx-ref
GTEX-13FHO-2726-SM-5K7VG	GTEX-13FHO	Colon - Sigmoid	GTEx-sim
GTEX-11EI6-2626-SM-5PNVT	GTEX-11EI6	Colon - Sigmoid	GTEx-sim
GTEX-ZPU1-1726-SM-4WWFV	GTEX-ZPU1	Colon - Sigmoid	GTEx-ref
GTEX-YEC3-2026-SM-4WWFL	GTEX-YEC3	Colon - Sigmoid	GTEx-sim
GTEX-YECK-2826-SM-5IFHF	GTEX-YECK	Colon - Sigmoid	GTEx-sim
GTEX-11DXY-2026-SM-5N9CZ	GTEX-11DXY	Colon - Sigmoid	GTEx-ref
GTEX-147GR-2826-SM-5RQK8	GTEX-147GR	Colon - Sigmoid	GTEx-sim
GTEX-WHPG-1626-SM-4M1ZL	GTEX-WHPG	Colon - Sigmoid	GTEx-ref
GTEX-YJ8A-1726-SM-5P9IQ	GTEX-YJ8A	Colon - Sigmoid	GTEx-ref
GTEX-WHWD-1526-SM-4OORV	GTEX-WHWD	Colon - Sigmoid	GTEx-ref
GTEX-13CF2-1826-SM-5N9GK	GTEX-13CF2	Colon - Sigmoid	GTEx-ref
GTEX-13OW8-2726-SM-5L3FZ	GTEX-13OW8	Colon - Sigmoid	GTEx-ref
GTEX-11EQ9-1526-SM-5PNY7	GTEX-11EQ9	Colon - Sigmoid	GTEx-ref
GTEX-11ZU8-1126-SM-5EQ5K	GTEX-11ZU8	Colon - Sigmoid	GTEx-ref
GTEX-11P82-1226-SM-5HL5P	GTEX-11P82	Colon - Sigmoid	GTEx-sim
GTEX-11PRG-2026-SM-5GU5F	GTEX-11PRG	Colon - Sigmoid	GTEx-sim
GTEX-117XS-2226-SM-5GIE1	GTEX-117XS	Colon - Sigmoid	GTEx-ref
GTEX-14A5H-1626-SM-5SIAN	GTEX-14A5H	Colon - Sigmoid	GTEx-sim
GTEX-Z93S-2626-SM-57WBX	GTEX-Z93S	Colon - Sigmoid	GTEx-ref
GTEX-ZY6K-1326-SM-5GZWP	GTEX-ZY6K	Colon - Sigmoid	GTEx-ref
GTEX-11DXZ-1626-SM-5GIDI	GTEX-11DXZ	Colon - Sigmoid	GTEx-ref
GTEX-ZTTD-2626-SM-57WEX	GTEX-ZTTD	Colon - Sigmoid	GTEx-ref
GTEX-Y5V6-1626-SM-4VDT2	GTEX-Y5V6	Colon - Sigmoid	GTEx-sim
GTEX-ZAB4-2426-SM-5HL8A	GTEX-ZAB4	Colon - Sigmoid	GTEx-ref
GTEX-13N2G-2226-SM-5IJCU	GTEX-13N2G	Colon - Sigmoid	GTEx-sim
GTEX-14C39-1626-SM-5S2P4	GTEX-14C39	Colon - Sigmoid	GTEx-sim
GTEX-13X6I-2726-SM-5Q5ET	GTEX-13X6I	Colon - Sigmoid	GTEx-sim
GTEX-13111-1926-SM-5GCOL	GTEX-13111	Colon - Sigmoid	GTEx-ref
GTEX-XXEK-1826-SM-4BRVC	GTEX-XXEK	Colon - Sigmoid	GTEx-ref
GTEX-YF7O-1626-SM-5IFII	GTEX-YF7O	Colon - Sigmoid	GTEx-ref
GTEX-X5EB-1126-SM-46MVV	GTEX-X5EB	Colon - Sigmoid	GTEx-sim
GTEX-11TUW-2326-SM-5EQMO	GTEX-11TUW	Colon - Sigmoid	GTEx-sim
GTEX-11EQ8-2626-SM-5N9BO	GTEX-11EQ8	Colon - Sigmoid	GTEx-ref
GTEX-11ONC-1926-SM-5GU75	GTEX-11ONC	Colon - Sigmoid	GTEx-ref
GTEX-13G51-2126-SM-5IJD9	GTEX-13G51	Colon - Sigmoid	GTEx-ref
GTEX-1399R-2126-SM-5K7WZ	GTEX-1399R	Colon - Sigmoid	GTEx-sim
GTEX-YEC3-2026-SM-5CVLQ	GTEX-YEC3	Colon - Sigmoid	GTEx-sim
GTEX-ZE9C-2126-SM-4WKGY	GTEX-ZE9C	Colon - Sigmoid	GTEx-ref
GTEX-WH7G-1426-SM-4LVMU	GTEX-WH7G	Colon - Sigmoid	GTEx-ref
GTEX-12WSM-1426-SM-5GCPA	GTEX-12WSM	Colon - Sigmoid	GTEx-ref
GTEX-ZDTS-2726-SM-5L3E2	GTEX-ZDTS	Colon - Sigmoid	GTEx-ref
GTEX-111YS-1826-SM-5GIEP	GTEX-111YS	Colon - Sigmoid	GTEx-sim
GTEX-WQUQ-2626-SM-4MVNP	GTEX-WQUQ	Colon - Sigmoid	GTEx-ref
GTEX-131XE-1026-SM-5EGKE	GTEX-131XE	Colon - Sigmoid	GTEx-ref
GTEX-145MH-2726-SM-5QGQ6	GTEX-145MH	Colon - Sigmoid	GTEx-ref
GTEX-12696-1926-SM-5EGJT	GTEX-12696	Colon - Sigmoid	GTEx-sim
GTEX-145MO-2626-SM-5QGPD	GTEX-145MO	Colon - Sigmoid	GTEx-sim
GTEX-13O61-1526-SM-5KM3P	GTEX-13O61	Colon - Sigmoid	GTEx-ref
GTEX-XAJ8-0726-SM-47JY5	GTEX-XAJ8	Colon - Sigmoid	GTEx-ref
GTEX-ZZ64-0826-SM-5E449	GTEX-ZZ64	Colon - Sigmoid	GTEx-sim
GTEX-ZF28-2526-SM-57WFH	GTEX-ZF28	Colon - Sigmoid	GTEx-ref
GTEX-ZQUD-1026-SM-4YCEZ	GTEX-ZQUD	Colon - Sigmoid	GTEx-sim
GTEX-13PVQ-2726-SM-5L3H7	GTEX-13PVQ	Colon - Sigmoid	GTEx-sim
GTEX-ZG7Y-1826-SM-4WWD3	GTEX-ZG7Y	Colon - Sigmoid	GTEx-sim
GTEX-WY7C-1926-SM-4ONCI	GTEX-WY7C	Colon - Sigmoid	GTEx-sim
GTEX-Y3I4-1126-SM-4TT7Y	GTEX-Y3I4	Colon - Sigmoid	GTEx-sim
GTEX-117YX-0526-SM-5EGJH	GTEX-117YX	Colon - Sigmoid	GTEx-sim
GTEX-111CU-1226-SM-5EGIN	GTEX-111CU	Colon - Sigmoid	GTEx-sim
GTEX-WOFM-1926-SM-4OOSP	GTEX-WOFM	Colon - Sigmoid	GTEx-sim
GTEX-ZYFD-2226-SM-5E43P	GTEX-ZYFD	Colon - Sigmoid	GTEx-ref
GTEX-ZAB5-1426-SM-5HL9D	GTEX-ZAB5	Colon - Sigmoid	GTEx-sim
GTEX-13O1R-2426-SM-5KLZZ	GTEX-13O1R	Colon - Sigmoid	GTEx-sim
GTEX-12BJ1-2026-SM-5FQUH	GTEX-12BJ1	Colon - Sigmoid	GTEx-sim
GTEX-ZTSS-1226-SM-51MSZ	GTEX-ZTSS	Colon - Sigmoid	GTEx-sim
GTEX-1339X-1726-SM-5P9J9	GTEX-1339X	Colon - Sigmoid	GTEx-ref
GTEX-11P7K-1826-SM-5HL5A	GTEX-11P7K	Colon - Sigmoid	GTEx-sim
GTEX-ZLFU-1426-SM-4WWEU	GTEX-ZLFU	Colon - Sigmoid	GTEx-sim
GTEX-WFG8-1726-SM-4LVM6	GTEX-WFG8	Colon - Sigmoid	GTEx-ref
GTEX-12WSL-1826-SM-5LZW9	GTEX-12WSL	Colon - Sigmoid	GTEx-ref
GTEX-WYJK-2326-SM-4ONDN	GTEX-WYJK	Colon - Sigmoid	GTEx-ref
GTEX-11TT1-0926-SM-5GU5M	GTEX-11TT1	Colon - Sigmoid	GTEx-sim
GTEX-ZT9W-1726-SM-51MS3	GTEX-ZT9W	Colon - Sigmoid	GTEx-ref
GTEX-ZVZP-2026-SM-57WB3	GTEX-ZVZP	Colon - Sigmoid	GTEx-ref
GTEX-ZA64-1426-SM-5CVMC	GTEX-ZA64	Colon - Sigmoid	GTEx-sim
GTEX-WFG8-1726-SM-5CHTE	GTEX-WFG8	Colon - Sigmoid	GTEx-ref
GTEX-11ZTS-1526-SM-5N9G7	GTEX-11ZTS	Colon - Sigmoid	GTEx-sim
GTEX-145LS-2926-SM-5O99G	GTEX-145LS	Colon - Sigmoid	GTEx-ref
GTEX-11EMC-1426-SM-5N9E4	GTEX-11EMC	Colon - Sigmoid	GTEx-sim
GTEX-13U4I-2626-SM-5SI9C	GTEX-13U4I	Colon - Sigmoid	GTEx-sim
GTEX-WYVS-1126-SM-4SOJX	GTEX-WYVS	Colon - Sigmoid	GTEx-sim
GTEX-131YS-2926-SM-5EGKI	GTEX-131YS	Colon - Sigmoid	GTEx-ref
GTEX-ZF2S-1826-SM-4WKFF	GTEX-ZF2S	Colon - Sigmoid	GTEx-ref
GTEX-ZVT4-2626-SM-5N9GJ	GTEX-ZVT4	Colon - Sigmoid	GTEx-sim
GTEX-12ZZX-2726-SM-5N9FT	GTEX-12ZZX	Colon - Sigmoid	GTEx-sim
GTEX-12WSG-2426-SM-5EQLZ	GTEX-12WSG	Colon - Sigmoid	GTEx-sim
GTEX-13X6K-2726-SM-5O9DG	GTEX-13X6K	Colon - Sigmoid	GTEx-ref
GTEX-X4EO-2726-SM-4E3HS	GTEX-X4EO	Colon - Sigmoid	GTEx-sim
GTEX-Y114-1626-SM-4TT7I	GTEX-Y114	Colon - Sigmoid	GTEx-ref
GTEX-11P81-1426-SM-5P9JN	GTEX-11P81	Colon - Sigmoid	GTEx-ref
GTEX-14A5I-2426-SM-5Q5CP	GTEX-14A5I	Colon - Sigmoid	GTEx-sim
GTEX-WI4N-2226-SM-4OOS9	GTEX-WI4N	Colon - Sigmoid	GTEx-sim
GTEX-146FH-2426-SM-5Q5EW	GTEX-146FH	Colon - Sigmoid	GTEx-sim
GTEX-132AR-2826-SM-5IJFV	GTEX-132AR	Colon - Sigmoid	GTEx-sim
GTEX-1122O-1426-SM-5H11R	GTEX-1122O	Colon - Sigmoid	GTEx-ref
GTEX-11DXX-1926-SM-5EGJK	GTEX-11DXX	Colon - Sigmoid	GTEx-ref
GTEX-ZQG8-2426-SM-57WEE	GTEX-ZQG8	Colon - Sigmoid	GTEx-ref
GTEX-145ME-1126-SM-5SIAT	GTEX-145ME	Colon - Sigmoid	GTEx-sim
GTEX-ZVT3-2826-SM-5GU6A	GTEX-ZVT3	Colon - Sigmoid	GTEx-sim
GTEX-X15G-1526-SM-4PQZM	GTEX-X15G	Colon - Sigmoid	GTEx-ref
GTEX-ZE7O-2626-SM-51MSS	GTEX-ZE7O	Colon - Sigmoid	GTEx-ref
GTEX-ZV6S-1126-SM-57WE9	GTEX-ZV6S	Colon - Sigmoid	GTEx-ref
GTEX-XV7Q-2226-SM-4BRVY	GTEX-XV7Q	Colon - Sigmoid	GTEx-ref
GTEX-13OVJ-1826-SM-5KM2D	GTEX-13OVJ	Colon - Sigmoid	GTEx-ref
GTEX-ZP4G-1526-SM-57WE5	GTEX-ZP4G	Colon - Sigmoid	GTEx-ref
GTEX-ZLV1-1326-SM-4WWER	GTEX-ZLV1	Colon - Sigmoid	GTEx-ref
GTEX-13113-1426-SM-5EGHU	GTEX-13113	Colon - Sigmoid	GTEx-ref
GTEX-ZYFG-1826-SM-5GZWX	GTEX-ZYFG	Colon - Sigmoid	GTEx-ref
GTEX-13OVI-2126-SM-5KM3U	GTEX-13OVI	Colon - Sigmoid	GTEx-ref
GTEX-11I78-1326-SM-5PNY9	GTEX-11I78	Colon - Sigmoid	GTEx-ref
GTEX-ZPIC-2626-SM-57WE2	GTEX-ZPIC	Colon - Sigmoid	GTEx-sim
GTEX-WRHK-1126-SM-4MVOJ	GTEX-WRHK	Colon - Sigmoid	GTEx-sim
GTEX-13PVR-1726-SM-5Q5EC	GTEX-13PVR	Colon - Sigmoid	GTEx-sim
GTEX-12WSJ-1426-SM-5GCON	GTEX-12WSJ	Colon - Sigmoid	GTEx-sim
GTEX-Y5LM-1426-SM-5RQJL	GTEX-Y5LM	Colon - Sigmoid	GTEx-ref
GTEX-ZVZQ-2626-SM-59HLB	GTEX-ZVZQ	Colon - Sigmoid	GTEx-sim
GTEX-W5WG-2026-SM-4LMIB	GTEX-W5WG	Colon - Sigmoid	GTEx-ref
GTEX-1211K-1826-SM-5EGJ2	GTEX-1211K	Colon - Sigmoid	GTEx-sim
GTEX-13CF3-1326-SM-5LZXZ	GTEX-13CF3	Colon - Sigmoid	GTEx-sim
GTEX-13VXT-2026-SM-5L3EW	GTEX-13VXT	Colon - Sigmoid	GTEx-sim
GTEX-ZF29-1826-SM-4WKG8	GTEX-ZF29	Colon - Sigmoid	GTEx-sim
GTEX-131XG-1526-SM-5GCNQ	GTEX-131XG	Colon - Sigmoid	GTEx-sim
GTEX-13FH7-1626-SM-5J2O9	GTEX-13FH7	Colon - Sigmoid	GTEx-sim
GTEX-11ZTT-1626-SM-5EQKR	GTEX-11ZTT	Colon - Sigmoid	GTEx-sim
GTEX-ZVT2-1726-SM-51MRO	GTEX-ZVT2	Colon - Sigmoid	GTEx-ref
GTEX-13W3W-2226-SM-5LU4M	GTEX-13W3W	Colon - Sigmoid	GTEx-sim
GTEX-WXYG-1726-SM-4ONCU	GTEX-WXYG	Colon - Sigmoid	GTEx-sim
GTEX-ZAJG-2626-SM-5S2NU	GTEX-ZAJG	Colon - Sigmoid	GTEx-ref
GTEX-14BMU-1326-SM-5RQIH	GTEX-14BMU	Colon - Sigmoid	GTEx-ref
GTEX-XUW1-1826-SM-4BOQD	GTEX-XUW1	Colon - Sigmoid	GTEx-sim
GTEX-13D11-0626-SM-5LZYY	GTEX-13D11	Colon - Sigmoid	GTEx-ref
GTEX-XUJ4-2126-SM-4BOOX	GTEX-XUJ4	Colon - Sigmoid	GTEx-ref
GTEX-13FHP-2426-SM-5KLZ5	GTEX-13FHP	Colon - Transverse	GTEx-sim
GTEX-11ONC-2026-SM-5HL61	GTEX-11ONC	Colon - Transverse	GTEx-ref
GTEX-ZYFC-2626-SM-5NQ6S	GTEX-ZYFC	Colon - Transverse	GTEx-ref
GTEX-12KS4-2426-SM-5LU8P	GTEX-12KS4	Colon - Transverse	GTEx-sim
GTEX-111VG-2226-SM-5N9DU	GTEX-111VG	Colon - Transverse	GTEx-ref
GTEX-147JS-2526-SM-5S2Q8	GTEX-147JS	Colon - Transverse	GTEx-ref
GTEX-XMK1-1726-SM-4B64Z	GTEX-XMK1	Colon - Transverse	GTEx-ref
GTEX-Z93S-2426-SM-5HL8N	GTEX-Z93S	Colon - Transverse	GTEx-sim
GTEX-Y8E4-2426-SM-4WWDN	GTEX-Y8E4	Colon - Transverse	GTEx-sim
GTEX-ZAB4-2226-SM-5HL97	GTEX-ZAB4	Colon - Transverse	GTEx-ref
GTEX-11O72-2226-SM-5PNW2	GTEX-11O72	Colon - Transverse	GTEx-sim
GTEX-OXRL-1426-SM-3NM9E	GTEX-OXRL	Colon - Transverse	GTEx-sim
GTEX-11NSD-1626-SM-5986U	GTEX-11NSD	Colon - Transverse	GTEx-ref
GTEX-ZVP2-1526-SM-5NQ82	GTEX-ZVP2	Colon - Transverse	GTEx-ref
GTEX-117YX-0826-SM-5H11J	GTEX-117YX	Colon - Transverse	GTEx-sim
GTEX-O5YW-1426-SM-3MJHF	GTEX-O5YW	Colon - Transverse	GTEx-sim
GTEX-145MO-2426-SM-5NQ9W	GTEX-145MO	Colon - Transverse	GTEx-sim
GTEX-148VJ-2626-SM-5QGPI	GTEX-148VJ	Colon - Transverse	GTEx-sim
GTEX-TKQ2-1326-SM-4DXT9	GTEX-TKQ2	Colon - Transverse	GTEx-ref
GTEX-131XE-0826-SM-5HL9W	GTEX-131XE	Colon - Transverse	GTEx-sim
GTEX-13OVG-1426-SM-5K7VP	GTEX-13OVG	Colon - Transverse	GTEx-sim
GTEX-139YR-2126-SM-5KM11	GTEX-139YR	Colon - Transverse	GTEx-ref
GTEX-QLQ7-1126-SM-4R1KN	GTEX-QLQ7	Colon - Transverse	GTEx-sim
GTEX-QEL4-1926-SM-4R1JI	GTEX-QEL4	Colon - Transverse	GTEx-ref
GTEX-VJYA-2026-SM-4KL1K	GTEX-VJYA	Colon - Transverse	GTEx-sim
GTEX-13OW5-2626-SM-5MR3M	GTEX-13OW5	Colon - Transverse	GTEx-sim
GTEX-ZEX8-1926-SM-4WKFR	GTEX-ZEX8	Colon - Transverse	GTEx-sim
GTEX-ZY6K-1226-SM-5GZYL	GTEX-ZY6K	Colon - Transverse	GTEx-ref
GTEX-11TUW-2026-SM-5EQL8	GTEX-11TUW	Colon - Transverse	GTEx-ref
GTEX-XXEK-1926-SM-4BRVD	GTEX-XXEK	Colon - Transverse	GTEx-sim
GTEX-YEC4-1926-SM-5IFHJ	GTEX-YEC4	Colon - Transverse	GTEx-ref
GTEX-146FQ-1926-SM-5NQBY	GTEX-146FQ	Colon - Transverse	GTEx-sim
GTEX-WHWD-1226-SM-4OOS1	GTEX-WHWD	Colon - Transverse	GTEx-ref
GTEX-11EQ9-1426-SM-5987G	GTEX-11EQ9	Colon - Transverse	GTEx-sim
GTEX-Q2AH-1226-SM-48TZL	GTEX-Q2AH	Colon - Transverse	GTEx-sim
GTEX-ZZ64-0726-SM-5GZX4	GTEX-ZZ64	Colon - Transverse	GTEx-ref
GTEX-ZPU1-1926-SM-57WDT	GTEX-ZPU1	Colon - Transverse	GTEx-ref
GTEX-139T6-1326-SM-5IFFO	GTEX-139T6	Colon - Transverse	GTEx-ref
GTEX-145MN-1726-SM-5SIA6	GTEX-145MN	Colon - Transverse	GTEx-ref
GTEX-RM2N-0926-SM-48FD1	GTEX-RM2N	Colon - Transverse	GTEx-sim
GTEX-WOFM-2026-SM-4OOSQ	GTEX-WOFM	Colon - Transverse	GTEx-ref
GTEX-WQUQ-2526-SM-4MVNO	GTEX-WQUQ	Colon - Transverse	GTEx-sim
GTEX-S4Q7-0826-SM-4AD5E	GTEX-S4Q7	Colon - Transverse	GTEx-sim
GTEX-X3Y1-1726-SM-4PQZL	GTEX-X3Y1	Colon - Transverse	GTEx-ref
GTEX-11DXZ-1726-SM-5H12M	GTEX-11DXZ	Colon - Transverse	GTEx-ref
GTEX-XQ8I-2126-SM-4BOOM	GTEX-XQ8I	Colon - Transverse	GTEx-ref
GTEX-ZV7C-1526-SM-5NQ72	GTEX-ZV7C	Colon - Transverse	GTEx-sim
GTEX-QLQW-0426-SM-447A7	GTEX-QLQW	Colon - Transverse	GTEx-ref
GTEX-12WSL-1626-SM-5GCMU	GTEX-12WSL	Colon - Transverse	GTEx-sim
GTEX-QDVN-1326-SM-48TZ3	GTEX-QDVN	Colon - Transverse	GTEx-sim
GTEX-11P7K-1526-SM-5EGI7	GTEX-11P7K	Colon - Transverse	GTEx-ref
GTEX-14C38-2626-SM-5RQI4	GTEX-14C38	Colon - Transverse	GTEx-ref
GTEX-QDVJ-1326-SM-48U1X	GTEX-QDVJ	Colon - Transverse	GTEx-ref
GTEX-V955-1626-SM-4JBHJ	GTEX-V955	Colon - Transverse	GTEx-ref
GTEX-XGQ4-1226-SM-4AT67	GTEX-XGQ4	Colon - Transverse	GTEx-ref
GTEX-144GM-1226-SM-5LU52	GTEX-144GM	Colon - Transverse	GTEx-sim
GTEX-111YS-1626-SM-5GZZ9	GTEX-111YS	Colon - Transverse	GTEx-sim
GTEX-12C56-0626-SM-5EGGC	GTEX-12C56	Colon - Transverse	GTEx-ref
GTEX-13O61-1626-SM-5KM3T	GTEX-13O61	Colon - Transverse	GTEx-sim
GTEX-QMRM-1226-SM-447C6	GTEX-QMRM	Colon - Transverse	GTEx-sim
GTEX-YB5E-1626-SM-5IFIQ	GTEX-YB5E	Colon - Transverse	GTEx-ref
GTEX-PLZ5-1126-SM-3P613	GTEX-PLZ5	Colon - Transverse	GTEx-ref
GTEX-YEC3-2426-SM-5IFJR	GTEX-YEC3	Colon - Transverse	GTEx-ref
GTEX-ZTSS-1126-SM-5985O	GTEX-ZTSS	Colon - Transverse	GTEx-sim
GTEX-OHPM-1426-SM-3TW8Y	GTEX-OHPM	Colon - Transverse	GTEx-sim
GTEX-117YW-1826-SM-5PNY5	GTEX-117YW	Colon - Transverse	GTEx-ref
GTEX-WY7C-1626-SM-4ONC8	GTEX-WY7C	Colon - Transverse	GTEx-sim
GTEX-QV31-0826-SM-4R1KR	GTEX-QV31	Colon - Transverse	GTEx-sim
GTEX-WFG7-1526-SM-4LVMG	GTEX-WFG7	Colon - Transverse	GTEx-ref
GTEX-13S86-1626-SM-5Q5C5	GTEX-13S86	Colon - Transverse	GTEx-ref
GTEX-ZDYS-2326-SM-4WKG6	GTEX-ZDYS	Colon - Transverse	GTEx-ref
GTEX-13O21-2426-SM-5MR4A	GTEX-13O21	Colon - Transverse	GTEx-sim
GTEX-WHSB-0926-SM-4M1XJ	GTEX-WHSB	Colon - Transverse	GTEx-ref
GTEX-OIZH-1426-SM-3NB1O	GTEX-OIZH	Colon - Transverse	GTEx-sim
GTEX-YF7O-1726-SM-5IFJ9	GTEX-YF7O	Colon - Transverse	GTEx-ref
GTEX-UJMC-1326-SM-4IHLS	GTEX-UJMC	Colon - Transverse	GTEx-sim
GTEX-WFON-1426-SM-4LVMT	GTEX-WFON	Colon - Transverse	GTEx-sim
GTEX-11P82-1026-SM-5BC5J	GTEX-11P82	Colon - Transverse	GTEx-ref
GTEX-NFK9-2026-SM-3LK5K	GTEX-NFK9	Colon - Transverse	GTEx-ref
GTEX-TKQ1-0626-SM-4DXTS	GTEX-TKQ1	Colon - Transverse	GTEx-sim
GTEX-XBED-1526-SM-4AT5W	GTEX-XBED	Colon - Transverse	GTEx-sim
GTEX-Y3I4-1426-SM-4TT9C	GTEX-Y3I4	Colon - Transverse	GTEx-ref
GTEX-13111-0726-SM-5DUVE	GTEX-13111	Colon - Transverse	GTEx-ref
GTEX-R55D-1826-SM-48FEF	GTEX-R55D	Colon - Transverse	GTEx-sim
GTEX-SNOS-1226-SM-4DM5H	GTEX-SNOS	Colon - Transverse	GTEx-ref
GTEX-XAJ8-0426-SM-47JYJ	GTEX-XAJ8	Colon - Transverse	GTEx-sim
GTEX-145LT-0926-SM-5LU9C	GTEX-145LT	Colon - Transverse	GTEx-sim
GTEX-XBEW-1926-SM-4SOJO	GTEX-XBEW	Colon - Transverse	GTEx-ref
GTEX-12BJ1-2126-SM-5BC5O	GTEX-12BJ1	Colon - Transverse	GTEx-sim
GTEX-U3ZM-1126-SM-4DXUB	GTEX-U3ZM	Colon - Transverse	GTEx-ref
GTEX-111CU-1426-SM-5GZYP	GTEX-111CU	Colon - Transverse	GTEx-sim
GTEX-WH7G-1326-SM-4LVMS	GTEX-WH7G	Colon - Transverse	GTEx-sim
GTEX-14DAR-1526-SM-5RQIX	GTEX-14DAR	Colon - Transverse	GTEx-sim
GTEX-Q2AI-0926-SM-48U1F	GTEX-Q2AI	Colon - Transverse	GTEx-ref
GTEX-1399R-2226-SM-5P9JB	GTEX-1399R	Colon - Transverse	GTEx-sim
GTEX-14E6E-1526-SM-5RQIG	GTEX-14E6E	Colon - Transverse	GTEx-sim
GTEX-SUCS-1026-SM-5CHTC	GTEX-SUCS	Colon - Transverse	GTEx-ref
GTEX-WFG8-1526-SM-5CHSI	GTEX-WFG8	Colon - Transverse	GTEx-ref
GTEX-WFON-1426-SM-5CHT1	GTEX-WFON	Colon - Transverse	GTEx-sim
GTEX-13W3W-2126-SM-5K7UX	GTEX-13W3W	Colon - Transverse	GTEx-ref
GTEX-11TTK-2426-SM-5PNYO	GTEX-11TTK	Colon - Transverse	GTEx-sim
GTEX-13O3O-2526-SM-5L3DR	GTEX-13O3O	Colon - Transverse	GTEx-ref
GTEX-145LS-2726-SM-5Q5D8	GTEX-145LS	Colon - Transverse	GTEx-sim
GTEX-P78B-1726-SM-3P5ZV	GTEX-P78B	Colon - Transverse	GTEx-sim
GTEX-11GSP-1626-SM-5986N	GTEX-11GSP	Colon - Transverse	GTEx-sim
GTEX-11ZVC-2126-SM-5EGJ1	GTEX-11ZVC	Colon - Transverse	GTEx-ref
GTEX-14AS3-1126-SM-5Q5CR	GTEX-14AS3	Colon - Transverse	GTEx-sim
GTEX-11P81-1126-SM-5GU5G	GTEX-11P81	Colon - Transverse	GTEx-ref
GTEX-13U4I-2426-SM-5LU34	GTEX-13U4I	Colon - Transverse	GTEx-sim
GTEX-145ME-0826-SM-5O9AF	GTEX-145ME	Colon - Transverse	GTEx-ref
GTEX-11ILO-2026-SM-5N9CQ	GTEX-11ILO	Colon - Transverse	GTEx-sim
GTEX-OXRK-1726-SM-3NB16	GTEX-OXRK	Colon - Transverse	GTEx-ref
GTEX-ZXES-1626-SM-5NQ7L	GTEX-ZXES	Colon - Transverse	GTEx-ref
GTEX-R53T-1326-SM-48FCQ	GTEX-R53T	Colon - Transverse	GTEx-ref
GTEX-PX3G-1426-SM-48U1J	GTEX-PX3G	Colon - Transverse	GTEx-sim
GTEX-S341-1426-SM-4AD6U	GTEX-S341	Colon - Transverse	GTEx-ref
GTEX-133LE-1526-SM-5IFEN	GTEX-133LE	Colon - Transverse	GTEx-sim
GTEX-1128S-1626-SM-5H12O	GTEX-1128S	Colon - Transverse	GTEx-ref
GTEX-Y114-1526-SM-4TT79	GTEX-Y114	Colon - Transverse	GTEx-sim
GTEX-XV7Q-2126-SM-4BRVX	GTEX-XV7Q	Colon - Transverse	GTEx-sim
GTEX-XYKS-2226-SM-4E3IU	GTEX-XYKS	Colon - Transverse	GTEx-sim
GTEX-UPIC-1726-SM-4IHKG	GTEX-UPIC	Colon - Transverse	GTEx-ref
GTEX-Q734-1126-SM-48TZY	GTEX-Q734	Colon - Transverse	GTEx-ref
GTEX-ZYFG-1926-SM-5GID5	GTEX-ZYFG	Colon - Transverse	GTEx-ref
GTEX-ZLV1-1226-SM-4WWBX	GTEX-ZLV1	Colon - Transverse	GTEx-ref
GTEX-Y3IK-1826-SM-4WWDS	GTEX-Y3IK	Colon - Transverse	GTEx-ref
GTEX-ZGAY-2126-SM-4YCFB	GTEX-ZGAY	Colon - Transverse	GTEx-sim
GTEX-S7SF-1926-SM-4AT5B	GTEX-S7SF	Colon - Transverse	GTEx-sim
GTEX-147F3-1926-SM-5SIB9	GTEX-147F3	Colon - Transverse	GTEx-ref
GTEX-QCQG-1626-SM-48U26	GTEX-QCQG	Colon - Transverse	GTEx-ref
GTEX-13D11-0826-SM-5KLZJ	GTEX-13D11	Colon - Transverse	GTEx-sim
GTEX-Y8LW-1226-SM-4WWDP	GTEX-Y8LW	Colon - Transverse	GTEx-sim
GTEX-ZYWO-1626-SM-5E44H	GTEX-ZYWO	Colon - Transverse	GTEx-ref
GTEX-ZF29-1726-SM-4WKFV	GTEX-ZF29	Colon - Transverse	GTEx-ref
GTEX-ZF2S-1926-SM-4WWAN	GTEX-ZF2S	Colon - Transverse	GTEx-sim
GTEX-S4P3-1226-SM-4AD4Y	GTEX-S4P3	Colon - Transverse	GTEx-ref
GTEX-WEY5-1426-SM-4LMJ3	GTEX-WEY5	Colon - Transverse	GTEx-sim
GTEX-13FH7-1526-SM-5J2N6	GTEX-13FH7	Colon - Transverse	GTEx-ref
GTEX-132AR-2726-SM-5PNVN	GTEX-132AR	Colon - Transverse	GTEx-ref
GTEX-ZP4G-1726-SM-4WWCM	GTEX-ZP4G	Colon - Transverse	GTEx-sim
GTEX-1399S-1926-SM-5J2M5	GTEX-1399S	Colon - Transverse	GTEx-ref
GTEX-PWOO-1326-SM-48TCJ	GTEX-PWOO	Colon - Transverse	GTEx-sim
GTEX-RU1J-1326-SM-46MUL	GTEX-RU1J	Colon - Transverse	GTEx-ref
GTEX-T6MO-0826-SM-4DM51	GTEX-T6MO	Colon - Transverse	GTEx-sim
GTEX-TML8-1326-SM-4DXTO	GTEX-TML8	Colon - Transverse	GTEx-ref
GTEX-W5WG-2426-SM-4LMI6	GTEX-W5WG	Colon - Transverse	GTEx-sim
GTEX-X15G-1326-SM-4PQZJ	GTEX-X15G	Colon - Transverse	GTEx-sim
GTEX-XUW1-1926-SM-4BOP1	GTEX-XUW1	Colon - Transverse	GTEx-sim
GTEX-P4QT-1426-SM-3NMCX	GTEX-P4QT	Colon - Transverse	GTEx-sim
GTEX-13PL7-2526-SM-5IFGR	GTEX-13PL7	Colon - Transverse	GTEx-ref
GTEX-XUZC-1326-SM-4BRV2	GTEX-XUZC	Colon - Transverse	GTEx-sim
GTEX-ZYVF-2826-SM-5GIDK	GTEX-ZYVF	Colon - Transverse	GTEx-ref
GTEX-PWCY-1026-SM-48TD4	GTEX-PWCY	Colon - Transverse	GTEx-ref
GTEX-13CF3-1426-SM-5K7YY	GTEX-13CF3	Colon - Transverse	GTEx-ref
GTEX-SE5C-1526-SM-4BRWU	GTEX-SE5C	Colon - Transverse	GTEx-sim
GTEX-UJHI-1126-SM-4IHLN	GTEX-UJHI	Colon - Transverse	GTEx-ref
GTEX-T5JW-1126-SM-4DM5V	GTEX-T5JW	Colon - Transverse	GTEx-ref
GTEX-XUJ4-2026-SM-4BOOW	GTEX-XUJ4	Colon - Transverse	GTEx-sim
GTEX-11I78-1226-SM-5A5K6	GTEX-11I78	Colon - Transverse	GTEx-sim
GTEX-Y5LM-1526-SM-4VDTA	GTEX-Y5LM	Colon - Transverse	GTEx-sim
GTEX-1211K-1726-SM-5FQUJ	GTEX-1211K	Colon - Transverse	GTEx-sim
GTEX-1122O-1526-SM-5N9CL	GTEX-1122O	Colon - Transverse	GTEx-ref
GTEX-R55G-1226-SM-48FDC	GTEX-R55G	Colon - Transverse	GTEx-ref
GTEX-PWN1-1426-SM-48TDF	GTEX-PWN1	Colon - Transverse	GTEx-sim
GTEX-11DXX-1826-SM-5H126	GTEX-11DXX	Colon - Transverse	GTEx-sim
GTEX-13QBU-1826-SM-5IJG3	GTEX-13QBU	Colon - Transverse	GTEx-sim
GTEX-12WSJ-1526-SM-5GCNI	GTEX-12WSJ	Colon - Transverse	GTEx-ref
GTEX-13VXU-1126-SM-5LU3U	GTEX-13VXU	Esophagus - Gastroesophageal Junction	GTEx-ref
GTEX-11O72-2026-SM-5N9G8	GTEX-11O72	Esophagus - Gastroesophageal Junction	GTEx-sim
GTEX-ZYFC-2226-SM-5NQ96	GTEX-ZYFC	Esophagus - Gastroesophageal Junction	GTEx-ref
GTEX-145MF-1526-SM-5LU95	GTEX-145MF	Esophagus - Gastroesophageal Junction	GTEx-ref
GTEX-13OW6-1626-SM-5IJD5	GTEX-13OW6	Esophagus - Gastroesophageal Junction	GTEx-ref
GTEX-11DXY-1326-SM-5987Z	GTEX-11DXY	Esophagus - Gastroesophageal Junction	GTEx-sim
GTEX-132NY-2026-SM-5L3FM	GTEX-132NY	Esophagus - Gastroesophageal Junction	GTEx-ref
GTEX-Y5V6-1226-SM-4VDTE	GTEX-Y5V6	Esophagus - Gastroesophageal Junction	GTEx-sim
GTEX-X585-1426-SM-4E3JO	GTEX-X585	Esophagus - Gastroesophageal Junction	GTEx-ref
GTEX-VUSG-1026-SM-4KKZN	GTEX-VUSG	Esophagus - Gastroesophageal Junction	GTEx-ref
GTEX-13OW7-1926-SM-5LUB4	GTEX-13OW7	Esophagus - Gastroesophageal Junction	GTEx-ref
GTEX-WZTO-1726-SM-4PQYV	GTEX-WZTO	Esophagus - Gastroesophageal Junction	GTEx-ref
GTEX-11DYG-1926-SM-5H12I	GTEX-11DYG	Esophagus - Gastroesophageal Junction	GTEx-ref
GTEX-13OW8-2426-SM-5L3ID	GTEX-13OW8	Esophagus - Gastroesophageal Junction	GTEx-sim
GTEX-14E7W-1926-SM-5S2R9	GTEX-14E7W	Esophagus - Gastroesophageal Junction	GTEx-sim
GTEX-11NUK-1726-SM-5A5L2	GTEX-11NUK	Esophagus - Gastroesophageal Junction	GTEx-sim
GTEX-1192W-0826-SM-5EGHE	GTEX-1192W	Esophagus - Gastroesophageal Junction	GTEx-ref
GTEX-13OVH-1826-SM-5K7YW	GTEX-13OVH	Esophagus - Gastroesophageal Junction	GTEx-ref
GTEX-ZAB5-1226-SM-5P9FY	GTEX-ZAB5	Esophagus - Gastroesophageal Junction	GTEx-ref
GTEX-13FLV-1326-SM-5L3EJ	GTEX-13FLV	Esophagus - Gastroesophageal Junction	GTEx-ref
GTEX-Y111-1826-SM-4SOIR	GTEX-Y111	Esophagus - Gastroesophageal Junction	GTEx-sim
GTEX-13NYB-1326-SM-5K7Y1	GTEX-13NYB	Esophagus - Gastroesophageal Junction	GTEx-sim
GTEX-1497J-2126-SM-5NQB8	GTEX-1497J	Esophagus - Gastroesophageal Junction	GTEx-sim
GTEX-13PVQ-1926-SM-5L3GN	GTEX-13PVQ	Esophagus - Gastroesophageal Junction	GTEx-sim
GTEX-139YR-1826-SM-5LZXA	GTEX-139YR	Esophagus - Gastroesophageal Junction	GTEx-sim
GTEX-XQ3S-1026-SM-4BOPJ	GTEX-XQ3S	Esophagus - Gastroesophageal Junction	GTEx-sim
GTEX-13QJ3-1926-SM-5QGQM	GTEX-13QJ3	Esophagus - Gastroesophageal Junction	GTEx-sim
GTEX-13OVL-2726-SM-5J2MP	GTEX-13OVL	Esophagus - Gastroesophageal Junction	GTEx-sim
GTEX-WFON-1026-SM-4LVMD	GTEX-WFON	Esophagus - Gastroesophageal Junction	GTEx-sim
GTEX-YJ8A-1426-SM-5PNV7	GTEX-YJ8A	Esophagus - Gastroesophageal Junction	GTEx-sim
GTEX-11OF3-2326-SM-5GU73	GTEX-11OF3	Esophagus - Gastroesophageal Junction	GTEx-ref
GTEX-1399R-0926-SM-5J2N8	GTEX-1399R	Esophagus - Gastroesophageal Junction	GTEx-ref
GTEX-13N1W-1926-SM-5IJCH	GTEX-13N1W	Esophagus - Gastroesophageal Junction	GTEx-sim
GTEX-ZYW4-1626-SM-5GIE6	GTEX-ZYW4	Esophagus - Gastroesophageal Junction	GTEx-sim
GTEX-11P7K-1426-SM-5EGKY	GTEX-11P7K	Esophagus - Gastroesophageal Junction	GTEx-sim
GTEX-WQUQ-1826-SM-4OOSD	GTEX-WQUQ	Esophagus - Gastroesophageal Junction	GTEx-ref
GTEX-Y8E4-1926-SM-4VBPW	GTEX-Y8E4	Esophagus - Gastroesophageal Junction	GTEx-ref
GTEX-WL46-1226-SM-4OOS4	GTEX-WL46	Esophagus - Gastroesophageal Junction	GTEx-sim
GTEX-ZPU1-1526-SM-4YCFF	GTEX-ZPU1	Esophagus - Gastroesophageal Junction	GTEx-sim
GTEX-XBEW-1526-SM-4AT4K	GTEX-XBEW	Esophagus - Gastroesophageal Junction	GTEx-sim
GTEX-ZVZP-1626-SM-5GIDJ	GTEX-ZVZP	Esophagus - Gastroesophageal Junction	GTEx-sim
GTEX-WY7C-0826-SM-4ONCG	GTEX-WY7C	Esophagus - Gastroesophageal Junction	GTEx-sim
GTEX-11UD2-1526-SM-5EQLQ	GTEX-11UD2	Esophagus - Gastroesophageal Junction	GTEx-sim
GTEX-131XE-1526-SM-5KM1A	GTEX-131XE	Esophagus - Gastroesophageal Junction	GTEx-ref
GTEX-Y3I4-0926-SM-4TT2B	GTEX-Y3I4	Esophagus - Gastroesophageal Junction	GTEx-sim
GTEX-12BJ1-1526-SM-5LUAQ	GTEX-12BJ1	Esophagus - Gastroesophageal Junction	GTEx-sim
GTEX-XXEK-0526-SM-4BRWD	GTEX-XXEK	Esophagus - Gastroesophageal Junction	GTEx-sim
GTEX-YB5E-1026-SM-5IFI2	GTEX-YB5E	Esophagus - Gastroesophageal Junction	GTEx-sim
GTEX-V955-1226-SM-4JBI9	GTEX-V955	Esophagus - Gastroesophageal Junction	GTEx-sim
GTEX-12696-1526-SM-5EGL6	GTEX-12696	Esophagus - Gastroesophageal Junction	GTEx-ref
GTEX-139T6-0826-SM-5J1O2	GTEX-139T6	Esophagus - Gastroesophageal Junction	GTEx-ref
GTEX-ZY6K-0826-SM-5A5L7	GTEX-ZY6K	Esophagus - Gastroesophageal Junction	GTEx-sim
GTEX-WHSB-0626-SM-4M1XP	GTEX-WHSB	Esophagus - Gastroesophageal Junction	GTEx-sim
GTEX-ZV7C-1326-SM-5BC7G	GTEX-ZV7C	Esophagus - Gastroesophageal Junction	GTEx-ref
GTEX-11P82-0426-SM-5HL5D	GTEX-11P82	Esophagus - Gastroesophageal Junction	GTEx-ref
GTEX-XQ8I-1826-SM-4BOOJ	GTEX-XQ8I	Esophagus - Gastroesophageal Junction	GTEx-sim
GTEX-YEC3-2326-SM-5IFJF	GTEX-YEC3	Esophagus - Gastroesophageal Junction	GTEx-ref
GTEX-1192X-1826-SM-5GIE2	GTEX-1192X	Esophagus - Gastroesophageal Junction	GTEx-sim
GTEX-144GM-1626-SM-5O9AG	GTEX-144GM	Esophagus - Gastroesophageal Junction	GTEx-sim
GTEX-ZT9W-1426-SM-4YCD2	GTEX-ZT9W	Esophagus - Gastroesophageal Junction	GTEx-ref
GTEX-WOFM-0426-SM-4OOSG	GTEX-WOFM	Esophagus - Gastroesophageal Junction	GTEx-sim
GTEX-ZVP2-1426-SM-5NQ7P	GTEX-ZVP2	Esophagus - Gastroesophageal Junction	GTEx-sim
GTEX-13O61-1226-SM-5KM21	GTEX-13O61	Esophagus - Gastroesophageal Junction	GTEx-ref
GTEX-WFG8-1126-SM-4LVN1	GTEX-WFG8	Esophagus - Gastroesophageal Junction	GTEx-ref
GTEX-WHPG-1326-SM-4M1ZJ	GTEX-WHPG	Esophagus - Gastroesophageal Junction	GTEx-ref
GTEX-ZTSS-0826-SM-5985L	GTEX-ZTSS	Esophagus - Gastroesophageal Junction	GTEx-sim
GTEX-12C56-0426-SM-5FQU1	GTEX-12C56	Esophagus - Gastroesophageal Junction	GTEx-sim
GTEX-13O21-0726-SM-5L3EG	GTEX-13O21	Esophagus - Gastroesophageal Junction	GTEx-ref
GTEX-111YS-0826-SM-5GZYK	GTEX-111YS	Esophagus - Gastroesophageal Junction	GTEx-ref
GTEX-X4LF-0826-SM-4QASC	GTEX-X4LF	Esophagus - Gastroesophageal Junction	GTEx-ref
GTEX-Y9LG-0926-SM-4VDS6	GTEX-Y9LG	Esophagus - Gastroesophageal Junction	GTEx-ref
GTEX-XGQ4-1626-SM-4AT6J	GTEX-XGQ4	Esophagus - Gastroesophageal Junction	GTEx-sim
GTEX-11EQ9-0926-SM-5HL6I	GTEX-11EQ9	Esophagus - Gastroesophageal Junction	GTEx-sim
GTEX-13FTW-1926-SM-5K7Y4	GTEX-13FTW	Esophagus - Gastroesophageal Junction	GTEx-ref
GTEX-ZQUD-0626-SM-51MR2	GTEX-ZQUD	Esophagus - Gastroesophageal Junction	GTEx-ref
GTEX-X3Y1-1126-SM-4PQZ9	GTEX-X3Y1	Esophagus - Gastroesophageal Junction	GTEx-ref
GTEX-11WQK-2226-SM-5CVL7	GTEX-11WQK	Esophagus - Gastroesophageal Junction	GTEx-ref
GTEX-XBED-1126-SM-48TCF	GTEX-XBED	Esophagus - Gastroesophageal Junction	GTEx-ref
GTEX-146FQ-1226-SM-5QGQ4	GTEX-146FQ	Esophagus - Gastroesophageal Junction	GTEx-sim
GTEX-14DAR-0726-SM-5RQIA	GTEX-14DAR	Esophagus - Gastroesophageal Junction	GTEx-ref
GTEX-132QS-1626-SM-5K7YZ	GTEX-132QS	Esophagus - Gastroesophageal Junction	GTEx-sim
GTEX-131XF-1126-SM-5HL8J	GTEX-131XF	Esophagus - Gastroesophageal Junction	GTEx-ref
GTEX-Z9EW-0326-SM-5CVM8	GTEX-Z9EW	Esophagus - Gastroesophageal Junction	GTEx-ref
GTEX-12WSN-1826-SM-5LZUT	GTEX-12WSN	Esophagus - Gastroesophageal Junction	GTEx-ref
GTEX-13RTK-0426-SM-5RQHT	GTEX-13RTK	Esophagus - Gastroesophageal Junction	GTEx-ref
GTEX-YEC4-1226-SM-5CVLX	GTEX-YEC4	Esophagus - Gastroesophageal Junction	GTEx-sim
GTEX-1339X-1126-SM-5J2OI	GTEX-1339X	Esophagus - Gastroesophageal Junction	GTEx-sim
GTEX-WFG7-1226-SM-4LMK2	GTEX-WFG7	Esophagus - Gastroesophageal Junction	GTEx-sim
GTEX-X5EB-1026-SM-46MVU	GTEX-X5EB	Esophagus - Gastroesophageal Junction	GTEx-sim
GTEX-ZVT2-1526-SM-51MQZ	GTEX-ZVT2	Esophagus - Gastroesophageal Junction	GTEx-sim
GTEX-ZAK1-1826-SM-5HL93	GTEX-ZAK1	Esophagus - Gastroesophageal Junction	GTEx-sim
GTEX-12WSD-2026-SM-5HL7D	GTEX-12WSD	Esophagus - Gastroesophageal Junction	GTEx-sim
GTEX-14DAQ-1626-SM-5S2R1	GTEX-14DAQ	Esophagus - Gastroesophageal Junction	GTEx-sim
GTEX-11ZTS-2726-SM-5EQLU	GTEX-11ZTS	Esophagus - Gastroesophageal Junction	GTEx-sim
GTEX-11VI4-0826-SM-5GU5N	GTEX-11VI4	Esophagus - Gastroesophageal Junction	GTEx-ref
GTEX-ZYVF-2526-SM-5E45C	GTEX-ZYVF	Esophagus - Gastroesophageal Junction	GTEx-ref
GTEX-X8HC-1326-SM-46MWB	GTEX-X8HC	Esophagus - Gastroesophageal Junction	GTEx-sim
GTEX-YJ8O-0326-SM-5RQJW	GTEX-YJ8O	Esophagus - Gastroesophageal Junction	GTEx-sim
GTEX-148VI-1226-SM-5RQJR	GTEX-148VI	Esophagus - Gastroesophageal Junction	GTEx-ref
GTEX-13QBU-0826-SM-5IJBU	GTEX-13QBU	Esophagus - Gastroesophageal Junction	GTEx-sim
GTEX-11I78-1626-SM-5A5M2	GTEX-11I78	Esophagus - Gastroesophageal Junction	GTEx-sim
GTEX-ZPIC-1926-SM-57WFQ	GTEX-ZPIC	Esophagus - Gastroesophageal Junction	GTEx-ref
GTEX-ZF2S-1326-SM-4WWAZ	GTEX-ZF2S	Esophagus - Gastroesophageal Junction	GTEx-sim
GTEX-13113-0626-SM-5GCP2	GTEX-13113	Esophagus - Gastroesophageal Junction	GTEx-ref
GTEX-Y3IK-1326-SM-4YCD8	GTEX-Y3IK	Esophagus - Gastroesophageal Junction	GTEx-sim
GTEX-WYBS-1626-SM-4ONCA	GTEX-WYBS	Esophagus - Gastroesophageal Junction	GTEx-sim
GTEX-WYVS-1026-SM-4SOJW	GTEX-WYVS	Esophagus - Gastroesophageal Junction	GTEx-ref
GTEX-ZGAY-1526-SM-4WWEO	GTEX-ZGAY	Esophagus - Gastroesophageal Junction	GTEx-ref
GTEX-146FH-1926-SM-5Q5B2	GTEX-146FH	Esophagus - Gastroesophageal Junction	GTEx-sim
GTEX-ZYFG-1226-SM-5GIC7	GTEX-ZYFG	Esophagus - Gastroesophageal Junction	GTEx-ref
GTEX-11DXX-1226-SM-5GICD	GTEX-11DXX	Esophagus - Gastroesophageal Junction	GTEx-ref
GTEX-ZYWO-1126-SM-5U3SH	GTEX-ZYWO	Esophagus - Gastroesophageal Junction	GTEx-ref
GTEX-WXYG-1026-SM-4ONCD	GTEX-WXYG	Esophagus - Gastroesophageal Junction	GTEx-sim
GTEX-13D11-2026-SM-5IJBK	GTEX-13D11	Esophagus - Gastroesophageal Junction	GTEx-ref
GTEX-Y114-1126-SM-4TT7V	GTEX-Y114	Esophagus - Gastroesophageal Junction	GTEx-ref
GTEX-11P81-1026-SM-5GU54	GTEX-11P81	Esophagus - Gastroesophageal Junction	GTEx-ref
GTEX-13FH7-0626-SM-5KLZD	GTEX-13FH7	Esophagus - Gastroesophageal Junction	GTEx-ref
GTEX-13OVJ-1426-SM-5K7Z2	GTEX-13OVJ	Esophagus - Gastroesophageal Junction	GTEx-sim
GTEX-13U4I-1326-SM-5KM25	GTEX-13U4I	Esophagus - Gastroesophageal Junction	GTEx-ref
GTEX-1122O-1826-SM-5EGIP	GTEX-1122O	Esophagus - Gastroesophageal Junction	GTEx-sim
GTEX-11XUK-0926-SM-5EQL3	GTEX-11XUK	Esophagus - Gastroesophageal Junction	GTEx-sim
GTEX-1399S-1526-SM-5P9JC	GTEX-1399S	Esophagus - Gastroesophageal Junction	GTEx-ref
GTEX-XYKS-1026-SM-4BRVH	GTEX-XYKS	Esophagus - Gastroesophageal Junction	GTEx-ref
GTEX-11EM3-0926-SM-5A5KK	GTEX-11EM3	Esophagus - Gastroesophageal Junction	GTEx-sim
GTEX-X15G-1026-SM-4PQZF	GTEX-X15G	Esophagus - Gastroesophageal Junction	GTEx-sim
GTEX-132AR-2526-SM-5PNVM	GTEX-132AR	Esophagus - Gastroesophageal Junction	GTEx-ref
GTEX-14BMU-1026-SM-5RQJ5	GTEX-14BMU	Esophagus - Gastroesophageal Junction	GTEx-ref
GTEX-13PL7-0526-SM-5J2MQ	GTEX-13PL7	Esophagus - Gastroesophageal Junction	GTEx-ref
GTEX-YB5K-0626-SM-5LUB5	GTEX-YB5K	Esophagus - Gastroesophageal Junction	GTEx-ref
GTEX-W5WG-2726-SM-4LMIC	GTEX-W5WG	Esophagus - Gastroesophageal Junction	GTEx-ref
GTEX-ZP4G-1126-SM-4WWCI	GTEX-ZP4G	Esophagus - Gastroesophageal Junction	GTEx-ref
GTEX-12WSK-1326-SM-5CVNM	GTEX-12WSK	Esophagus - Gastroesophageal Junction	GTEx-ref
GTEX-145ME-0426-SM-5S2QP	GTEX-145ME	Esophagus - Gastroesophageal Junction	GTEx-sim
GTEX-XUZC-0526-SM-4BOPF	GTEX-XUZC	Esophagus - Gastroesophageal Junction	GTEx-ref
GTEX-Y5LM-1226-SM-4VDT6	GTEX-Y5LM	Esophagus - Gastroesophageal Junction	GTEx-ref
GTEX-13X6H-1526-SM-5Q5E2	GTEX-13X6H	Esophagus - Gastroesophageal Junction	GTEx-sim
GTEX-13W3W-1826-SM-5IJDE	GTEX-13W3W	Esophagus - Gastroesophageal Junction	GTEx-sim
GTEX-ZYFC-1626-SM-5N9EU	GTEX-ZYFC	Esophagus - Mucosa	GTEx-sim
GTEX-N7MS-1225-SM-3LK5G	GTEX-N7MS	Esophagus - Mucosa	GTEx-ref
GTEX-ZZPT-1426-SM-5N9C5	GTEX-ZZPT	Esophagus - Mucosa	GTEx-sim
GTEX-11DYG-1326-SM-5N9DO	GTEX-11DYG	Esophagus - Mucosa	GTEx-sim
GTEX-QDVN-1026-SM-48TZA	GTEX-QDVN	Esophagus - Mucosa	GTEx-sim
GTEX-S4Z8-0826-SM-4AD4J	GTEX-S4Z8	Esophagus - Mucosa	GTEx-ref
GTEX-YEC4-1026-SM-5P9FW	GTEX-YEC4	Esophagus - Mucosa	GTEx-ref
GTEX-YJ89-1526-SM-5P9IR	GTEX-YJ89	Esophagus - Mucosa	GTEx-sim
GTEX-13FHO-1726-SM-5IFGM	GTEX-13FHO	Esophagus - Mucosa	GTEx-ref
GTEX-13O3P-1226-SM-5J2O8	GTEX-13O3P	Esophagus - Mucosa	GTEx-sim
GTEX-PLZ5-0926-SM-3TW8L	GTEX-PLZ5	Esophagus - Mucosa	GTEx-sim
GTEX-P4QS-0626-SM-3NMD1	GTEX-P4QS	Esophagus - Mucosa	GTEx-ref
GTEX-117YW-1926-SM-5H121	GTEX-117YW	Esophagus - Mucosa	GTEx-ref
GTEX-OIZI-1426-SM-3NB1T	GTEX-OIZI	Esophagus - Mucosa	GTEx-ref
GTEX-WK11-1026-SM-4OOS8	GTEX-WK11	Esophagus - Mucosa	GTEx-sim
GTEX-1212Z-2126-SM-5FQTM	GTEX-1212Z	Esophagus - Mucosa	GTEx-ref
GTEX-XLM4-2326-SM-4TT2D	GTEX-XLM4	Esophagus - Mucosa	GTEx-sim
GTEX-ZYT6-1126-SM-5GZYR	GTEX-ZYT6	Esophagus - Mucosa	GTEx-sim
GTEX-139T6-0626-SM-5IFF9	GTEX-139T6	Esophagus - Mucosa	GTEx-sim
GTEX-148VJ-1026-SM-5LU98	GTEX-148VJ	Esophagus - Mucosa	GTEx-sim
GTEX-S3XE-0926-SM-4AD4S	GTEX-S3XE	Esophagus - Mucosa	GTEx-ref
GTEX-ZEX8-1426-SM-4WKHQ	GTEX-ZEX8	Esophagus - Mucosa	GTEx-ref
GTEX-12696-1326-SM-5FQTJ	GTEX-12696	Esophagus - Mucosa	GTEx-sim
GTEX-13G51-0926-SM-5IFFU	GTEX-13G51	Esophagus - Mucosa	GTEx-ref
GTEX-13O21-0626-SM-5IJDI	GTEX-13O21	Esophagus - Mucosa	GTEx-sim
GTEX-144FL-2726-SM-5O98Z	GTEX-144FL	Esophagus - Mucosa	GTEx-ref
GTEX-ZQUD-0426-SM-57WFR	GTEX-ZQUD	Esophagus - Mucosa	GTEx-ref
GTEX-ZAB5-0926-SM-5CVMV	GTEX-ZAB5	Esophagus - Mucosa	GTEx-ref
GTEX-ZYW4-1326-SM-5E45N	GTEX-ZYW4	Esophagus - Mucosa	GTEx-sim
GTEX-RVPV-0526-SM-47JYL	GTEX-RVPV	Esophagus - Mucosa	GTEx-sim
GTEX-V955-1126-SM-4JBH3	GTEX-V955	Esophagus - Mucosa	GTEx-sim
GTEX-VUSG-1226-SM-4KKZF	GTEX-VUSG	Esophagus - Mucosa	GTEx-sim
GTEX-ZT9X-0526-SM-5GCOP	GTEX-ZT9X	Esophagus - Mucosa	GTEx-sim
GTEX-ZZ64-0226-SM-5E44X	GTEX-ZZ64	Esophagus - Mucosa	GTEx-sim
GTEX-11DZ1-2026-SM-5A5KG	GTEX-11DZ1	Esophagus - Mucosa	GTEx-ref
GTEX-139TU-1226-SM-5J2NL	GTEX-139TU	Esophagus - Mucosa	GTEx-ref
GTEX-13QJ3-1726-SM-5RQK9	GTEX-13QJ3	Esophagus - Mucosa	GTEx-sim
GTEX-13X6I-1026-SM-5LU4C	GTEX-13X6I	Esophagus - Mucosa	GTEx-ref
GTEX-OXRL-0626-SM-3NM9C	GTEX-OXRL	Esophagus - Mucosa	GTEx-ref
GTEX-1314G-0826-SM-5BC6L	GTEX-1314G	Esophagus - Mucosa	GTEx-sim
GTEX-14A6H-1326-SM-5NQBC	GTEX-14A6H	Esophagus - Mucosa	GTEx-ref
GTEX-PLZ5-0926-SM-4RGM9	GTEX-PLZ5	Esophagus - Mucosa	GTEx-sim
GTEX-11P7K-1326-SM-5BC5G	GTEX-11P7K	Esophagus - Mucosa	GTEx-ref
GTEX-Q2AI-0626-SM-48TZU	GTEX-Q2AI	Esophagus - Mucosa	GTEx-ref
GTEX-R55D-1126-SM-48FEB	GTEX-R55D	Esophagus - Mucosa	GTEx-ref
GTEX-NPJ8-1926-SM-3MJGB	GTEX-NPJ8	Esophagus - Mucosa	GTEx-sim
GTEX-13OVG-0626-SM-5IFEP	GTEX-13OVG	Esophagus - Mucosa	GTEx-ref
GTEX-PVOW-1626-SM-48TC9	GTEX-PVOW	Esophagus - Mucosa	GTEx-sim
GTEX-144GN-0626-SM-5O9B2	GTEX-144GN	Esophagus - Mucosa	GTEx-sim
GTEX-13W46-1926-SM-5J2MF	GTEX-13W46	Esophagus - Mucosa	GTEx-ref
GTEX-X62O-2226-SM-46MW3	GTEX-X62O	Esophagus - Mucosa	GTEx-sim
GTEX-PLZ6-0526-SM-3P61C	GTEX-PLZ6	Esophagus - Mucosa	GTEx-sim
GTEX-Y5V6-1026-SM-4VBS2	GTEX-Y5V6	Esophagus - Mucosa	GTEx-sim
GTEX-U3ZH-1026-SM-4DXUZ	GTEX-U3ZH	Esophagus - Mucosa	GTEx-ref
GTEX-12WSA-1426-SM-5EGJU	GTEX-12WSA	Esophagus - Mucosa	GTEx-ref
GTEX-XBED-1026-SM-48TCB	GTEX-XBED	Esophagus - Mucosa	GTEx-sim
GTEX-XQ8I-1526-SM-4BOOH	GTEX-XQ8I	Esophagus - Mucosa	GTEx-sim
GTEX-13OW8-2326-SM-5L3I9	GTEX-13OW8	Esophagus - Mucosa	GTEx-sim
GTEX-S4Q7-0626-SM-4AD5M	GTEX-S4Q7	Esophagus - Mucosa	GTEx-ref
GTEX-11DXY-1426-SM-5N9CN	GTEX-11DXY	Esophagus - Mucosa	GTEx-ref
GTEX-11NUK-1326-SM-5P9GN	GTEX-11NUK	Esophagus - Mucosa	GTEx-ref
GTEX-WVLH-1426-SM-4MVNX	GTEX-WVLH	Esophagus - Mucosa	GTEx-sim
GTEX-1399R-0826-SM-5IJEL	GTEX-1399R	Esophagus - Mucosa	GTEx-sim
GTEX-X585-1226-SM-46MW7	GTEX-X585	Esophagus - Mucosa	GTEx-ref
GTEX-12KS4-0926-SM-5BC5S	GTEX-12KS4	Esophagus - Mucosa	GTEx-sim
GTEX-139UW-1126-SM-5IJEJ	GTEX-139UW	Esophagus - Mucosa	GTEx-ref
GTEX-PSDG-1326-SM-48TD2	GTEX-PSDG	Esophagus - Mucosa	GTEx-sim
GTEX-YB5E-0926-SM-4WWDQ	GTEX-YB5E	Esophagus - Mucosa	GTEx-sim
GTEX-OOBK-0625-SM-3LK5P	GTEX-OOBK	Esophagus - Mucosa	GTEx-ref
GTEX-XMK1-1326-SM-4B65Q	GTEX-XMK1	Esophagus - Mucosa	GTEx-sim
GTEX-OXRN-1726-SM-3NM9B	GTEX-OXRN	Esophagus - Mucosa	GTEx-ref
GTEX-11EQ9-0726-SM-5A5K2	GTEX-11EQ9	Esophagus - Mucosa	GTEx-sim
GTEX-131XE-1426-SM-5HL7V	GTEX-131XE	Esophagus - Mucosa	GTEx-ref
GTEX-QDVJ-0726-SM-48U1W	GTEX-QDVJ	Esophagus - Mucosa	GTEx-ref
GTEX-YF7O-0926-SM-5IFIF	GTEX-YF7O	Esophagus - Mucosa	GTEx-sim
GTEX-ZPU1-1426-SM-4WWFU	GTEX-ZPU1	Esophagus - Mucosa	GTEx-ref
GTEX-ZVE2-1326-SM-5NQ94	GTEX-ZVE2	Esophagus - Mucosa	GTEx-ref
GTEX-OIZG-1026-SM-3LK5X	GTEX-OIZG	Esophagus - Mucosa	GTEx-sim
GTEX-WHWD-0926-SM-4OORY	GTEX-WHWD	Esophagus - Mucosa	GTEx-ref
GTEX-13O61-0926-SM-5IFFE	GTEX-13O61	Esophagus - Mucosa	GTEx-sim
GTEX-QLQ7-0926-SM-447BC	GTEX-QLQ7	Esophagus - Mucosa	GTEx-ref
GTEX-1497J-2726-SM-5SI9W	GTEX-1497J	Esophagus - Mucosa	GTEx-sim
GTEX-P4PQ-0626-SM-3NMCU	GTEX-P4PQ	Esophagus - Mucosa	GTEx-sim
GTEX-QLQW-0526-SM-4R1KS	GTEX-QLQW	Esophagus - Mucosa	GTEx-ref
GTEX-RM2N-0726-SM-48FD5	GTEX-RM2N	Esophagus - Mucosa	GTEx-sim
GTEX-S33H-0826-SM-4AD5Y	GTEX-S33H	Esophagus - Mucosa	GTEx-sim
GTEX-UPK5-1226-SM-4IHL8	GTEX-UPK5	Esophagus - Mucosa	GTEx-ref
GTEX-132Q8-1826-SM-5EGIY	GTEX-132Q8	Esophagus - Mucosa	GTEx-sim
GTEX-WHSB-0426-SM-4M1XI	GTEX-WHSB	Esophagus - Mucosa	GTEx-ref
GTEX-ZAB4-1126-SM-5HL86	GTEX-ZAB4	Esophagus - Mucosa	GTEx-sim
GTEX-131XF-0826-SM-5GICG	GTEX-131XF	Esophagus - Mucosa	GTEx-ref
GTEX-XGQ4-1526-SM-4AT6H	GTEX-XGQ4	Esophagus - Mucosa	GTEx-sim
GTEX-Z9EW-0526-SM-5HL8S	GTEX-Z9EW	Esophagus - Mucosa	GTEx-sim
GTEX-QEG5-1426-SM-447AS	GTEX-QEG5	Esophagus - Mucosa	GTEx-ref
GTEX-132QS-1426-SM-5P9GE	GTEX-132QS	Esophagus - Mucosa	GTEx-ref
GTEX-13FLV-1126-SM-5J2NO	GTEX-13FLV	Esophagus - Mucosa	GTEx-sim
GTEX-NFK9-1126-SM-3LK78	GTEX-NFK9	Esophagus - Mucosa	GTEx-sim
GTEX-YEC3-2526-SM-4YCDN	GTEX-YEC3	Esophagus - Mucosa	GTEx-ref
GTEX-144GO-2726-SM-5O9A2	GTEX-144GO	Esophagus - Mucosa	GTEx-ref
GTEX-QV31-0426-SM-447C4	GTEX-QV31	Esophagus - Mucosa	GTEx-sim
GTEX-WOFM-0626-SM-4OOS3	GTEX-WOFM	Esophagus - Mucosa	GTEx-sim
GTEX-1399Q-1126-SM-5P9JA	GTEX-1399Q	Esophagus - Mucosa	GTEx-sim
GTEX-13PVQ-1726-SM-5IFF3	GTEX-13PVQ	Esophagus - Mucosa	GTEx-ref
GTEX-XBEW-1326-SM-4AT63	GTEX-XBEW	Esophagus - Mucosa	GTEx-ref
GTEX-13FTW-1626-SM-5KM4N	GTEX-13FTW	Esophagus - Mucosa	GTEx-ref
GTEX-ZTX8-0226-SM-5E44D	GTEX-ZTX8	Esophagus - Mucosa	GTEx-ref
GTEX-13S86-0826-SM-5SI6J	GTEX-13S86	Esophagus - Mucosa	GTEx-ref
GTEX-111CU-0726-SM-5GZYD	GTEX-111CU	Esophagus - Mucosa	GTEx-ref
GTEX-13FHP-1526-SM-5IJGE	GTEX-13FHP	Esophagus - Mucosa	GTEx-ref
GTEX-145MN-1026-SM-5NQ9G	GTEX-145MN	Esophagus - Mucosa	GTEx-ref
GTEX-R55C-0826-SM-48FCL	GTEX-R55C	Esophagus - Mucosa	GTEx-sim
GTEX-145MO-1426-SM-5Q5BS	GTEX-145MO	Esophagus - Mucosa	GTEx-sim
GTEX-Y111-1626-SM-57WCY	GTEX-Y111	Esophagus - Mucosa	GTEx-ref
GTEX-ZTSS-0626-SM-59867	GTEX-ZTSS	Esophagus - Mucosa	GTEx-sim
GTEX-12WSL-1526-SM-5GCP8	GTEX-12WSL	Esophagus - Mucosa	GTEx-sim
GTEX-139YR-1726-SM-5IFFK	GTEX-139YR	Esophagus - Mucosa	GTEx-sim
GTEX-XOTO-2126-SM-4B64U	GTEX-XOTO	Esophagus - Mucosa	GTEx-ref
GTEX-XQ3S-1126-SM-4BOPK	GTEX-XQ3S	Esophagus - Mucosa	GTEx-sim
GTEX-12ZZW-1726-SM-5DUVD	GTEX-12ZZW	Esophagus - Mucosa	GTEx-sim
GTEX-ZE9C-1126-SM-4WWBD	GTEX-ZE9C	Esophagus - Mucosa	GTEx-ref
GTEX-ZVP2-1326-SM-57WCE	GTEX-ZVP2	Esophagus - Mucosa	GTEx-sim
GTEX-U8XE-1726-SM-4E3IF	GTEX-U8XE	Esophagus - Mucosa	GTEx-ref
GTEX-14C38-2126-SM-5RQJO	GTEX-14C38	Esophagus - Mucosa	GTEx-sim
GTEX-RUSQ-0826-SM-47JWW	GTEX-RUSQ	Esophagus - Mucosa	GTEx-sim
GTEX-ZDYS-0826-SM-4WWCR	GTEX-ZDYS	Esophagus - Mucosa	GTEx-sim
GTEX-OIZH-0626-SM-3NB1L	GTEX-OIZH	Esophagus - Mucosa	GTEx-sim
GTEX-QV44-1126-SM-4R1KO	GTEX-QV44	Esophagus - Mucosa	GTEx-sim
GTEX-11TUW-1326-SM-5EQKV	GTEX-11TUW	Esophagus - Mucosa	GTEx-sim
GTEX-12C56-1226-SM-5FQSU	GTEX-12C56	Esophagus - Mucosa	GTEx-sim
GTEX-Q2AH-0826-SM-48TZN	GTEX-Q2AH	Esophagus - Mucosa	GTEx-ref
GTEX-SNMC-0526-SM-4DM69	GTEX-SNMC	Esophagus - Mucosa	GTEx-ref
GTEX-ZA64-0626-SM-5HL9O	GTEX-ZA64	Esophagus - Mucosa	GTEx-ref
GTEX-WFJO-0826-SM-4LVM5	GTEX-WFJO	Esophagus - Mucosa	GTEx-ref
GTEX-XXEK-0326-SM-4BRVV	GTEX-XXEK	Esophagus - Mucosa	GTEx-ref
GTEX-11LCK-1726-SM-5S2OQ	GTEX-11LCK	Esophagus - Mucosa	GTEx-ref
GTEX-Y3I4-1226-SM-4TT8N	GTEX-Y3I4	Esophagus - Mucosa	GTEx-ref
GTEX-11TT1-0526-SM-5P9JO	GTEX-11TT1	Esophagus - Mucosa	GTEx-sim
GTEX-13O1R-1326-SM-5IJF5	GTEX-13O1R	Esophagus - Mucosa	GTEx-sim
GTEX-WHSE-1526-SM-4M1XH	GTEX-WHSE	Esophagus - Mucosa	GTEx-ref
GTEX-ZY6K-0626-SM-59HJL	GTEX-ZY6K	Esophagus - Mucosa	GTEx-ref
GTEX-117YX-1626-SM-5GZZG	GTEX-117YX	Esophagus - Mucosa	GTEx-sim
GTEX-13NYB-0926-SM-5IFFA	GTEX-13NYB	Esophagus - Mucosa	GTEx-sim
GTEX-TKQ1-0326-SM-4DXSM	GTEX-TKQ1	Esophagus - Mucosa	GTEx-sim
GTEX-ZT9W-1326-SM-51MTB	GTEX-ZT9W	Esophagus - Mucosa	GTEx-ref
GTEX-11NSD-1126-SM-5N9BQ	GTEX-11NSD	Esophagus - Mucosa	GTEx-sim
GTEX-11ZU8-1526-SM-5EGHX	GTEX-11ZU8	Esophagus - Mucosa	GTEx-sim
GTEX-U4B1-0826-SM-4DXTW	GTEX-U4B1	Esophagus - Mucosa	GTEx-sim
GTEX-X4XY-1726-SM-46MVO	GTEX-X4XY	Esophagus - Mucosa	GTEx-sim
GTEX-Y9LG-0626-SM-4WWDH	GTEX-Y9LG	Esophagus - Mucosa	GTEx-sim
GTEX-T5JC-1726-SM-4DM6U	GTEX-T5JC	Esophagus - Mucosa	GTEx-sim
GTEX-11P82-0526-SM-5986P	GTEX-11P82	Esophagus - Mucosa	GTEx-sim
GTEX-WYJK-1926-SM-4ONDP	GTEX-WYJK	Esophagus - Mucosa	GTEx-ref
GTEX-Y8E4-1726-SM-5LU9G	GTEX-Y8E4	Esophagus - Mucosa	GTEx-ref
GTEX-14E6E-0726-SM-5S2R3	GTEX-14E6E	Esophagus - Mucosa	GTEx-ref
GTEX-U3ZM-0526-SM-4DXTB	GTEX-U3ZM	Esophagus - Mucosa	GTEx-ref
GTEX-ZG7Y-1126-SM-4WWEZ	GTEX-ZG7Y	Esophagus - Mucosa	GTEx-sim
GTEX-QESD-0826-SM-47J4G	GTEX-QESD	Esophagus - Mucosa	GTEx-sim
GTEX-111YS-0926-SM-5EGGI	GTEX-111YS	Esophagus - Mucosa	GTEx-sim
GTEX-X3Y1-1326-SM-4PQZB	GTEX-X3Y1	Esophagus - Mucosa	GTEx-ref
GTEX-R55E-1326-SM-48FCR	GTEX-R55E	Esophagus - Mucosa	GTEx-ref
GTEX-WQUQ-1626-SM-4OOSH	GTEX-WQUQ	Esophagus - Mucosa	GTEx-sim
GTEX-RN64-1026-SM-48FDX	GTEX-RN64	Esophagus - Mucosa	GTEx-sim
GTEX-VJYA-0726-SM-4KL1T	GTEX-VJYA	Esophagus - Mucosa	GTEx-ref
GTEX-POYW-1326-SM-48TCG	GTEX-POYW	Esophagus - Mucosa	GTEx-sim
GTEX-S95S-0426-SM-4B64I	GTEX-S95S	Esophagus - Mucosa	GTEx-sim
GTEX-T8EM-0526-SM-4DM64	GTEX-T8EM	Esophagus - Mucosa	GTEx-ref
GTEX-YEC3-2526-SM-5CVLS	GTEX-YEC3	Esophagus - Mucosa	GTEx-ref
GTEX-T2YK-1326-SM-4DM6S	GTEX-T2YK	Esophagus - Mucosa	GTEx-sim
GTEX-WFG8-1226-SM-5CHTQ	GTEX-WFG8	Esophagus - Mucosa	GTEx-sim
GTEX-OHPL-0726-SM-3TW8U	GTEX-OHPL	Esophagus - Mucosa	GTEx-sim
GTEX-13SLX-1726-SM-5Q5E5	GTEX-13SLX	Esophagus - Mucosa	GTEx-ref
GTEX-ZVT3-1426-SM-59HLP	GTEX-ZVT3	Esophagus - Mucosa	GTEx-sim
GTEX-ZP4G-1026-SM-4YCE1	GTEX-ZP4G	Esophagus - Mucosa	GTEx-ref
GTEX-P4PP-0626-SM-3NM9X	GTEX-P4PP	Esophagus - Mucosa	GTEx-ref
GTEX-14DAQ-1426-SM-5RQJD	GTEX-14DAQ	Esophagus - Mucosa	GTEx-ref
GTEX-R45C-1226-SM-48FEE	GTEX-R45C	Esophagus - Mucosa	GTEx-sim
GTEX-R53T-1126-SM-48FD4	GTEX-R53T	Esophagus - Mucosa	GTEx-sim
GTEX-131YS-1426-SM-5IJF7	GTEX-131YS	Esophagus - Mucosa	GTEx-sim
GTEX-1399S-1326-SM-5P9GH	GTEX-1399S	Esophagus - Mucosa	GTEx-sim
GTEX-X8HC-1426-SM-46MWC	GTEX-X8HC	Esophagus - Mucosa	GTEx-ref
GTEX-13OVJ-1226-SM-5L3HA	GTEX-13OVJ	Esophagus - Mucosa	GTEx-sim
GTEX-1211K-0926-SM-5FQTL	GTEX-1211K	Esophagus - Mucosa	GTEx-ref
GTEX-145LS-1826-SM-5LUAZ	GTEX-145LS	Esophagus - Mucosa	GTEx-ref
GTEX-RTLS-1126-SM-46MUQ	GTEX-RTLS	Esophagus - Mucosa	GTEx-ref
GTEX-SE5C-1226-SM-4BRWV	GTEX-SE5C	Esophagus - Mucosa	GTEx-ref
GTEX-XV7Q-1126-SM-4BRVS	GTEX-XV7Q	Esophagus - Mucosa	GTEx-sim
GTEX-11VI4-0526-SM-5EQ48	GTEX-11VI4	Esophagus - Mucosa	GTEx-ref
GTEX-13X6K-2126-SM-5O9D4	GTEX-13X6K	Esophagus - Mucosa	GTEx-ref
GTEX-11DXX-1126-SM-5GZZK	GTEX-11DXX	Esophagus - Mucosa	GTEx-ref
GTEX-WEY5-0926-SM-4LMI4	GTEX-WEY5	Esophagus - Mucosa	GTEx-sim
GTEX-13CF3-1626-SM-5IFG9	GTEX-13CF3	Esophagus - Mucosa	GTEx-sim
GTEX-11P81-0826-SM-5P9GR	GTEX-11P81	Esophagus - Mucosa	GTEx-ref
GTEX-Y5V5-1626-SM-4VDSG	GTEX-Y5V5	Esophagus - Mucosa	GTEx-ref
GTEX-13D11-1926-SM-5IFGB	GTEX-13D11	Esophagus - Mucosa	GTEx-ref
GTEX-147F3-0826-SM-5NQA7	GTEX-147F3	Esophagus - Mucosa	GTEx-ref
GTEX-1399U-1026-SM-5J1OC	GTEX-1399U	Esophagus - Mucosa	GTEx-ref
GTEX-ZGAY-1126-SM-4WWBS	GTEX-ZGAY	Esophagus - Mucosa	GTEx-ref
GTEX-N7MT-0326-SM-48TDP	GTEX-N7MT	Esophagus - Mucosa	GTEx-sim
GTEX-12WSD-1826-SM-5GCOA	GTEX-12WSD	Esophagus - Mucosa	GTEx-ref
GTEX-P4QT-0626-SM-3NMCP	GTEX-P4QT	Esophagus - Mucosa	GTEx-sim
GTEX-RNOR-1226-SM-48FDQ	GTEX-RNOR	Esophagus - Mucosa	GTEx-ref
GTEX-145ME-0526-SM-5QGQV	GTEX-145ME	Esophagus - Mucosa	GTEx-sim
GTEX-14BIN-2726-SM-5RQIE	GTEX-14BIN	Esophagus - Mucosa	GTEx-sim
GTEX-PLZ4-1626-SM-3P618	GTEX-PLZ4	Esophagus - Mucosa	GTEx-ref
GTEX-OXRK-1326-SM-3NB1A	GTEX-OXRK	Esophagus - Mucosa	GTEx-ref
GTEX-WXYG-1226-SM-4ONCJ	GTEX-WXYG	Esophagus - Mucosa	GTEx-ref
GTEX-QCQG-0626-SM-48U21	GTEX-QCQG	Esophagus - Mucosa	GTEx-ref
GTEX-13W3W-1626-SM-5LU35	GTEX-13W3W	Esophagus - Mucosa	GTEx-ref
GTEX-T2IS-0826-SM-4DM6L	GTEX-T2IS	Esophagus - Mucosa	GTEx-sim
GTEX-146FR-0426-SM-5SI97	GTEX-146FR	Esophagus - Mucosa	GTEx-ref
GTEX-RU72-0726-SM-46MUW	GTEX-RU72	Esophagus - Mucosa	GTEx-ref
GTEX-TML8-1526-SM-4DXUX	GTEX-TML8	Esophagus - Mucosa	GTEx-sim
GTEX-X4EO-1226-SM-4QARR	GTEX-X4EO	Esophagus - Mucosa	GTEx-ref
GTEX-S4P3-0426-SM-4AD56	GTEX-S4P3	Esophagus - Mucosa	GTEx-ref
GTEX-XMD2-1326-SM-4YCET	GTEX-XMD2	Esophagus - Mucosa	GTEx-sim
GTEX-133LE-0626-SM-5IFFJ	GTEX-133LE	Esophagus - Mucosa	GTEx-sim
GTEX-X4EP-1626-SM-4QAS6	GTEX-X4EP	Esophagus - Mucosa	GTEx-ref
GTEX-ZYVF-2226-SM-5GIDD	GTEX-ZYVF	Esophagus - Mucosa	GTEx-ref
GTEX-11ZTS-2626-SM-5EGIC	GTEX-11ZTS	Esophagus - Mucosa	GTEx-ref
GTEX-R3RS-1326-SM-48FE7	GTEX-R3RS	Esophagus - Mucosa	GTEx-sim
GTEX-131XG-1026-SM-5GCMX	GTEX-131XG	Esophagus - Mucosa	GTEx-sim
GTEX-O5YV-1026-SM-3LK72	GTEX-O5YV	Esophagus - Mucosa	GTEx-ref
GTEX-P78B-1026-SM-3NMC4	GTEX-P78B	Esophagus - Mucosa	GTEx-ref
GTEX-ZF29-1326-SM-4WWB6	GTEX-ZF29	Esophagus - Mucosa	GTEx-sim
GTEX-ZF3C-1626-SM-4WWB4	GTEX-ZF3C	Esophagus - Mucosa	GTEx-ref
GTEX-X15G-0826-SM-4PQZD	GTEX-X15G	Esophagus - Mucosa	GTEx-ref
GTEX-11GSP-1826-SM-5N9DQ	GTEX-11GSP	Esophagus - Mucosa	GTEx-sim
GTEX-1122O-1726-SM-5GICM	GTEX-1122O	Esophagus - Mucosa	GTEx-ref
GTEX-12WS9-1526-SM-5FQT4	GTEX-12WS9	Esophagus - Mucosa	GTEx-ref
GTEX-13FH7-0526-SM-5IJF8	GTEX-13FH7	Esophagus - Mucosa	GTEx-sim
GTEX-XUZC-0426-SM-4BOPE	GTEX-XUZC	Esophagus - Mucosa	GTEx-sim
GTEX-132AR-2226-SM-5J2NT	GTEX-132AR	Esophagus - Mucosa	GTEx-sim
GTEX-13X6H-1326-SM-5LU42	GTEX-13X6H	Esophagus - Mucosa	GTEx-sim
GTEX-UPIC-1026-SM-4IHLT	GTEX-UPIC	Esophagus - Mucosa	GTEx-ref
GTEX-Y8LW-0726-SM-5IFI1	GTEX-Y8LW	Esophagus - Mucosa	GTEx-sim
GTEX-1269C-1026-SM-5N9EY	GTEX-1269C	Esophagus - Mucosa	GTEx-ref
GTEX-T5JW-1326-SM-4DM5G	GTEX-T5JW	Esophagus - Mucosa	GTEx-ref
GTEX-TSE9-1226-SM-4DXTM	GTEX-TSE9	Esophagus - Mucosa	GTEx-ref
GTEX-13U4I-1126-SM-5LU3S	GTEX-13U4I	Esophagus - Mucosa	GTEx-ref
GTEX-14AS3-0626-SM-5QGQD	GTEX-14AS3	Esophagus - Mucosa	GTEx-sim
GTEX-PWCY-0726-SM-48TCS	GTEX-PWCY	Esophagus - Mucosa	GTEx-sim
GTEX-W5WG-1626-SM-4LMKG	GTEX-W5WG	Esophagus - Mucosa	GTEx-sim
GTEX-Q2AG-1326-SM-43V8K	GTEX-Q2AG	Esophagus - Mucosa	GTEx-ref
GTEX-Y3IK-1126-SM-51MSV	GTEX-Y3IK	Esophagus - Mucosa	GTEx-ref
GTEX-S32W-0926-SM-4AD5X	GTEX-S32W	Esophagus - Mucosa	GTEx-sim
GTEX-ZVT2-1326-SM-5E45H	GTEX-ZVT2	Esophagus - Mucosa	GTEx-ref
GTEX-12ZZX-1326-SM-5DUWI	GTEX-12ZZX	Esophagus - Mucosa	GTEx-ref
GTEX-XYKS-1526-SM-4BRUP	GTEX-XYKS	Esophagus - Mucosa	GTEx-ref
GTEX-YFC4-1226-SM-5LU9R	GTEX-YFC4	Esophagus - Mucosa	GTEx-ref
GTEX-ZC5H-1326-SM-5HL7E	GTEX-ZC5H	Esophagus - Mucosa	GTEx-sim
GTEX-WRHK-0526-SM-4MVOF	GTEX-WRHK	Esophagus - Mucosa	GTEx-ref
GTEX-ZPCL-1426-SM-57WEC	GTEX-ZPCL	Esophagus - Mucosa	GTEx-sim
GTEX-13QBU-1026-SM-5LU3R	GTEX-13QBU	Esophagus - Mucosa	GTEx-ref
GTEX-146FH-1726-SM-5QGQ2	GTEX-146FH	Esophagus - Mucosa	GTEx-sim
GTEX-14H4A-1626-SM-5SI69	GTEX-14H4A	Esophagus - Mucosa	GTEx-ref
GTEX-WYVS-0726-SM-4ONDO	GTEX-WYVS	Esophagus - Mucosa	GTEx-sim
GTEX-PWN1-0626-SM-48TDT	GTEX-PWN1	Esophagus - Mucosa	GTEx-sim
GTEX-QVUS-0626-SM-447CC	GTEX-QVUS	Esophagus - Mucosa	GTEx-ref
GTEX-R55G-1026-SM-48FDI	GTEX-R55G	Esophagus - Mucosa	GTEx-sim
GTEX-S341-0526-SM-4AD5U	GTEX-S341	Esophagus - Mucosa	GTEx-sim
GTEX-12WSK-1126-SM-5LZV8	GTEX-12WSK	Esophagus - Mucosa	GTEx-sim
GTEX-T6MO-0526-SM-4DM6R	GTEX-T6MO	Esophagus - Mucosa	GTEx-sim
GTEX-ZTPG-1626-SM-5DUX2	GTEX-ZTPG	Esophagus - Mucosa	GTEx-sim
GTEX-14BMU-0926-SM-5S2QB	GTEX-14BMU	Esophagus - Mucosa	GTEx-sim
GTEX-13PVR-1826-SM-5Q5CC	GTEX-13PVR	Esophagus - Mucosa	GTEx-sim
GTEX-ZLV1-0526-SM-4WWD4	GTEX-ZLV1	Esophagus - Mucosa	GTEx-ref
GTEX-13FTX-0526-SM-5IFGS	GTEX-13FTX	Esophagus - Mucosa	GTEx-sim
GTEX-OXRP-0926-SM-48TC1	GTEX-OXRP	Esophagus - Mucosa	GTEx-ref
GTEX-11I78-1526-SM-5A5K7	GTEX-11I78	Esophagus - Mucosa	GTEx-ref
GTEX-ZQG8-2226-SM-5DUWD	GTEX-ZQG8	Esophagus - Mucosa	GTEx-ref
GTEX-W5X1-1126-SM-5CHTH	GTEX-W5X1	Esophagus - Mucosa	GTEx-sim
GTEX-YEC4-1026-101814-SM-5P9FX	GTEX-YEC4	Esophagus - Mucosa	GTEx-ref
GTEX-YEC3-2526-101809-SM-5CVLT	GTEX-YEC3	Esophagus - Mucosa	GTEx-ref
GTEX-11ZUS-0926-SM-5FQSY	GTEX-11ZUS	Esophagus - Muscularis	GTEx-sim
GTEX-13FHP-1626-SM-5N9FK	GTEX-13FHP	Esophagus - Muscularis	GTEx-ref
GTEX-YECK-1726-SM-5IFI3	GTEX-YECK	Esophagus - Muscularis	GTEx-ref
GTEX-12ZZY-1526-SM-5LZWF	GTEX-12ZZY	Esophagus - Muscularis	GTEx-ref
GTEX-13OW6-1426-SM-5L3EU	GTEX-13OW6	Esophagus - Muscularis	GTEx-ref
GTEX-117YW-2026-SM-5N9BH	GTEX-117YW	Esophagus - Muscularis	GTEx-ref
GTEX-13X6J-1626-SM-5Q5CV	GTEX-13X6J	Esophagus - Muscularis	GTEx-sim
GTEX-OIZG-0926-SM-3LK5Y	GTEX-OIZG	Esophagus - Muscularis	GTEx-sim
GTEX-11ONC-1426-SM-5N9F4	GTEX-11ONC	Esophagus - Muscularis	GTEx-ref
GTEX-13OW8-2226-SM-5K7Z4	GTEX-13OW8	Esophagus - Muscularis	GTEx-ref
GTEX-N7MS-1126-SM-3LK5E	GTEX-N7MS	Esophagus - Muscularis	GTEx-sim
GTEX-11DXY-1526-SM-5H129	GTEX-11DXY	Esophagus - Muscularis	GTEx-ref
GTEX-14C5O-1726-SM-5RQI9	GTEX-14C5O	Esophagus - Muscularis	GTEx-sim
GTEX-14BMV-1426-SM-5S2WA	GTEX-14BMV	Esophagus - Muscularis	GTEx-sim
GTEX-13NYB-0826-SM-5MR4V	GTEX-13NYB	Esophagus - Muscularis	GTEx-sim
GTEX-ZYFC-1726-SM-5GZYX	GTEX-ZYFC	Esophagus - Muscularis	GTEx-sim
GTEX-11GS4-1426-SM-5N9D2	GTEX-11GS4	Esophagus - Muscularis	GTEx-ref
GTEX-11OF3-2226-SM-5986F	GTEX-11OF3	Esophagus - Muscularis	GTEx-ref
GTEX-11DYG-1426-SM-5A5JR	GTEX-11DYG	Esophagus - Muscularis	GTEx-ref
GTEX-T6MN-1526-SM-4DM5P	GTEX-T6MN	Esophagus - Muscularis	GTEx-ref
GTEX-P4PQ-0726-SM-3NMCR	GTEX-P4PQ	Esophagus - Muscularis	GTEx-ref
GTEX-13G51-1026-SM-5K7YQ	GTEX-13G51	Esophagus - Muscularis	GTEx-ref
GTEX-RWSA-1326-SM-47JX9	GTEX-RWSA	Esophagus - Muscularis	GTEx-ref
GTEX-14753-1926-SM-5NQAA	GTEX-14753	Esophagus - Muscularis	GTEx-sim
GTEX-WZTO-1526-SM-4PQYQ	GTEX-WZTO	Esophagus - Muscularis	GTEx-ref
GTEX-13YAN-2026-SM-5Q5EY	GTEX-13YAN	Esophagus - Muscularis	GTEx-sim
GTEX-PLZ5-0826-SM-3P5ZW	GTEX-PLZ5	Esophagus - Muscularis	GTEx-sim
GTEX-ZYT6-1226-SM-5E44Q	GTEX-ZYT6	Esophagus - Muscularis	GTEx-ref
GTEX-11NUK-1426-SM-5HL68	GTEX-11NUK	Esophagus - Muscularis	GTEx-sim
GTEX-13FLV-1226-SM-5IJBZ	GTEX-13FLV	Esophagus - Muscularis	GTEx-sim
GTEX-139YR-1626-SM-5IJGK	GTEX-139YR	Esophagus - Muscularis	GTEx-ref
GTEX-XQ3S-1226-SM-4BOPP	GTEX-XQ3S	Esophagus - Muscularis	GTEx-ref
GTEX-PLZ5-0826-SM-4E3JR	GTEX-PLZ5	Esophagus - Muscularis	GTEx-sim
GTEX-13O1R-1526-SM-5J1O7	GTEX-13O1R	Esophagus - Muscularis	GTEx-sim
GTEX-VUSG-1126-SM-4KKZQ	GTEX-VUSG	Esophagus - Muscularis	GTEx-ref
GTEX-ZYW4-1426-SM-5SIAX	GTEX-ZYW4	Esophagus - Muscularis	GTEx-ref
GTEX-1212Z-2026-SM-5N9EA	GTEX-1212Z	Esophagus - Muscularis	GTEx-ref
GTEX-145MO-1526-SM-5QGQC	GTEX-145MO	Esophagus - Muscularis	GTEx-ref
GTEX-T5JC-1826-SM-4DM6E	GTEX-T5JC	Esophagus - Muscularis	GTEx-sim
GTEX-TKQ2-1226-SM-4DXSV	GTEX-TKQ2	Esophagus - Muscularis	GTEx-sim
GTEX-Y111-1726-SM-4SOIQ	GTEX-Y111	Esophagus - Muscularis	GTEx-sim
GTEX-V1D1-1126-SM-4JBHT	GTEX-V1D1	Esophagus - Muscularis	GTEx-ref
GTEX-12KS4-1026-SM-5FQTD	GTEX-12KS4	Esophagus - Muscularis	GTEx-ref
GTEX-WHWD-1026-SM-4OORZ	GTEX-WHWD	Esophagus - Muscularis	GTEx-sim
GTEX-NPJ8-2026-SM-3TW91	GTEX-NPJ8	Esophagus - Muscularis	GTEx-ref
GTEX-145MH-1226-SM-5RQJT	GTEX-145MH	Esophagus - Muscularis	GTEx-sim
GTEX-O5YT-0726-SM-3MJHA	GTEX-O5YT	Esophagus - Muscularis	GTEx-ref
GTEX-WHPG-1226-SM-4M1ZI	GTEX-WHPG	Esophagus - Muscularis	GTEx-sim
GTEX-11UD2-1226-SM-5EQMI	GTEX-11UD2	Esophagus - Muscularis	GTEx-sim
GTEX-OHPJ-1326-SM-3MJHG	GTEX-OHPJ	Esophagus - Muscularis	GTEx-ref
GTEX-QEG5-1326-SM-4R1JS	GTEX-QEG5	Esophagus - Muscularis	GTEx-sim
GTEX-REY6-1426-SM-48FDK	GTEX-REY6	Esophagus - Muscularis	GTEx-ref
GTEX-13PVQ-1826-SM-5L3GU	GTEX-13PVQ	Esophagus - Muscularis	GTEx-ref
GTEX-OXRL-0726-SM-3NM9A	GTEX-OXRL	Esophagus - Muscularis	GTEx-ref
GTEX-PLZ6-0626-SM-3P61B	GTEX-PLZ6	Esophagus - Muscularis	GTEx-ref
GTEX-YJ8A-1226-SM-5IFHH	GTEX-YJ8A	Esophagus - Muscularis	GTEx-ref
GTEX-1399R-0726-SM-5KM2A	GTEX-1399R	Esophagus - Muscularis	GTEx-ref
GTEX-12696-1426-SM-5EGJ6	GTEX-12696	Esophagus - Muscularis	GTEx-ref
GTEX-11NSD-1226-SM-5986Q	GTEX-11NSD	Esophagus - Muscularis	GTEx-sim
GTEX-U8XE-1826-SM-4E3HV	GTEX-U8XE	Esophagus - Muscularis	GTEx-ref
GTEX-ZTTD-1426-SM-4YCEX	GTEX-ZTTD	Esophagus - Muscularis	GTEx-sim
GTEX-OIZI-1326-SM-3NB1B	GTEX-OIZI	Esophagus - Muscularis	GTEx-sim
GTEX-11LCK-1626-SM-5PNYB	GTEX-11LCK	Esophagus - Muscularis	GTEx-ref
GTEX-13O3P-1326-SM-5K7Y8	GTEX-13O3P	Esophagus - Muscularis	GTEx-sim
GTEX-Y3I4-1026-SM-4TT2C	GTEX-Y3I4	Esophagus - Muscularis	GTEx-ref
GTEX-ZDYS-0926-SM-4WWCS	GTEX-ZDYS	Esophagus - Muscularis	GTEx-ref
GTEX-OOBK-0726-SM-3LK5Q	GTEX-OOBK	Esophagus - Muscularis	GTEx-ref
GTEX-ZY6K-0526-SM-5GZY9	GTEX-ZY6K	Esophagus - Muscularis	GTEx-sim
GTEX-139TU-1326-SM-5LZXW	GTEX-139TU	Esophagus - Muscularis	GTEx-ref
GTEX-131XE-1226-SM-5EGKF	GTEX-131XE	Esophagus - Muscularis	GTEx-ref
GTEX-13QJ3-1826-SM-5S2PT	GTEX-13QJ3	Esophagus - Muscularis	GTEx-ref
GTEX-OHPM-0726-SM-3LK7A	GTEX-OHPM	Esophagus - Muscularis	GTEx-sim
GTEX-PSDG-1426-SM-48TD1	GTEX-PSDG	Esophagus - Muscularis	GTEx-ref
GTEX-WFJO-0726-SM-4LVM8	GTEX-WFJO	Esophagus - Muscularis	GTEx-sim
GTEX-PLZ6-0626-SM-5K7WJ	GTEX-PLZ6	Esophagus - Muscularis	GTEx-ref
GTEX-S4Q7-0526-SM-4AD5N	GTEX-S4Q7	Esophagus - Muscularis	GTEx-sim
GTEX-11P82-0626-SM-5PNYK	GTEX-11P82	Esophagus - Muscularis	GTEx-sim
GTEX-ZLFU-1026-SM-5EQMZ	GTEX-ZLFU	Esophagus - Muscularis	GTEx-sim
GTEX-U4B1-0926-SM-4DXUV	GTEX-U4B1	Esophagus - Muscularis	GTEx-ref
GTEX-YEC3-1926-SM-4WWF5	GTEX-YEC3	Esophagus - Muscularis	GTEx-sim
GTEX-YEC3-1926-SM-5IFIT	GTEX-YEC3	Esophagus - Muscularis	GTEx-sim
GTEX-R55D-1226-SM-48FE9	GTEX-R55D	Esophagus - Muscularis	GTEx-ref
GTEX-ZT9W-1226-SM-57WE4	GTEX-ZT9W	Esophagus - Muscularis	GTEx-ref
GTEX-QXCU-1126-SM-48FE5	GTEX-QXCU	Esophagus - Muscularis	GTEx-sim
GTEX-ZZ64-0326-SM-5E45S	GTEX-ZZ64	Esophagus - Muscularis	GTEx-sim
GTEX-13FTW-1526-SM-5LZXC	GTEX-13FTW	Esophagus - Muscularis	GTEx-sim
GTEX-RM2N-0626-SM-48FD6	GTEX-RM2N	Esophagus - Muscularis	GTEx-sim
GTEX-YF7O-0826-SM-4W21F	GTEX-YF7O	Esophagus - Muscularis	GTEx-sim
GTEX-QDVN-1126-SM-48TZ7	GTEX-QDVN	Esophagus - Muscularis	GTEx-sim
GTEX-12BJ1-1426-SM-5BC5Q	GTEX-12BJ1	Esophagus - Muscularis	GTEx-sim
GTEX-148VJ-1126-SM-5NQBZ	GTEX-148VJ	Esophagus - Muscularis	GTEx-ref
GTEX-WFG8-1026-SM-4LVMZ	GTEX-WFG8	Esophagus - Muscularis	GTEx-sim
GTEX-Y5V6-1126-SM-4VDTD	GTEX-Y5V6	Esophagus - Muscularis	GTEx-sim
GTEX-13111-0926-SM-5DUVQ	GTEX-13111	Esophagus - Muscularis	GTEx-sim
GTEX-14E6C-0926-SM-5S2V9	GTEX-14E6C	Esophagus - Muscularis	GTEx-sim
GTEX-13O21-0826-SM-5J2NU	GTEX-13O21	Esophagus - Muscularis	GTEx-ref
GTEX-U3ZH-1126-SM-4DXUG	GTEX-U3ZH	Esophagus - Muscularis	GTEx-sim
GTEX-XXEK-0426-SM-4BRVW	GTEX-XXEK	Esophagus - Muscularis	GTEx-sim
GTEX-ZQUD-0326-SM-4YCEN	GTEX-ZQUD	Esophagus - Muscularis	GTEx-sim
GTEX-QV44-1026-SM-447CG	GTEX-QV44	Esophagus - Muscularis	GTEx-ref
GTEX-ZPU1-1326-SM-57WE1	GTEX-ZPU1	Esophagus - Muscularis	GTEx-sim
GTEX-WHSE-1626-SM-4M1XL	GTEX-WHSE	Esophagus - Muscularis	GTEx-sim
GTEX-S95S-0326-SM-4B66U	GTEX-S95S	Esophagus - Muscularis	GTEx-ref
GTEX-VJYA-0626-SM-4KL1S	GTEX-VJYA	Esophagus - Muscularis	GTEx-sim
GTEX-11TUW-1226-SM-5GU7C	GTEX-11TUW	Esophagus - Muscularis	GTEx-sim
GTEX-13S86-0726-SM-5Q5DH	GTEX-13S86	Esophagus - Muscularis	GTEx-ref
GTEX-TKQ1-0426-SM-4DXT4	GTEX-TKQ1	Esophagus - Muscularis	GTEx-ref
GTEX-QDVJ-0826-SM-48U1S	GTEX-QDVJ	Esophagus - Muscularis	GTEx-sim
GTEX-QMRM-0926-SM-447BR	GTEX-QMRM	Esophagus - Muscularis	GTEx-sim
GTEX-111YS-1026-SM-5GZYE	GTEX-111YS	Esophagus - Muscularis	GTEx-sim
GTEX-14B4R-0426-SM-5Q5EI	GTEX-14B4R	Esophagus - Muscularis	GTEx-ref
GTEX-QLQW-0626-SM-447A6	GTEX-QLQW	Esophagus - Muscularis	GTEx-sim
GTEX-Z9EW-0626-SM-5HL95	GTEX-Z9EW	Esophagus - Muscularis	GTEx-ref
GTEX-R55C-0726-SM-48FCN	GTEX-R55C	Esophagus - Muscularis	GTEx-sim
GTEX-WOFM-0526-SM-4OOS2	GTEX-WOFM	Esophagus - Muscularis	GTEx-sim
GTEX-ZTSS-0726-SM-51MSN	GTEX-ZTSS	Esophagus - Muscularis	GTEx-ref
GTEX-11EQ9-0826-SM-5986Y	GTEX-11EQ9	Esophagus - Muscularis	GTEx-sim
GTEX-QLQ7-1026-SM-447BB	GTEX-QLQ7	Esophagus - Muscularis	GTEx-sim
GTEX-V955-1026-SM-4JBHO	GTEX-V955	Esophagus - Muscularis	GTEx-sim
GTEX-ZAB5-1026-SM-5HL91	GTEX-ZAB5	Esophagus - Muscularis	GTEx-ref
GTEX-WY7C-1326-SM-4ONCX	GTEX-WY7C	Esophagus - Muscularis	GTEx-sim
GTEX-131XF-0926-SM-5BC69	GTEX-131XF	Esophagus - Muscularis	GTEx-sim
GTEX-145LV-1426-SM-5Q5BV	GTEX-145LV	Esophagus - Muscularis	GTEx-ref
GTEX-QESD-0726-SM-4R1KQ	GTEX-QESD	Esophagus - Muscularis	GTEx-sim
GTEX-XPVG-1326-SM-4B65P	GTEX-XPVG	Esophagus - Muscularis	GTEx-ref
GTEX-YFCO-0526-SM-4W1ZJ	GTEX-YFCO	Esophagus - Muscularis	GTEx-sim
GTEX-12C56-1126-SM-5FQTO	GTEX-12C56	Esophagus - Muscularis	GTEx-sim
GTEX-SNMC-0426-SM-4DM5Y	GTEX-SNMC	Esophagus - Muscularis	GTEx-ref
GTEX-QEL4-1526-SM-447AB	GTEX-QEL4	Esophagus - Muscularis	GTEx-sim
GTEX-SNOS-0726-SM-4DM5Z	GTEX-SNOS	Esophagus - Muscularis	GTEx-sim
GTEX-YEC4-1126-SM-5CVLW	GTEX-YEC4	Esophagus - Muscularis	GTEx-sim
GTEX-13OVG-0926-SM-5J2OJ	GTEX-13OVG	Esophagus - Muscularis	GTEx-ref
GTEX-XBEW-1426-SM-4AT4J	GTEX-XBEW	Esophagus - Muscularis	GTEx-ref
GTEX-ZDTT-1226-SM-4WKG9	GTEX-ZDTT	Esophagus - Muscularis	GTEx-sim
GTEX-RUSQ-0926-SM-47JWU	GTEX-RUSQ	Esophagus - Muscularis	GTEx-ref
GTEX-S3XE-0826-SM-4AD4U	GTEX-S3XE	Esophagus - Muscularis	GTEx-sim
GTEX-ZTX8-0326-SM-59HLA	GTEX-ZTX8	Esophagus - Muscularis	GTEx-ref
GTEX-XBED-0926-SM-48TCE	GTEX-XBED	Esophagus - Muscularis	GTEx-sim
GTEX-XQ8I-1626-SM-4BOOI	GTEX-XQ8I	Esophagus - Muscularis	GTEx-ref
GTEX-11P7K-1226-SM-5HL4X	GTEX-11P7K	Esophagus - Muscularis	GTEx-sim
GTEX-P4QS-0726-SM-3NMCZ	GTEX-P4QS	Esophagus - Muscularis	GTEx-sim
GTEX-NFK9-1226-SM-3LK79	GTEX-NFK9	Esophagus - Muscularis	GTEx-sim
GTEX-SIU7-1326-SM-4BRWW	GTEX-SIU7	Esophagus - Muscularis	GTEx-ref
GTEX-WH7G-1026-SM-4LVML	GTEX-WH7G	Esophagus - Muscularis	GTEx-ref
GTEX-WHSB-0526-SM-4M1XM	GTEX-WHSB	Esophagus - Muscularis	GTEx-ref
GTEX-111CU-0626-SM-5EGHL	GTEX-111CU	Esophagus - Muscularis	GTEx-ref
GTEX-11WQK-1826-SM-5EQM2	GTEX-11WQK	Esophagus - Muscularis	GTEx-ref
GTEX-139T6-0726-SM-5PNVK	GTEX-139T6	Esophagus - Muscularis	GTEx-ref
GTEX-X3Y1-1226-SM-4PQZ8	GTEX-X3Y1	Esophagus - Muscularis	GTEx-sim
GTEX-ZG7Y-1326-SM-4WWBL	GTEX-ZG7Y	Esophagus - Muscularis	GTEx-sim
GTEX-145LT-1226-SM-5Q5BZ	GTEX-145LT	Esophagus - Muscularis	GTEx-ref
GTEX-ZA64-0526-SM-5HL9I	GTEX-ZA64	Esophagus - Muscularis	GTEx-ref
GTEX-WFON-0926-SM-4LVMK	GTEX-WFON	Esophagus - Muscularis	GTEx-sim
GTEX-YB5E-0826-SM-4VDRZ	GTEX-YB5E	Esophagus - Muscularis	GTEx-ref
GTEX-ZVZP-1426-SM-5NQ7R	GTEX-ZVZP	Esophagus - Muscularis	GTEx-ref
GTEX-12WSL-1326-SM-5LZVW	GTEX-12WSL	Esophagus - Muscularis	GTEx-sim
GTEX-WFG7-1026-SM-4LMK8	GTEX-WFG7	Esophagus - Muscularis	GTEx-ref
GTEX-QV31-0526-SM-447C3	GTEX-QV31	Esophagus - Muscularis	GTEx-ref
GTEX-ZGAY-1226-SM-4YCF4	GTEX-ZGAY	Esophagus - Muscularis	GTEx-ref
GTEX-11GSP-1726-SM-5A5LI	GTEX-11GSP	Esophagus - Muscularis	GTEx-sim
GTEX-RNOR-1326-SM-48FDE	GTEX-RNOR	Esophagus - Muscularis	GTEx-ref
GTEX-Y3IK-1226-SM-4WWEK	GTEX-Y3IK	Esophagus - Muscularis	GTEx-ref
GTEX-Q734-0826-SM-48U1G	GTEX-Q734	Esophagus - Muscularis	GTEx-sim
GTEX-ZYY3-1626-SM-5EGJF	GTEX-ZYY3	Esophagus - Muscularis	GTEx-sim
GTEX-T2IS-0926-SM-4DM5B	GTEX-T2IS	Esophagus - Muscularis	GTEx-ref
GTEX-N7MT-0226-SM-48TC3	GTEX-N7MT	Esophagus - Muscularis	GTEx-sim
GTEX-139D8-1426-SM-5IJEX	GTEX-139D8	Esophagus - Muscularis	GTEx-ref
GTEX-RU72-0826-SM-46MUS	GTEX-RU72	Esophagus - Muscularis	GTEx-sim
GTEX-POMQ-0626-SM-3P61E	GTEX-POMQ	Esophagus - Muscularis	GTEx-sim
GTEX-QDT8-1326-SM-48TYY	GTEX-QDT8	Esophagus - Muscularis	GTEx-sim
GTEX-R53T-1026-SM-48FCO	GTEX-R53T	Esophagus - Muscularis	GTEx-ref
GTEX-PX3G-0726-SM-48TZT	GTEX-PX3G	Esophagus - Muscularis	GTEx-ref
GTEX-ZYVF-2326-SM-5E44Z	GTEX-ZYVF	Esophagus - Muscularis	GTEx-ref
GTEX-RTLS-1226-SM-46MUP	GTEX-RTLS	Esophagus - Muscularis	GTEx-ref
GTEX-ZF2S-1126-SM-4WKHH	GTEX-ZF2S	Esophagus - Muscularis	GTEx-ref
GTEX-P78B-1126-SM-3P615	GTEX-P78B	Esophagus - Muscularis	GTEx-ref
GTEX-13PL7-0326-SM-5IJEK	GTEX-13PL7	Esophagus - Muscularis	GTEx-ref
GTEX-P4PP-0726-SM-3NM9S	GTEX-P4PP	Esophagus - Muscularis	GTEx-sim
GTEX-SE5C-1326-SM-4BRUH	GTEX-SE5C	Esophagus - Muscularis	GTEx-sim
GTEX-146FH-1626-SM-5NQ9H	GTEX-146FH	Esophagus - Muscularis	GTEx-sim
GTEX-146FR-0526-SM-5Q5EX	GTEX-146FR	Esophagus - Muscularis	GTEx-ref
GTEX-QCQG-0726-SM-48U1Z	GTEX-QCQG	Esophagus - Muscularis	GTEx-sim
GTEX-UPIC-0626-SM-4IHK2	GTEX-UPIC	Esophagus - Muscularis	GTEx-sim
GTEX-113JC-0926-SM-5H114	GTEX-113JC	Esophagus - Muscularis	GTEx-ref
GTEX-X15G-0926-SM-4PQZE	GTEX-X15G	Esophagus - Muscularis	GTEx-ref
GTEX-13OVJ-1326-SM-5K7Z9	GTEX-13OVJ	Esophagus - Muscularis	GTEx-sim
GTEX-XV7Q-1026-SM-4BRVR	GTEX-XV7Q	Esophagus - Muscularis	GTEx-sim
GTEX-ZLWG-1226-SM-4WWFS	GTEX-ZLWG	Esophagus - Muscularis	GTEx-sim
GTEX-13U4I-1226-SM-5LU5M	GTEX-13U4I	Esophagus - Muscularis	GTEx-sim
GTEX-S4P3-0526-SM-4AD58	GTEX-S4P3	Esophagus - Muscularis	GTEx-sim
GTEX-133LE-0726-SM-5P9IZ	GTEX-133LE	Esophagus - Muscularis	GTEx-ref
GTEX-W5WG-1526-SM-4LMIG	GTEX-W5WG	Esophagus - Muscularis	GTEx-ref
GTEX-11VI4-0626-SM-5EQLO	GTEX-11VI4	Esophagus - Muscularis	GTEx-ref
GTEX-13QBU-0926-SM-5K7WQ	GTEX-13QBU	Esophagus - Muscularis	GTEx-ref
GTEX-132AR-2326-SM-5IJDY	GTEX-132AR	Esophagus - Muscularis	GTEx-sim
GTEX-ZYWO-0926-SM-5E43J	GTEX-ZYWO	Esophagus - Muscularis	GTEx-ref
GTEX-13FH7-0726-SM-5J2NK	GTEX-13FH7	Esophagus - Muscularis	GTEx-sim
GTEX-U3ZN-1826-SM-4DXUY	GTEX-U3ZN	Esophagus - Muscularis	GTEx-sim
GTEX-ZLV1-0626-SM-4WWF6	GTEX-ZLV1	Esophagus - Muscularis	GTEx-ref
GTEX-UJHI-0926-SM-4IHKF	GTEX-UJHI	Esophagus - Muscularis	GTEx-sim
GTEX-WXYG-1126-SM-4ONCH	GTEX-WXYG	Esophagus - Muscularis	GTEx-sim
GTEX-ZP4G-0926-SM-4WWF4	GTEX-ZP4G	Esophagus - Muscularis	GTEx-ref
GTEX-S341-0426-SM-4AD5L	GTEX-S341	Esophagus - Muscularis	GTEx-ref
GTEX-11P81-0926-SM-59874	GTEX-11P81	Esophagus - Muscularis	GTEx-sim
GTEX-TML8-1426-SM-4DXUT	GTEX-TML8	Esophagus - Muscularis	GTEx-ref
GTEX-145ME-0626-SM-5O99Q	GTEX-145ME	Esophagus - Muscularis	GTEx-sim
GTEX-13113-1026-SM-5LZWM	GTEX-13113	Esophagus - Muscularis	GTEx-ref
GTEX-XUW1-1526-SM-4BOOY	GTEX-XUW1	Esophagus - Muscularis	GTEx-ref
GTEX-ZPIC-1626-SM-57WEB	GTEX-ZPIC	Esophagus - Muscularis	GTEx-sim
GTEX-13W3W-1726-SM-5LU4A	GTEX-13W3W	Esophagus - Muscularis	GTEx-sim
GTEX-ZF29-1226-SM-4WKH1	GTEX-ZF29	Esophagus - Muscularis	GTEx-sim
GTEX-ZZPU-1826-SM-5E43L	GTEX-ZZPU	Esophagus - Muscularis	GTEx-sim
GTEX-OHPL-0626-SM-3MJGJ	GTEX-OHPL	Esophagus - Muscularis	GTEx-sim
GTEX-PWCY-0826-SM-48TCR	GTEX-PWCY	Esophagus - Muscularis	GTEx-sim
GTEX-11ZTT-0926-SM-5EQMS	GTEX-11ZTT	Esophagus - Muscularis	GTEx-ref
GTEX-R55G-0926-SM-48FDN	GTEX-R55G	Esophagus - Muscularis	GTEx-ref
GTEX-XYKS-1126-SM-4BRWP	GTEX-XYKS	Esophagus - Muscularis	GTEx-ref
GTEX-WRHK-0426-SM-4MVOG	GTEX-WRHK	Esophagus - Muscularis	GTEx-sim
GTEX-RWS6-0726-SM-47JXI	GTEX-RWS6	Esophagus - Muscularis	GTEx-sim
GTEX-S7SF-1026-SM-4AD4I	GTEX-S7SF	Esophagus - Muscularis	GTEx-ref
GTEX-TMMY-1226-SM-4DXT6	GTEX-TMMY	Esophagus - Muscularis	GTEx-sim
GTEX-ZVT2-1226-SM-5GU5H	GTEX-ZVT2	Esophagus - Muscularis	GTEx-ref
GTEX-14AS3-0726-SM-5S2NY	GTEX-14AS3	Esophagus - Muscularis	GTEx-sim
GTEX-1399S-1226-SM-5J1O6	GTEX-1399S	Esophagus - Muscularis	GTEx-ref
GTEX-131XG-0926-SM-5LZW5	GTEX-131XG	Esophagus - Muscularis	GTEx-ref
GTEX-XUJ4-0926-SM-4BOPA	GTEX-XUJ4	Esophagus - Muscularis	GTEx-ref
GTEX-ZXES-1226-SM-5NQ8G	GTEX-ZXES	Esophagus - Muscularis	GTEx-ref
GTEX-11I78-1426-SM-5PNVY	GTEX-11I78	Esophagus - Muscularis	GTEx-ref
GTEX-PWOO-1026-SM-48TCN	GTEX-PWOO	Esophagus - Muscularis	GTEx-sim
GTEX-12WSJ-0726-SM-5GCN6	GTEX-12WSJ	Esophagus - Muscularis	GTEx-ref
GTEX-1211K-1026-SM-5EQ4B	GTEX-1211K	Esophagus - Muscularis	GTEx-ref
GTEX-11DXX-1026-SM-5H11E	GTEX-11DXX	Esophagus - Muscularis	GTEx-sim
GTEX-PWN1-0726-SM-48TDR	GTEX-PWN1	Esophagus - Muscularis	GTEx-sim
GTEX-T5JW-1426-SM-4DM5Q	GTEX-T5JW	Esophagus - Muscularis	GTEx-sim
GTEX-WEY5-1026-SM-4LMK9	GTEX-WEY5	Esophagus - Muscularis	GTEx-sim
GTEX-Y5LM-1126-SM-4VDT5	GTEX-Y5LM	Esophagus - Muscularis	GTEx-ref
GTEX-RU1J-0426-SM-46MUK	GTEX-RU1J	Esophagus - Muscularis	GTEx-sim
GTEX-ZPCL-1226-SM-4WWFF	GTEX-ZPCL	Esophagus - Muscularis	GTEx-ref
GTEX-T6MO-0626-SM-4DM6P	GTEX-T6MO	Esophagus - Muscularis	GTEx-ref
GTEX-S32W-1026-SM-4AD5W	GTEX-S32W	Esophagus - Muscularis	GTEx-ref
GTEX-Y8LW-0626-SM-4VDS8	GTEX-Y8LW	Esophagus - Muscularis	GTEx-sim
GTEX-ZTPG-1526-SM-51MTF	GTEX-ZTPG	Esophagus - Muscularis	GTEx-ref
GTEX-13X6H-1426-SM-5SI91	GTEX-13X6H	Esophagus - Muscularis	GTEx-ref
GTEX-TSE9-1326-SM-5CHR5	GTEX-TSE9	Esophagus - Muscularis	GTEx-sim
GTEX-W5X1-1026-SM-5CHSO	GTEX-W5X1	Esophagus - Muscularis	GTEx-sim
GTEX-T5JW-0326-SM-4DM6J	GTEX-T5JW	Fallopian Tube	GTEx-sim
GTEX-U3ZN-1126-SM-4DXUL	GTEX-U3ZN	Fallopian Tube	GTEx-sim
GTEX-S32W-1326-SM-4AD5Q	GTEX-S32W	Fallopian Tube	GTEx-sim
GTEX-T6MO-1026-SM-4DM72	GTEX-T6MO	Fallopian Tube	GTEx-ref
GTEX-S341-0826-SM-4AD73	GTEX-S341	Fallopian Tube	GTEx-ref
GTEX-WK11-0626-SM-3NMAV	GTEX-WK11	Heart - Atrial Appendage	GTEx-ref
GTEX-13FHP-0826-SM-5K7V5	GTEX-13FHP	Heart - Atrial Appendage	GTEx-sim
GTEX-ZUA1-0726-SM-4YCD9	GTEX-ZUA1	Heart - Atrial Appendage	GTEx-ref
GTEX-147JS-1326-SM-5SI6D	GTEX-147JS	Heart - Atrial Appendage	GTEx-ref
GTEX-11NV4-0826-SM-5BC4S	GTEX-11NV4	Heart - Atrial Appendage	GTEx-sim
GTEX-14ASI-0826-SM-5Q5EB	GTEX-14ASI	Heart - Atrial Appendage	GTEx-sim
GTEX-ZYT6-0926-SM-5GIEM	GTEX-ZYT6	Heart - Atrial Appendage	GTEx-sim
GTEX-11EQ8-1326-SM-5EGJQ	GTEX-11EQ8	Heart - Atrial Appendage	GTEx-ref
GTEX-ZDXO-0426-SM-4WKF6	GTEX-ZDXO	Heart - Atrial Appendage	GTEx-sim
GTEX-12584-1026-SM-59HK3	GTEX-12584	Heart - Atrial Appendage	GTEx-ref
GTEX-WL46-0726-SM-3LK5Z	GTEX-WL46	Heart - Atrial Appendage	GTEx-ref
GTEX-11DYG-1026-SM-5A5JQ	GTEX-11DYG	Heart - Atrial Appendage	GTEx-sim
GTEX-X4XX-1126-SM-3NMBY	GTEX-X4XX	Heart - Atrial Appendage	GTEx-ref
GTEX-11NUK-0926-SM-5HL57	GTEX-11NUK	Heart - Atrial Appendage	GTEx-ref
GTEX-111FC-0626-SM-5N9CU	GTEX-111FC	Heart - Atrial Appendage	GTEx-ref
GTEX-X261-0926-SM-3NMCY	GTEX-X261	Heart - Atrial Appendage	GTEx-sim
GTEX-13112-0526-SM-5EQ4S	GTEX-13112	Heart - Atrial Appendage	GTEx-ref
GTEX-WQUQ-1326-SM-3MJFF	GTEX-WQUQ	Heart - Atrial Appendage	GTEx-ref
GTEX-11ZUS-0326-SM-5EQ4W	GTEX-11ZUS	Heart - Atrial Appendage	GTEx-sim
GTEX-13NZ9-0126-SM-5K7XV	GTEX-13NZ9	Heart - Atrial Appendage	GTEx-sim
GTEX-WHPG-1026-SM-3NMBA	GTEX-WHPG	Heart - Atrial Appendage	GTEx-sim
GTEX-12WSE-0926-SM-5S2VX	GTEX-12WSE	Heart - Atrial Appendage	GTEx-ref
GTEX-14BMV-1026-SM-5SI6B	GTEX-14BMV	Heart - Atrial Appendage	GTEx-sim
GTEX-ZDTS-1226-SM-4WKGL	GTEX-ZDTS	Heart - Atrial Appendage	GTEx-sim
GTEX-144GL-1026-SM-5O99R	GTEX-144GL	Heart - Atrial Appendage	GTEx-ref
GTEX-14A6H-0326-SM-5NQAN	GTEX-14A6H	Heart - Atrial Appendage	GTEx-ref
GTEX-1192W-0226-SM-5EGGT	GTEX-1192W	Heart - Atrial Appendage	GTEx-sim
GTEX-13NYB-0326-SM-5IJDP	GTEX-13NYB	Heart - Atrial Appendage	GTEx-sim
GTEX-1445S-1226-SM-5O9BF	GTEX-1445S	Heart - Atrial Appendage	GTEx-sim
GTEX-11GS4-0426-SM-5N9CD	GTEX-11GS4	Heart - Atrial Appendage	GTEx-ref
GTEX-111VG-0326-SM-5GZX7	GTEX-111VG	Heart - Atrial Appendage	GTEx-ref
GTEX-YECK-1226-SM-4W21G	GTEX-YECK	Heart - Atrial Appendage	GTEx-sim
GTEX-132NY-1426-SM-5J1MJ	GTEX-132NY	Heart - Atrial Appendage	GTEx-ref
GTEX-1477Z-1126-SM-5P9GK	GTEX-1477Z	Heart - Atrial Appendage	GTEx-ref
GTEX-13PVQ-1326-SM-5LU4J	GTEX-13PVQ	Heart - Atrial Appendage	GTEx-sim
GTEX-13O21-0326-SM-5J1N9	GTEX-13O21	Heart - Atrial Appendage	GTEx-sim
GTEX-13NZA-0826-SM-5K7WS	GTEX-13NZA	Heart - Atrial Appendage	GTEx-ref
GTEX-WHWD-0326-SM-3LK6L	GTEX-WHWD	Heart - Atrial Appendage	GTEx-sim
GTEX-ZYW4-1026-SM-5SI8W	GTEX-ZYW4	Heart - Atrial Appendage	GTEx-sim
GTEX-ZAB5-0126-SM-5CVMT	GTEX-ZAB5	Heart - Atrial Appendage	GTEx-ref
GTEX-13FHO-1226-SM-5L3EF	GTEX-13FHO	Heart - Atrial Appendage	GTEx-sim
GTEX-117XS-0726-SM-5H131	GTEX-117XS	Heart - Atrial Appendage	GTEx-sim
GTEX-139TU-1926-SM-5J2OC	GTEX-139TU	Heart - Atrial Appendage	GTEx-ref
GTEX-ZZPT-0926-SM-5GICZ	GTEX-ZZPT	Heart - Atrial Appendage	GTEx-sim
GTEX-YEC3-0426-SM-5IFK1	GTEX-YEC3	Heart - Atrial Appendage	GTEx-sim
GTEX-ZYFC-1026-SM-5GZX9	GTEX-ZYFC	Heart - Atrial Appendage	GTEx-ref
GTEX-13JVG-1126-SM-5KM2M	GTEX-13JVG	Heart - Atrial Appendage	GTEx-sim
GTEX-X62O-0826-SM-46MW8	GTEX-X62O	Heart - Atrial Appendage	GTEx-sim
GTEX-13O3Q-0326-SM-5L3FE	GTEX-13O3Q	Heart - Atrial Appendage	GTEx-ref
GTEX-WYJK-1126-SM-3NM9Z	GTEX-WYJK	Heart - Atrial Appendage	GTEx-ref
GTEX-12696-1226-SM-5FQSM	GTEX-12696	Heart - Atrial Appendage	GTEx-ref
GTEX-12WSA-1126-SM-5EGKU	GTEX-12WSA	Heart - Atrial Appendage	GTEx-ref
GTEX-ZAB4-0926-SM-5CVN4	GTEX-ZAB4	Heart - Atrial Appendage	GTEx-sim
GTEX-132Q8-1126-SM-5K7XS	GTEX-132Q8	Heart - Atrial Appendage	GTEx-sim
GTEX-ZG7Y-1426-SM-4WWBM	GTEX-ZG7Y	Heart - Atrial Appendage	GTEx-sim
GTEX-WY7C-1126-SM-3NB3A	GTEX-WY7C	Heart - Atrial Appendage	GTEx-sim
GTEX-13O3P-1426-SM-5L3DT	GTEX-13O3P	Heart - Atrial Appendage	GTEx-sim
GTEX-ZPU1-0726-SM-5HL6O	GTEX-ZPU1	Heart - Atrial Appendage	GTEx-ref
GTEX-139YR-0526-SM-5L3DG	GTEX-139YR	Heart - Atrial Appendage	GTEx-sim
GTEX-13N1W-0926-SM-5MR36	GTEX-13N1W	Heart - Atrial Appendage	GTEx-ref
GTEX-XQ3S-0526-SM-4BOQA	GTEX-XQ3S	Heart - Atrial Appendage	GTEx-sim
GTEX-11DXZ-0326-SM-5EGH1	GTEX-11DXZ	Heart - Atrial Appendage	GTEx-sim
GTEX-1212Z-0726-SM-5EGI5	GTEX-1212Z	Heart - Atrial Appendage	GTEx-sim
GTEX-11DXY-1026-SM-5987V	GTEX-11DXY	Heart - Atrial Appendage	GTEx-sim
GTEX-1399R-1726-SM-5K7YJ	GTEX-1399R	Heart - Atrial Appendage	GTEx-ref
GTEX-13NYS-1926-SM-5IJCB	GTEX-13NYS	Heart - Atrial Appendage	GTEx-sim
GTEX-YEC3-0426-SM-4YCEP	GTEX-YEC3	Heart - Atrial Appendage	GTEx-sim
GTEX-ZTTD-0626-SM-4YCCY	GTEX-ZTTD	Heart - Atrial Appendage	GTEx-ref
GTEX-11LCK-0826-SM-5PNYD	GTEX-11LCK	Heart - Atrial Appendage	GTEx-ref
GTEX-11ONC-1026-SM-5GU64	GTEX-11ONC	Heart - Atrial Appendage	GTEx-ref
GTEX-1192X-0726-SM-5987R	GTEX-1192X	Heart - Atrial Appendage	GTEx-sim
GTEX-117YW-0426-SM-5GZZZ	GTEX-117YW	Heart - Atrial Appendage	GTEx-ref
GTEX-13S86-0326-SM-5SI6K	GTEX-13S86	Heart - Atrial Appendage	GTEx-sim
GTEX-13OVG-0426-SM-5KM2T	GTEX-13OVG	Heart - Atrial Appendage	GTEx-sim
GTEX-YEC4-0226-SM-4W1YG	GTEX-YEC4	Heart - Atrial Appendage	GTEx-ref
GTEX-ZT9W-0526-SM-57WFG	GTEX-ZT9W	Heart - Atrial Appendage	GTEx-ref
GTEX-XBEC-1226-SM-4AT65	GTEX-XBEC	Heart - Atrial Appendage	GTEx-sim
GTEX-11O72-1026-SM-5986B	GTEX-11O72	Heart - Atrial Appendage	GTEx-ref
GTEX-117YX-0626-SM-5EGJI	GTEX-117YX	Heart - Atrial Appendage	GTEx-ref
GTEX-UTHO-1226-SM-3GAEE	GTEX-UTHO	Heart - Atrial Appendage	GTEx-sim
GTEX-WFON-0226-SM-3GIKR	GTEX-WFON	Heart - Atrial Appendage	GTEx-sim
GTEX-ZEX8-0326-SM-4WKGS	GTEX-ZEX8	Heart - Atrial Appendage	GTEx-sim
GTEX-11UD2-0926-SM-5CVL6	GTEX-11UD2	Heart - Atrial Appendage	GTEx-sim
GTEX-12WSI-0426-SM-5EQ5J	GTEX-12WSI	Heart - Atrial Appendage	GTEx-sim
GTEX-11TUW-1126-SM-5EQKJ	GTEX-11TUW	Heart - Atrial Appendage	GTEx-ref
GTEX-131XE-0526-SM-5K7YT	GTEX-131XE	Heart - Atrial Appendage	GTEx-ref
GTEX-WHSE-0826-SM-4SOJU	GTEX-WHSE	Heart - Atrial Appendage	GTEx-ref
GTEX-13FTW-0826-SM-5K7XR	GTEX-13FTW	Heart - Atrial Appendage	GTEx-ref
GTEX-XPVG-0726-SM-4B658	GTEX-XPVG	Heart - Atrial Appendage	GTEx-sim
GTEX-132QS-0526-SM-5IJC7	GTEX-132QS	Heart - Atrial Appendage	GTEx-ref
GTEX-131XF-0426-SM-5HL7U	GTEX-131XF	Heart - Atrial Appendage	GTEx-sim
GTEX-U8XE-0926-SM-3DB8V	GTEX-U8XE	Heart - Atrial Appendage	GTEx-sim
GTEX-XPT6-0226-SM-4B65L	GTEX-XPT6	Heart - Atrial Appendage	GTEx-ref
GTEX-ZDTT-0326-SM-4WKF9	GTEX-ZDTT	Heart - Atrial Appendage	GTEx-sim
GTEX-Y3I4-0526-SM-4TT6X	GTEX-Y3I4	Heart - Atrial Appendage	GTEx-ref
GTEX-XLM4-2026-SM-4AT4X	GTEX-XLM4	Heart - Atrial Appendage	GTEx-sim
GTEX-V955-0826-SM-5SI82	GTEX-V955	Heart - Atrial Appendage	GTEx-ref
GTEX-145MN-0726-SM-5NQBH	GTEX-145MN	Heart - Atrial Appendage	GTEx-ref
GTEX-X5EB-0626-SM-46MVQ	GTEX-X5EB	Heart - Atrial Appendage	GTEx-ref
GTEX-14E6C-0326-SM-5Q5EE	GTEX-14E6C	Heart - Atrial Appendage	GTEx-sim
GTEX-ZYFD-2026-SM-5E459	GTEX-ZYFD	Heart - Atrial Appendage	GTEx-sim
GTEX-XXEK-2026-SM-4BRVE	GTEX-XXEK	Heart - Atrial Appendage	GTEx-ref
GTEX-X3Y1-0226-SM-3P5Z5	GTEX-X3Y1	Heart - Atrial Appendage	GTEx-ref
GTEX-11WQK-0226-SM-5EQLI	GTEX-11WQK	Heart - Atrial Appendage	GTEx-ref
GTEX-XGQ4-0526-SM-4AT6C	GTEX-XGQ4	Heart - Atrial Appendage	GTEx-ref
GTEX-XQ8I-0226-SM-4BOPM	GTEX-XQ8I	Heart - Atrial Appendage	GTEx-ref
GTEX-13OW5-0926-SM-5L3GZ	GTEX-13OW5	Heart - Atrial Appendage	GTEx-sim
GTEX-12WSN-0226-SM-5DUXH	GTEX-12WSN	Heart - Atrial Appendage	GTEx-sim
GTEX-11TT1-1426-SM-5EGIA	GTEX-11TT1	Heart - Atrial Appendage	GTEx-ref
GTEX-1339X-0326-SM-5K7Z8	GTEX-1339X	Heart - Atrial Appendage	GTEx-ref
GTEX-145LV-0226-SM-5S2QG	GTEX-145LV	Heart - Atrial Appendage	GTEx-sim
GTEX-ZV7C-0526-SM-51MRB	GTEX-ZV7C	Heart - Atrial Appendage	GTEx-ref
GTEX-12BJ1-0326-SM-5FQUB	GTEX-12BJ1	Heart - Atrial Appendage	GTEx-sim
GTEX-ZAK1-1126-SM-5PNXU	GTEX-ZAK1	Heart - Atrial Appendage	GTEx-sim
GTEX-XOT4-1126-SM-4B66E	GTEX-XOT4	Heart - Atrial Appendage	GTEx-ref
GTEX-WRHU-1026-SM-4E3ID	GTEX-WRHU	Heart - Atrial Appendage	GTEx-sim
GTEX-131YS-0826-SM-5PNYV	GTEX-131YS	Heart - Atrial Appendage	GTEx-ref
GTEX-1313W-1126-SM-5EQ5U	GTEX-1313W	Heart - Atrial Appendage	GTEx-ref
GTEX-11ZVC-0526-SM-5N9G1	GTEX-11ZVC	Heart - Atrial Appendage	GTEx-sim
GTEX-13PL6-0826-SM-5IJBI	GTEX-13PL6	Heart - Atrial Appendage	GTEx-sim
GTEX-YJ8O-0826-SM-5CVM3	GTEX-YJ8O	Heart - Atrial Appendage	GTEx-sim
GTEX-13SLX-0926-SM-5S2NM	GTEX-13SLX	Heart - Atrial Appendage	GTEx-sim
GTEX-Y5V5-0726-SM-4VBPY	GTEX-Y5V5	Heart - Atrial Appendage	GTEx-ref
GTEX-13O3O-1426-SM-5KM2S	GTEX-13O3O	Heart - Atrial Appendage	GTEx-ref
GTEX-X4EP-0326-SM-3P5Z6	GTEX-X4EP	Heart - Atrial Appendage	GTEx-sim
GTEX-14A5I-1026-SM-5Q5E3	GTEX-14A5I	Heart - Atrial Appendage	GTEx-ref
GTEX-ZVT3-0826-SM-5GIC8	GTEX-ZVT3	Heart - Atrial Appendage	GTEx-ref
GTEX-WI4N-0726-SM-3TW93	GTEX-WI4N	Heart - Atrial Appendage	GTEx-sim
GTEX-13U4I-0626-SM-5LU5L	GTEX-13U4I	Heart - Atrial Appendage	GTEx-ref
GTEX-ZF3C-1126-SM-57WEG	GTEX-ZF3C	Heart - Atrial Appendage	GTEx-ref
GTEX-11EMC-0826-SM-59862	GTEX-11EMC	Heart - Atrial Appendage	GTEx-sim
GTEX-13JUV-0226-SM-5IJCC	GTEX-13JUV	Heart - Atrial Appendage	GTEx-sim
GTEX-ZGAY-0226-SM-4WWAL	GTEX-ZGAY	Heart - Atrial Appendage	GTEx-sim
GTEX-ZVT2-0926-SM-5GICE	GTEX-ZVT2	Heart - Atrial Appendage	GTEx-sim
GTEX-WYBS-1226-SM-3NM9N	GTEX-WYBS	Heart - Atrial Appendage	GTEx-ref
GTEX-145LS-1326-SM-5Q5EP	GTEX-145LS	Heart - Atrial Appendage	GTEx-sim
GTEX-1117F-0726-SM-5GIEN	GTEX-1117F	Heart - Atrial Appendage	GTEx-ref
GTEX-13QBU-0226-SM-5LU48	GTEX-13QBU	Heart - Atrial Appendage	GTEx-ref
GTEX-Y114-0126-SM-4TT8K	GTEX-Y114	Heart - Atrial Appendage	GTEx-ref
GTEX-11GSP-1226-SM-5985M	GTEX-11GSP	Heart - Atrial Appendage	GTEx-ref
GTEX-146FH-1126-SM-5NQAT	GTEX-146FH	Heart - Atrial Appendage	GTEx-ref
GTEX-13CF3-0826-SM-5LZYZ	GTEX-13CF3	Heart - Atrial Appendage	GTEx-sim
GTEX-11ZTT-0526-SM-5EQLA	GTEX-11ZTT	Heart - Atrial Appendage	GTEx-sim
GTEX-WWYW-1126-SM-3NB2Q	GTEX-WWYW	Heart - Atrial Appendage	GTEx-sim
GTEX-13VXT-0726-SM-5SIAD	GTEX-13VXT	Heart - Atrial Appendage	GTEx-sim
GTEX-132AR-1926-SM-5EGK5	GTEX-132AR	Heart - Atrial Appendage	GTEx-sim
GTEX-13W3W-0526-SM-5LU3X	GTEX-13W3W	Heart - Atrial Appendage	GTEx-sim
GTEX-ZYFG-0526-SM-5GZXX	GTEX-ZYFG	Heart - Atrial Appendage	GTEx-ref
GTEX-146FR-0926-SM-5QGPE	GTEX-146FR	Heart - Atrial Appendage	GTEx-ref
GTEX-X8HC-1026-SM-46MWH	GTEX-X8HC	Heart - Atrial Appendage	GTEx-ref
GTEX-12WS9-0826-SM-59HJX	GTEX-12WS9	Heart - Atrial Appendage	GTEx-ref
GTEX-13PL7-0726-SM-5KM1S	GTEX-13PL7	Heart - Atrial Appendage	GTEx-sim
GTEX-XYKS-0226-SM-4BRW3	GTEX-XYKS	Heart - Atrial Appendage	GTEx-ref
GTEX-ZF29-0426-SM-4WKFN	GTEX-ZF29	Heart - Atrial Appendage	GTEx-sim
GTEX-ZVT4-1326-SM-5NQ8E	GTEX-ZVT4	Heart - Atrial Appendage	GTEx-sim
GTEX-1122O-0626-SM-5N9B9	GTEX-1122O	Heart - Atrial Appendage	GTEx-sim
GTEX-WEY5-0226-SM-3GIKN	GTEX-WEY5	Heart - Atrial Appendage	GTEx-sim
GTEX-W5X1-0826-SM-3GILN	GTEX-W5X1	Heart - Atrial Appendage	GTEx-sim
GTEX-13N11-0726-SM-5L3DP	GTEX-13N11	Heart - Atrial Appendage	GTEx-sim
GTEX-1211K-0226-SM-59HJY	GTEX-1211K	Heart - Atrial Appendage	GTEx-sim
GTEX-13OVI-0326-SM-5K7X1	GTEX-13OVI	Heart - Atrial Appendage	GTEx-ref
GTEX-11DXX-0526-SM-5PNVR	GTEX-11DXX	Heart - Atrial Appendage	GTEx-ref
GTEX-VJWN-1026-SM-4M1ZN	GTEX-VJWN	Heart - Atrial Appendage	GTEx-ref
GTEX-12WSK-0526-SM-5CVNA	GTEX-12WSK	Heart - Atrial Appendage	GTEx-ref
GTEX-11EM3-0426-SM-5N9BZ	GTEX-11EM3	Heart - Atrial Appendage	GTEx-ref
GTEX-13PVR-0926-SM-5S2RB	GTEX-13PVR	Heart - Atrial Appendage	GTEx-ref
GTEX-ZYWO-0526-SM-5E45I	GTEX-ZYWO	Heart - Atrial Appendage	GTEx-sim
GTEX-1399S-0826-SM-5KM23	GTEX-1399S	Heart - Atrial Appendage	GTEx-ref
GTEX-14BIM-2726-SM-5Q5EG	GTEX-14BIM	Heart - Atrial Appendage	GTEx-ref
GTEX-13D11-1526-SM-5J2NA	GTEX-13D11	Heart - Atrial Appendage	GTEx-sim
GTEX-XUJ4-0626-SM-4BOOO	GTEX-XUJ4	Heart - Atrial Appendage	GTEx-ref
GTEX-131XG-0526-SM-5DUWF	GTEX-131XG	Heart - Atrial Appendage	GTEx-ref
GTEX-ZTPG-1326-SM-51MSQ	GTEX-ZTPG	Heart - Atrial Appendage	GTEx-sim
GTEX-13FH7-0826-SM-5J2NW	GTEX-13FH7	Heart - Atrial Appendage	GTEx-ref
GTEX-W5X1-0826-SM-5CHT7	GTEX-W5X1	Heart - Atrial Appendage	GTEx-sim
GTEX-ZTTD-0526-SM-57WDV	GTEX-ZTTD	Heart - Left Ventricle	GTEx-sim
GTEX-QEG4-0426-SM-33HC3	GTEX-QEG4	Heart - Left Ventricle	GTEx-sim
GTEX-WZTO-1326-SM-3NM8X	GTEX-WZTO	Heart - Left Ventricle	GTEx-ref
GTEX-111FC-0826-SM-5GZWO	GTEX-111FC	Heart - Left Ventricle	GTEx-sim
GTEX-13112-0426-SM-5PNVC	GTEX-13112	Heart - Left Ventricle	GTEx-ref
GTEX-QEG4-0426-SM-5S2VQ	GTEX-QEG4	Heart - Left Ventricle	GTEx-sim
GTEX-WL46-0926-SM-3LK7T	GTEX-WL46	Heart - Left Ventricle	GTEx-sim
GTEX-PVOW-0426-SM-5MR5R	GTEX-PVOW	Heart - Left Ventricle	GTEx-sim
GTEX-117YW-0326-SM-5N9CY	GTEX-117YW	Heart - Left Ventricle	GTEx-sim
GTEX-N7MS-0826-SM-2HML4	GTEX-N7MS	Heart - Left Ventricle	GTEx-sim
GTEX-13FTZ-0226-SM-5K7X6	GTEX-13FTZ	Heart - Left Ventricle	GTEx-sim
GTEX-U3ZH-0326-SM-4WWDX	GTEX-U3ZH	Heart - Left Ventricle	GTEx-ref
GTEX-PVOW-0426-SM-5N9DW	GTEX-PVOW	Heart - Left Ventricle	GTEx-sim
GTEX-ZAB4-1026-SM-5HL7T	GTEX-ZAB4	Heart - Left Ventricle	GTEx-ref
GTEX-132NY-1726-SM-5EGKK	GTEX-132NY	Heart - Left Ventricle	GTEx-sim
GTEX-1212Z-0626-SM-5FQTB	GTEX-1212Z	Heart - Left Ventricle	GTEx-sim
GTEX-12WSC-1126-SM-5EQ4G	GTEX-12WSC	Heart - Left Ventricle	GTEx-sim
GTEX-PVOW-0426-SM-2XCF8	GTEX-PVOW	Heart - Left Ventricle	GTEx-sim
GTEX-QV44-0526-SM-2S1RE	GTEX-QV44	Heart - Left Ventricle	GTEx-sim
GTEX-WQUQ-1426-SM-3MJFD	GTEX-WQUQ	Heart - Left Ventricle	GTEx-ref
GTEX-ZDTS-1326-SM-4WKGX	GTEX-ZDTS	Heart - Left Ventricle	GTEx-ref
GTEX-ZDYS-0226-SM-5HL4K	GTEX-ZDYS	Heart - Left Ventricle	GTEx-sim
GTEX-P44H-0726-SM-48TBT	GTEX-P44H	Heart - Left Ventricle	GTEx-sim
GTEX-ZYT6-1726-SM-5E44P	GTEX-ZYT6	Heart - Left Ventricle	GTEx-sim
GTEX-REY6-1026-SM-2TF4Y	GTEX-REY6	Heart - Left Ventricle	GTEx-sim
GTEX-11GS4-0526-SM-5A5KQ	GTEX-11GS4	Heart - Left Ventricle	GTEx-sim
GTEX-WHWD-0426-SM-3LK83	GTEX-WHWD	Heart - Left Ventricle	GTEx-ref
GTEX-139UC-0426-SM-5K7UR	GTEX-139UC	Heart - Left Ventricle	GTEx-ref
GTEX-13X6I-1426-SM-5SI9Z	GTEX-13X6I	Heart - Left Ventricle	GTEx-ref
GTEX-WYJK-1026-SM-3NM8W	GTEX-WYJK	Heart - Left Ventricle	GTEx-ref
GTEX-12696-1126-SM-5FQTI	GTEX-12696	Heart - Left Ventricle	GTEx-sim
GTEX-ZEX8-0426-SM-4WWEN	GTEX-ZEX8	Heart - Left Ventricle	GTEx-ref
GTEX-12ZZW-1026-SM-5GCMM	GTEX-12ZZW	Heart - Left Ventricle	GTEx-ref
GTEX-13OVG-0526-SM-5K7YD	GTEX-13OVG	Heart - Left Ventricle	GTEx-sim
GTEX-13FLV-0926-SM-5L3DZ	GTEX-13FLV	Heart - Left Ventricle	GTEx-sim
GTEX-UJMC-0526-SM-3GAE3	GTEX-UJMC	Heart - Left Ventricle	GTEx-ref
GTEX-11ZUS-0226-SM-5FQT8	GTEX-11ZUS	Heart - Left Ventricle	GTEx-ref
GTEX-V955-0726-SM-3GAFG	GTEX-V955	Heart - Left Ventricle	GTEx-sim
GTEX-NFK9-0926-SM-2HMJU	GTEX-NFK9	Heart - Left Ventricle	GTEx-sim
GTEX-131XE-0626-SM-5HL98	GTEX-131XE	Heart - Left Ventricle	GTEx-sim
GTEX-13OW6-1126-SM-5L3HL	GTEX-13OW6	Heart - Left Ventricle	GTEx-ref
GTEX-Y8E4-0326-SM-4VBRR	GTEX-Y8E4	Heart - Left Ventricle	GTEx-sim
GTEX-12584-0926-SM-5FQTN	GTEX-12584	Heart - Left Ventricle	GTEx-sim
GTEX-OIZG-1126-SM-2HMIU	GTEX-OIZG	Heart - Left Ventricle	GTEx-ref
GTEX-WFON-0326-SM-3GIKX	GTEX-WFON	Heart - Left Ventricle	GTEx-ref
GTEX-ZYW4-0926-SM-59HJS	GTEX-ZYW4	Heart - Left Ventricle	GTEx-ref
GTEX-13FHP-1026-SM-5K7Y2	GTEX-13FHP	Heart - Left Ventricle	GTEx-ref
GTEX-OOBJ-0326-SM-5SI84	GTEX-OOBJ	Heart - Left Ventricle	GTEx-ref
GTEX-RN64-0826-SM-2TC62	GTEX-RN64	Heart - Left Ventricle	GTEx-ref
GTEX-S33H-0526-SM-5SI83	GTEX-S33H	Heart - Left Ventricle	GTEx-ref
GTEX-U3ZH-0326-SM-51MS7	GTEX-U3ZH	Heart - Left Ventricle	GTEx-ref
GTEX-12ZZY-1126-SM-5DUWQ	GTEX-12ZZY	Heart - Left Ventricle	GTEx-sim
GTEX-XPVG-0826-SM-4B654	GTEX-XPVG	Heart - Left Ventricle	GTEx-sim
GTEX-12ZZZ-1726-SM-59HK5	GTEX-12ZZZ	Heart - Left Ventricle	GTEx-sim
GTEX-11TUW-1026-SM-5GU7D	GTEX-11TUW	Heart - Left Ventricle	GTEx-ref
GTEX-1399R-1926-SM-5K7X8	GTEX-1399R	Heart - Left Ventricle	GTEx-ref
GTEX-WHSE-0926-SM-3NMBS	GTEX-WHSE	Heart - Left Ventricle	GTEx-ref
GTEX-1314G-0126-SM-5LZUL	GTEX-1314G	Heart - Left Ventricle	GTEx-ref
GTEX-13CF2-0426-SM-5KM1H	GTEX-13CF2	Heart - Left Ventricle	GTEx-sim
GTEX-ZUA1-0826-SM-4YCDL	GTEX-ZUA1	Heart - Left Ventricle	GTEx-sim
GTEX-13NZB-0226-SM-5KM1T	GTEX-13NZB	Heart - Left Ventricle	GTEx-sim
GTEX-OXRL-0326-SM-2I3F2	GTEX-OXRL	Heart - Left Ventricle	GTEx-ref
GTEX-ZPU1-0626-SM-4YCDM	GTEX-ZPU1	Heart - Left Ventricle	GTEx-ref
GTEX-ZAB5-0226-SM-5CVMH	GTEX-ZAB5	Heart - Left Ventricle	GTEx-sim
GTEX-R55E-1026-SM-2TC5S	GTEX-R55E	Heart - Left Ventricle	GTEx-sim
GTEX-U4B1-0326-SM-3DB8K	GTEX-U4B1	Heart - Left Ventricle	GTEx-ref
GTEX-132QS-0426-SM-5KLZ6	GTEX-132QS	Heart - Left Ventricle	GTEx-ref
GTEX-QEG5-0926-SM-2TC64	GTEX-QEG5	Heart - Left Ventricle	GTEx-ref
GTEX-1399T-0426-SM-5PNVJ	GTEX-1399T	Heart - Left Ventricle	GTEx-ref
GTEX-13N1W-1026-SM-5IJC5	GTEX-13N1W	Heart - Left Ventricle	GTEx-sim
GTEX-11ONC-0126-SM-5PNW6	GTEX-11ONC	Heart - Left Ventricle	GTEx-sim
GTEX-14E6D-0926-SM-5S2QV	GTEX-14E6D	Heart - Left Ventricle	GTEx-sim
GTEX-QDVN-0326-SM-2I3FS	GTEX-QDVN	Heart - Left Ventricle	GTEx-ref
GTEX-YEC3-0726-SM-4YCD1	GTEX-YEC3	Heart - Left Ventricle	GTEx-sim
GTEX-OXRL-0326-SM-4MVNY	GTEX-OXRL	Heart - Left Ventricle	GTEx-ref
GTEX-ZLFU-0226-SM-4WWFH	GTEX-ZLFU	Heart - Left Ventricle	GTEx-ref
GTEX-13JVG-1326-SM-5N9F8	GTEX-13JVG	Heart - Left Ventricle	GTEx-ref
GTEX-R55C-0326-SM-3GAF1	GTEX-R55C	Heart - Left Ventricle	GTEx-sim
GTEX-11O72-1126-SM-5N9E2	GTEX-11O72	Heart - Left Ventricle	GTEx-sim
GTEX-OXRL-0326-SM-447BG	GTEX-OXRL	Heart - Left Ventricle	GTEx-ref
GTEX-WH7G-0426-SM-3NMBJ	GTEX-WH7G	Heart - Left Ventricle	GTEx-sim
GTEX-OIZH-0326-SM-2HMKC	GTEX-OIZH	Heart - Left Ventricle	GTEx-ref
GTEX-X5EB-0826-SM-46MVS	GTEX-X5EB	Heart - Left Ventricle	GTEx-sim
GTEX-YEC4-0326-SM-4W216	GTEX-YEC4	Heart - Left Ventricle	GTEx-ref
GTEX-111YS-0426-SM-5987O	GTEX-111YS	Heart - Left Ventricle	GTEx-ref
GTEX-YF7O-0426-SM-5P9FS	GTEX-YF7O	Heart - Left Ventricle	GTEx-sim
GTEX-OHPJ-0926-SM-2HMJ1	GTEX-OHPJ	Heart - Left Ventricle	GTEx-sim
GTEX-13O1R-1226-SM-5J1NU	GTEX-13O1R	Heart - Left Ventricle	GTEx-sim
GTEX-14E7W-1226-SM-5RQIU	GTEX-14E7W	Heart - Left Ventricle	GTEx-sim
GTEX-11LCK-0926-SM-5A5KA	GTEX-11LCK	Heart - Left Ventricle	GTEx-sim
GTEX-145MN-0626-SM-5QGRH	GTEX-145MN	Heart - Left Ventricle	GTEx-sim
GTEX-P4QS-0326-SM-2I3EU	GTEX-P4QS	Heart - Left Ventricle	GTEx-ref
GTEX-X3Y1-0426-SM-3P5Z4	GTEX-X3Y1	Heart - Left Ventricle	GTEx-sim
GTEX-ZV7C-0326-SM-57WB1	GTEX-ZV7C	Heart - Left Ventricle	GTEx-ref
GTEX-P4PQ-0326-SM-2HMJ8	GTEX-P4PQ	Heart - Left Ventricle	GTEx-ref
GTEX-XBEC-1326-SM-4AT69	GTEX-XBEC	Heart - Left Ventricle	GTEx-ref
GTEX-131XH-0226-SM-5LZVB	GTEX-131XH	Heart - Left Ventricle	GTEx-ref
GTEX-145MO-1126-SM-5NQBX	GTEX-145MO	Heart - Left Ventricle	GTEx-ref
GTEX-Y3I4-0626-SM-4TT7A	GTEX-Y3I4	Heart - Left Ventricle	GTEx-ref
GTEX-WFG7-0726-SM-3GIKO	GTEX-WFG7	Heart - Left Ventricle	GTEx-ref
GTEX-13S86-0226-SM-5S2PJ	GTEX-13S86	Heart - Left Ventricle	GTEx-sim
GTEX-139YR-0826-SM-5LZXY	GTEX-139YR	Heart - Left Ventricle	GTEx-ref
GTEX-U8XE-1126-SM-3DB8W	GTEX-U8XE	Heart - Left Ventricle	GTEx-ref
GTEX-11DXY-0826-SM-5EGGR	GTEX-11DXY	Heart - Left Ventricle	GTEx-ref
GTEX-13RTJ-0726-SM-5QGQN	GTEX-13RTJ	Heart - Left Ventricle	GTEx-ref
GTEX-ZG7Y-0926-SM-5EQ6O	GTEX-ZG7Y	Heart - Left Ventricle	GTEx-sim
GTEX-14C5O-1326-SM-5S2UW	GTEX-14C5O	Heart - Left Ventricle	GTEx-sim
GTEX-SIU8-0826-SM-2XCDQ	GTEX-SIU8	Heart - Left Ventricle	GTEx-ref
GTEX-117YX-1126-SM-5H128	GTEX-117YX	Heart - Left Ventricle	GTEx-ref
GTEX-13NYB-0226-SM-5N9G4	GTEX-13NYB	Heart - Left Ventricle	GTEx-ref
GTEX-OHPM-0326-SM-33HCA	GTEX-OHPM	Heart - Left Ventricle	GTEx-sim
GTEX-147F4-1226-SM-5NQAY	GTEX-147F4	Heart - Left Ventricle	GTEx-ref
GTEX-NPJ8-0426-SM-2HMK6	GTEX-NPJ8	Heart - Left Ventricle	GTEx-ref
GTEX-QEL4-0926-SM-3GAD1	GTEX-QEL4	Heart - Left Ventricle	GTEx-sim
GTEX-ZVZP-0226-SM-5NQ73	GTEX-ZVZP	Heart - Left Ventricle	GTEx-sim
GTEX-UPK5-0326-SM-3GAF3	GTEX-UPK5	Heart - Left Ventricle	GTEx-ref
GTEX-148VJ-1526-SM-5Q5DU	GTEX-148VJ	Heart - Left Ventricle	GTEx-ref
GTEX-12BJ1-0226-SM-5LUA2	GTEX-12BJ1	Heart - Left Ventricle	GTEx-sim
GTEX-13FTW-1026-SM-5L3E3	GTEX-13FTW	Heart - Left Ventricle	GTEx-sim
GTEX-WY7C-0526-SM-3NB3D	GTEX-WY7C	Heart - Left Ventricle	GTEx-sim
GTEX-Q2AH-0526-SM-2I3ED	GTEX-Q2AH	Heart - Left Ventricle	GTEx-ref
GTEX-SUCS-0326-SM-32PLL	GTEX-SUCS	Heart - Left Ventricle	GTEx-ref
GTEX-XBED-0526-SM-47JY3	GTEX-XBED	Heart - Left Ventricle	GTEx-sim
GTEX-13OW5-1126-SM-5J1NR	GTEX-13OW5	Heart - Left Ventricle	GTEx-ref
GTEX-1497J-1226-SM-5Q5BL	GTEX-1497J	Heart - Left Ventricle	GTEx-ref
GTEX-XXEK-0926-SM-4BRWH	GTEX-XXEK	Heart - Left Ventricle	GTEx-sim
GTEX-1339X-0426-SM-5KLZY	GTEX-1339X	Heart - Left Ventricle	GTEx-sim
GTEX-145LV-0326-SM-5Q5BW	GTEX-145LV	Heart - Left Ventricle	GTEx-ref
GTEX-XQ8I-0126-SM-4BOPL	GTEX-XQ8I	Heart - Left Ventricle	GTEx-ref
GTEX-ZQUD-1526-SM-51MRE	GTEX-ZQUD	Heart - Left Ventricle	GTEx-sim
GTEX-RUSQ-0526-SM-2TF72	GTEX-RUSQ	Heart - Left Ventricle	GTEx-sim
GTEX-S33H-0526-SM-2XCBK	GTEX-S33H	Heart - Left Ventricle	GTEx-ref
GTEX-QXCU-0826-SM-2TC6F	GTEX-QXCU	Heart - Left Ventricle	GTEx-ref
GTEX-1313W-1426-SM-5KLZU	GTEX-1313W	Heart - Left Ventricle	GTEx-ref
GTEX-13X6K-1826-SM-5O9CR	GTEX-13X6K	Heart - Left Ventricle	GTEx-sim
GTEX-T2IS-0426-SM-32QPE	GTEX-T2IS	Heart - Left Ventricle	GTEx-sim
GTEX-Y5V5-0626-SM-4VBPX	GTEX-Y5V5	Heart - Left Ventricle	GTEx-ref
GTEX-PX3G-0326-SM-2I3EO	GTEX-PX3G	Heart - Left Ventricle	GTEx-ref
GTEX-WWYW-1326-SM-3NB2S	GTEX-WWYW	Heart - Left Ventricle	GTEx-ref
GTEX-RTLS-0826-SM-2TF5Q	GTEX-RTLS	Heart - Left Ventricle	GTEx-ref
GTEX-RNOR-0826-SM-2TF5C	GTEX-RNOR	Heart - Left Ventricle	GTEx-sim
GTEX-WI4N-0626-SM-3TW8Z	GTEX-WI4N	Heart - Left Ventricle	GTEx-ref
GTEX-S32W-0626-SM-2XCBG	GTEX-S32W	Heart - Left Ventricle	GTEx-ref
GTEX-Y114-0226-SM-4TT8W	GTEX-Y114	Heart - Left Ventricle	GTEx-sim
GTEX-13W3W-0426-SM-5SI9D	GTEX-13W3W	Heart - Left Ventricle	GTEx-sim
GTEX-11EMC-0726-SM-5EGJO	GTEX-11EMC	Heart - Left Ventricle	GTEx-sim
GTEX-OXRK-0826-SM-2HMK7	GTEX-OXRK	Heart - Left Ventricle	GTEx-ref
GTEX-PWCY-0526-SM-5P9HG	GTEX-PWCY	Heart - Left Ventricle	GTEx-sim
GTEX-ZZPU-0926-SM-5GZYT	GTEX-ZZPU	Heart - Left Ventricle	GTEx-sim
GTEX-ZF2S-1026-SM-4WWB1	GTEX-ZF2S	Heart - Left Ventricle	GTEx-ref
GTEX-11ZVC-0426-SM-5CVLD	GTEX-11ZVC	Heart - Left Ventricle	GTEx-sim
GTEX-146FH-1026-SM-5RQIF	GTEX-146FH	Heart - Left Ventricle	GTEx-sim
GTEX-OHPL-0326-SM-33HC8	GTEX-OHPL	Heart - Left Ventricle	GTEx-ref
GTEX-R55G-0526-SM-2TC5O	GTEX-R55G	Heart - Left Ventricle	GTEx-ref
GTEX-ZGAY-0326-SM-57WF5	GTEX-ZGAY	Heart - Left Ventricle	GTEx-sim
GTEX-13N11-0426-SM-5KM3O	GTEX-13N11	Heart - Left Ventricle	GTEx-sim
GTEX-RU72-0326-SM-2TF5T	GTEX-RU72	Heart - Left Ventricle	GTEx-sim
GTEX-132AR-2026-SM-5IJG4	GTEX-132AR	Heart - Left Ventricle	GTEx-sim
GTEX-13QBU-0426-SM-5J2O4	GTEX-13QBU	Heart - Left Ventricle	GTEx-ref
GTEX-148VI-0326-SM-5RQK7	GTEX-148VI	Heart - Left Ventricle	GTEx-ref
GTEX-ZYWO-0626-SM-5E45K	GTEX-ZYWO	Heart - Left Ventricle	GTEx-sim
GTEX-ZYFG-0426-SM-5E43M	GTEX-ZYFG	Heart - Left Ventricle	GTEx-sim
GTEX-146FR-0626-SM-5RQJ1	GTEX-146FR	Heart - Left Ventricle	GTEx-ref
GTEX-11GSP-1326-SM-5A5KY	GTEX-11GSP	Heart - Left Ventricle	GTEx-sim
GTEX-13VXT-1126-SM-5LU3A	GTEX-13VXT	Heart - Left Ventricle	GTEx-sim
GTEX-WRHU-1226-SM-4E3IJ	GTEX-WRHU	Heart - Left Ventricle	GTEx-sim
GTEX-1399U-0526-SM-5K7YM	GTEX-1399U	Heart - Left Ventricle	GTEx-sim
GTEX-XV7Q-0826-SM-4BRV7	GTEX-XV7Q	Heart - Left Ventricle	GTEx-ref
GTEX-1122O-0826-SM-5GICV	GTEX-1122O	Heart - Left Ventricle	GTEx-ref
GTEX-P4PP-0326-SM-5S2TQ	GTEX-P4PP	Heart - Left Ventricle	GTEx-sim
GTEX-13FH7-0926-SM-5J2MR	GTEX-13FH7	Heart - Left Ventricle	GTEx-ref
GTEX-PWCY-0526-SM-2I3ER	GTEX-PWCY	Heart - Left Ventricle	GTEx-sim
GTEX-12WSK-0626-SM-5LZUJ	GTEX-12WSK	Heart - Left Ventricle	GTEx-sim
GTEX-Y3IK-0826-SM-51MT8	GTEX-Y3IK	Heart - Left Ventricle	GTEx-ref
GTEX-RWS6-0326-SM-2XCAP	GTEX-RWS6	Heart - Left Ventricle	GTEx-sim
GTEX-13CF3-0726-SM-5J2MY	GTEX-13CF3	Heart - Left Ventricle	GTEx-sim
GTEX-1269C-0826-SM-5N9EM	GTEX-1269C	Heart - Left Ventricle	GTEx-sim
GTEX-ZAJG-0826-SM-5PNVA	GTEX-ZAJG	Heart - Left Ventricle	GTEx-ref
GTEX-ZTPG-1226-SM-4YCDO	GTEX-ZTPG	Heart - Left Ventricle	GTEx-ref
GTEX-ZF29-0226-SM-4WKHO	GTEX-ZF29	Heart - Left Ventricle	GTEx-sim
GTEX-11I78-0826-SM-5A5K4	GTEX-11I78	Heart - Left Ventricle	GTEx-sim
GTEX-PWCY-0526-SM-5PNU8	GTEX-PWCY	Heart - Left Ventricle	GTEx-sim
GTEX-13D11-1726-SM-5IFGQ	GTEX-13D11	Heart - Left Ventricle	GTEx-ref
GTEX-OXRO-2026-SM-2YUMZ	GTEX-OXRO	Heart - Left Ventricle	GTEx-ref
GTEX-X15G-0426-SM-4PQZ6	GTEX-X15G	Heart - Left Ventricle	GTEx-sim
GTEX-11EM3-0626-SM-5H12Z	GTEX-11EM3	Heart - Left Ventricle	GTEx-ref
GTEX-N7MT-1326-SM-2I3FV	GTEX-N7MT	Heart - Left Ventricle	GTEx-sim
GTEX-OHPK-0326-SM-2HMJO	GTEX-OHPK	Heart - Left Ventricle	GTEx-ref
GTEX-11DXX-0326-SM-5PNWC	GTEX-11DXX	Heart - Left Ventricle	GTEx-ref
GTEX-13PVR-1026-SM-5QGQW	GTEX-13PVR	Heart - Left Ventricle	GTEx-sim
GTEX-WEY5-0426-SM-3GIKT	GTEX-WEY5	Heart - Left Ventricle	GTEx-ref
GTEX-PWOO-0526-SM-2S1Q3	GTEX-PWOO	Heart - Left Ventricle	GTEx-sim
GTEX-X8HC-1626-SM-46MWE	GTEX-X8HC	Heart - Left Ventricle	GTEx-ref
GTEX-13O3O-1526-SM-5KM1C	GTEX-13O3O	Heart - Left Ventricle	GTEx-sim
GTEX-S7SF-0526-SM-3K2BC	GTEX-S7SF	Heart - Left Ventricle	GTEx-ref
GTEX-R45C-0926-SM-3GAD4	GTEX-R45C	Heart - Left Ventricle	GTEx-sim
GTEX-YB5K-0126-SM-5IFJ2	GTEX-YB5K	Heart - Left Ventricle	GTEx-sim
GTEX-ZPIC-0826-SM-4WWFJ	GTEX-ZPIC	Heart - Left Ventricle	GTEx-ref
GTEX-SE5C-0626-SM-4IHLJ	GTEX-SE5C	Heart - Left Ventricle	GTEx-sim
GTEX-14A5I-1226-SM-5NQBW	GTEX-14A5I	Heart - Left Ventricle	GTEx-ref
GTEX-QVJO-1926-SM-2S1QZ	GTEX-QVJO	Heart - Left Ventricle	GTEx-ref
GTEX-UJHI-0426-SM-3DB8Y	GTEX-UJHI	Heart - Left Ventricle	GTEx-ref
GTEX-ZE9C-1426-SM-4WKGM	GTEX-ZE9C	Kidney - Cortex	GTEx-sim
GTEX-11PRG-2226-SM-5GU5R	GTEX-11PRG	Kidney - Cortex	GTEx-ref
GTEX-147F4-2626-SM-5Q5CS	GTEX-147F4	Kidney - Cortex	GTEx-ref
GTEX-ZLFU-0926-SM-5P9F8	GTEX-ZLFU	Kidney - Cortex	GTEx-ref
GTEX-13NYB-1726-SM-5N9G2	GTEX-13NYB	Kidney - Cortex	GTEx-ref
GTEX-13112-2126-SM-5GCO4	GTEX-13112	Kidney - Cortex	GTEx-ref
GTEX-12696-0926-SM-5FQTV	GTEX-12696	Kidney - Cortex	GTEx-sim
GTEX-XPVG-0526-SM-4B65N	GTEX-XPVG	Kidney - Cortex	GTEx-ref
GTEX-ZYT6-2226-SM-5GIC9	GTEX-ZYT6	Kidney - Cortex	GTEx-sim
GTEX-13OW6-1826-SM-5N9F9	GTEX-13OW6	Kidney - Cortex	GTEx-sim
GTEX-1497J-0826-SM-5NQAJ	GTEX-1497J	Kidney - Cortex	GTEx-ref
GTEX-ZDXO-0226-SM-4WKH7	GTEX-ZDXO	Kidney - Cortex	GTEx-sim
GTEX-11OF3-1326-SM-5N9FJ	GTEX-11OF3	Kidney - Cortex	GTEx-ref
GTEX-QLQW-1626-SM-4R1K1	GTEX-QLQW	Kidney - Cortex	GTEx-ref
GTEX-T5JC-1526-SM-4DM68	GTEX-T5JC	Kidney - Cortex	GTEx-sim
GTEX-13O1R-2526-SM-5N9FW	GTEX-13O1R	Kidney - Cortex	GTEx-sim
GTEX-N7MS-1626-SM-3LK5F	GTEX-N7MS	Kidney - Cortex	GTEx-ref
GTEX-145MN-0326-SM-5QGQI	GTEX-145MN	Kidney - Cortex	GTEx-sim
GTEX-Y5V6-2026-SM-5IFHO	GTEX-Y5V6	Kidney - Cortex	GTEx-ref
GTEX-NPJ8-2226-SM-3TW8D	GTEX-NPJ8	Kidney - Cortex	GTEx-ref
GTEX-13RTJ-2226-SM-5S2Q1	GTEX-13RTJ	Kidney - Cortex	GTEx-sim
GTEX-ZYFD-1526-SM-5NQ7T	GTEX-ZYFD	Kidney - Cortex	GTEx-sim
GTEX-T6MN-1826-SM-5CHQB	GTEX-T6MN	Kidney - Cortex	GTEx-ref
GTEX-1399S-0526-SM-5IJG8	GTEX-1399S	Kidney - Cortex	GTEx-sim
GTEX-ZYFG-1626-SM-5GZYY	GTEX-ZYFG	Kidney - Cortex	GTEx-sim
GTEX-ZC5H-1726-SM-5HL7X	GTEX-ZC5H	Kidney - Cortex	GTEx-ref
GTEX-12WSG-0826-SM-5EQ5A	GTEX-12WSG	Kidney - Cortex	GTEx-sim
GTEX-WI4N-2026-SM-4OOS7	GTEX-WI4N	Kidney - Cortex	GTEx-sim
GTEX-1399R-1226-SM-5P9GF	GTEX-1399R	Liver	GTEx-ref
GTEX-YECK-1926-SM-4W21H	GTEX-YECK	Liver	GTEx-sim
GTEX-13FTZ-0726-SM-5IFFY	GTEX-13FTZ	Liver	GTEx-ref
GTEX-11NUK-1226-SM-5P9GM	GTEX-11NUK	Liver	GTEx-ref
GTEX-1399T-0826-SM-5IFES	GTEX-1399T	Liver	GTEx-sim
GTEX-ZAB5-0426-SM-5CVMI	GTEX-ZAB5	Liver	GTEx-ref
GTEX-T6MN-1226-SM-3NMA5	GTEX-T6MN	Liver	GTEx-ref
GTEX-139TS-1426-SM-5IFJD	GTEX-139TS	Liver	GTEx-ref
GTEX-11WQC-0726-SM-5EQMR	GTEX-11WQC	Liver	GTEx-ref
GTEX-SJXC-1226-SM-4DM78	GTEX-SJXC	Liver	GTEx-sim
GTEX-13VXU-0926-SM-5IFFH	GTEX-13VXU	Liver	GTEx-sim
GTEX-11NV4-1326-SM-5HL6V	GTEX-11NV4	Liver	GTEx-ref
GTEX-145LU-1326-SM-5LU9N	GTEX-145LU	Liver	GTEx-sim
GTEX-ZEX8-0826-SM-4WKHK	GTEX-ZEX8	Liver	GTEx-ref
GTEX-13OW6-2626-SM-5IFF2	GTEX-13OW6	Liver	GTEx-sim
GTEX-ZPU1-0826-SM-57WG2	GTEX-ZPU1	Liver	GTEx-sim
GTEX-RWSA-1426-SM-47JXA	GTEX-RWSA	Liver	GTEx-ref
GTEX-13FLV-0326-SM-5N9DJ	GTEX-13FLV	Liver	GTEx-sim
GTEX-13112-1426-SM-5EGH8	GTEX-13112	Liver	GTEx-sim
GTEX-11OF3-0726-SM-5BC4Z	GTEX-11OF3	Liver	GTEx-ref
GTEX-147JS-1126-SM-5RQIW	GTEX-147JS	Liver	GTEx-sim
GTEX-12WSM-0726-SM-5GCOW	GTEX-12WSM	Liver	GTEx-sim
GTEX-11ZUS-2526-SM-59872	GTEX-11ZUS	Liver	GTEx-sim
GTEX-1212Z-0226-SM-59HLF	GTEX-1212Z	Liver	GTEx-sim
GTEX-QEG4-1826-SM-4R1JN	GTEX-QEG4	Liver	GTEx-ref
GTEX-S33H-1626-SM-4AD68	GTEX-S33H	Liver	GTEx-sim
GTEX-11DXY-0526-SM-5EGGQ	GTEX-11DXY	Liver	GTEx-ref
GTEX-ZYT6-0626-SM-5E45V	GTEX-ZYT6	Liver	GTEx-sim
GTEX-139UC-1426-SM-5IJGH	GTEX-139UC	Liver	GTEx-ref
GTEX-13NYB-1026-SM-5IFH3	GTEX-13NYB	Liver	GTEx-sim
GTEX-XOTO-0826-SM-4B65O	GTEX-XOTO	Liver	GTEx-ref
GTEX-11DXZ-0126-SM-5EGGY	GTEX-11DXZ	Liver	GTEx-sim
GTEX-XBEC-1526-SM-4AT68	GTEX-XBEC	Liver	GTEx-sim
GTEX-139TU-0826-SM-5IJFG	GTEX-139TU	Liver	GTEx-ref
GTEX-WY7C-0726-SM-4ONCB	GTEX-WY7C	Liver	GTEx-ref
GTEX-12WSI-0226-SM-5GCNA	GTEX-12WSI	Liver	GTEx-sim
GTEX-WZTO-0626-SM-4PQYY	GTEX-WZTO	Liver	GTEx-sim
GTEX-11EQ9-0526-SM-5A5JZ	GTEX-11EQ9	Liver	GTEx-ref
GTEX-131XH-0626-SM-5LZWH	GTEX-131XH	Liver	GTEx-ref
GTEX-12ZZZ-1326-SM-59HKW	GTEX-12ZZZ	Liver	GTEx-ref
GTEX-12KS4-1326-SM-5LUB3	GTEX-12KS4	Liver	GTEx-sim
GTEX-13NZB-0626-SM-5IFH6	GTEX-13NZB	Liver	GTEx-ref
GTEX-RN64-1826-SM-48FDV	GTEX-RN64	Liver	GTEx-ref
GTEX-14753-1626-SM-5NQ9L	GTEX-14753	Liver	GTEx-sim
GTEX-WFON-1726-SM-4LVMQ	GTEX-WFON	Liver	GTEx-sim
GTEX-13PVQ-1526-SM-5IFEQ	GTEX-13PVQ	Liver	GTEx-ref
GTEX-VUSG-0126-SM-4KL1X	GTEX-VUSG	Liver	GTEx-sim
GTEX-P44G-1126-SM-3NM9D	GTEX-P44G	Liver	GTEx-ref
GTEX-13FTW-1126-SM-5J2NV	GTEX-13FTW	Liver	GTEx-ref
GTEX-YB5E-0326-SM-5IFHU	GTEX-YB5E	Liver	GTEx-sim
GTEX-14E1K-0326-SM-5S2PE	GTEX-14E1K	Liver	GTEx-sim
GTEX-147F4-1426-SM-5LUA8	GTEX-147F4	Liver	GTEx-sim
GTEX-RM2N-1926-SM-48FCU	GTEX-RM2N	Liver	GTEx-sim
GTEX-OOBJ-0826-SM-3NB2K	GTEX-OOBJ	Liver	GTEx-ref
GTEX-UTHO-2426-SM-4JBHD	GTEX-UTHO	Liver	GTEx-sim
GTEX-139YR-0226-SM-5IFEM	GTEX-139YR	Liver	GTEx-ref
GTEX-11UD2-1626-SM-5EQM3	GTEX-11UD2	Liver	GTEx-sim
GTEX-Z9EW-0426-SM-5CVM9	GTEX-Z9EW	Liver	GTEx-ref
GTEX-ZVP2-0626-SM-51MSO	GTEX-ZVP2	Liver	GTEx-ref
GTEX-ZAB4-0826-SM-5LU9D	GTEX-ZAB4	Liver	GTEx-sim
GTEX-11TUW-1726-SM-5BC5C	GTEX-11TUW	Liver	GTEx-ref
GTEX-U8XE-1526-SM-4E3HT	GTEX-U8XE	Liver	GTEx-ref
GTEX-XXEK-1126-SM-4BRUX	GTEX-XXEK	Liver	GTEx-ref
GTEX-12WSL-0226-SM-5CVMJ	GTEX-12WSL	Liver	GTEx-sim
GTEX-12696-0826-SM-5EGGE	GTEX-12696	Liver	GTEx-ref
GTEX-1192X-1026-SM-5H12P	GTEX-1192X	Liver	GTEx-sim
GTEX-WQUQ-1926-SM-4OOSA	GTEX-WQUQ	Liver	GTEx-ref
GTEX-O5YT-0826-SM-3TW8N	GTEX-O5YT	Liver	GTEx-ref
GTEX-X261-1726-SM-4PQYT	GTEX-X261	Liver	GTEx-sim
GTEX-X4XY-1626-SM-46MVN	GTEX-X4XY	Liver	GTEx-sim
GTEX-11TT1-1726-SM-5EQLJ	GTEX-11TT1	Liver	GTEx-sim
GTEX-13NZ9-1326-SM-5MR3V	GTEX-13NZ9	Liver	GTEx-sim
GTEX-144GM-1326-SM-5LU5E	GTEX-144GM	Liver	GTEx-ref
GTEX-131XE-0326-SM-5LZVO	GTEX-131XE	Liver	GTEx-ref
GTEX-14C38-1526-SM-5RQJ7	GTEX-14C38	Liver	GTEx-ref
GTEX-1497J-0726-SM-5Q5D1	GTEX-1497J	Liver	GTEx-ref
GTEX-QDVN-0826-SM-48TZ2	GTEX-QDVN	Liver	GTEx-sim
GTEX-11ZTS-1426-SM-5EQMM	GTEX-11ZTS	Liver	GTEx-ref
GTEX-Y5V5-0926-SM-4VBPZ	GTEX-Y5V5	Liver	GTEx-ref
GTEX-Q2AG-1126-SM-48U1P	GTEX-Q2AG	Liver	GTEx-ref
GTEX-P78B-1326-SM-3P611	GTEX-P78B	Liver	GTEx-ref
GTEX-WYVS-1926-SM-4PQZ2	GTEX-WYVS	Liver	GTEx-ref
GTEX-UPIC-0926-SM-4IHLV	GTEX-UPIC	Liver	GTEx-sim
GTEX-RNOR-1426-SM-48FDJ	GTEX-RNOR	Liver	GTEx-ref
GTEX-ZF2S-3026-SM-4WWCH	GTEX-ZF2S	Liver	GTEx-sim
GTEX-ZVT3-1626-SM-5GU66	GTEX-ZVT3	Liver	GTEx-ref
GTEX-131YS-1626-SM-5HL6C	GTEX-131YS	Liver	GTEx-ref
GTEX-11ZVC-0726-SM-5FQT9	GTEX-11ZVC	Liver	GTEx-sim
GTEX-YFC4-1526-SM-5IFJS	GTEX-YFC4	Liver	GTEx-ref
GTEX-ZVT4-0626-SM-5E45T	GTEX-ZVT4	Liver	GTEx-sim
GTEX-WYVS-1926-SM-4SOIC	GTEX-WYVS	Liver	GTEx-ref
GTEX-13SLX-1226-SM-5S2Q6	GTEX-13SLX	Liver	GTEx-sim
GTEX-ZZPU-0426-SM-5GZYH	GTEX-ZZPU	Liver	GTEx-sim
GTEX-1269C-0626-SM-5FQSS	GTEX-1269C	Liver	GTEx-sim
GTEX-ZF29-2026-SM-4WWB7	GTEX-ZF29	Liver	GTEx-ref
GTEX-RU72-1426-SM-46MUF	GTEX-RU72	Liver	GTEx-sim
GTEX-13O3O-1826-SM-5IFGW	GTEX-13O3O	Liver	GTEx-sim
GTEX-14A5I-1726-SM-5QGQ5	GTEX-14A5I	Liver	GTEx-ref
GTEX-13QJC-0726-SM-5RQJK	GTEX-13QJC	Liver	GTEx-sim
GTEX-Y5LM-0426-SM-4VBRO	GTEX-Y5LM	Liver	GTEx-sim
GTEX-RTLS-1326-SM-46MUN	GTEX-RTLS	Liver	GTEx-ref
GTEX-13113-1326-SM-5GCOI	GTEX-13113	Liver	GTEx-sim
GTEX-X4EP-1026-SM-4QAS5	GTEX-X4EP	Liver	GTEx-sim
GTEX-13OVJ-1026-SM-5IFGI	GTEX-13OVJ	Liver	GTEx-ref
GTEX-13PVR-0126-SM-5S2PY	GTEX-13PVR	Liver	GTEx-sim
GTEX-13N11-0926-SM-5IJG2	GTEX-13N11	Liver	GTEx-sim
GTEX-ZYY3-0626-SM-5NQ6W	GTEX-ZYY3	Liver	GTEx-sim
GTEX-ZTPG-1426-SM-51MT3	GTEX-ZTPG	Liver	GTEx-ref
GTEX-132AR-0426-SM-5IFH8	GTEX-132AR	Liver	GTEx-ref
GTEX-S32W-1926-SM-4AD63	GTEX-S32W	Liver	GTEx-sim
GTEX-S33H-0626-SM-2XCBJ	GTEX-S33H	Lung	GTEx-ref
GTEX-WZTO-0426-SM-3NM99	GTEX-WZTO	Lung	GTEx-sim
GTEX-U3ZH-0526-SM-3DB75	GTEX-U3ZH	Lung	GTEx-ref
GTEX-11NUK-0826-SM-5HL4U	GTEX-11NUK	Lung	GTEx-ref
GTEX-145MH-0626-SM-5NQAK	GTEX-145MH	Lung	GTEx-ref
GTEX-13OVL-0626-SM-5KM13	GTEX-13OVL	Lung	GTEx-ref
GTEX-ZYW4-1526-SM-5SIBA	GTEX-ZYW4	Lung	GTEx-sim
GTEX-12ZZY-0926-SM-5EQ6I	GTEX-12ZZY	Lung	GTEx-sim
GTEX-YECK-0926-SM-4W214	GTEX-YECK	Lung	GTEx-ref
GTEX-PVOW-1026-SM-5O9B9	GTEX-PVOW	Lung	GTEx-sim
GTEX-13FTZ-0526-SM-5IJCW	GTEX-13FTZ	Lung	GTEx-ref
GTEX-ZF28-0726-SM-4WKFU	GTEX-ZF28	Lung	GTEx-sim
GTEX-12WSE-0826-SM-5S2VL	GTEX-12WSE	Lung	GTEx-ref
GTEX-11PRG-0926-SM-5EGI8	GTEX-11PRG	Lung	GTEx-ref
GTEX-111VG-0726-SM-5GIDC	GTEX-111VG	Lung	GTEx-ref
GTEX-117YW-0526-SM-5H11C	GTEX-117YW	Lung	GTEx-ref
GTEX-13G51-0426-SM-5K7Z5	GTEX-13G51	Lung	GTEx-sim
GTEX-13S86-0626-SM-5Q5E7	GTEX-13S86	Lung	GTEx-sim
GTEX-QMRM-0826-SM-3NB33	GTEX-QMRM	Lung	GTEx-sim
GTEX-11DZ1-0426-SM-5H11A	GTEX-11DZ1	Lung	GTEx-ref
GTEX-11EI6-0826-SM-5985V	GTEX-11EI6	Lung	GTEx-ref
GTEX-11O72-1326-SM-5BC5A	GTEX-11O72	Lung	GTEx-sim
GTEX-12WSL-1026-SM-5CVNJ	GTEX-12WSL	Lung	GTEx-ref
GTEX-ZYT6-0526-SM-5GIEA	GTEX-ZYT6	Lung	GTEx-sim
GTEX-X585-1026-SM-46MW6	GTEX-X585	Lung	GTEx-sim
GTEX-T5JC-0826-SM-32PMC	GTEX-T5JC	Lung	GTEx-sim
GTEX-POYW-1226-SM-5LU5O	GTEX-POYW	Lung	GTEx-ref
GTEX-11ZUS-0126-SM-5EQM5	GTEX-11ZUS	Lung	GTEx-ref
GTEX-1497J-0326-SM-5Q5CN	GTEX-1497J	Lung	GTEx-ref
GTEX-T6MN-0826-SM-32PM4	GTEX-T6MN	Lung	GTEx-sim
GTEX-WHPG-1426-SM-3NMBB	GTEX-WHPG	Lung	GTEx-sim
GTEX-PW2O-0526-SM-2I3DX	GTEX-PW2O	Lung	GTEx-sim
GTEX-ZDXO-1326-SM-57WBS	GTEX-ZDXO	Lung	GTEx-ref
GTEX-13O21-3026-SM-5J2NI	GTEX-13O21	Lung	GTEx-ref
GTEX-XQ3S-0926-SM-4BOPI	GTEX-XQ3S	Lung	GTEx-sim
GTEX-PVOW-1026-SM-5NQ7M	GTEX-PVOW	Lung	GTEx-sim
GTEX-13NYB-0626-SM-5MR47	GTEX-13NYB	Lung	GTEx-sim
GTEX-12WSI-0826-SM-5EGKD	GTEX-12WSI	Lung	GTEx-ref
GTEX-13N2G-0826-SM-5IJE6	GTEX-13N2G	Lung	GTEx-sim
GTEX-139T6-0426-SM-5IJEM	GTEX-139T6	Lung	GTEx-sim
GTEX-13NZ9-0926-SM-5KM12	GTEX-13NZ9	Lung	GTEx-ref
GTEX-13O3P-1026-SM-5N9E7	GTEX-13O3P	Lung	GTEx-ref
GTEX-139TT-0726-SM-5K7XW	GTEX-139TT	Lung	GTEx-sim
GTEX-ZPU1-0926-SM-57WDO	GTEX-ZPU1	Lung	GTEx-ref
GTEX-13FHP-0726-SM-5K7YI	GTEX-13FHP	Lung	GTEx-ref
GTEX-RN64-1226-SM-2TC6E	GTEX-RN64	Lung	GTEx-sim
GTEX-U3ZM-0426-SM-3DB73	GTEX-U3ZM	Lung	GTEx-ref
GTEX-OIZI-1026-SM-3NB1K	GTEX-OIZI	Lung	GTEx-sim
GTEX-13O3Q-0526-SM-5KM18	GTEX-13O3Q	Lung	GTEx-sim
GTEX-WYJK-0826-SM-3NM8Y	GTEX-WYJK	Lung	GTEx-sim
GTEX-QEG4-0526-SM-48TZD	GTEX-QEG4	Lung	GTEx-sim
GTEX-SIU7-0526-SM-3NM8I	GTEX-SIU7	Lung	GTEx-ref
GTEX-11WQC-0626-SM-5EQMF	GTEX-11WQC	Lung	GTEx-ref
GTEX-X4LF-0526-SM-3NMB6	GTEX-X4LF	Lung	GTEx-ref
GTEX-ZAB4-0626-SM-5CVN3	GTEX-ZAB4	Lung	GTEx-sim
GTEX-RM2N-0426-SM-2TF4T	GTEX-RM2N	Lung	GTEx-ref
GTEX-13FHO-1026-SM-5KM1Q	GTEX-13FHO	Lung	GTEx-sim
GTEX-V1D1-0826-SM-3P5ZA	GTEX-V1D1	Lung	GTEx-sim
GTEX-POYW-1226-SM-5LZWQ	GTEX-POYW	Lung	GTEx-ref
GTEX-OIZH-0526-SM-2HMKV	GTEX-OIZH	Lung	GTEx-ref
GTEX-1477Z-0626-SM-5NQB7	GTEX-1477Z	Lung	GTEx-ref
GTEX-13OVG-0326-SM-5KM57	GTEX-13OVG	Lung	GTEx-sim
GTEX-145LU-0526-SM-5O9AT	GTEX-145LU	Lung	GTEx-ref
GTEX-WFON-0426-SM-3GIL4	GTEX-WFON	Lung	GTEx-sim
GTEX-XBEC-1026-SM-4QASM	GTEX-XBEC	Lung	GTEx-ref
GTEX-WY7C-0426-SM-3NB3C	GTEX-WY7C	Lung	GTEx-ref
GTEX-13VXU-2726-SM-5LU4N	GTEX-13VXU	Lung	GTEx-sim
GTEX-SIU8-0926-SM-5SI87	GTEX-SIU8	Lung	GTEx-sim
GTEX-WVJS-0826-SM-4MVNR	GTEX-WVJS	Lung	GTEx-ref
GTEX-YF7O-0626-SM-4W21R	GTEX-YF7O	Lung	GTEx-sim
GTEX-Y5V6-0226-SM-4V6G7	GTEX-Y5V6	Lung	GTEx-ref
GTEX-13FLV-0426-SM-5KLZA	GTEX-13FLV	Lung	GTEx-ref
GTEX-ZDTS-1026-SM-4WAXS	GTEX-ZDTS	Lung	GTEx-sim
GTEX-1212Z-1026-SM-5EGJ8	GTEX-1212Z	Lung	GTEx-sim
GTEX-12584-1426-SM-5EGJ9	GTEX-12584	Lung	GTEx-ref
GTEX-XPVG-1026-SM-4B64Y	GTEX-XPVG	Lung	GTEx-ref
GTEX-147F4-0926-SM-5Q5EO	GTEX-147F4	Lung	GTEx-sim
GTEX-OHPM-0526-SM-2YUMJ	GTEX-OHPM	Lung	GTEx-ref
GTEX-UPJH-0826-SM-4WKFD	GTEX-UPJH	Lung	GTEx-ref
GTEX-13O61-0726-SM-5J2MD	GTEX-13O61	Lung	GTEx-sim
GTEX-111FC-1126-SM-5GZWU	GTEX-111FC	Lung	GTEx-ref
GTEX-ZEX8-0526-SM-4WKH5	GTEX-ZEX8	Lung	GTEx-sim
GTEX-11DXZ-0726-SM-5N9C4	GTEX-11DXZ	Lung	GTEx-sim
GTEX-13PVQ-0926-SM-5IJFD	GTEX-13PVQ	Lung	GTEx-sim
GTEX-ZZPT-1326-SM-5E43H	GTEX-ZZPT	Lung	GTEx-ref
GTEX-NFK9-1026-SM-2HMK1	GTEX-NFK9	Lung	GTEx-sim
GTEX-QEG5-1126-SM-33HC2	GTEX-QEG5	Lung	GTEx-ref
GTEX-14A6H-0526-SM-5NQAZ	GTEX-14A6H	Lung	GTEx-sim
GTEX-13QJ3-1026-SM-5QGQU	GTEX-13QJ3	Lung	GTEx-sim
GTEX-Y9LG-0526-SM-4VBRY	GTEX-Y9LG	Lung	GTEx-ref
GTEX-132QS-0726-SM-5IJE9	GTEX-132QS	Lung	GTEx-sim
GTEX-ZT9W-0726-SM-4YCDC	GTEX-ZT9W	Lung	GTEx-ref
GTEX-13N1W-0726-SM-5MR57	GTEX-13N1W	Lung	GTEx-ref
GTEX-117YX-1326-SM-5H125	GTEX-117YX	Lung	GTEx-sim
GTEX-P4PQ-0526-SM-2HMKR	GTEX-P4PQ	Lung	GTEx-ref
GTEX-O5YT-0526-SM-32PK8	GTEX-O5YT	Lung	GTEx-ref
GTEX-12BJ1-1026-SM-5EGJA	GTEX-12BJ1	Lung	GTEx-sim
GTEX-145MO-1326-SM-5Q5EF	GTEX-145MO	Lung	GTEx-sim
GTEX-PLZ6-0426-SM-5IFK2	GTEX-PLZ6	Lung	GTEx-ref
GTEX-13NYS-1626-SM-5J2MU	GTEX-13NYS	Lung	GTEx-sim
GTEX-QDVN-0726-SM-4B64L	GTEX-QDVN	Lung	GTEx-ref
GTEX-X4XX-1026-SM-4QARO	GTEX-X4XX	Lung	GTEx-sim
GTEX-ZUA1-1026-SM-4YCEA	GTEX-ZUA1	Lung	GTEx-sim
GTEX-111CU-0326-SM-5GZXO	GTEX-111CU	Lung	GTEx-sim
GTEX-ZAB5-0626-SM-5PNVB	GTEX-ZAB5	Lung	GTEx-sim
GTEX-PLZ6-0426-SM-5IJDW	GTEX-PLZ6	Lung	GTEx-ref
GTEX-13OW6-0826-SM-5L3GA	GTEX-13OW6	Lung	GTEx-ref
GTEX-WOFM-0126-SM-3MJFE	GTEX-WOFM	Lung	GTEx-ref
GTEX-131XE-0726-SM-5HL9K	GTEX-131XE	Lung	GTEx-sim
GTEX-OOBK-0526-SM-2HMJJ	GTEX-OOBK	Lung	GTEx-sim
GTEX-11EQ9-0226-SM-5A5JX	GTEX-11EQ9	Lung	GTEx-ref
GTEX-ZDTT-0926-SM-5J2MS	GTEX-ZDTT	Lung	GTEx-ref
GTEX-WHSB-0326-SM-5FQSD	GTEX-WHSB	Lung	GTEx-ref
GTEX-111YS-0626-SM-5GZXV	GTEX-111YS	Lung	GTEx-sim
GTEX-11LCK-0426-SM-5A5M8	GTEX-11LCK	Lung	GTEx-ref
GTEX-14E7W-1326-SM-5RQIV	GTEX-14E7W	Lung	GTEx-sim
GTEX-QXCU-0626-SM-2TC69	GTEX-QXCU	Lung	GTEx-ref
GTEX-147JS-1226-SM-5RQK4	GTEX-147JS	Lung	GTEx-sim
GTEX-13JVG-1426-SM-5MR4W	GTEX-13JVG	Lung	GTEx-sim
GTEX-WH7G-0726-SM-3NMBM	GTEX-WH7G	Lung	GTEx-sim
GTEX-WFJO-0326-SM-3GIL3	GTEX-WFJO	Lung	GTEx-ref
GTEX-11OF3-1126-SM-5986C	GTEX-11OF3	Lung	GTEx-sim
GTEX-OXRL-0526-SM-2I3EZ	GTEX-OXRL	Lung	GTEx-ref
GTEX-Q2AH-0426-SM-2I3EP	GTEX-Q2AH	Lung	GTEx-sim
GTEX-ZDYS-0426-SM-5IJEQ	GTEX-ZDYS	Lung	GTEx-sim
GTEX-14DAR-0226-SM-5S2PR	GTEX-14DAR	Lung	GTEx-sim
GTEX-WHSB-0326-SM-3LK6K	GTEX-WHSB	Lung	GTEx-ref
GTEX-X5EB-0426-SM-46MVY	GTEX-X5EB	Lung	GTEx-sim
GTEX-13111-0426-SM-5DUXR	GTEX-13111	Lung	GTEx-ref
GTEX-146FQ-0926-SM-5LUAV	GTEX-146FQ	Lung	GTEx-ref
GTEX-O5YW-0526-SM-2YUMX	GTEX-O5YW	Lung	GTEx-sim
GTEX-XGQ4-0826-SM-4AT4T	GTEX-XGQ4	Lung	GTEx-ref
GTEX-139UW-0226-SM-5K7WU	GTEX-139UW	Lung	GTEx-sim
GTEX-YEC4-0526-SM-4W21U	GTEX-YEC4	Lung	GTEx-ref
GTEX-OHPJ-1026-SM-2HMLE	GTEX-OHPJ	Lung	GTEx-ref
GTEX-ZT9X-0326-SM-51MTE	GTEX-ZT9X	Lung	GTEx-ref
GTEX-11NSD-0326-SM-5A5LS	GTEX-11NSD	Lung	GTEx-ref
GTEX-132NY-1226-SM-5PNVF	GTEX-132NY	Lung	GTEx-sim
GTEX-YFCO-0426-SM-4W1Z7	GTEX-YFCO	Lung	GTEx-ref
GTEX-OIZG-0526-SM-2HMLF	GTEX-OIZG	Lung	GTEx-ref
GTEX-OOBJ-0526-SM-48TDK	GTEX-OOBJ	Lung	GTEx-ref
GTEX-1339X-0626-SM-5IJER	GTEX-1339X	Lung	GTEx-sim
GTEX-13OW8-1726-SM-5L3GO	GTEX-13OW8	Lung	GTEx-sim
GTEX-ZTTD-1126-SM-51MRP	GTEX-ZTTD	Lung	GTEx-sim
GTEX-131XH-0426-SM-5DUWU	GTEX-131XH	Lung	GTEx-ref
GTEX-XBEW-0226-SM-4AT6A	GTEX-XBEW	Lung	GTEx-sim
GTEX-YB5E-0726-SM-4VDSH	GTEX-YB5E	Lung	GTEx-ref
GTEX-13YAN-1026-SM-5O9CF	GTEX-13YAN	Lung	GTEx-sim
GTEX-U3ZM-0426-SM-57WG1	GTEX-U3ZM	Lung	GTEx-ref
GTEX-12WSH-0126-SM-5GCO3	GTEX-12WSH	Lung	GTEx-sim
GTEX-WH7G-0726-SM-5EQ6C	GTEX-WH7G	Lung	GTEx-sim
GTEX-U3ZM-0426-SM-59HKR	GTEX-U3ZM	Lung	GTEx-ref
GTEX-QDVN-0726-SM-2I3FO	GTEX-QDVN	Lung	GTEx-ref
GTEX-13OVH-1026-SM-5J2NP	GTEX-13OVH	Lung	GTEx-sim
GTEX-P44H-1126-SM-48TBU	GTEX-P44H	Lung	GTEx-sim
GTEX-WHSB-0326-SM-5GICB	GTEX-WHSB	Lung	GTEx-ref
GTEX-ZA64-0326-SM-5HL8T	GTEX-ZA64	Lung	GTEx-sim
GTEX-XBED-0826-SM-47JYC	GTEX-XBED	Lung	GTEx-sim
GTEX-148VJ-0826-SM-5LU8V	GTEX-148VJ	Lung	GTEx-sim
GTEX-131XF-1026-SM-5BC6A	GTEX-131XF	Lung	GTEx-sim
GTEX-145MN-0926-SM-5NQBT	GTEX-145MN	Lung	GTEx-ref
GTEX-QEG5-1126-SM-5SI88	GTEX-QEG5	Lung	GTEx-ref
GTEX-S4Z8-0426-SM-3K2AH	GTEX-S4Z8	Lung	GTEx-sim
GTEX-WH7G-0726-SM-5EGIX	GTEX-WH7G	Lung	GTEx-sim
GTEX-Y3I4-0426-SM-4TT29	GTEX-Y3I4	Lung	GTEx-ref
GTEX-144GN-0426-SM-5O9AP	GTEX-144GN	Lung	GTEx-sim
GTEX-11NV4-1126-SM-5HL6J	GTEX-11NV4	Lung	GTEx-ref
GTEX-13NZA-1426-SM-5KM4Y	GTEX-13NZA	Lung	GTEx-sim
GTEX-13RTJ-1126-SM-5S2UJ	GTEX-13RTJ	Lung	GTEx-ref
GTEX-XQ8I-1126-SM-4BOO2	GTEX-XQ8I	Lung	GTEx-sim
GTEX-145LT-0326-SM-5LUAD	GTEX-145LT	Lung	GTEx-sim
GTEX-RVPV-1726-SM-2TF5W	GTEX-RVPV	Lung	GTEx-sim
GTEX-144GO-0226-SM-5LUB1	GTEX-144GO	Lung	GTEx-ref
GTEX-XXEK-0626-SM-4BRWE	GTEX-XXEK	Lung	GTEx-ref
GTEX-11P7K-0326-SM-59871	GTEX-11P7K	Lung	GTEx-sim
GTEX-S4Q7-0426-SM-3K2BJ	GTEX-S4Q7	Lung	GTEx-ref
GTEX-144GM-0126-SM-5Q5AX	GTEX-144GM	Lung	GTEx-ref
GTEX-NPJ8-0326-SM-2D7VV	GTEX-NPJ8	Lung	GTEx-sim
GTEX-REY6-0426-SM-2TF5G	GTEX-REY6	Lung	GTEx-ref
GTEX-RUSQ-0626-SM-2TF5V	GTEX-RUSQ	Lung	GTEx-sim
GTEX-QV44-0926-SM-2S1RH	GTEX-QV44	Lung	GTEx-sim
GTEX-11WQK-1226-SM-5GU5Z	GTEX-11WQK	Lung	GTEx-sim
GTEX-WFG8-0926-SM-3GIKJ	GTEX-WFG8	Lung	GTEx-sim
GTEX-SIU8-0926-SM-2XCDO	GTEX-SIU8	Lung	GTEx-sim
GTEX-PSDG-1126-SM-2S1ON	GTEX-PSDG	Lung	GTEx-ref
GTEX-NPJ8-0326-SM-26GMG	GTEX-NPJ8	Lung	GTEx-sim
GTEX-R55D-0926-SM-3GAEU	GTEX-R55D	Lung	GTEx-ref
GTEX-SUCS-0626-SM-5CHQE	GTEX-SUCS	Lung	GTEx-sim
GTEX-131YS-0926-SM-5IJB9	GTEX-131YS	Lung	GTEx-sim
GTEX-X4EO-0926-SM-3P5Z2	GTEX-X4EO	Lung	GTEx-ref
GTEX-YJ8O-1826-SM-5HL82	GTEX-YJ8O	Lung	GTEx-sim
GTEX-13QBU-0726-SM-5J2OA	GTEX-13QBU	Lung	GTEx-sim
GTEX-131XW-1126-SM-5EGK4	GTEX-131XW	Lung	GTEx-sim
GTEX-RNOR-0726-SM-2TF5I	GTEX-RNOR	Lung	GTEx-ref
GTEX-ZVZQ-1526-SM-5N9G6	GTEX-ZVZQ	Lung	GTEx-sim
GTEX-TMMY-0926-SM-4TT1Z	GTEX-TMMY	Lung	GTEx-sim
GTEX-Y5V5-0826-SM-4VBQD	GTEX-Y5V5	Lung	GTEx-ref
GTEX-TMMY-0926-SM-33HBG	GTEX-TMMY	Lung	GTEx-sim
GTEX-13JUV-0526-SM-5K7XE	GTEX-13JUV	Lung	GTEx-sim
GTEX-XOT4-1426-SM-4B65T	GTEX-XOT4	Lung	GTEx-ref
GTEX-WYBS-1126-SM-3NMAM	GTEX-WYBS	Lung	GTEx-sim
GTEX-12WSD-0826-SM-5GCNE	GTEX-12WSD	Lung	GTEx-sim
GTEX-WRHU-0226-SM-3MJFV	GTEX-WRHU	Lung	GTEx-sim
GTEX-OXRP-0526-SM-2I3EW	GTEX-OXRP	Lung	GTEx-ref
GTEX-X4EP-0526-SM-3P5YW	GTEX-X4EP	Lung	GTEx-sim
GTEX-11ZTS-1226-SM-5EQMQ	GTEX-11ZTS	Lung	GTEx-ref
GTEX-148VI-0226-SM-5RQKA	GTEX-148VI	Lung	GTEx-ref
GTEX-ZE7O-0826-SM-57WCP	GTEX-ZE7O	Lung	GTEx-sim
GTEX-13FTY-0126-SM-5J2NZ	GTEX-13FTY	Lung	GTEx-sim
GTEX-146FH-1226-SM-5NQB6	GTEX-146FH	Lung	GTEx-ref
GTEX-13U4I-1426-SM-5J2M3	GTEX-13U4I	Lung	GTEx-sim
GTEX-PLZ4-0726-SM-2TC6Q	GTEX-PLZ4	Lung	GTEx-ref
GTEX-ZF2S-0626-SM-4WKH2	GTEX-ZF2S	Lung	GTEx-ref
GTEX-OXRO-0326-SM-33HBM	GTEX-OXRO	Lung	GTEx-sim
GTEX-OHPL-0526-SM-3NM8U	GTEX-OHPL	Lung	GTEx-ref
GTEX-PX3G-0526-SM-2I3EM	GTEX-PX3G	Lung	GTEx-ref
GTEX-UJHI-0726-SM-3DB92	GTEX-UJHI	Lung	GTEx-sim
GTEX-YFC4-1126-SM-5RQJN	GTEX-YFC4	Lung	GTEx-sim
GTEX-Q734-0626-SM-2I3EF	GTEX-Q734	Lung	GTEx-sim
GTEX-12WSG-0326-SM-5FQU3	GTEX-12WSG	Lung	GTEx-sim
GTEX-OXRK-0926-SM-2HMKP	GTEX-OXRK	Lung	GTEx-ref
GTEX-ZYVF-1726-SM-5E443	GTEX-ZYVF	Lung	GTEx-ref
GTEX-XMD2-1026-SM-4WWE8	GTEX-XMD2	Lung	GTEx-sim
GTEX-T6MO-0426-SM-32QOI	GTEX-T6MO	Lung	GTEx-sim
GTEX-UPIC-0826-SM-3GADQ	GTEX-UPIC	Lung	GTEx-sim
GTEX-11I78-0126-SM-5HL6F	GTEX-11I78	Lung	GTEx-ref
GTEX-RWS6-0226-SM-2XCA9	GTEX-RWS6	Lung	GTEx-ref
GTEX-1399U-0826-SM-5KM1P	GTEX-1399U	Lung	GTEx-ref
GTEX-N7MT-0126-SM-2D7VT	GTEX-N7MT	Lung	GTEx-ref
GTEX-TMMY-0926-SM-4WKH4	GTEX-TMMY	Lung	GTEx-sim
GTEX-NL3G-0526-SM-4RTWW	GTEX-NL3G	Lung	GTEx-sim
GTEX-ZVT3-0926-SM-5GICK	GTEX-ZVT3	Lung	GTEx-sim
GTEX-WWYW-0926-SM-3NB2Z	GTEX-WWYW	Lung	GTEx-ref
GTEX-1313W-0926-SM-5EQ56	GTEX-1313W	Lung	GTEx-sim
GTEX-13PL7-1726-SM-5J2NX	GTEX-13PL7	Lung	GTEx-ref
GTEX-WYVS-0526-SM-3NM9W	GTEX-WYVS	Lung	GTEx-sim
GTEX-TMMY-0926-SM-4VBQZ	GTEX-TMMY	Lung	GTEx-sim
GTEX-11P81-0226-SM-5HL5M	GTEX-11P81	Lung	GTEx-ref
GTEX-SN8G-0926-SM-4DM5I	GTEX-SN8G	Lung	GTEx-sim
GTEX-ZLWG-0626-SM-4WWFR	GTEX-ZLWG	Lung	GTEx-ref
GTEX-P4QT-0526-SM-2I3EX	GTEX-P4QT	Lung	GTEx-ref
GTEX-RTLS-0926-SM-2TF5X	GTEX-RTLS	Lung	GTEx-sim
GTEX-QCQG-0326-SM-2I3ES	GTEX-QCQG	Lung	GTEx-sim
GTEX-ZZPU-0526-SM-5E44U	GTEX-ZZPU	Lung	GTEx-ref
GTEX-147F3-0726-SM-5NQ9U	GTEX-147F3	Lung	GTEx-ref
GTEX-Y5LM-0726-SM-4VBRP	GTEX-Y5LM	Lung	GTEx-ref
GTEX-S341-0326-SM-2XCAU	GTEX-S341	Lung	GTEx-ref
GTEX-13NZ8-0326-SM-5L3DF	GTEX-13NZ8	Lung	GTEx-sim
GTEX-13VXT-1426-SM-5LU4B	GTEX-13VXT	Lung	GTEx-sim
GTEX-ZYFG-0226-SM-5GIDT	GTEX-ZYFG	Lung	GTEx-ref
GTEX-12WSK-0826-SM-5CVNP	GTEX-12WSK	Lung	GTEx-ref
GTEX-13FTX-0326-SM-5J2NG	GTEX-13FTX	Lung	GTEx-ref
GTEX-OHPL-0526-SM-2HMIX	GTEX-OHPL	Lung	GTEx-ref
GTEX-S32W-0326-SM-2XCBI	GTEX-S32W	Lung	GTEx-ref
GTEX-13QJC-0526-SM-5RQKB	GTEX-13QJC	Lung	GTEx-ref
GTEX-145LS-1226-SM-5Q5D9	GTEX-145LS	Lung	GTEx-ref
GTEX-1399S-1726-SM-5L3DI	GTEX-1399S	Lung	GTEx-ref
GTEX-ZF29-1026-SM-4WKGC	GTEX-ZF29	Lung	GTEx-sim
GTEX-Y3IK-0626-SM-4WWE4	GTEX-Y3IK	Lung	GTEx-ref
GTEX-Y8LW-0326-SM-4VBQ9	GTEX-Y8LW	Lung	GTEx-ref
GTEX-13O3O-0726-SM-5J1N7	GTEX-13O3O	Lung	GTEx-ref
GTEX-OHPL-0526-SM-4M1XS	GTEX-OHPL	Lung	GTEx-ref
GTEX-O5YV-0526-SM-2D7VZ	GTEX-O5YV	Lung	GTEx-sim
GTEX-O5YV-0526-SM-26GN1	GTEX-O5YV	Lung	GTEx-sim
GTEX-RU72-0526-SM-2TF5Z	GTEX-RU72	Lung	GTEx-ref
GTEX-12WSJ-0226-SM-5GCP7	GTEX-12WSJ	Lung	GTEx-sim
GTEX-1122O-0126-SM-5GICA	GTEX-1122O	Lung	GTEx-ref
GTEX-TSE9-0726-SM-3DB8C	GTEX-TSE9	Lung	GTEx-sim
GTEX-11EMC-0126-SM-5EGKV	GTEX-11EMC	Lung	GTEx-ref
GTEX-XYKS-0526-SM-4BRW2	GTEX-XYKS	Lung	GTEx-sim
GTEX-ZPIC-0626-SM-57WDY	GTEX-ZPIC	Lung	GTEx-ref
GTEX-13113-0426-SM-5GCOD	GTEX-13113	Lung	GTEx-sim
GTEX-RU1J-0126-SM-2TF6Y	GTEX-RU1J	Lung	GTEx-ref
GTEX-XV7Q-0426-SM-4BRVN	GTEX-XV7Q	Lung	GTEx-sim
GTEX-13D11-0326-SM-5LZXX	GTEX-13D11	Lung	GTEx-ref
GTEX-R3RS-1026-SM-3GADF	GTEX-R3RS	Lung	GTEx-ref
GTEX-N7MT-0126-SM-26GMB	GTEX-N7MT	Lung	GTEx-ref
GTEX-R55G-0826-SM-2TC5U	GTEX-R55G	Lung	GTEx-ref
GTEX-1211K-0826-SM-5FQUP	GTEX-1211K	Lung	GTEx-ref
GTEX-13OVJ-0726-SM-5KM1W	GTEX-13OVJ	Lung	GTEx-sim
GTEX-11ILO-0726-SM-5HL5I	GTEX-11ILO	Lung	GTEx-sim
GTEX-N7MT-0126-SM-26GMS	GTEX-N7MT	Lung	GTEx-ref
GTEX-SE5C-0526-SM-2XCE1	GTEX-SE5C	Lung	GTEx-ref
GTEX-PWOO-0726-SM-2I3EB	GTEX-PWOO	Lung	GTEx-ref
GTEX-S7SF-0426-SM-3K2B7	GTEX-S7SF	Lung	GTEx-sim
GTEX-1269C-0926-SM-5FQSR	GTEX-1269C	Lung	GTEx-ref
GTEX-13CF3-0426-SM-5IJEU	GTEX-13CF3	Lung	GTEx-ref
GTEX-O5YV-0526-SM-26GMJ	GTEX-O5YV	Lung	GTEx-sim
GTEX-13O3Q-2826-SM-5KM2N	GTEX-13O3Q	Minor Salivary Gland	GTEx-ref
GTEX-13CF2-2426-SM-5LZYL	GTEX-13CF2	Minor Salivary Gland	GTEx-ref
GTEX-Y3I4-1926-SM-4TT8L	GTEX-Y3I4	Minor Salivary Gland	GTEx-ref
GTEX-13111-2326-SM-5LZUQ	GTEX-13111	Minor Salivary Gland	GTEx-sim
GTEX-XMK1-2626-SM-4B65R	GTEX-XMK1	Minor Salivary Gland	GTEx-ref
GTEX-131XF-2826-SM-5EGKH	GTEX-131XF	Minor Salivary Gland	GTEx-ref
GTEX-Y5V6-2226-SM-4VDTC	GTEX-Y5V6	Minor Salivary Gland	GTEx-ref
GTEX-Y111-2626-SM-4TT24	GTEX-Y111	Minor Salivary Gland	GTEx-ref
GTEX-13NYC-2626-SM-5K7VN	GTEX-13NYC	Minor Salivary Gland	GTEx-sim
GTEX-13O21-1926-SM-5MR39	GTEX-13O21	Minor Salivary Gland	GTEx-ref
GTEX-1314G-2026-SM-5LZUM	GTEX-1314G	Minor Salivary Gland	GTEx-sim
GTEX-13NYB-2426-SM-5IFF4	GTEX-13NYB	Minor Salivary Gland	GTEx-sim
GTEX-YF7O-2226-SM-5CVN8	GTEX-YF7O	Minor Salivary Gland	GTEx-sim
GTEX-X5EB-1726-SM-4E3J7	GTEX-X5EB	Minor Salivary Gland	GTEx-sim
GTEX-12WSL-2126-SM-5GCNG	GTEX-12WSL	Minor Salivary Gland	GTEx-sim
GTEX-11EQ9-2026-SM-5P9JI	GTEX-11EQ9	Minor Salivary Gland	GTEx-sim
GTEX-111FC-2926-SM-5GZY7	GTEX-111FC	Minor Salivary Gland	GTEx-sim
GTEX-ZXG5-2826-SM-5NQ8T	GTEX-ZXG5	Minor Salivary Gland	GTEx-ref
GTEX-ZQUD-2126-SM-51MSY	GTEX-ZQUD	Minor Salivary Gland	GTEx-ref
GTEX-WOFM-2126-SM-4OOSR	GTEX-WOFM	Minor Salivary Gland	GTEx-sim
GTEX-11P82-0926-SM-5986X	GTEX-11P82	Minor Salivary Gland	GTEx-sim
GTEX-13G51-2426-SM-5LZY8	GTEX-13G51	Minor Salivary Gland	GTEx-sim
GTEX-ZPU1-2326-SM-57WEP	GTEX-ZPU1	Minor Salivary Gland	GTEx-ref
GTEX-XGQ4-2626-SM-4AT6B	GTEX-XGQ4	Minor Salivary Gland	GTEx-ref
GTEX-12WSM-1826-SM-5BC64	GTEX-12WSM	Minor Salivary Gland	GTEx-ref
GTEX-11NV4-1926-SM-5N9D4	GTEX-11NV4	Minor Salivary Gland	GTEx-sim
GTEX-12BJ1-2226-SM-5BC6G	GTEX-12BJ1	Minor Salivary Gland	GTEx-sim
GTEX-WHSB-2326-SM-4M1XK	GTEX-WHSB	Minor Salivary Gland	GTEx-sim
GTEX-X261-2426-SM-4PQZU	GTEX-X261	Minor Salivary Gland	GTEx-sim
GTEX-X3Y1-1926-SM-4PQZO	GTEX-X3Y1	Minor Salivary Gland	GTEx-sim
GTEX-14B4R-1426-SM-5Q5CG	GTEX-14B4R	Minor Salivary Gland	GTEx-ref
GTEX-WFJO-2026-SM-4LVM3	GTEX-WFJO	Minor Salivary Gland	GTEx-sim
GTEX-ZAB5-2326-SM-5IJFR	GTEX-ZAB5	Minor Salivary Gland	GTEx-ref
GTEX-1192X-2926-SM-5N9BA	GTEX-1192X	Minor Salivary Gland	GTEx-ref
GTEX-ZT9W-2126-SM-51MSF	GTEX-ZT9W	Minor Salivary Gland	GTEx-ref
GTEX-11WQK-2926-SM-5EQKT	GTEX-11WQK	Minor Salivary Gland	GTEx-sim
GTEX-13OVL-2926-SM-5IFG3	GTEX-13OVL	Minor Salivary Gland	GTEx-ref
GTEX-XYKS-2926-SM-4E3IA	GTEX-XYKS	Minor Salivary Gland	GTEx-sim
GTEX-ZC5H-2726-SM-5KLZW	GTEX-ZC5H	Minor Salivary Gland	GTEx-ref
GTEX-1117F-3026-SM-5GZYU	GTEX-1117F	Minor Salivary Gland	GTEx-sim
GTEX-ZF29-2126-SM-4WWB8	GTEX-ZF29	Minor Salivary Gland	GTEx-ref
GTEX-145ME-1626-SM-5RQI3	GTEX-145ME	Minor Salivary Gland	GTEx-ref
GTEX-WYVS-2026-SM-4RGNS	GTEX-WYVS	Minor Salivary Gland	GTEx-sim
GTEX-X15G-2126-SM-4PQZR	GTEX-X15G	Minor Salivary Gland	GTEx-sim
GTEX-XV7Q-2426-SM-4BRV8	GTEX-XV7Q	Minor Salivary Gland	GTEx-ref
GTEX-13OVI-2326-SM-5KM47	GTEX-13OVI	Minor Salivary Gland	GTEx-ref
GTEX-ZE7O-2926-SM-51MSG	GTEX-ZE7O	Minor Salivary Gland	GTEx-sim
GTEX-11P81-2026-SM-5P9GT	GTEX-11P81	Minor Salivary Gland	GTEx-ref
GTEX-11ZTS-3026-SM-5EQM7	GTEX-11ZTS	Minor Salivary Gland	GTEx-ref
GTEX-ZQG8-2126-SM-4YCF1	GTEX-ZQG8	Minor Salivary Gland	GTEx-ref
GTEX-YB5K-1726-SM-5IFIZ	GTEX-YB5K	Minor Salivary Gland	GTEx-ref
GTEX-WYVS-2026-SM-4PQZ4	GTEX-WYVS	Minor Salivary Gland	GTEx-sim
GTEX-Y5LM-1826-SM-4VDT9	GTEX-Y5LM	Minor Salivary Gland	GTEx-sim
GTEX-ZP4G-1926-SM-57WDZ	GTEX-ZP4G	Minor Salivary Gland	GTEx-sim
GTEX-13VXT-1726-SM-5IFF5	GTEX-13VXT	Minor Salivary Gland	GTEx-sim
GTEX-SJXC-0526-SM-2XCFG	GTEX-SJXC	Muscle - Skeletal	GTEx-ref
GTEX-WK11-2526-SM-3NM9Y	GTEX-WK11	Muscle - Skeletal	GTEx-ref
GTEX-SSA3-0326-SM-32QPS	GTEX-SSA3	Muscle - Skeletal	GTEx-sim
GTEX-139UC-2926-SM-5J1N6	GTEX-139UC	Muscle - Skeletal	GTEx-sim
GTEX-13NYB-2726-SM-5J2MT	GTEX-13NYB	Muscle - Skeletal	GTEx-ref
GTEX-11OF3-2526-SM-5P9JL	GTEX-11OF3	Muscle - Skeletal	GTEx-sim
GTEX-139TS-2626-SM-5J1MT	GTEX-139TS	Muscle - Skeletal	GTEx-sim
GTEX-SSA3-0326-SM-47JWY	GTEX-SSA3	Muscle - Skeletal	GTEx-sim
GTEX-WOFL-0626-SM-3MJG3	GTEX-WOFL	Muscle - Skeletal	GTEx-ref
GTEX-ZDTS-0526-SM-4WKH9	GTEX-ZDTS	Muscle - Skeletal	GTEx-sim
GTEX-XOTO-0526-SM-4B662	GTEX-XOTO	Muscle - Skeletal	GTEx-sim
GTEX-TKQ2-0826-SM-33HB6	GTEX-TKQ2	Muscle - Skeletal	GTEx-sim
GTEX-ZDXO-0326-SM-4WKHJ	GTEX-ZDXO	Muscle - Skeletal	GTEx-ref
GTEX-T5JC-0626-SM-3NMA6	GTEX-T5JC	Muscle - Skeletal	GTEx-sim
GTEX-13OW7-0326-SM-5J1MP	GTEX-13OW7	Muscle - Skeletal	GTEx-sim
GTEX-145LU-2026-SM-5Q5E8	GTEX-145LU	Muscle - Skeletal	GTEx-sim
GTEX-11NV4-0326-SM-5HL58	GTEX-11NV4	Muscle - Skeletal	GTEx-ref
GTEX-13FHP-0526-SM-5K7UY	GTEX-13FHP	Muscle - Skeletal	GTEx-sim
GTEX-VUSG-2626-SM-4KKZI	GTEX-VUSG	Muscle - Skeletal	GTEx-ref
GTEX-11OC5-0326-SM-5PNW5	GTEX-11OC5	Muscle - Skeletal	GTEx-ref
GTEX-11TUW-2526-SM-5EQKN	GTEX-11TUW	Muscle - Skeletal	GTEx-sim
GTEX-14A5H-0326-SM-5RQIB	GTEX-14A5H	Muscle - Skeletal	GTEx-sim
GTEX-WZTO-0826-SM-3NM8Q	GTEX-WZTO	Muscle - Skeletal	GTEx-ref
GTEX-YECK-0626-SM-4W1ZE	GTEX-YECK	Muscle - Skeletal	GTEx-ref
GTEX-12126-0526-SM-5PNW4	GTEX-12126	Muscle - Skeletal	GTEx-ref
GTEX-WL46-0626-SM-3LK7R	GTEX-WL46	Muscle - Skeletal	GTEx-ref
GTEX-ZUA1-0326-SM-5NQA3	GTEX-ZUA1	Muscle - Skeletal	GTEx-sim
GTEX-11PRG-0326-SM-5GU53	GTEX-11PRG	Muscle - Skeletal	GTEx-sim
GTEX-13OVL-1426-SM-5IJC1	GTEX-13OVL	Muscle - Skeletal	GTEx-sim
GTEX-13FTZ-2226-SM-5LZXI	GTEX-13FTZ	Muscle - Skeletal	GTEx-sim
GTEX-14ASI-0526-SM-5QGQP	GTEX-14ASI	Muscle - Skeletal	GTEx-sim
GTEX-S33H-2226-SM-5S2UF	GTEX-S33H	Muscle - Skeletal	GTEx-sim
GTEX-SNMC-1426-SM-2XCFM	GTEX-SNMC	Muscle - Skeletal	GTEx-sim
GTEX-13CF2-2726-SM-5LZWW	GTEX-13CF2	Muscle - Skeletal	GTEx-ref
GTEX-Y8DK-0326-SM-4TT3P	GTEX-Y8DK	Muscle - Skeletal	GTEx-ref
GTEX-11DXW-0726-SM-5H12J	GTEX-11DXW	Muscle - Skeletal	GTEx-sim
GTEX-11ZUS-1426-SM-5FQSP	GTEX-11ZUS	Muscle - Skeletal	GTEx-ref
GTEX-Y111-0326-SM-4SOIX	GTEX-Y111	Muscle - Skeletal	GTEx-sim
GTEX-144GL-0326-SM-5QGOY	GTEX-144GL	Muscle - Skeletal	GTEx-sim
GTEX-13O61-2326-SM-5J1NJ	GTEX-13O61	Muscle - Skeletal	GTEx-ref
GTEX-146FQ-0326-SM-5NQAX	GTEX-146FQ	Muscle - Skeletal	GTEx-sim
GTEX-OHPJ-1626-SM-2HMKO	GTEX-OHPJ	Muscle - Skeletal	GTEx-ref
GTEX-13FXS-0326-SM-5K7TV	GTEX-13FXS	Muscle - Skeletal	GTEx-sim
GTEX-WHSE-0526-SM-5GZZD	GTEX-WHSE	Muscle - Skeletal	GTEx-ref
GTEX-N7MS-0426-SM-2YUN6	GTEX-N7MS	Muscle - Skeletal	GTEx-ref
GTEX-11DXY-2726-SM-5GID2	GTEX-11DXY	Muscle - Skeletal	GTEx-sim
GTEX-XUYS-0326-SM-47JX2	GTEX-XUYS	Muscle - Skeletal	GTEx-sim
GTEX-R55E-0526-SM-2TC6B	GTEX-R55E	Muscle - Skeletal	GTEx-ref
GTEX-VUSH-0326-SM-3NB2I	GTEX-VUSH	Muscle - Skeletal	GTEx-sim
GTEX-ZYT6-1626-SM-5E45R	GTEX-ZYT6	Muscle - Skeletal	GTEx-ref
GTEX-RN64-0326-SM-2TC5J	GTEX-RN64	Muscle - Skeletal	GTEx-sim
GTEX-ZTTD-0326-SM-57WFW	GTEX-ZTTD	Muscle - Skeletal	GTEx-sim
GTEX-117YW-2426-SM-5Q5AE	GTEX-117YW	Muscle - Skeletal	GTEx-sim
GTEX-ZYFC-0526-SM-5GIDF	GTEX-ZYFC	Muscle - Skeletal	GTEx-sim
GTEX-132NY-0726-SM-5KLZM	GTEX-132NY	Muscle - Skeletal	GTEx-ref
GTEX-XQ3S-0426-SM-4BOOA	GTEX-XQ3S	Muscle - Skeletal	GTEx-ref
GTEX-13G51-2726-SM-5LZZ9	GTEX-13G51	Muscle - Skeletal	GTEx-sim
GTEX-144FL-0326-SM-5O99O	GTEX-144FL	Muscle - Skeletal	GTEx-sim
GTEX-WHPG-2226-SM-3NMBO	GTEX-WHPG	Muscle - Skeletal	GTEx-sim
GTEX-ZAKK-0326-SM-5EGHA	GTEX-ZAKK	Muscle - Skeletal	GTEx-sim
GTEX-QEG4-0626-SM-2S1OY	GTEX-QEG4	Muscle - Skeletal	GTEx-ref
GTEX-WHSE-0526-SM-4SOJ6	GTEX-WHSE	Muscle - Skeletal	GTEx-ref
GTEX-11WQC-2626-SM-5CVLF	GTEX-11WQC	Muscle - Skeletal	GTEx-ref
GTEX-12WSC-0326-SM-5EQ5E	GTEX-12WSC	Muscle - Skeletal	GTEx-ref
GTEX-139TT-0426-SM-5IJFA	GTEX-139TT	Muscle - Skeletal	GTEx-sim
GTEX-14BMV-0326-SM-5RQHW	GTEX-14BMV	Muscle - Skeletal	GTEx-sim
GTEX-WHSE-0526-SM-5HL79	GTEX-WHSE	Muscle - Skeletal	GTEx-ref
GTEX-QESD-1626-SM-2S1RB	GTEX-QESD	Muscle - Skeletal	GTEx-ref
GTEX-ZT9X-1826-SM-57WDU	GTEX-ZT9X	Muscle - Skeletal	GTEx-ref
GTEX-XBEC-0626-SM-4QARY	GTEX-XBEC	Muscle - Skeletal	GTEx-ref
GTEX-13PVQ-0326-SM-5K7YF	GTEX-13PVQ	Muscle - Skeletal	GTEx-ref
GTEX-13YAN-0526-SM-5O9BE	GTEX-13YAN	Muscle - Skeletal	GTEx-ref
GTEX-QLQ7-1726-SM-2S1QQ	GTEX-QLQ7	Muscle - Skeletal	GTEx-ref
GTEX-XBEW-1026-SM-4QARV	GTEX-XBEW	Muscle - Skeletal	GTEx-sim
GTEX-13O3Q-2726-SM-5KM51	GTEX-13O3Q	Muscle - Skeletal	GTEx-ref
GTEX-VJYA-1926-SM-3GIJJ	GTEX-VJYA	Muscle - Skeletal	GTEx-ref
GTEX-131XH-2726-SM-5GCO2	GTEX-131XH	Muscle - Skeletal	GTEx-ref
GTEX-145MH-0326-SM-5LU8H	GTEX-145MH	Muscle - Skeletal	GTEx-sim
GTEX-14A6H-2826-SM-5QGPM	GTEX-14A6H	Muscle - Skeletal	GTEx-sim
GTEX-S7PM-0526-SM-3NM92	GTEX-S7PM	Muscle - Skeletal	GTEx-ref
GTEX-QXCU-1726-SM-2TC6L	GTEX-QXCU	Muscle - Skeletal	GTEx-ref
GTEX-X4XX-0626-SM-3NMC1	GTEX-X4XX	Muscle - Skeletal	GTEx-sim
GTEX-139YR-2526-SM-5IJC6	GTEX-139YR	Muscle - Skeletal	GTEx-ref
GTEX-U3ZH-1926-SM-4DXTR	GTEX-U3ZH	Muscle - Skeletal	GTEx-sim
GTEX-ZXG5-0326-SM-5GICH	GTEX-ZXG5	Muscle - Skeletal	GTEx-ref
GTEX-13112-2626-SM-5BC66	GTEX-13112	Muscle - Skeletal	GTEx-ref
GTEX-13NZA-0526-SM-5L3D7	GTEX-13NZA	Muscle - Skeletal	GTEx-ref
GTEX-Y8E5-0326-SM-57WBM	GTEX-Y8E5	Muscle - Skeletal	GTEx-sim
GTEX-RVPV-0926-SM-47JXU	GTEX-RVPV	Muscle - Skeletal	GTEx-sim
GTEX-13OW6-0626-SM-5L3IB	GTEX-13OW6	Muscle - Skeletal	GTEx-ref
GTEX-U412-0326-SM-5BC7E	GTEX-U412	Muscle - Skeletal	GTEx-ref
GTEX-ZAB5-2126-SM-5K7UN	GTEX-ZAB5	Muscle - Skeletal	GTEx-sim
GTEX-ZVTK-0626-SM-5GU6Y	GTEX-ZVTK	Muscle - Skeletal	GTEx-ref
GTEX-ZVZO-0326-SM-5HL4N	GTEX-ZVZO	Muscle - Skeletal	GTEx-sim
GTEX-13N1W-0526-SM-5MR4I	GTEX-13N1W	Muscle - Skeletal	GTEx-sim
GTEX-O5YT-1626-SM-32PK6	GTEX-O5YT	Muscle - Skeletal	GTEx-ref
GTEX-11GS4-2526-SM-5A5KT	GTEX-11GS4	Muscle - Skeletal	GTEx-ref
GTEX-131XE-2726-SM-5P9G7	GTEX-131XE	Muscle - Skeletal	GTEx-ref
GTEX-13OW8-1426-SM-5IJDT	GTEX-13OW8	Muscle - Skeletal	GTEx-ref
GTEX-13SLW-0326-SM-5RQK5	GTEX-13SLW	Muscle - Skeletal	GTEx-ref
GTEX-1477Z-1626-SM-5SIA8	GTEX-1477Z	Muscle - Skeletal	GTEx-sim
GTEX-P4PQ-1626-SM-2HMKK	GTEX-P4PQ	Muscle - Skeletal	GTEx-sim
GTEX-11O72-0326-SM-5986D	GTEX-11O72	Muscle - Skeletal	GTEx-sim
GTEX-111FC-0326-SM-5GZZ1	GTEX-111FC	Muscle - Skeletal	GTEx-ref
GTEX-U412-0326-SM-5DUVP	GTEX-U412	Muscle - Skeletal	GTEx-ref
GTEX-YB5E-2226-SM-5IFJ5	GTEX-YB5E	Muscle - Skeletal	GTEx-sim
GTEX-QV44-2026-SM-2S1RD	GTEX-QV44	Muscle - Skeletal	GTEx-sim
GTEX-POYW-0526-SM-2XCEY	GTEX-POYW	Muscle - Skeletal	GTEx-ref
GTEX-13NZ9-0626-SM-5IJCO	GTEX-13NZ9	Muscle - Skeletal	GTEx-ref
GTEX-1445S-0626-SM-5LU3C	GTEX-1445S	Muscle - Skeletal	GTEx-ref
GTEX-1314G-1726-SM-5LZUX	GTEX-1314G	Muscle - Skeletal	GTEx-ref
GTEX-139T8-0526-SM-5KLZL	GTEX-139T8	Muscle - Skeletal	GTEx-sim
GTEX-OIZI-0626-SM-2XCEH	GTEX-OIZI	Muscle - Skeletal	GTEx-sim
GTEX-13QJ3-0726-SM-5SI68	GTEX-13QJ3	Muscle - Skeletal	GTEx-ref
GTEX-11H98-0326-SM-5HL4S	GTEX-11H98	Muscle - Skeletal	GTEx-sim
GTEX-WWTW-0626-SM-4MVNS	GTEX-WWTW	Muscle - Skeletal	GTEx-sim
GTEX-ZZPT-0626-SM-5GZXT	GTEX-ZZPT	Muscle - Skeletal	GTEx-ref
GTEX-12KS4-0826-SM-5BC5R	GTEX-12KS4	Muscle - Skeletal	GTEx-sim
GTEX-13N2G-2326-SM-5J1ON	GTEX-13N2G	Muscle - Skeletal	GTEx-sim
GTEX-U8XE-0726-SM-3DB8O	GTEX-U8XE	Muscle - Skeletal	GTEx-sim
GTEX-144GM-2026-SM-5LU3D	GTEX-144GM	Muscle - Skeletal	GTEx-ref
GTEX-1399R-2526-SM-5IFG2	GTEX-1399R	Muscle - Skeletal	GTEx-ref
GTEX-11EQ8-0526-SM-5N9BC	GTEX-11EQ8	Muscle - Skeletal	GTEx-ref
GTEX-X4XY-0626-SM-4E3IN	GTEX-X4XY	Muscle - Skeletal	GTEx-sim
GTEX-13111-2226-SM-5LZUE	GTEX-13111	Muscle - Skeletal	GTEx-sim
GTEX-139T6-2026-SM-5IFFL	GTEX-139T6	Muscle - Skeletal	GTEx-ref
GTEX-OXRN-1326-SM-3LK5V	GTEX-OXRN	Muscle - Skeletal	GTEx-sim
GTEX-Z93S-1326-SM-5CVMR	GTEX-Z93S	Muscle - Skeletal	GTEx-ref
GTEX-WOFM-1326-SM-3MJFR	GTEX-WOFM	Muscle - Skeletal	GTEx-sim
GTEX-QV31-1426-SM-2S1QD	GTEX-QV31	Muscle - Skeletal	GTEx-sim
GTEX-11GSO-2526-SM-5PNVX	GTEX-11GSO	Muscle - Skeletal	GTEx-ref
GTEX-11EI6-0326-SM-5EQ6G	GTEX-11EI6	Muscle - Skeletal	GTEx-sim
GTEX-13W46-0726-SM-5LU3Z	GTEX-13W46	Muscle - Skeletal	GTEx-ref
GTEX-11P82-1826-SM-5PNYJ	GTEX-11P82	Muscle - Skeletal	GTEx-sim
GTEX-1399Q-2426-SM-5J2MO	GTEX-1399Q	Muscle - Skeletal	GTEx-ref
GTEX-11DXZ-2426-SM-5N9DT	GTEX-11DXZ	Muscle - Skeletal	GTEx-ref
GTEX-11NSD-2026-SM-5HL5U	GTEX-11NSD	Muscle - Skeletal	GTEx-sim
GTEX-14BIL-0326-SM-5SI9Q	GTEX-14BIL	Muscle - Skeletal	GTEx-sim
GTEX-1192X-0426-SM-5GIEE	GTEX-1192X	Muscle - Skeletal	GTEx-sim
GTEX-Q2AH-1826-SM-2S1Q2	GTEX-Q2AH	Muscle - Skeletal	GTEx-ref
GTEX-ZAB4-0426-SM-5HL7N	GTEX-ZAB4	Muscle - Skeletal	GTEx-ref
GTEX-12WSA-0726-SM-5FQU2	GTEX-12WSA	Muscle - Skeletal	GTEx-sim
GTEX-111YS-2326-SM-5987L	GTEX-111YS	Muscle - Skeletal	GTEx-sim
GTEX-14753-0526-SM-5QGPR	GTEX-14753	Muscle - Skeletal	GTEx-sim
GTEX-12BJ1-2526-SM-5FQUE	GTEX-12BJ1	Muscle - Skeletal	GTEx-sim
GTEX-11EQ9-2126-SM-5PNVW	GTEX-11EQ9	Muscle - Skeletal	GTEx-ref
GTEX-144GN-2426-SM-5LU4R	GTEX-144GN	Muscle - Skeletal	GTEx-ref
GTEX-12ZZZ-0226-SM-59HKU	GTEX-12ZZZ	Muscle - Skeletal	GTEx-sim
GTEX-14ICL-1926-SM-5RQIZ	GTEX-14ICL	Muscle - Skeletal	GTEx-ref
GTEX-QLQW-1326-SM-2S1QS	GTEX-QLQW	Muscle - Skeletal	GTEx-ref
GTEX-UPJH-0526-SM-4IHK8	GTEX-UPJH	Muscle - Skeletal	GTEx-sim
GTEX-OIZG-1326-SM-2HMIQ	GTEX-OIZG	Muscle - Skeletal	GTEx-sim
GTEX-ZV7C-2426-SM-5NQ7Q	GTEX-ZV7C	Muscle - Skeletal	GTEx-ref
GTEX-POYW-0526-SM-5KM2H	GTEX-POYW	Muscle - Skeletal	GTEx-ref
GTEX-TMZS-0326-SM-3DB9P	GTEX-TMZS	Muscle - Skeletal	GTEx-sim
GTEX-14C39-2426-SM-5S2U5	GTEX-14C39	Muscle - Skeletal	GTEx-ref
GTEX-13X6I-0526-SM-5QGP8	GTEX-13X6I	Muscle - Skeletal	GTEx-ref
GTEX-X261-0326-SM-3NMD4	GTEX-X261	Muscle - Skeletal	GTEx-sim
GTEX-13IVO-0626-SM-5LZYJ	GTEX-13IVO	Muscle - Skeletal	GTEx-ref
GTEX-R55D-0626-SM-3GAD5	GTEX-R55D	Muscle - Skeletal	GTEx-sim
GTEX-REY6-0826-SM-2TF4S	GTEX-REY6	Muscle - Skeletal	GTEx-ref
GTEX-U3ZM-1226-SM-3DB9G	GTEX-U3ZM	Muscle - Skeletal	GTEx-ref
GTEX-139TU-0526-SM-5J2M8	GTEX-139TU	Muscle - Skeletal	GTEx-sim
GTEX-13S86-2326-SM-5RQK1	GTEX-13S86	Muscle - Skeletal	GTEx-ref
GTEX-144GO-1326-SM-5Q5EL	GTEX-144GO	Muscle - Skeletal	GTEx-sim
GTEX-U4B1-1626-SM-3DB8N	GTEX-U4B1	Muscle - Skeletal	GTEx-ref
GTEX-13JVG-0126-SM-5L3D3	GTEX-13JVG	Muscle - Skeletal	GTEx-sim
GTEX-X88G-0326-SM-47JZ4	GTEX-X88G	Muscle - Skeletal	GTEx-sim
GTEX-13OVG-2126-SM-5KM1K	GTEX-13OVG	Muscle - Skeletal	GTEx-ref
GTEX-145LT-1626-SM-5O992	GTEX-145LT	Muscle - Skeletal	GTEx-sim
GTEX-X5EB-2326-SM-46MW5	GTEX-X5EB	Muscle - Skeletal	GTEx-sim
GTEX-145MO-0726-SM-5NQB9	GTEX-145MO	Muscle - Skeletal	GTEx-sim
GTEX-PSDG-0426-SM-5SI86	GTEX-PSDG	Muscle - Skeletal	GTEx-ref
GTEX-111CU-2026-SM-5GZZC	GTEX-111CU	Muscle - Skeletal	GTEx-sim
GTEX-UJMC-1826-SM-3GADT	GTEX-UJMC	Muscle - Skeletal	GTEx-ref
GTEX-ZVZP-2526-SM-57WBR	GTEX-ZVZP	Muscle - Skeletal	GTEx-sim
GTEX-RUSQ-1726-SM-2TF68	GTEX-RUSQ	Muscle - Skeletal	GTEx-ref
GTEX-SUCS-1626-SM-32PLS	GTEX-SUCS	Muscle - Skeletal	GTEx-sim
GTEX-13NYS-0326-SM-5MR4L	GTEX-13NYS	Muscle - Skeletal	GTEx-ref
GTEX-13FHO-0726-SM-5IJDG	GTEX-13FHO	Muscle - Skeletal	GTEx-sim
GTEX-13O21-1726-SM-5MR5A	GTEX-13O21	Muscle - Skeletal	GTEx-ref
GTEX-ZYW4-0526-SM-5GZZ5	GTEX-ZYW4	Muscle - Skeletal	GTEx-ref
GTEX-13PDP-0326-SM-5K7XP	GTEX-13PDP	Muscle - Skeletal	GTEx-sim
GTEX-PLZ6-1526-SM-2S1OC	GTEX-PLZ6	Muscle - Skeletal	GTEx-sim
GTEX-WFON-2326-SM-3LK7M	GTEX-WFON	Muscle - Skeletal	GTEx-ref
GTEX-OOBJ-1626-SM-2I3F7	GTEX-OOBJ	Muscle - Skeletal	GTEx-sim
GTEX-OOBK-1626-SM-2HMKG	GTEX-OOBK	Muscle - Skeletal	GTEx-sim
GTEX-S4Z8-1826-SM-3K2BH	GTEX-S4Z8	Muscle - Skeletal	GTEx-sim
GTEX-13NZB-2626-SM-5J2M7	GTEX-13NZB	Muscle - Skeletal	GTEx-ref
GTEX-YFCO-1926-SM-4W212	GTEX-YFCO	Muscle - Skeletal	GTEx-ref
GTEX-12WSL-2726-SM-5CVNL	GTEX-12WSL	Muscle - Skeletal	GTEx-ref
GTEX-ZDYS-1726-SM-5HL4Y	GTEX-ZDYS	Muscle - Skeletal	GTEx-sim
GTEX-PW2O-1726-SM-2S1OO	GTEX-PW2O	Muscle - Skeletal	GTEx-ref
GTEX-ZA64-2026-SM-5PNXT	GTEX-ZA64	Muscle - Skeletal	GTEx-sim
GTEX-ZZ64-1526-SM-5E43K	GTEX-ZZ64	Muscle - Skeletal	GTEx-sim
GTEX-12C56-1926-SM-5FQUG	GTEX-12C56	Muscle - Skeletal	GTEx-ref
GTEX-RVPU-2426-SM-2XCAR	GTEX-RVPU	Muscle - Skeletal	GTEx-sim
GTEX-T2YK-0226-SM-4DM5O	GTEX-T2YK	Muscle - Skeletal	GTEx-ref
GTEX-XPT6-2026-SM-4B64V	GTEX-XPT6	Muscle - Skeletal	GTEx-ref
GTEX-Q2AI-1526-SM-3GIJ3	GTEX-Q2AI	Muscle - Skeletal	GTEx-ref
GTEX-WY7C-2526-SM-3NB2N	GTEX-WY7C	Muscle - Skeletal	GTEx-ref
GTEX-11P7K-1926-SM-5GU6R	GTEX-11P7K	Muscle - Skeletal	GTEx-sim
GTEX-12WSH-2526-SM-5CVNH	GTEX-12WSH	Muscle - Skeletal	GTEx-ref
GTEX-XBED-2626-SM-4E3J5	GTEX-XBED	Muscle - Skeletal	GTEx-sim
GTEX-13O1R-0526-SM-5K7XU	GTEX-13O1R	Muscle - Skeletal	GTEx-ref
GTEX-13O3P-0626-SM-5L3D5	GTEX-13O3P	Muscle - Skeletal	GTEx-sim
GTEX-R55F-1526-SM-2TF4X	GTEX-R55F	Muscle - Skeletal	GTEx-ref
GTEX-13RTK-1626-SM-5QGQS	GTEX-13RTK	Muscle - Skeletal	GTEx-sim
GTEX-12WSM-0326-SM-5LZVI	GTEX-12WSM	Muscle - Skeletal	GTEx-sim
GTEX-131XF-2326-SM-5BC6B	GTEX-131XF	Muscle - Skeletal	GTEx-ref
GTEX-YEC4-2226-SM-5IFJT	GTEX-YEC4	Muscle - Skeletal	GTEx-sim
GTEX-11DZ1-0926-SM-5EQ5R	GTEX-11DZ1	Muscle - Skeletal	GTEx-sim
GTEX-XGQ4-2326-SM-4AT53	GTEX-XGQ4	Muscle - Skeletal	GTEx-ref
GTEX-XAJ8-1026-SM-47JY9	GTEX-XAJ8	Muscle - Skeletal	GTEx-ref
GTEX-ZF28-0526-SM-4WKGW	GTEX-ZF28	Muscle - Skeletal	GTEx-ref
GTEX-132Q8-0626-SM-5L3F3	GTEX-132Q8	Muscle - Skeletal	GTEx-ref
GTEX-RM2N-1626-SM-2TF5N	GTEX-RM2N	Muscle - Skeletal	GTEx-ref
GTEX-117YX-2526-SM-5EQ4Q	GTEX-117YX	Muscle - Skeletal	GTEx-sim
GTEX-WYJK-1726-SM-3NM9U	GTEX-WYJK	Muscle - Skeletal	GTEx-ref
GTEX-ZTX8-1626-SM-51MRY	GTEX-ZTX8	Muscle - Skeletal	GTEx-ref
GTEX-ZWKS-0326-SM-5NQ7G	GTEX-ZWKS	Muscle - Skeletal	GTEx-sim
GTEX-QDVN-2426-SM-2S1Q4	GTEX-QDVN	Muscle - Skeletal	GTEx-sim
GTEX-11TT1-2326-SM-5GU6N	GTEX-11TT1	Muscle - Skeletal	GTEx-sim
GTEX-13OW5-0326-SM-5L3HK	GTEX-13OW5	Muscle - Skeletal	GTEx-sim
GTEX-XPVG-2526-SM-4B66D	GTEX-XPVG	Muscle - Skeletal	GTEx-ref
GTEX-148VJ-0326-SM-5QGQE	GTEX-148VJ	Muscle - Skeletal	GTEx-sim
GTEX-OIZH-1626-SM-2HMKI	GTEX-OIZH	Muscle - Skeletal	GTEx-sim
GTEX-WFG8-2426-SM-3GILL	GTEX-WFG8	Muscle - Skeletal	GTEx-ref
GTEX-XQ8I-0626-SM-4BOPT	GTEX-XQ8I	Muscle - Skeletal	GTEx-ref
GTEX-ZVP2-2126-SM-5GU6E	GTEX-ZVP2	Muscle - Skeletal	GTEx-sim
GTEX-P44G-0526-SM-2XCD1	GTEX-P44G	Muscle - Skeletal	GTEx-ref
GTEX-Y9LG-1926-SM-5IFHY	GTEX-Y9LG	Muscle - Skeletal	GTEx-sim
GTEX-NFK9-0626-SM-2HMIV	GTEX-NFK9	Muscle - Skeletal	GTEx-sim
GTEX-11LCK-1226-SM-5Q5AM	GTEX-11LCK	Muscle - Skeletal	GTEx-ref
GTEX-NPJ8-1626-SM-2HMIY	GTEX-NPJ8	Muscle - Skeletal	GTEx-ref
GTEX-Y5V6-2626-SM-5IFIX	GTEX-Y5V6	Muscle - Skeletal	GTEx-ref
GTEX-ZYFD-0326-SM-5NQ8I	GTEX-ZYFD	Muscle - Skeletal	GTEx-ref
GTEX-QEL4-0626-SM-3GIJM	GTEX-QEL4	Muscle - Skeletal	GTEx-sim
GTEX-ZQUD-1726-SM-51MRQ	GTEX-ZQUD	Muscle - Skeletal	GTEx-sim
GTEX-13FTW-2326-SM-5K7YS	GTEX-13FTW	Muscle - Skeletal	GTEx-sim
GTEX-OXRL-1626-SM-2YUMU	GTEX-OXRL	Muscle - Skeletal	GTEx-sim
GTEX-11WQK-0726-SM-5GU71	GTEX-11WQK	Muscle - Skeletal	GTEx-ref
GTEX-12WSN-2526-SM-5LZU8	GTEX-12WSN	Muscle - Skeletal	GTEx-sim
GTEX-QDVJ-1926-SM-2S1PJ	GTEX-QDVJ	Muscle - Skeletal	GTEx-ref
GTEX-R55C-1726-SM-3GADJ	GTEX-R55C	Muscle - Skeletal	GTEx-sim
GTEX-1339X-2426-SM-5KLYU	GTEX-1339X	Muscle - Skeletal	GTEx-ref
GTEX-P4QS-1626-SM-2S1NH	GTEX-P4QS	Muscle - Skeletal	GTEx-ref
GTEX-S3XE-2026-SM-3K2B5	GTEX-S3XE	Muscle - Skeletal	GTEx-ref
GTEX-YEC3-2126-SM-5CVLR	GTEX-YEC3	Muscle - Skeletal	GTEx-sim
GTEX-PSDG-0426-SM-2S1OF	GTEX-PSDG	Muscle - Skeletal	GTEx-ref
GTEX-SIU7-1826-SM-2XCE2	GTEX-SIU7	Muscle - Skeletal	GTEx-ref
GTEX-Z9EW-1726-SM-5CVMO	GTEX-Z9EW	Muscle - Skeletal	GTEx-ref
GTEX-S95S-1426-SM-2XCDM	GTEX-S95S	Muscle - Skeletal	GTEx-ref
GTEX-12ZZY-0626-SM-5EQ5T	GTEX-12ZZY	Muscle - Skeletal	GTEx-sim
GTEX-WRHU-0826-SM-3MJFN	GTEX-WRHU	Muscle - Skeletal	GTEx-sim
GTEX-XOT4-0526-SM-4B66O	GTEX-XOT4	Muscle - Skeletal	GTEx-sim
GTEX-P4PP-1626-SM-2HMJF	GTEX-P4PP	Muscle - Skeletal	GTEx-ref
GTEX-YBZK-0326-SM-59HLN	GTEX-YBZK	Muscle - Skeletal	GTEx-ref
GTEX-12WSB-0326-SM-5GCP4	GTEX-12WSB	Muscle - Skeletal	GTEx-sim
GTEX-1313W-0526-SM-5P9FZ	GTEX-1313W	Muscle - Skeletal	GTEx-ref
GTEX-131XW-0326-SM-5KM1J	GTEX-131XW	Muscle - Skeletal	GTEx-sim
GTEX-X4EO-0526-SM-3P5Z3	GTEX-X4EO	Muscle - Skeletal	GTEx-ref
GTEX-POMQ-1926-SM-3NB1Y	GTEX-POMQ	Muscle - Skeletal	GTEx-sim
GTEX-OXRO-1726-SM-3LK6C	GTEX-OXRO	Muscle - Skeletal	GTEx-sim
GTEX-139T4-0326-SM-5K7XN	GTEX-139T4	Muscle - Skeletal	GTEx-sim
GTEX-131YS-0526-SM-5EGKJ	GTEX-131YS	Muscle - Skeletal	GTEx-ref
GTEX-11ZTS-0526-SM-5CVL9	GTEX-11ZTS	Muscle - Skeletal	GTEx-sim
GTEX-ZAK1-0526-SM-5K7X4	GTEX-ZAK1	Muscle - Skeletal	GTEx-ref
GTEX-XV7Q-2926-SM-4BRUL	GTEX-XV7Q	Muscle - Skeletal	GTEx-ref
GTEX-ZE7O-0326-SM-51MTH	GTEX-ZE7O	Muscle - Skeletal	GTEx-ref
GTEX-11ZVC-2726-SM-5FQSZ	GTEX-11ZVC	Muscle - Skeletal	GTEx-ref
GTEX-RNOR-0526-SM-2TF4O	GTEX-RNOR	Muscle - Skeletal	GTEx-sim
GTEX-YJ8O-2826-SM-5CVM4	GTEX-YJ8O	Muscle - Skeletal	GTEx-sim
GTEX-11UD1-0326-SM-5EQKX	GTEX-11UD1	Muscle - Skeletal	GTEx-ref
GTEX-ZYY3-0526-SM-5E45G	GTEX-ZYY3	Muscle - Skeletal	GTEx-ref
GTEX-13FTY-0226-SM-5IJBW	GTEX-13FTY	Muscle - Skeletal	GTEx-sim
GTEX-YFC4-1026-SM-5RQJM	GTEX-YFC4	Muscle - Skeletal	GTEx-sim
GTEX-13QIC-1226-SM-5K7YR	GTEX-13QIC	Muscle - Skeletal	GTEx-sim
GTEX-Y5V5-2526-SM-4VBQ4	GTEX-Y5V5	Muscle - Skeletal	GTEx-sim
GTEX-13PL6-0326-SM-5IJCP	GTEX-13PL6	Muscle - Skeletal	GTEx-ref
GTEX-WRHK-1626-SM-3MJFH	GTEX-WRHK	Muscle - Skeletal	GTEx-ref
GTEX-14AS3-2126-SM-5S2MK	GTEX-14AS3	Muscle - Skeletal	GTEx-sim
GTEX-11TTK-0326-SM-5BC5N	GTEX-11TTK	Muscle - Skeletal	GTEx-sim
GTEX-113JC-2726-SM-5EGIS	GTEX-113JC	Muscle - Skeletal	GTEx-ref
GTEX-QDT8-0526-SM-3NMD8	GTEX-QDT8	Muscle - Skeletal	GTEx-ref
GTEX-Y3IK-2626-SM-4WWDK	GTEX-Y3IK	Muscle - Skeletal	GTEx-sim
GTEX-R53T-1826-SM-3GIJX	GTEX-R53T	Muscle - Skeletal	GTEx-sim
GTEX-ZV68-0526-SM-59HKI	GTEX-ZV68	Muscle - Skeletal	GTEx-sim
GTEX-145LS-0526-SM-5LU8Y	GTEX-145LS	Muscle - Skeletal	GTEx-sim
GTEX-13SLX-0326-SM-5Q5E4	GTEX-13SLX	Muscle - Skeletal	GTEx-sim
GTEX-R3RS-0526-SM-3GADG	GTEX-R3RS	Muscle - Skeletal	GTEx-ref
GTEX-13S7M-0326-SM-5S2PH	GTEX-13S7M	Muscle - Skeletal	GTEx-ref
GTEX-13JUV-2326-SM-5IJCE	GTEX-13JUV	Muscle - Skeletal	GTEx-ref
GTEX-12ZZX-0326-SM-5DUVH	GTEX-12ZZX	Muscle - Skeletal	GTEx-ref
GTEX-ZVT4-0326-SM-51MS5	GTEX-ZVT4	Muscle - Skeletal	GTEx-ref
GTEX-ZF2S-2126-SM-4WWAY	GTEX-ZF2S	Muscle - Skeletal	GTEx-sim
GTEX-QDT8-0526-SM-32PL5	GTEX-QDT8	Muscle - Skeletal	GTEx-ref
GTEX-11GSP-2726-SM-5A5LJ	GTEX-11GSP	Muscle - Skeletal	GTEx-ref
GTEX-Q734-2026-SM-3GADA	GTEX-Q734	Muscle - Skeletal	GTEx-ref
GTEX-13X6K-0326-SM-5Q5D6	GTEX-13X6K	Muscle - Skeletal	GTEx-ref
GTEX-13CF3-1826-SM-5J1NK	GTEX-13CF3	Muscle - Skeletal	GTEx-ref
GTEX-ZF3C-0326-SM-4WWBF	GTEX-ZF3C	Muscle - Skeletal	GTEx-sim
GTEX-1117F-0426-SM-5EGHI	GTEX-1117F	Muscle - Skeletal	GTEx-ref
GTEX-133LE-2026-SM-5K7WM	GTEX-133LE	Muscle - Skeletal	GTEx-sim
GTEX-Y5LM-2126-SM-4VDSY	GTEX-Y5LM	Muscle - Skeletal	GTEx-ref
GTEX-ZC5H-0326-SM-5HL9F	GTEX-ZC5H	Muscle - Skeletal	GTEx-ref
GTEX-ZP4G-2026-SM-57WEH	GTEX-ZP4G	Muscle - Skeletal	GTEx-sim
GTEX-QDT8-0526-SM-4LMJR	GTEX-QDT8	Muscle - Skeletal	GTEx-ref
GTEX-14BMU-2026-SM-5S2W6	GTEX-14BMU	Muscle - Skeletal	GTEx-ref
GTEX-WWYW-0526-SM-3NB2W	GTEX-WWYW	Muscle - Skeletal	GTEx-ref
GTEX-PWCY-2026-SM-5SI8R	GTEX-PWCY	Muscle - Skeletal	GTEx-ref
GTEX-13O3O-0526-SM-5J1NL	GTEX-13O3O	Muscle - Skeletal	GTEx-ref
GTEX-RU72-1326-SM-2TF6T	GTEX-RU72	Muscle - Skeletal	GTEx-sim
GTEX-11EMC-2626-SM-59864	GTEX-11EMC	Muscle - Skeletal	GTEx-sim
GTEX-WYVS-2326-SM-3NMAI	GTEX-WYVS	Muscle - Skeletal	GTEx-ref
GTEX-ZVE1-0526-SM-5NQ71	GTEX-ZVE1	Muscle - Skeletal	GTEx-ref
GTEX-14BIM-0326-SM-5SI9B	GTEX-14BIM	Muscle - Skeletal	GTEx-sim
GTEX-ZYWO-2626-SM-5E43V	GTEX-ZYWO	Muscle - Skeletal	GTEx-ref
GTEX-P78B-1626-SM-5SI85	GTEX-P78B	Muscle - Skeletal	GTEx-sim
GTEX-T5JW-1826-SM-3GAE1	GTEX-T5JW	Muscle - Skeletal	GTEx-ref
GTEX-11VI4-1926-SM-5CVLI	GTEX-11VI4	Muscle - Skeletal	GTEx-sim
GTEX-1211K-2126-SM-59HJZ	GTEX-1211K	Muscle - Skeletal	GTEx-sim
GTEX-OHPL-1626-SM-2HMIR	GTEX-OHPL	Muscle - Skeletal	GTEx-ref
GTEX-147F3-0226-SM-5NQBV	GTEX-147F3	Muscle - Skeletal	GTEx-sim
GTEX-13QBU-2426-SM-5LU4L	GTEX-13QBU	Muscle - Skeletal	GTEx-sim
GTEX-13VXT-0326-SM-5LU4U	GTEX-13VXT	Muscle - Skeletal	GTEx-sim
GTEX-1269C-2626-SM-5EQ5C	GTEX-1269C	Muscle - Skeletal	GTEx-sim
GTEX-ZYVF-0626-SM-5E43Q	GTEX-ZYVF	Muscle - Skeletal	GTEx-sim
GTEX-13W3W-2626-SM-5SIA2	GTEX-13W3W	Muscle - Skeletal	GTEx-sim
GTEX-XYKS-2426-SM-4AT43	GTEX-XYKS	Muscle - Skeletal	GTEx-sim
GTEX-ZZPU-2626-SM-5E45Y	GTEX-ZZPU	Muscle - Skeletal	GTEx-ref
GTEX-S32W-2326-SM-2XCAW	GTEX-S32W	Muscle - Skeletal	GTEx-sim
GTEX-13FH7-2126-SM-5L3DJ	GTEX-13FH7	Muscle - Skeletal	GTEx-sim
GTEX-ZPCL-2026-SM-57WFD	GTEX-ZPCL	Muscle - Skeletal	GTEx-ref
GTEX-S7SF-2026-SM-3K2AS	GTEX-S7SF	Muscle - Skeletal	GTEx-sim
GTEX-ZLV1-2126-SM-4WWD2	GTEX-ZLV1	Muscle - Skeletal	GTEx-ref
GTEX-ZVT2-2426-SM-57WCQ	GTEX-ZVT2	Muscle - Skeletal	GTEx-ref
GTEX-13U4I-1826-SM-5IJD2	GTEX-13U4I	Muscle - Skeletal	GTEx-ref
GTEX-145MI-0326-SM-5Q5EV	GTEX-145MI	Muscle - Skeletal	GTEx-sim
GTEX-OHPK-1626-SM-2YUN3	GTEX-OHPK	Muscle - Skeletal	GTEx-sim
GTEX-QVJO-0126-SM-3GIK4	GTEX-QVJO	Muscle - Skeletal	GTEx-ref
GTEX-RTLS-0526-SM-2TF64	GTEX-RTLS	Muscle - Skeletal	GTEx-ref
GTEX-WXYG-2526-SM-3NB3F	GTEX-WXYG	Muscle - Skeletal	GTEx-ref
GTEX-Y114-2526-SM-4TT8M	GTEX-Y114	Muscle - Skeletal	GTEx-sim
GTEX-146FR-1726-SM-5Q5DT	GTEX-146FR	Muscle - Skeletal	GTEx-sim
GTEX-XUW1-0826-SM-4BOP6	GTEX-XUW1	Muscle - Skeletal	GTEx-sim
GTEX-PWCY-2026-SM-5QGQ9	GTEX-PWCY	Muscle - Skeletal	GTEx-ref
GTEX-139D8-0726-SM-5P9GJ	GTEX-139D8	Muscle - Skeletal	GTEx-ref
GTEX-145ME-2026-SM-5SIA5	GTEX-145ME	Muscle - Skeletal	GTEx-ref
GTEX-ZAJG-0526-SM-5S2MT	GTEX-ZAJG	Muscle - Skeletal	GTEx-ref
GTEX-Y8LW-2026-SM-4V6G8	GTEX-Y8LW	Muscle - Skeletal	GTEx-ref
GTEX-11DXX-2726-SM-5PNXO	GTEX-11DXX	Muscle - Skeletal	GTEx-sim
GTEX-11I78-2426-SM-5A5K9	GTEX-11I78	Muscle - Skeletal	GTEx-ref
GTEX-PWCY-2026-SM-5Q5BF	GTEX-PWCY	Muscle - Skeletal	GTEx-ref
GTEX-PX3G-1626-SM-2S1PT	GTEX-PX3G	Muscle - Skeletal	GTEx-ref
GTEX-S4P3-1626-SM-3K2AZ	GTEX-S4P3	Muscle - Skeletal	GTEx-sim
GTEX-ZV6S-2126-SM-4YCEM	GTEX-ZV6S	Muscle - Skeletal	GTEx-ref
GTEX-13D11-2526-SM-5KM28	GTEX-13D11	Muscle - Skeletal	GTEx-ref
GTEX-11P81-2526-SM-5GU6H	GTEX-11P81	Muscle - Skeletal	GTEx-sim
GTEX-14A5I-0326-SM-5NQ9J	GTEX-14A5I	Muscle - Skeletal	GTEx-sim
GTEX-132AR-1026-SM-5PNVL	GTEX-132AR	Muscle - Skeletal	GTEx-sim
GTEX-RWS6-2126-SM-2XCAV	GTEX-RWS6	Muscle - Skeletal	GTEx-ref
GTEX-11ZTT-2626-SM-5EQKK	GTEX-11ZTT	Muscle - Skeletal	GTEx-ref
GTEX-13OVJ-0226-SM-5L3GK	GTEX-13OVJ	Muscle - Skeletal	GTEx-sim
GTEX-YB5K-2326-SM-5IFHD	GTEX-YB5K	Muscle - Skeletal	GTEx-ref
GTEX-13OVI-1726-SM-5L3DW	GTEX-13OVI	Muscle - Skeletal	GTEx-ref
GTEX-P4QT-1626-SM-5S2UR	GTEX-P4QT	Muscle - Skeletal	GTEx-ref
GTEX-1122O-2426-SM-5GIDN	GTEX-1122O	Muscle - Skeletal	GTEx-sim
GTEX-1399U-2526-SM-5L3DL	GTEX-1399U	Muscle - Skeletal	GTEx-sim
GTEX-WEY5-2026-SM-5SI8D	GTEX-WEY5	Muscle - Skeletal	GTEx-ref
GTEX-13N11-2726-SM-5L3ER	GTEX-13N11	Muscle - Skeletal	GTEx-ref
GTEX-Q2AG-0426-SM-2S1PU	GTEX-Q2AG	Muscle - Skeletal	GTEx-ref
GTEX-OXRP-2326-SM-2S1NL	GTEX-OXRP	Muscle - Skeletal	GTEx-sim
GTEX-13FTX-2026-SM-5L3D6	GTEX-13FTX	Muscle - Skeletal	GTEx-sim
GTEX-11EM3-2126-SM-5H11M	GTEX-11EM3	Muscle - Skeletal	GTEx-sim
GTEX-11XUK-2226-SM-5CVLL	GTEX-11XUK	Muscle - Skeletal	GTEx-ref
GTEX-RU1J-1726-SM-2TF5S	GTEX-RU1J	Muscle - Skeletal	GTEx-ref
GTEX-XUZC-2126-SM-4BRW8	GTEX-XUZC	Muscle - Skeletal	GTEx-sim
GTEX-O5YV-2026-SM-2D7VS	GTEX-O5YV	Muscle - Skeletal	GTEx-ref
GTEX-R55G-2326-SM-2TC61	GTEX-R55G	Muscle - Skeletal	GTEx-sim
GTEX-QCQG-2126-SM-2S1P8	GTEX-QCQG	Muscle - Skeletal	GTEx-sim
GTEX-PWN1-1626-SM-2S1OL	GTEX-PWN1	Muscle - Skeletal	GTEx-ref
GTEX-XUJ4-2626-SM-4BOQ3	GTEX-XUJ4	Muscle - Skeletal	GTEx-sim
GTEX-13PL7-0626-SM-5IJCD	GTEX-13PL7	Muscle - Skeletal	GTEx-sim
GTEX-P78B-1626-SM-2S1O1	GTEX-P78B	Muscle - Skeletal	GTEx-sim
GTEX-1399S-2726-SM-5KM22	GTEX-1399S	Muscle - Skeletal	GTEx-sim
GTEX-12WSJ-1726-SM-5LZVV	GTEX-12WSJ	Muscle - Skeletal	GTEx-sim
GTEX-13NZ8-2126-SM-5L3EO	GTEX-13NZ8	Muscle - Skeletal	GTEx-ref
GTEX-O5YV-2026-SM-26GN2	GTEX-O5YV	Muscle - Skeletal	GTEx-ref
GTEX-PWOO-2326-SM-2S1PQ	GTEX-PWOO	Muscle - Skeletal	GTEx-sim
GTEX-13PVR-2526-SM-5RQIT	GTEX-13PVR	Muscle - Skeletal	GTEx-ref
GTEX-OXRK-1826-SM-2HMJE	GTEX-OXRK	Muscle - Skeletal	GTEx-ref
GTEX-P4QT-1626-SM-2S1NP	GTEX-P4QT	Muscle - Skeletal	GTEx-ref
GTEX-WEY5-2026-SM-3GILE	GTEX-WEY5	Muscle - Skeletal	GTEx-ref
GTEX-O5YV-2026-SM-26GMK	GTEX-O5YV	Muscle - Skeletal	GTEx-ref
GTEX-PWCY-2026-SM-2S1NF	GTEX-PWCY	Muscle - Skeletal	GTEx-ref
GTEX-PVOW-0626-SM-2XCF6	GTEX-PVOW	Nerve - Tibial	GTEx-ref
GTEX-WL46-0426-SM-3TW8J	GTEX-WL46	Nerve - Tibial	GTEx-ref
GTEX-ZYT6-1426-SM-5E43U	GTEX-ZYT6	Nerve - Tibial	GTEx-ref
GTEX-11DXW-0426-SM-5H12E	GTEX-11DXW	Nerve - Tibial	GTEx-sim
GTEX-13OVL-1526-SM-5K7WA	GTEX-13OVL	Nerve - Tibial	GTEx-ref
GTEX-13X6J-0426-SM-5O9D3	GTEX-13X6J	Nerve - Tibial	GTEx-ref
GTEX-13OW6-0226-SM-5J1NB	GTEX-13OW6	Nerve - Tibial	GTEx-sim
GTEX-111CU-2226-SM-5N9G5	GTEX-111CU	Nerve - Tibial	GTEx-ref
GTEX-T6MN-0326-SM-32PMK	GTEX-T6MN	Nerve - Tibial	GTEx-sim
GTEX-SIU8-0326-SM-2XCDR	GTEX-SIU8	Nerve - Tibial	GTEx-ref
GTEX-XMK1-2426-SM-4B66I	GTEX-XMK1	Nerve - Tibial	GTEx-ref
GTEX-TMKS-0426-SM-3DB85	GTEX-TMKS	Nerve - Tibial	GTEx-ref
GTEX-WZTO-1026-SM-3NM9P	GTEX-WZTO	Nerve - Tibial	GTEx-sim
GTEX-ZDXO-1926-SM-5E45Q	GTEX-ZDXO	Nerve - Tibial	GTEx-ref
GTEX-YJ8A-0726-SM-5Q5A6	GTEX-YJ8A	Nerve - Tibial	GTEx-sim
GTEX-ZDTS-0326-SM-5HL83	GTEX-ZDTS	Nerve - Tibial	GTEx-sim
GTEX-13OW8-1526-SM-5K7V2	GTEX-13OW8	Nerve - Tibial	GTEx-sim
GTEX-11WQC-2826-SM-5GU7A	GTEX-11WQC	Nerve - Tibial	GTEx-ref
GTEX-ZAB5-1926-SM-5HL7O	GTEX-ZAB5	Nerve - Tibial	GTEx-ref
GTEX-13FHP-0326-SM-5K7U2	GTEX-13FHP	Nerve - Tibial	GTEx-sim
GTEX-N7MS-0526-SM-4E3JP	GTEX-N7MS	Nerve - Tibial	GTEx-sim
GTEX-Y8E5-0526-SM-57WBY	GTEX-Y8E5	Nerve - Tibial	GTEx-ref
GTEX-13NZ9-0726-SM-5J1ME	GTEX-13NZ9	Nerve - Tibial	GTEx-ref
GTEX-Y8E4-0826-SM-4VBRS	GTEX-Y8E4	Nerve - Tibial	GTEx-sim
GTEX-145LU-0726-SM-5QGP2	GTEX-145LU	Nerve - Tibial	GTEx-ref
GTEX-13OW7-0526-SM-5J1N2	GTEX-13OW7	Nerve - Tibial	GTEx-sim
GTEX-13NZA-0326-SM-5J1MK	GTEX-13NZA	Nerve - Tibial	GTEx-ref
GTEX-14ASI-0326-SM-5S2VH	GTEX-14ASI	Nerve - Tibial	GTEx-sim
GTEX-12ZZY-0426-SM-5LZW3	GTEX-12ZZY	Nerve - Tibial	GTEx-sim
GTEX-P44H-0526-SM-2XCF1	GTEX-P44H	Nerve - Tibial	GTEx-sim
GTEX-ZA64-2126-SM-5Q5A8	GTEX-ZA64	Nerve - Tibial	GTEx-sim
GTEX-132NY-0526-SM-5EQ4V	GTEX-132NY	Nerve - Tibial	GTEx-ref
GTEX-VJYA-1726-SM-3NMDQ	GTEX-VJYA	Nerve - Tibial	GTEx-sim
GTEX-WHWD-2326-SM-3LK6Q	GTEX-WHWD	Nerve - Tibial	GTEx-ref
GTEX-ZTX8-1726-SM-51MSB	GTEX-ZTX8	Nerve - Tibial	GTEx-ref
GTEX-11ZUS-1226-SM-5FQU8	GTEX-11ZUS	Nerve - Tibial	GTEx-ref
GTEX-11NUK-0426-SM-5HL5V	GTEX-11NUK	Nerve - Tibial	GTEx-ref
GTEX-11GSO-2626-SM-5Q5AK	GTEX-11GSO	Nerve - Tibial	GTEx-sim
GTEX-R55E-0426-SM-2TC65	GTEX-R55E	Nerve - Tibial	GTEx-sim
GTEX-Z93S-0826-SM-5HL7Y	GTEX-Z93S	Nerve - Tibial	GTEx-sim
GTEX-QEG4-1126-SM-2S1P7	GTEX-QEG4	Nerve - Tibial	GTEx-sim
GTEX-Y8DK-0426-SM-4TT3Q	GTEX-Y8DK	Nerve - Tibial	GTEx-sim
GTEX-XOTO-0326-SM-4B66K	GTEX-XOTO	Nerve - Tibial	GTEx-sim
GTEX-ZYFC-0626-SM-5GIDR	GTEX-ZYFC	Nerve - Tibial	GTEx-ref
GTEX-11O72-0526-SM-5Q5AO	GTEX-11O72	Nerve - Tibial	GTEx-ref
GTEX-11DXZ-2526-SM-5N9BG	GTEX-11DXZ	Nerve - Tibial	GTEx-sim
GTEX-144GL-0426-SM-5QGOZ	GTEX-144GL	Nerve - Tibial	GTEx-sim
GTEX-13CF2-2826-SM-5LZX9	GTEX-13CF2	Nerve - Tibial	GTEx-sim
GTEX-12126-0626-SM-5Q5AQ	GTEX-12126	Nerve - Tibial	GTEx-sim
GTEX-11EI6-0426-SM-5EQ43	GTEX-11EI6	Nerve - Tibial	GTEx-sim
GTEX-ZYFD-0426-SM-5E45X	GTEX-ZYFD	Nerve - Tibial	GTEx-sim
GTEX-YB5E-2326-SM-5IFIJ	GTEX-YB5E	Nerve - Tibial	GTEx-sim
GTEX-ZVE2-0426-SM-59HJ7	GTEX-ZVE2	Nerve - Tibial	GTEx-ref
GTEX-ZVTK-0826-SM-5GZXI	GTEX-ZVTK	Nerve - Tibial	GTEx-ref
GTEX-QLQ7-1826-SM-2S1R5	GTEX-QLQ7	Nerve - Tibial	GTEx-ref
GTEX-145LV-2526-SM-5S2VA	GTEX-145LV	Nerve - Tibial	GTEx-sim
GTEX-WH7G-2626-SM-3NMBE	GTEX-WH7G	Nerve - Tibial	GTEx-sim
GTEX-12584-0326-SM-59HK2	GTEX-12584	Nerve - Tibial	GTEx-sim
GTEX-SJXC-0326-SM-2XCFI	GTEX-SJXC	Nerve - Tibial	GTEx-ref
GTEX-11EQ9-2326-SM-5HL5H	GTEX-11EQ9	Nerve - Tibial	GTEx-ref
GTEX-13O3Q-2626-SM-5KM3S	GTEX-13O3Q	Nerve - Tibial	GTEx-sim
GTEX-11NSD-1826-SM-5N9CF	GTEX-11NSD	Nerve - Tibial	GTEx-ref
GTEX-13W46-0526-SM-5IJBD	GTEX-13W46	Nerve - Tibial	GTEx-ref
GTEX-13O21-1826-SM-5MR5M	GTEX-13O21	Nerve - Tibial	GTEx-ref
GTEX-WY7C-2626-SM-3NB2P	GTEX-WY7C	Nerve - Tibial	GTEx-ref
GTEX-XBEW-0926-SM-4QASR	GTEX-XBEW	Nerve - Tibial	GTEx-ref
GTEX-WHSE-1026-SM-57WAX	GTEX-WHSE	Nerve - Tibial	GTEx-ref
GTEX-XXEK-2526-SM-4BRUR	GTEX-XXEK	Nerve - Tibial	GTEx-sim
GTEX-POYW-0426-SM-2XCEV	GTEX-POYW	Nerve - Tibial	GTEx-ref
GTEX-13FHO-0526-SM-5K7VS	GTEX-13FHO	Nerve - Tibial	GTEx-sim
GTEX-145MH-1426-SM-5QGPO	GTEX-145MH	Nerve - Tibial	GTEx-sim
GTEX-144GN-2526-SM-5LU54	GTEX-144GN	Nerve - Tibial	GTEx-ref
GTEX-144GM-2126-SM-5LU3P	GTEX-144GM	Nerve - Tibial	GTEx-sim
GTEX-14BIL-0426-SM-5SIA3	GTEX-14BIL	Nerve - Tibial	GTEx-ref
GTEX-WOFM-1626-SM-3MJFX	GTEX-WOFM	Nerve - Tibial	GTEx-ref
GTEX-SNOS-1626-SM-3NMA4	GTEX-SNOS	Nerve - Tibial	GTEx-ref
GTEX-13FLV-2326-SM-5K7UK	GTEX-13FLV	Nerve - Tibial	GTEx-ref
GTEX-139TT-0326-SM-5IJC3	GTEX-139TT	Nerve - Tibial	GTEx-sim
GTEX-13111-2026-SM-5GCMN	GTEX-13111	Nerve - Tibial	GTEx-ref
GTEX-13PVQ-0426-SM-5J1OG	GTEX-13PVQ	Nerve - Tibial	GTEx-ref
GTEX-111FC-0526-SM-5GZZ8	GTEX-111FC	Nerve - Tibial	GTEx-sim
GTEX-12BJ1-2626-SM-5FQUF	GTEX-12BJ1	Nerve - Tibial	GTEx-ref
GTEX-P4PQ-1726-SM-3NB15	GTEX-P4PQ	Nerve - Tibial	GTEx-sim
GTEX-14E6C-1026-SM-5SI6P	GTEX-14E6C	Nerve - Tibial	GTEx-ref
GTEX-14A6H-2626-SM-5NQBO	GTEX-14A6H	Nerve - Tibial	GTEx-sim
GTEX-PLZ5-1626-SM-3NB21	GTEX-PLZ5	Nerve - Tibial	GTEx-ref
GTEX-139T6-1726-SM-5PNZ3	GTEX-139T6	Nerve - Tibial	GTEx-sim
GTEX-WHSB-2026-SM-3LK6H	GTEX-WHSB	Nerve - Tibial	GTEx-sim
GTEX-1314G-1826-SM-5LZVA	GTEX-1314G	Nerve - Tibial	GTEx-ref
GTEX-139T8-0326-SM-5IJCM	GTEX-139T8	Nerve - Tibial	GTEx-ref
GTEX-R55C-1926-SM-2TF4K	GTEX-R55C	Nerve - Tibial	GTEx-sim
GTEX-UPJH-0626-SM-4IHJN	GTEX-UPJH	Nerve - Tibial	GTEx-sim
GTEX-OIZI-0426-SM-2XCEF	GTEX-OIZI	Nerve - Tibial	GTEx-sim
GTEX-145LT-1926-SM-5QGP5	GTEX-145LT	Nerve - Tibial	GTEx-sim
GTEX-WYJK-0326-SM-3NMA8	GTEX-WYJK	Nerve - Tibial	GTEx-sim
GTEX-11OC5-0526-SM-5N9EE	GTEX-11OC5	Nerve - Tibial	GTEx-sim
GTEX-ZXG5-0426-SM-5GICT	GTEX-ZXG5	Nerve - Tibial	GTEx-ref
GTEX-ZAB4-1826-SM-5HL8O	GTEX-ZAB4	Nerve - Tibial	GTEx-sim
GTEX-Z9EW-2026-SM-5CVMQ	GTEX-Z9EW	Nerve - Tibial	GTEx-sim
GTEX-O5YT-1726-SM-3NMD7	GTEX-O5YT	Nerve - Tibial	GTEx-ref
GTEX-P4QS-1726-SM-3NB1V	GTEX-P4QS	Nerve - Tibial	GTEx-ref
GTEX-S3XE-1926-SM-3K2B3	GTEX-S3XE	Nerve - Tibial	GTEx-ref
GTEX-WHPG-2426-SM-3NMBQ	GTEX-WHPG	Nerve - Tibial	GTEx-sim
GTEX-113IC-0526-SM-5HL76	GTEX-113IC	Nerve - Tibial	GTEx-sim
GTEX-146FQ-0426-SM-5NQBA	GTEX-146FQ	Nerve - Tibial	GTEx-ref
GTEX-OXRN-1426-SM-3LK5U	GTEX-OXRN	Nerve - Tibial	GTEx-sim
GTEX-14E6E-2226-SM-5SI6F	GTEX-14E6E	Nerve - Tibial	GTEx-ref
GTEX-13JVG-0526-SM-5IJBN	GTEX-13JVG	Nerve - Tibial	GTEx-sim
GTEX-145MO-0526-SM-5Q5F7	GTEX-145MO	Nerve - Tibial	GTEx-sim
GTEX-ZYW4-0326-SM-5E44Y	GTEX-ZYW4	Nerve - Tibial	GTEx-sim
GTEX-11H98-0426-SM-5HL55	GTEX-11H98	Nerve - Tibial	GTEx-ref
GTEX-12C56-1826-SM-5EQ6D	GTEX-12C56	Nerve - Tibial	GTEx-sim
GTEX-XBED-2526-SM-47JYD	GTEX-XBED	Nerve - Tibial	GTEx-sim
GTEX-QDVN-2226-SM-2S1PM	GTEX-QDVN	Nerve - Tibial	GTEx-sim
GTEX-QXCU-0126-SM-2TC5Q	GTEX-QXCU	Nerve - Tibial	GTEx-ref
GTEX-11DYG-0426-SM-5987J	GTEX-11DYG	Nerve - Tibial	GTEx-ref
GTEX-NPJ8-1726-SM-2YUNB	GTEX-NPJ8	Nerve - Tibial	GTEx-ref
GTEX-XMD1-0526-SM-4AT4Z	GTEX-XMD1	Nerve - Tibial	GTEx-ref
GTEX-1212Z-2726-SM-5EQ59	GTEX-1212Z	Nerve - Tibial	GTEx-ref
GTEX-13O1R-0426-SM-5K7WG	GTEX-13O1R	Nerve - Tibial	GTEx-sim
GTEX-U8T8-0426-SM-3DB8X	GTEX-U8T8	Nerve - Tibial	GTEx-ref
GTEX-QLQW-1426-SM-2S1QU	GTEX-QLQW	Nerve - Tibial	GTEx-sim
GTEX-X585-0426-SM-4E3JZ	GTEX-X585	Nerve - Tibial	GTEx-ref
GTEX-117YX-2426-SM-5GZZJ	GTEX-117YX	Nerve - Tibial	GTEx-sim
GTEX-11ZU8-2626-SM-5EQLL	GTEX-11ZU8	Nerve - Tibial	GTEx-ref
GTEX-SNMC-1626-SM-4DM52	GTEX-SNMC	Nerve - Tibial	GTEx-ref
GTEX-11P82-1926-SM-5Q5AU	GTEX-11P82	Nerve - Tibial	GTEx-ref
GTEX-13S86-2426-SM-5S2MX	GTEX-13S86	Nerve - Tibial	GTEx-sim
GTEX-VUSG-2726-SM-4KKZJ	GTEX-VUSG	Nerve - Tibial	GTEx-ref
GTEX-11ONC-2326-SM-5HL6P	GTEX-11ONC	Nerve - Tibial	GTEx-sim
GTEX-13O3P-0326-SM-5K7VM	GTEX-13O3P	Nerve - Tibial	GTEx-sim
GTEX-12WSL-2826-SM-5LZWL	GTEX-12WSL	Nerve - Tibial	GTEx-sim
GTEX-XGQ4-2526-SM-4AT57	GTEX-XGQ4	Nerve - Tibial	GTEx-ref
GTEX-11UD2-0426-SM-5EQ5W	GTEX-11UD2	Nerve - Tibial	GTEx-sim
GTEX-V955-2526-SM-4JBJG	GTEX-V955	Nerve - Tibial	GTEx-ref
GTEX-1192X-0326-SM-5H11U	GTEX-1192X	Nerve - Tibial	GTEx-ref
GTEX-PSDG-0626-SM-2S1OE	GTEX-PSDG	Nerve - Tibial	GTEx-sim
GTEX-13NYS-0426-SM-5MR4X	GTEX-13NYS	Nerve - Tibial	GTEx-ref
GTEX-13OVG-2226-SM-5K7V8	GTEX-13OVG	Nerve - Tibial	GTEx-ref
GTEX-REY6-0626-SM-2TF4G	GTEX-REY6	Nerve - Tibial	GTEx-ref
GTEX-T2YK-0326-SM-4DM7D	GTEX-T2YK	Nerve - Tibial	GTEx-sim
GTEX-131XE-2526-SM-5EQ57	GTEX-131XE	Nerve - Tibial	GTEx-ref
GTEX-131XH-2526-SM-5GCND	GTEX-131XH	Nerve - Tibial	GTEx-sim
GTEX-XBEC-0426-SM-4QART	GTEX-XBEC	Nerve - Tibial	GTEx-ref
GTEX-111VG-2526-SM-5GZXP	GTEX-111VG	Nerve - Tibial	GTEx-ref
GTEX-XPT6-2126-SM-4B66P	GTEX-XPT6	Nerve - Tibial	GTEx-sim
GTEX-R55F-0226-SM-48FCI	GTEX-R55F	Nerve - Tibial	GTEx-ref
GTEX-1477Z-1526-SM-5SI9V	GTEX-1477Z	Nerve - Tibial	GTEx-sim
GTEX-ZDYS-1526-SM-4WKFY	GTEX-ZDYS	Nerve - Tibial	GTEx-sim
GTEX-13N1W-0426-SM-5MR46	GTEX-13N1W	Nerve - Tibial	GTEx-sim
GTEX-U8XE-0526-SM-3DB8R	GTEX-U8XE	Nerve - Tibial	GTEx-sim
GTEX-144FL-0426-SM-5O9A1	GTEX-144FL	Nerve - Tibial	GTEx-sim
GTEX-131XF-2426-SM-5BC6C	GTEX-131XF	Nerve - Tibial	GTEx-ref
GTEX-X5EB-2526-SM-4E3HY	GTEX-X5EB	Nerve - Tibial	GTEx-sim
GTEX-111YS-2126-SM-5EGGM	GTEX-111YS	Nerve - Tibial	GTEx-sim
GTEX-11P7K-2226-SM-5GU56	GTEX-11P7K	Nerve - Tibial	GTEx-sim
GTEX-13RTJ-2826-SM-5QGQH	GTEX-13RTJ	Nerve - Tibial	GTEx-sim
GTEX-XAJ8-1126-SM-47JYA	GTEX-XAJ8	Nerve - Tibial	GTEx-sim
GTEX-14753-0126-SM-5S2TX	GTEX-14753	Nerve - Tibial	GTEx-sim
GTEX-13NYC-0626-SM-5K7U8	GTEX-13NYC	Nerve - Tibial	GTEx-sim
GTEX-Y9LG-2226-SM-4VDS9	GTEX-Y9LG	Nerve - Tibial	GTEx-ref
GTEX-1339X-2726-SM-5PNYU	GTEX-1339X	Nerve - Tibial	GTEx-ref
GTEX-UJMC-1926-SM-3GADS	GTEX-UJMC	Nerve - Tibial	GTEx-ref
GTEX-QESD-1726-SM-2S1R7	GTEX-QESD	Nerve - Tibial	GTEx-sim
GTEX-Q2AH-1926-SM-2S1PN	GTEX-Q2AH	Nerve - Tibial	GTEx-ref
GTEX-WFG8-2526-SM-3GILR	GTEX-WFG8	Nerve - Tibial	GTEx-ref
GTEX-Y5V6-2726-SM-4VDSC	GTEX-Y5V6	Nerve - Tibial	GTEx-sim
GTEX-ZVZP-2626-SM-51MR4	GTEX-ZVZP	Nerve - Tibial	GTEx-sim
GTEX-TKQ1-1326-SM-4DXU7	GTEX-TKQ1	Nerve - Tibial	GTEx-ref
GTEX-NFK9-0426-SM-2YUNK	GTEX-NFK9	Nerve - Tibial	GTEx-ref
GTEX-RUSQ-1826-SM-2TF6E	GTEX-RUSQ	Nerve - Tibial	GTEx-ref
GTEX-14DAR-2226-SM-5S2VT	GTEX-14DAR	Nerve - Tibial	GTEx-sim
GTEX-OHPJ-0726-SM-2YUNM	GTEX-OHPJ	Nerve - Tibial	GTEx-sim
GTEX-13IVO-0426-SM-5LZY7	GTEX-13IVO	Nerve - Tibial	GTEx-sim
GTEX-11LCK-1326-SM-5Q5AN	GTEX-11LCK	Nerve - Tibial	GTEx-sim
GTEX-PLZ6-1726-SM-2S1O6	GTEX-PLZ6	Nerve - Tibial	GTEx-ref
GTEX-QDVJ-2026-SM-2S1PD	GTEX-QDVJ	Nerve - Tibial	GTEx-sim
GTEX-QV31-1526-SM-2S1QB	GTEX-QV31	Nerve - Tibial	GTEx-sim
GTEX-QEG5-0526-SM-2S1PC	GTEX-QEG5	Nerve - Tibial	GTEx-sim
GTEX-W5X1-2826-SM-3GILM	GTEX-W5X1	Nerve - Tibial	GTEx-ref
GTEX-ZLWG-2526-SM-57WDS	GTEX-ZLWG	Nerve - Tibial	GTEx-sim
GTEX-WRHU-0626-SM-3MJFI	GTEX-WRHU	Nerve - Tibial	GTEx-ref
GTEX-WYVS-2426-SM-3NMA9	GTEX-WYVS	Nerve - Tibial	GTEx-sim
GTEX-131YS-0326-SM-5PNYW	GTEX-131YS	Nerve - Tibial	GTEx-sim
GTEX-QDT8-0326-SM-32PL1	GTEX-QDT8	Nerve - Tibial	GTEx-ref
GTEX-ZYWO-2726-SM-5NQ6N	GTEX-ZYWO	Nerve - Tibial	GTEx-sim
GTEX-T6MO-2026-SM-33HB4	GTEX-T6MO	Nerve - Tibial	GTEx-sim
GTEX-ZF2S-2526-SM-5CVNT	GTEX-ZF2S	Nerve - Tibial	GTEx-sim
GTEX-ZC5H-0526-SM-5HL9E	GTEX-ZC5H	Nerve - Tibial	GTEx-sim
GTEX-Y3IK-2726-SM-4WWDV	GTEX-Y3IK	Nerve - Tibial	GTEx-sim
GTEX-ZVT3-0326-SM-5GU6U	GTEX-ZVT3	Nerve - Tibial	GTEx-ref
GTEX-YJ8O-2626-SM-5HL8H	GTEX-YJ8O	Nerve - Tibial	GTEx-sim
GTEX-WYBS-0326-SM-3NM8S	GTEX-WYBS	Nerve - Tibial	GTEx-ref
GTEX-ZTPG-0526-SM-5O98W	GTEX-ZTPG	Nerve - Tibial	GTEx-sim
GTEX-Y5V5-2626-SM-5IFJM	GTEX-Y5V5	Nerve - Tibial	GTEx-sim
GTEX-ZYFG-2526-SM-5GIEK	GTEX-ZYFG	Nerve - Tibial	GTEx-ref
GTEX-12WSB-0426-SM-5BC6H	GTEX-12WSB	Nerve - Tibial	GTEx-ref
GTEX-X4EO-0126-SM-3P5YN	GTEX-X4EO	Nerve - Tibial	GTEx-ref
GTEX-13QIC-1426-SM-5LU4V	GTEX-13QIC	Nerve - Tibial	GTEx-sim
GTEX-12ZZX-0426-SM-5DUVT	GTEX-12ZZX	Nerve - Tibial	GTEx-ref
GTEX-1313W-0326-SM-5LZU5	GTEX-1313W	Nerve - Tibial	GTEx-ref
GTEX-13JUV-2526-SM-5J1OD	GTEX-13JUV	Nerve - Tibial	GTEx-sim
GTEX-P78B-0626-SM-5S2W4	GTEX-P78B	Nerve - Tibial	GTEx-sim
GTEX-12WSD-0326-SM-59HKP	GTEX-12WSD	Nerve - Tibial	GTEx-sim
GTEX-X638-0426-SM-47JY2	GTEX-X638	Nerve - Tibial	GTEx-sim
GTEX-ZLV1-2026-SM-5EQMB	GTEX-ZLV1	Nerve - Tibial	GTEx-ref
GTEX-13W3W-2726-SM-5SIAE	GTEX-13W3W	Nerve - Tibial	GTEx-ref
GTEX-W5WG-2326-SM-3GIJH	GTEX-W5WG	Nerve - Tibial	GTEx-ref
GTEX-R55G-2126-SM-2TC67	GTEX-R55G	Nerve - Tibial	GTEx-ref
GTEX-ZF29-2626-SM-4WWBA	GTEX-ZF29	Nerve - Tibial	GTEx-sim
GTEX-T2IS-1126-SM-4DM6Z	GTEX-T2IS	Nerve - Tibial	GTEx-sim
GTEX-13SLX-0126-SM-5S2MM	GTEX-13SLX	Nerve - Tibial	GTEx-ref
GTEX-13X6K-0426-SM-5O9DZ	GTEX-13X6K	Nerve - Tibial	GTEx-ref
GTEX-13O3O-0326-SM-5K7W2	GTEX-13O3O	Nerve - Tibial	GTEx-ref
GTEX-X4EP-0726-SM-3P5YJ	GTEX-X4EP	Nerve - Tibial	GTEx-ref
GTEX-139T4-0426-SM-5J1OQ	GTEX-139T4	Nerve - Tibial	GTEx-ref
GTEX-YFC4-0826-SM-5CVM1	GTEX-YFC4	Nerve - Tibial	GTEx-ref
GTEX-11ZVC-2826-SM-5FQTC	GTEX-11ZVC	Nerve - Tibial	GTEx-sim
GTEX-YBZK-0426-SM-59HLM	GTEX-YBZK	Nerve - Tibial	GTEx-sim
GTEX-131XG-2526-SM-5HL7F	GTEX-131XG	Nerve - Tibial	GTEx-ref
GTEX-12WSG-2726-SM-5EQ5M	GTEX-12WSG	Nerve - Tibial	GTEx-ref
GTEX-RNOR-0326-SM-2TF51	GTEX-RNOR	Nerve - Tibial	GTEx-ref
GTEX-OHPN-2926-SM-3LK65	GTEX-OHPN	Nerve - Tibial	GTEx-sim
GTEX-13D11-2626-SM-5IJDB	GTEX-13D11	Nerve - Tibial	GTEx-ref
GTEX-PWCY-2126-SM-48TEC	GTEX-PWCY	Nerve - Tibial	GTEx-ref
GTEX-14BIM-0426-SM-5SI9N	GTEX-14BIM	Nerve - Tibial	GTEx-ref
GTEX-XOT4-0326-SM-4B66S	GTEX-XOT4	Nerve - Tibial	GTEx-ref
GTEX-146FR-1426-SM-5SIAV	GTEX-146FR	Nerve - Tibial	GTEx-ref
GTEX-POMQ-2026-SM-2S1OD	GTEX-POMQ	Nerve - Tibial	GTEx-ref
GTEX-13113-2026-SM-5LZU3	GTEX-13113	Nerve - Tibial	GTEx-ref
GTEX-11TTK-0426-SM-5EQLT	GTEX-11TTK	Nerve - Tibial	GTEx-sim
GTEX-XUW1-0626-SM-4BOP4	GTEX-XUW1	Nerve - Tibial	GTEx-sim
GTEX-XYKS-2526-SM-4BOPX	GTEX-XYKS	Nerve - Tibial	GTEx-ref
GTEX-Y8LW-2126-SM-4VBRX	GTEX-Y8LW	Nerve - Tibial	GTEx-sim
GTEX-OXRK-0426-SM-3NB2E	GTEX-OXRK	Nerve - Tibial	GTEx-sim
GTEX-13VXT-0426-SM-5LU57	GTEX-13VXT	Nerve - Tibial	GTEx-sim
GTEX-ZP4G-2226-SM-57WFB	GTEX-ZP4G	Nerve - Tibial	GTEx-sim
GTEX-Q2AG-0626-SM-2S1PV	GTEX-Q2AG	Nerve - Tibial	GTEx-ref
GTEX-13FTY-0326-SM-5L3DN	GTEX-13FTY	Nerve - Tibial	GTEx-sim
GTEX-ZPCL-2426-SM-57WFP	GTEX-ZPCL	Nerve - Tibial	GTEx-ref
GTEX-11P81-2626-SM-5GU6T	GTEX-11P81	Nerve - Tibial	GTEx-ref
GTEX-14AS3-2226-SM-5S2OX	GTEX-14AS3	Nerve - Tibial	GTEx-ref
GTEX-ZV68-0326-SM-59HJG	GTEX-ZV68	Nerve - Tibial	GTEx-ref
GTEX-XMD2-0326-SM-4YCD6	GTEX-XMD2	Nerve - Tibial	GTEx-sim
GTEX-Y114-2626-SM-4TT8Y	GTEX-Y114	Nerve - Tibial	GTEx-sim
GTEX-NPJ7-1726-SM-2YUNA	GTEX-NPJ7	Nerve - Tibial	GTEx-ref
GTEX-ZXES-1926-SM-5E445	GTEX-ZXES	Nerve - Tibial	GTEx-ref
GTEX-PWN1-1726-SM-2S1O9	GTEX-PWN1	Nerve - Tibial	GTEx-ref
GTEX-1399S-2426-SM-5K7U3	GTEX-1399S	Nerve - Tibial	GTEx-ref
GTEX-ZQG8-1326-SM-51MQW	GTEX-ZQG8	Nerve - Tibial	GTEx-ref
GTEX-S341-1926-SM-3K2BA	GTEX-S341	Nerve - Tibial	GTEx-ref
GTEX-145ME-2126-SM-5SIAH	GTEX-145ME	Nerve - Tibial	GTEx-ref
GTEX-WEY5-2226-SM-3GILQ	GTEX-WEY5	Nerve - Tibial	GTEx-ref
GTEX-12WSK-2626-SM-5GCOT	GTEX-12WSK	Nerve - Tibial	GTEx-sim
GTEX-QCQG-2026-SM-2S1PH	GTEX-QCQG	Nerve - Tibial	GTEx-ref
GTEX-13N11-2826-SM-5KM4Z	GTEX-13N11	Nerve - Tibial	GTEx-sim
GTEX-O5YV-1826-SM-2YUNI	GTEX-O5YV	Nerve - Tibial	GTEx-ref
GTEX-1211K-2326-SM-5FQU7	GTEX-1211K	Nerve - Tibial	GTEx-ref
GTEX-13OVI-1526-SM-5K7VX	GTEX-13OVI	Nerve - Tibial	GTEx-ref
GTEX-13QBU-2326-SM-5LU49	GTEX-13QBU	Nerve - Tibial	GTEx-sim
GTEX-X15G-2526-SM-4PQZT	GTEX-X15G	Nerve - Tibial	GTEx-ref
GTEX-YB5K-2426-SM-5IFHP	GTEX-YB5K	Nerve - Tibial	GTEx-ref
GTEX-OXRK-0426-SM-2YUMT	GTEX-OXRK	Nerve - Tibial	GTEx-sim
GTEX-P4QT-1726-SM-2S1NQ	GTEX-P4QT	Nerve - Tibial	GTEx-ref
GTEX-OXRP-2526-SM-2S1NO	GTEX-OXRP	Nerve - Tibial	GTEx-sim
GTEX-XUJ4-2726-SM-4BOQ1	GTEX-XUJ4	Nerve - Tibial	GTEx-sim
GTEX-OHPK-1726-SM-48TC4	GTEX-OHPK	Nerve - Tibial	GTEx-sim
GTEX-RTLS-0326-SM-2TF6A	GTEX-RTLS	Nerve - Tibial	GTEx-sim
GTEX-P4PP-1726-SM-2S1NS	GTEX-P4PP	Nerve - Tibial	GTEx-ref
GTEX-RU72-1126-SM-2TF6H	GTEX-RU72	Nerve - Tibial	GTEx-ref
GTEX-12WS9-0426-SM-59HJW	GTEX-12WS9	Nerve - Tibial	GTEx-sim
GTEX-146FH-0326-SM-5QGPT	GTEX-146FH	Nerve - Tibial	GTEx-sim
GTEX-PWOO-2526-SM-2S1PG	GTEX-PWOO	Nerve - Tibial	GTEx-sim
GTEX-QVJO-0326-SM-2S1R1	GTEX-QVJO	Nerve - Tibial	GTEx-sim
GTEX-13OVJ-0426-SM-5L3GX	GTEX-13OVJ	Nerve - Tibial	GTEx-sim
GTEX-11DXX-2526-SM-5H119	GTEX-11DXX	Nerve - Tibial	GTEx-sim
GTEX-P78B-0626-SM-2S1O5	GTEX-P78B	Nerve - Tibial	GTEx-sim
GTEX-S32W-2526-SM-2XCB8	GTEX-S32W	Nerve - Tibial	GTEx-sim
GTEX-S4UY-1026-SM-4AD53	GTEX-S4UY	Ovary	GTEx-sim
GTEX-P78B-1926-SM-3P616	GTEX-P78B	Ovary	GTEx-ref
GTEX-P4PP-2426-SM-3P61L	GTEX-P4PP	Ovary	GTEx-sim
GTEX-12WSB-2226-SM-5GCOS	GTEX-12WSB	Ovary	GTEx-sim
GTEX-XYKS-1726-SM-4E3IO	GTEX-XYKS	Ovary	GTEx-ref
GTEX-11DXX-1426-SM-5GIDU	GTEX-11DXX	Ovary	GTEx-ref
GTEX-131YS-2226-SM-5P9G8	GTEX-131YS	Ovary	GTEx-ref
GTEX-13QIC-1526-SM-5IJFL	GTEX-13QIC	Ovary	GTEx-sim
GTEX-ZP4G-0626-SM-4WWF1	GTEX-ZP4G	Ovary	GTEx-sim
GTEX-YJ8O-1026-SM-5CVM5	GTEX-YJ8O	Ovary	GTEx-ref
GTEX-P4QT-2426-SM-3NMCL	GTEX-P4QT	Ovary	GTEx-ref
GTEX-ZYFG-1726-SM-5GZZB	GTEX-ZYFG	Ovary	GTEx-ref
GTEX-13VXT-1526-SM-5LU3J	GTEX-13VXT	Ovary	GTEx-sim
GTEX-ZC5H-2026-SM-5CVN2	GTEX-ZC5H	Ovary	GTEx-sim
GTEX-PWN1-2426-SM-48TDD	GTEX-PWN1	Ovary	GTEx-ref
GTEX-X15G-1726-SM-4PQZN	GTEX-X15G	Ovary	GTEx-ref
GTEX-13O3O-2726-SM-5KM35	GTEX-13O3O	Ovary	GTEx-sim
GTEX-Y3IK-2026-SM-4YCDG	GTEX-Y3IK	Ovary	GTEx-sim
GTEX-WWYW-2726-SM-4MVOP	GTEX-WWYW	Ovary	GTEx-sim
GTEX-PLZ4-2826-SM-3P617	GTEX-PLZ4	Ovary	GTEx-sim
GTEX-WXYG-1426-SM-4ONCK	GTEX-WXYG	Ovary	GTEx-sim
GTEX-1269C-1826-SM-5N9E1	GTEX-1269C	Ovary	GTEx-sim
GTEX-OHPK-2426-SM-3MJGH	GTEX-OHPK	Ovary	GTEx-ref
GTEX-11VI4-1026-SM-5EQM1	GTEX-11VI4	Ovary	GTEx-ref
GTEX-Y114-1726-SM-4TT7U	GTEX-Y114	Ovary	GTEx-sim
GTEX-11ZTS-1926-SM-5CVLA	GTEX-11ZTS	Ovary	GTEx-ref
GTEX-WEY5-0626-SM-4LMIA	GTEX-WEY5	Ovary	GTEx-sim
GTEX-13N11-0526-SM-5IJFI	GTEX-13N11	Ovary	GTEx-ref
GTEX-13W3W-1526-SM-5LU5I	GTEX-13W3W	Ovary	GTEx-sim
GTEX-YFC4-2726-SM-5IFJW	GTEX-YFC4	Ovary	GTEx-ref
GTEX-WYBS-2426-SM-4ONDI	GTEX-WYBS	Ovary	GTEx-ref
GTEX-1399S-2126-SM-5J2MH	GTEX-1399S	Ovary	GTEx-sim
GTEX-13D11-1126-SM-5KLYS	GTEX-13D11	Ovary	GTEx-sim
GTEX-POMQ-1426-SM-3P61D	GTEX-POMQ	Ovary	GTEx-ref
GTEX-12WSG-1426-SM-5FQUK	GTEX-12WSG	Ovary	GTEx-ref
GTEX-T5JW-0426-SM-4DM7M	GTEX-T5JW	Ovary	GTEx-ref
GTEX-12WSK-1926-SM-5LZVK	GTEX-12WSK	Ovary	GTEx-sim
GTEX-XMD3-2326-SM-4AT5H	GTEX-XMD3	Ovary	GTEx-ref
GTEX-13QBU-1526-SM-5LU3W	GTEX-13QBU	Ovary	GTEx-ref
GTEX-WYVS-1526-SM-4OND4	GTEX-WYVS	Ovary	GTEx-sim
GTEX-Q734-0726-SM-48TZP	GTEX-Q734	Ovary	GTEx-ref
GTEX-11ZVC-1426-SM-5EGGA	GTEX-11ZVC	Ovary	GTEx-sim
GTEX-12WSJ-1226-SM-5LU91	GTEX-12WSJ	Ovary	GTEx-ref
GTEX-ZZPU-2126-SM-5EGIU	GTEX-ZZPU	Ovary	GTEx-sim
GTEX-RU72-2226-SM-46MUE	GTEX-RU72	Ovary	GTEx-sim
GTEX-XV7Q-1426-SM-4BRWA	GTEX-XV7Q	Ovary	GTEx-ref
GTEX-146FH-2526-SM-5Q5BP	GTEX-146FH	Ovary	GTEx-ref
GTEX-UJHI-1226-SM-4IHLR	GTEX-UJHI	Ovary	GTEx-sim
GTEX-139D8-2426-SM-5KM3A	GTEX-139D8	Ovary	GTEx-sim
GTEX-11GSP-0226-SM-5A5KV	GTEX-11GSP	Ovary	GTEx-sim
GTEX-11EMC-1726-SM-5H11P	GTEX-11EMC	Ovary	GTEx-sim
GTEX-13PL7-2326-SM-5L3FY	GTEX-13PL7	Ovary	GTEx-sim
GTEX-ZVT3-2626-SM-5GU5L	GTEX-ZVT3	Ovary	GTEx-ref
GTEX-11ZTT-1826-SM-5CVLN	GTEX-11ZTT	Ovary	GTEx-ref
GTEX-145ME-1226-SM-5SIB6	GTEX-145ME	Ovary	GTEx-ref
GTEX-ZLWG-0926-SM-4WWC3	GTEX-ZLWG	Ovary	GTEx-sim
GTEX-RTLS-2326-SM-46MUH	GTEX-RTLS	Ovary	GTEx-sim
GTEX-RWS6-1026-SM-47JXD	GTEX-RWS6	Ovary	GTEx-sim
GTEX-11XUK-1626-SM-5GU5O	GTEX-11XUK	Ovary	GTEx-ref
GTEX-13FTX-0926-SM-5IFF7	GTEX-13FTX	Ovary	GTEx-sim
GTEX-T2IS-2026-SM-4DM6W	GTEX-T2IS	Ovary	GTEx-sim
GTEX-13U4I-2126-SM-5LU55	GTEX-13U4I	Ovary	GTEx-ref
GTEX-T6MO-1126-SM-4DM5D	GTEX-T6MO	Ovary	GTEx-ref
GTEX-QVJO-3126-SM-4R1KC	GTEX-QVJO	Ovary	GTEx-ref
GTEX-WI4N-2526-SM-4OOSE	GTEX-WI4N	Ovary	GTEx-sim
GTEX-X4EO-2426-SM-4QASD	GTEX-X4EO	Ovary	GTEx-sim
GTEX-W5WG-0926-SM-4RTX9	GTEX-W5WG	Ovary	GTEx-ref
GTEX-X8HC-2726-SM-46MUA	GTEX-X8HC	Ovary	GTEx-ref
GTEX-ZYWO-1926-SM-5E456	GTEX-ZYWO	Ovary	GTEx-ref
GTEX-11I78-1926-SM-59878	GTEX-11I78	Ovary	GTEx-ref
GTEX-U3ZN-1026-SM-4DXTC	GTEX-U3ZN	Ovary	GTEx-ref
GTEX-PWCY-1326-SM-48TCU	GTEX-PWCY	Ovary	GTEx-ref
GTEX-TSE9-2226-SM-4DXUR	GTEX-TSE9	Ovary	GTEx-sim
GTEX-TML8-0926-SM-4DXSJ	GTEX-TML8	Ovary	GTEx-sim
GTEX-13OVJ-2426-SM-5KM3I	GTEX-13OVJ	Ovary	GTEx-ref
GTEX-133LE-1226-SM-5IFGC	GTEX-133LE	Ovary	GTEx-sim
GTEX-13PVR-1226-SM-5RQJ2	GTEX-13PVR	Ovary	GTEx-ref
GTEX-1117F-2226-SM-5N9CH	GTEX-1117F	Ovary	GTEx-ref
GTEX-OHPL-2426-SM-48TDN	GTEX-OHPL	Ovary	GTEx-sim
GTEX-S341-0726-SM-4AD5R	GTEX-S341	Ovary	GTEx-sim
GTEX-PWOO-1726-SM-48TDC	GTEX-PWOO	Ovary	GTEx-ref
GTEX-QCQG-1426-SM-48U22	GTEX-QCQG	Ovary	GTEx-sim
GTEX-S32W-1226-SM-4AD67	GTEX-S32W	Ovary	GTEx-ref
GTEX-14AS3-1326-SM-5RQJE	GTEX-14AS3	Ovary	GTEx-ref
GTEX-RU1J-0826-SM-46MUU	GTEX-RU1J	Ovary	GTEx-sim
GTEX-XUZC-1026-SM-4BOPY	GTEX-XUZC	Ovary	GTEx-sim
GTEX-ZV6S-1426-SM-59HKX	GTEX-ZV6S	Ovary	GTEx-ref
GTEX-13OVI-0726-SM-5L3DD	GTEX-13OVI	Ovary	GTEx-sim
GTEX-13NZA-1726-SM-5J1NA	GTEX-13NZA	Pancreas	GTEx-sim
GTEX-1399R-0426-SM-5IJE3	GTEX-1399R	Pancreas	GTEx-ref
GTEX-ZYT6-1326-SM-5E453	GTEX-ZYT6	Pancreas	GTEx-ref
GTEX-131XE-1926-SM-5IFER	GTEX-131XE	Pancreas	GTEx-sim
GTEX-ZAB5-0826-SM-5P9FU	GTEX-ZAB5	Pancreas	GTEx-sim
GTEX-NPJ8-2126-SM-3MJGK	GTEX-NPJ8	Pancreas	GTEx-ref
GTEX-V1D1-0726-SM-4JBH7	GTEX-V1D1	Pancreas	GTEx-sim
GTEX-VUSG-0326-SM-3GIJ7	GTEX-VUSG	Pancreas	GTEx-ref
GTEX-ZYW4-2126-SM-59HJ9	GTEX-ZYW4	Pancreas	GTEx-sim
GTEX-VJYA-0826-SM-4KL1M	GTEX-VJYA	Pancreas	GTEx-sim
GTEX-XXEK-1726-SM-4BRVB	GTEX-XXEK	Pancreas	GTEx-ref
GTEX-ZV7C-0726-SM-59HKH	GTEX-ZV7C	Pancreas	GTEx-sim
GTEX-13YAN-2126-SM-5Q5C4	GTEX-13YAN	Pancreas	GTEx-sim
GTEX-11NSD-0526-SM-5A5LT	GTEX-11NSD	Pancreas	GTEx-ref
GTEX-139YR-1526-SM-5IFJ1	GTEX-139YR	Pancreas	GTEx-sim
GTEX-PW2O-0826-SM-48TC5	GTEX-PW2O	Pancreas	GTEx-ref
GTEX-145MO-2126-SM-5Q5CZ	GTEX-145MO	Pancreas	GTEx-ref
GTEX-PLZ6-0726-SM-3P619	GTEX-PLZ6	Pancreas	GTEx-sim
GTEX-U8XE-2026-SM-3DB8S	GTEX-U8XE	Pancreas	GTEx-ref
GTEX-132QS-0926-SM-5P9GB	GTEX-132QS	Pancreas	GTEx-ref
GTEX-146FQ-1526-SM-5Q5CX	GTEX-146FQ	Pancreas	GTEx-sim
GTEX-12WSN-0826-SM-5GCOF	GTEX-12WSN	Pancreas	GTEx-ref
GTEX-Y3I4-0826-SM-4TT2A	GTEX-Y3I4	Pancreas	GTEx-sim
GTEX-OHPM-1026-SM-3LK74	GTEX-OHPM	Pancreas	GTEx-sim
GTEX-12WSL-0426-SM-5GCNX	GTEX-12WSL	Pancreas	GTEx-ref
GTEX-P4QS-1026-SM-3NMCW	GTEX-P4QS	Pancreas	GTEx-ref
GTEX-OOBJ-1026-SM-3NB2L	GTEX-OOBJ	Pancreas	GTEx-ref
GTEX-Q2AH-0926-SM-48TZK	GTEX-Q2AH	Pancreas	GTEx-ref
GTEX-V955-0326-SM-4JBGV	GTEX-V955	Pancreas	GTEx-ref
GTEX-ZAB4-1726-SM-5HL8C	GTEX-ZAB4	Pancreas	GTEx-sim
GTEX-YF7O-1326-SM-4W1ZR	GTEX-YF7O	Pancreas	GTEx-ref
GTEX-11ONC-0526-SM-5BC57	GTEX-11ONC	Pancreas	GTEx-sim
GTEX-XMK1-0326-SM-4B652	GTEX-XMK1	Pancreas	GTEx-ref
GTEX-QEL4-1326-SM-447AD	GTEX-QEL4	Pancreas	GTEx-ref
GTEX-QV44-0426-SM-4R1KF	GTEX-QV44	Pancreas	GTEx-sim
GTEX-WFJO-0626-SM-4LVMC	GTEX-WFJO	Pancreas	GTEx-sim
GTEX-WYJK-2426-SM-4ONDQ	GTEX-WYJK	Pancreas	GTEx-sim
GTEX-144GN-0826-SM-5LU5G	GTEX-144GN	Pancreas	GTEx-sim
GTEX-SIU7-0926-SM-4BRX1	GTEX-SIU7	Pancreas	GTEx-sim
GTEX-145MN-1426-SM-5SI9H	GTEX-145MN	Pancreas	GTEx-ref
GTEX-Y9LG-0726-SM-4VDS3	GTEX-Y9LG	Pancreas	GTEx-ref
GTEX-11LCK-0226-SM-5A5M6	GTEX-11LCK	Pancreas	GTEx-ref
GTEX-QESD-0226-SM-447BH	GTEX-QESD	Pancreas	GTEx-sim
GTEX-WHWD-0726-SM-4OORX	GTEX-WHWD	Pancreas	GTEx-ref
GTEX-144FL-1526-SM-5Q5CA	GTEX-144FL	Pancreas	GTEx-ref
GTEX-YB5E-0526-SM-4VDSD	GTEX-YB5E	Pancreas	GTEx-sim
GTEX-PSDG-1526-SM-48TCY	GTEX-PSDG	Pancreas	GTEx-sim
GTEX-S33H-1226-SM-4AD69	GTEX-S33H	Pancreas	GTEx-sim
GTEX-XPVG-0326-SM-4B653	GTEX-XPVG	Pancreas	GTEx-sim
GTEX-R55D-1426-SM-48FEN	GTEX-R55D	Pancreas	GTEx-ref
GTEX-S95S-0726-SM-4B64H	GTEX-S95S	Pancreas	GTEx-ref
GTEX-YEC4-1326-SM-5IFHG	GTEX-YEC4	Pancreas	GTEx-ref
GTEX-ZEX8-1026-SM-4WKHE	GTEX-ZEX8	Pancreas	GTEx-sim
GTEX-11EQ9-1026-SM-5H134	GTEX-11EQ9	Pancreas	GTEx-ref
GTEX-WFON-0626-SM-4LVLX	GTEX-WFON	Pancreas	GTEx-ref
GTEX-11P7K-0526-SM-5BC5I	GTEX-11P7K	Pancreas	GTEx-ref
GTEX-13FTW-0526-SM-5IFIP	GTEX-13FTW	Pancreas	GTEx-sim
GTEX-ZDYS-2526-SM-4WKGU	GTEX-ZDYS	Pancreas	GTEx-sim
GTEX-ZVZP-0626-SM-59HL5	GTEX-ZVZP	Pancreas	GTEx-sim
GTEX-X4LF-0326-SM-4QAS9	GTEX-X4LF	Pancreas	GTEx-ref
GTEX-YEC3-0626-SM-5IFHZ	GTEX-YEC3	Pancreas	GTEx-sim
GTEX-WHSB-0726-SM-4M1XQ	GTEX-WHSB	Pancreas	GTEx-sim
GTEX-13O61-2126-SM-5IJEO	GTEX-13O61	Pancreas	GTEx-ref
GTEX-QLQW-0326-SM-447A8	GTEX-QLQW	Pancreas	GTEx-sim
GTEX-QV31-0226-SM-447BO	GTEX-QV31	Pancreas	GTEx-ref
GTEX-XBED-0226-SM-47JY8	GTEX-XBED	Pancreas	GTEx-ref
GTEX-Y8E4-1326-SM-5IFIY	GTEX-Y8E4	Pancreas	GTEx-ref
GTEX-ZLFU-0726-SM-57WF6	GTEX-ZLFU	Pancreas	GTEx-sim
GTEX-S3XE-0526-SM-4AD4G	GTEX-S3XE	Pancreas	GTEx-ref
GTEX-SNOS-0926-SM-4DM7A	GTEX-SNOS	Pancreas	GTEx-sim
GTEX-XQ8I-1926-SM-4BOOK	GTEX-XQ8I	Pancreas	GTEx-ref
GTEX-YEC3-0626-SM-4YCFE	GTEX-YEC3	Pancreas	GTEx-sim
GTEX-QDVJ-1226-SM-48U1V	GTEX-QDVJ	Pancreas	GTEx-ref
GTEX-X5EB-0526-SM-46MVP	GTEX-X5EB	Pancreas	GTEx-sim
GTEX-Q2AI-0426-SM-48U13	GTEX-Q2AI	Pancreas	GTEx-ref
GTEX-WHPG-0326-SM-4M1XV	GTEX-WHPG	Pancreas	GTEx-sim
GTEX-SUCS-1426-SM-4DM5W	GTEX-SUCS	Pancreas	GTEx-sim
GTEX-ZT9W-0926-SM-57WFS	GTEX-ZT9W	Pancreas	GTEx-ref
GTEX-ZDTT-1126-SM-4WKFW	GTEX-ZDTT	Pancreas	GTEx-sim
GTEX-14ICL-1126-SM-5S2RE	GTEX-14ICL	Pancreas	GTEx-sim
GTEX-OOBK-1026-SM-48TC2	GTEX-OOBK	Pancreas	GTEx-sim
GTEX-11TT1-0326-SM-5LUAY	GTEX-11TT1	Pancreas	GTEx-sim
GTEX-T8EM-0826-SM-4DM76	GTEX-T8EM	Pancreas	GTEx-ref
GTEX-ZG7Y-0326-SM-4WWEY	GTEX-ZG7Y	Pancreas	GTEx-ref
GTEX-111CU-0526-SM-5EGHK	GTEX-111CU	Pancreas	GTEx-ref
GTEX-111YS-1226-SM-5EGGJ	GTEX-111YS	Pancreas	GTEx-ref
GTEX-117YX-0226-SM-5EGH6	GTEX-117YX	Pancreas	GTEx-sim
GTEX-X3Y1-0726-SM-3P5YU	GTEX-X3Y1	Pancreas	GTEx-ref
GTEX-TKQ2-0426-SM-4DXUO	GTEX-TKQ2	Pancreas	GTEx-sim
GTEX-RM2N-0326-SM-48FD8	GTEX-RM2N	Pancreas	GTEx-sim
GTEX-WFG8-0326-SM-4LVN4	GTEX-WFG8	Pancreas	GTEx-ref
GTEX-WH7G-0826-SM-4LVMR	GTEX-WH7G	Pancreas	GTEx-sim
GTEX-1339X-1026-SM-5IFH5	GTEX-1339X	Pancreas	GTEx-sim
GTEX-U8XE-2026-SM-5CHQF	GTEX-U8XE	Pancreas	GTEx-ref
GTEX-146FH-1826-SM-5QGQ7	GTEX-146FH	Pancreas	GTEx-sim
GTEX-XYKS-1226-SM-4BRVI	GTEX-XYKS	Pancreas	GTEx-sim
GTEX-ZF3C-2026-SM-4WWB5	GTEX-ZF3C	Pancreas	GTEx-sim
GTEX-11ILO-1526-SM-5A5KZ	GTEX-11ILO	Pancreas	GTEx-sim
GTEX-ZYWO-1326-SM-5SI8X	GTEX-ZYWO	Pancreas	GTEx-sim
GTEX-Y3IK-0426-SM-4WWE2	GTEX-Y3IK	Pancreas	GTEx-ref
GTEX-WYVS-0926-SM-4SOJV	GTEX-WYVS	Pancreas	GTEx-ref
GTEX-R53T-0426-SM-48FEM	GTEX-R53T	Pancreas	GTEx-ref
GTEX-132AR-1826-SM-5EGHR	GTEX-132AR	Pancreas	GTEx-ref
GTEX-ZTPG-1026-SM-5DUWP	GTEX-ZTPG	Pancreas	GTEx-ref
GTEX-QCQG-0426-SM-48U29	GTEX-QCQG	Pancreas	GTEx-sim
GTEX-13X6H-0626-SM-5LU53	GTEX-13X6H	Pancreas	GTEx-ref
GTEX-S32W-0826-SM-4AD5Z	GTEX-S32W	Pancreas	GTEx-sim
GTEX-ZYY3-0826-SM-5E44R	GTEX-ZYY3	Pancreas	GTEx-sim
GTEX-13D11-2226-SM-5IFEO	GTEX-13D11	Pancreas	GTEx-sim
GTEX-OHPL-1026-SM-3MJGI	GTEX-OHPL	Pancreas	GTEx-sim
GTEX-14AS3-0326-SM-5Q5DB	GTEX-14AS3	Pancreas	GTEx-sim
GTEX-S4P3-0626-SM-4AD59	GTEX-S4P3	Pancreas	GTEx-sim
GTEX-Y5LM-0526-SM-4V6G3	GTEX-Y5LM	Pancreas	GTEx-ref
GTEX-P4PP-1026-SM-3NM9O	GTEX-P4PP	Pancreas	GTEx-ref
GTEX-13N11-0226-SM-5KM3C	GTEX-13N11	Pancreas	GTEx-ref
GTEX-N7MT-1626-SM-3LK71	GTEX-N7MT	Pancreas	GTEx-ref
GTEX-146FR-0126-SM-5Q5F3	GTEX-146FR	Pancreas	GTEx-sim
GTEX-WXYG-0826-SM-4ONC7	GTEX-WXYG	Pancreas	GTEx-sim
GTEX-13U4I-1526-SM-5IFFF	GTEX-13U4I	Pancreas	GTEx-sim
GTEX-1122O-0726-SM-5GIEV	GTEX-1122O	Pancreas	GTEx-sim
GTEX-11I78-0626-SM-5A5LZ	GTEX-11I78	Pancreas	GTEx-sim
GTEX-ZZPU-0726-SM-5N9C8	GTEX-ZZPU	Pancreas	GTEx-ref
GTEX-PX3G-1026-SM-48TZW	GTEX-PX3G	Pancreas	GTEx-sim
GTEX-11XUK-0626-SM-5N9ES	GTEX-11XUK	Pancreas	GTEx-ref
GTEX-ZC5H-0826-SM-5N9FH	GTEX-ZC5H	Pancreas	GTEx-ref
GTEX-ZPIC-0926-SM-4WWFK	GTEX-ZPIC	Pancreas	GTEx-ref
GTEX-ZYFG-0826-SM-5BC5T	GTEX-ZYFG	Pancreas	GTEx-ref
GTEX-13VXT-1226-SM-5LU3M	GTEX-13VXT	Pancreas	GTEx-sim
GTEX-13FH7-1426-SM-5IFIC	GTEX-13FH7	Pancreas	GTEx-sim
GTEX-Y8LW-1026-SM-5IFJY	GTEX-Y8LW	Pancreas	GTEx-ref
GTEX-RWS6-1126-SM-47JXC	GTEX-RWS6	Pancreas	GTEx-ref
GTEX-1399U-0926-SM-5IFHA	GTEX-1399U	Pancreas	GTEx-sim
GTEX-13CF3-1026-SM-5LZWY	GTEX-13CF3	Pancreas	GTEx-sim
GTEX-13W3W-1026-SM-5IFG4	GTEX-13W3W	Pancreas	GTEx-ref
GTEX-PWOO-0626-SM-48TZH	GTEX-PWOO	Pancreas	GTEx-sim
GTEX-ZP4G-0426-SM-4YCER	GTEX-ZP4G	Pancreas	GTEx-ref
GTEX-13FTX-1226-SM-5IFGN	GTEX-13FTX	Pancreas	GTEx-sim
GTEX-UJHI-0626-SM-3DB8T	GTEX-UJHI	Pancreas	GTEx-sim
GTEX-ZF2S-0426-SM-4WKGP	GTEX-ZF2S	Pancreas	GTEx-sim
GTEX-131XG-1426-SM-5GCMO	GTEX-131XG	Pancreas	GTEx-ref
GTEX-ZVT2-2026-SM-5NQ8Q	GTEX-ZVT2	Pancreas	GTEx-sim
GTEX-12WSD-1626-SM-5GCNR	GTEX-12WSD	Pancreas	GTEx-ref
GTEX-12WSK-0226-SM-5BC62	GTEX-12WSK	Pancreas	GTEx-ref
GTEX-X15G-0726-SM-4PQZ5	GTEX-X15G	Pancreas	GTEx-ref
GTEX-ZLWG-0326-SM-4WWC7	GTEX-ZLWG	Pancreas	GTEx-ref
GTEX-13PL7-2226-SM-5L3IC	GTEX-13PL7	Pancreas	GTEx-ref
GTEX-WI4N-1826-SM-4OOSF	GTEX-WI4N	Pancreas	GTEx-ref
GTEX-1128S-0826-SM-5GZZI	GTEX-1128S	Pancreas	GTEx-sim
GTEX-11VI4-0426-SM-5EGHZ	GTEX-11VI4	Pancreas	GTEx-ref
GTEX-Y5V5-1026-SM-5LUAH	GTEX-Y5V5	Pancreas	GTEx-ref
GTEX-R55G-0326-SM-48FDM	GTEX-R55G	Pancreas	GTEx-ref
GTEX-13OVI-0526-SM-5IFFQ	GTEX-13OVI	Pancreas	GTEx-sim
GTEX-1399S-0326-SM-5IFFS	GTEX-1399S	Pancreas	GTEx-sim
GTEX-ZF29-1126-SM-4WKGO	GTEX-ZF29	Pancreas	GTEx-sim
GTEX-11DXX-0926-SM-5H112	GTEX-11DXX	Pancreas	GTEx-sim
GTEX-ZAK1-2326-SM-5CVMY	GTEX-ZAK1	Pancreas	GTEx-ref
GTEX-145ME-0326-SM-5S2QO	GTEX-145ME	Pancreas	GTEx-ref
GTEX-SE5C-0326-SM-4BRWX	GTEX-SE5C	Pancreas	GTEx-ref
GTEX-YB5K-1826-SM-5IFJC	GTEX-YB5K	Pancreas	GTEx-sim
GTEX-1211K-1126-SM-5EGGB	GTEX-1211K	Pancreas	GTEx-ref
GTEX-TMMY-1326-SM-4DXU9	GTEX-TMMY	Pancreas	GTEx-sim
GTEX-W5WG-0826-SM-4RGNE	GTEX-W5WG	Pancreas	GTEx-sim
GTEX-13SLX-1326-SM-5S2QS	GTEX-13SLX	Pancreas	GTEx-ref
GTEX-XUW1-1726-SM-4BOOZ	GTEX-XUW1	Pancreas	GTEx-sim
GTEX-12WSG-1026-SM-5EGII	GTEX-12WSG	Pancreas	GTEx-ref
GTEX-WRHK-0226-SM-4MVOH	GTEX-WRHK	Pancreas	GTEx-sim
GTEX-W5X1-0226-SM-5CHTO	GTEX-W5X1	Pancreas	GTEx-ref
GTEX-117XS-2926-SM-5N9BX	GTEX-117XS	Pituitary	GTEx-sim
GTEX-11ONC-2826-SM-5P9GQ	GTEX-11ONC	Pituitary	GTEx-ref
GTEX-13FHP-3126-SM-5KLYX	GTEX-13FHP	Pituitary	GTEx-sim
GTEX-11DXY-3026-SM-5N9CB	GTEX-11DXY	Pituitary	GTEx-sim
GTEX-WVLH-3126-SM-3MJGA	GTEX-WVLH	Pituitary	GTEx-ref
GTEX-13CF2-3226-SM-5IFF6	GTEX-13CF2	Pituitary	GTEx-sim
GTEX-139UC-3026-SM-5IJE4	GTEX-139UC	Pituitary	GTEx-ref
GTEX-1192W-3026-SM-5GZZV	GTEX-1192W	Pituitary	GTEx-ref
GTEX-11NV4-2326-SM-5BC4X	GTEX-11NV4	Pituitary	GTEx-sim
GTEX-11GS4-3026-SM-5A5LG	GTEX-11GS4	Pituitary	GTEx-sim
GTEX-1477Z-2826-SM-5SI9J	GTEX-1477Z	Pituitary	GTEx-sim
GTEX-WZTO-3026-SM-3NMA2	GTEX-WZTO	Pituitary	GTEx-sim
GTEX-145MF-2626-SM-5O98S	GTEX-145MF	Pituitary	GTEx-ref
GTEX-12126-1126-SM-5P9GP	GTEX-12126	Pituitary	GTEx-sim
GTEX-14BMV-3126-SM-5S2UV	GTEX-14BMV	Pituitary	GTEx-ref
GTEX-11DXW-1226-SM-5H133	GTEX-11DXW	Pituitary	GTEx-sim
GTEX-147GR-2926-SM-5RQIN	GTEX-147GR	Pituitary	GTEx-sim
GTEX-14BIL-2926-SM-5SIAF	GTEX-14BIL	Pituitary	GTEx-ref
GTEX-11EI6-3126-SM-5H111	GTEX-11EI6	Pituitary	GTEx-sim
GTEX-13OVL-3226-SM-5L3H8	GTEX-13OVL	Pituitary	GTEx-sim
GTEX-13OW5-2926-SM-5IJF2	GTEX-13OW5	Pituitary	GTEx-ref
GTEX-11NUK-3126-SM-5986M	GTEX-11NUK	Pituitary	GTEx-ref
GTEX-13G51-3226-SM-5IFG7	GTEX-13G51	Pituitary	GTEx-sim
GTEX-13VXU-3126-SM-5SIA4	GTEX-13VXU	Pituitary	GTEx-sim
GTEX-12WSC-3126-SM-5GCNB	GTEX-12WSC	Pituitary	GTEx-sim
GTEX-12ZZW-3026-SM-5LZW7	GTEX-12ZZW	Pituitary	GTEx-ref
GTEX-148VJ-2926-SM-5Q5DA	GTEX-148VJ	Pituitary	GTEx-sim
GTEX-11OF3-3026-SM-5GU52	GTEX-11OF3	Pituitary	GTEx-sim
GTEX-145MH-3126-SM-5S2QT	GTEX-145MH	Pituitary	GTEx-sim
GTEX-Y111-2926-SM-4TT25	GTEX-Y111	Pituitary	GTEx-ref
GTEX-12584-3126-SM-5EGKR	GTEX-12584	Pituitary	GTEx-sim
GTEX-11O72-3026-SM-5986R	GTEX-11O72	Pituitary	GTEx-sim
GTEX-13112-3126-SM-5IFGP	GTEX-13112	Pituitary	GTEx-ref
GTEX-N7MS-2625-SM-3LK77	GTEX-N7MS	Pituitary	GTEx-sim
GTEX-R55E-2726-SM-48FCX	GTEX-R55E	Pituitary	GTEx-ref
GTEX-11ZUS-3026-SM-5EGI4	GTEX-11ZUS	Pituitary	GTEx-ref
GTEX-UTHO-3126-SM-3P5ZB	GTEX-UTHO	Pituitary	GTEx-ref
GTEX-XLM4-3126-SM-4AT6M	GTEX-XLM4	Pituitary	GTEx-ref
GTEX-1192X-3026-SM-5N9BM	GTEX-1192X	Pituitary	GTEx-sim
GTEX-139TT-2726-SM-5IJFM	GTEX-139TT	Pituitary	GTEx-ref
GTEX-145MO-3126-SM-5S2RT	GTEX-145MO	Pituitary	GTEx-ref
GTEX-12WSH-2926-SM-5GCMR	GTEX-12WSH	Pituitary	GTEx-ref
GTEX-OXRN-2626-SM-48TBX	GTEX-OXRN	Pituitary	GTEx-ref
GTEX-14753-2926-SM-5LU9J	GTEX-14753	Pituitary	GTEx-sim
GTEX-X261-3226-SM-3NMC3	GTEX-X261	Pituitary	GTEx-ref
GTEX-12ZZY-3126-SM-5DUX3	GTEX-12ZZY	Pituitary	GTEx-ref
GTEX-117YW-2826-SM-5H116	GTEX-117YW	Pituitary	GTEx-ref
GTEX-12696-3126-SM-5FQUX	GTEX-12696	Pituitary	GTEx-sim
GTEX-WL46-3026-SM-3LK7Z	GTEX-WL46	Pituitary	GTEx-sim
GTEX-13OVH-3126-SM-5MR4Z	GTEX-13OVH	Pituitary	GTEx-sim
GTEX-13RTJ-2926-SM-5Q5DE	GTEX-13RTJ	Pituitary	GTEx-sim
GTEX-ZAB4-3126-SM-57WCJ	GTEX-ZAB4	Pituitary	GTEx-ref
GTEX-13N1W-3126-SM-5IFHB	GTEX-13N1W	Pituitary	GTEx-ref
GTEX-13OW6-3126-SM-5L3IA	GTEX-13OW6	Pituitary	GTEx-sim
GTEX-11DYG-3126-SM-5A5L6	GTEX-11DYG	Pituitary	GTEx-sim
GTEX-ZF28-3126-SM-4WKFC	GTEX-ZF28	Pituitary	GTEx-ref
GTEX-13NYS-2926-SM-5IFGH	GTEX-13NYS	Pituitary	GTEx-sim
GTEX-X585-3126-SM-4QASH	GTEX-X585	Pituitary	GTEx-ref
GTEX-WHSE-3126-SM-3P5ZI	GTEX-WHSE	Pituitary	GTEx-ref
GTEX-13JVG-3026-SM-5IJEV	GTEX-13JVG	Pituitary	GTEx-ref
GTEX-14A5H-3026-SM-5RQHV	GTEX-14A5H	Pituitary	GTEx-ref
GTEX-11TUW-3026-SM-5EGKM	GTEX-11TUW	Pituitary	GTEx-ref
GTEX-13SLW-2926-SM-5Q5BQ	GTEX-13SLW	Pituitary	GTEx-ref
GTEX-13OW7-3126-SM-5L3HB	GTEX-13OW7	Pituitary	GTEx-sim
GTEX-ZDXO-1426-SM-4WKHG	GTEX-ZDXO	Pituitary	GTEx-sim
GTEX-12WSM-2226-SM-5DUVS	GTEX-12WSM	Pituitary	GTEx-sim
GTEX-T6MN-2726-SM-4DM77	GTEX-T6MN	Pituitary	GTEx-ref
GTEX-13X6J-3126-SM-5Q5EJ	GTEX-13X6J	Pituitary	GTEx-ref
GTEX-11GSO-2826-SM-5HL6Q	GTEX-11GSO	Pituitary	GTEx-sim
GTEX-11WQK-3226-SM-5EGI3	GTEX-11WQK	Pituitary	GTEx-sim
GTEX-13IVO-3026-SM-5J2M2	GTEX-13IVO	Pituitary	GTEx-sim
GTEX-13NZA-3126-SM-5IJFU	GTEX-13NZA	Pituitary	GTEx-ref
GTEX-T5JC-2526-SM-4DM6G	GTEX-T5JC	Pituitary	GTEx-sim
GTEX-ZYFD-3126-SM-5E44O	GTEX-ZYFD	Pituitary	GTEx-ref
GTEX-P44H-2626-SM-2XCET	GTEX-P44H	Pituitary	GTEx-sim
GTEX-111FC-3026-SM-5GZYJ	GTEX-111FC	Pituitary	GTEx-ref
GTEX-11ZVC-3226-SM-5FQV1	GTEX-11ZVC	Pituitary	GTEx-sim
GTEX-YFC4-3226-SM-5CVM2	GTEX-YFC4	Pituitary	GTEx-ref
GTEX-1313W-3226-SM-5LZUU	GTEX-1313W	Pituitary	GTEx-sim
GTEX-13FTY-2826-SM-5J2ML	GTEX-13FTY	Pituitary	GTEx-sim
GTEX-131YS-3226-SM-5IFGV	GTEX-131YS	Pituitary	GTEx-ref
GTEX-13SLX-3026-SM-5RQJU	GTEX-13SLX	Pituitary	GTEx-ref
GTEX-12ZZX-3026-SM-5GCP3	GTEX-12ZZX	Pituitary	GTEx-ref
GTEX-ZYY3-3226-SM-5SI9X	GTEX-ZYY3	Pituitary	GTEx-sim
GTEX-RNOR-2426-SM-48FDY	GTEX-RNOR	Pituitary	GTEx-ref
GTEX-11ZTS-3326-SM-5LU9Y	GTEX-11ZTS	Pituitary	GTEx-sim
GTEX-Q2AG-3026-SM-48U1L	GTEX-Q2AG	Pituitary	GTEx-ref
GTEX-RU72-3126-SM-46MUB	GTEX-RU72	Pituitary	GTEx-sim
GTEX-113JC-2826-SM-5EGIT	GTEX-113JC	Pituitary	GTEx-sim
GTEX-11EMC-3126-SM-5EGJP	GTEX-11EMC	Pituitary	GTEx-sim
GTEX-ZAJG-3226-SM-5HL9V	GTEX-ZAJG	Pituitary	GTEx-sim
GTEX-131XW-3226-SM-5LZUO	GTEX-131XW	Pituitary	GTEx-sim
GTEX-12WSB-3226-SM-59HJP	GTEX-12WSB	Pituitary	GTEx-ref
GTEX-13OVJ-2626-SM-5IJFT	GTEX-13OVJ	Pituitary	GTEx-sim
GTEX-13X6K-3026-SM-5QGPA	GTEX-13X6K	Pituitary	GTEx-sim
GTEX-12WSD-3226-SM-5HL9G	GTEX-12WSD	Pituitary	GTEx-sim
GTEX-N7MT-1026-SM-3TW8T	GTEX-N7MT	Pituitary	GTEx-ref
GTEX-WWYW-3226-SM-3NB3B	GTEX-WWYW	Pituitary	GTEx-ref
GTEX-TSE9-3126-SM-4DXSY	GTEX-TSE9	Pituitary	GTEx-ref
GTEX-1128S-2626-SM-5H11Z	GTEX-1128S	Pituitary	GTEx-ref
GTEX-13PLJ-1726-SM-5L3FT	GTEX-13PLJ	Pituitary	GTEx-sim
GTEX-12WS9-3026-SM-5EGIE	GTEX-12WS9	Pituitary	GTEx-sim
GTEX-NPJ7-2926-SM-3MJGQ	GTEX-NPJ7	Pituitary	GTEx-ref
GTEX-14BIM-3226-SM-5RQIQ	GTEX-14BIM	Pituitary	GTEx-ref
GTEX-139T4-0826-SM-5N9GF	GTEX-139T4	Pituitary	GTEx-ref
GTEX-X4EP-3226-SM-3P5YR	GTEX-X4EP	Pituitary	GTEx-ref
GTEX-QVJO-1226-SM-4R1KA	GTEX-QVJO	Pituitary	GTEx-ref
GTEX-V955-1826-SM-4JBIL	GTEX-V955	Prostate	GTEx-ref
GTEX-14ABY-0726-SM-5Q5DF	GTEX-14ABY	Prostate	GTEx-sim
GTEX-1399T-1226-SM-5P9J5	GTEX-1399T	Prostate	GTEx-sim
GTEX-11ZUS-2126-SM-5N9E6	GTEX-11ZUS	Prostate	GTEx-ref
GTEX-139T6-1526-SM-5P9G6	GTEX-139T6	Prostate	GTEx-sim
GTEX-13FHO-2826-SM-5K7ZA	GTEX-13FHO	Prostate	GTEx-sim
GTEX-ZLFU-1726-SM-4WWBU	GTEX-ZLFU	Prostate	GTEx-sim
GTEX-WY7C-2026-SM-4ONCM	GTEX-WY7C	Prostate	GTEx-sim
GTEX-S95S-1026-SM-4B64M	GTEX-S95S	Prostate	GTEx-sim
GTEX-11OF3-1726-SM-5GU5Q	GTEX-11OF3	Prostate	GTEx-sim
GTEX-13OW8-0426-SM-5J2NR	GTEX-13OW8	Prostate	GTEx-ref
GTEX-U3ZH-0926-SM-4DXU4	GTEX-U3ZH	Prostate	GTEx-sim
GTEX-1399R-0526-SM-5IJEF	GTEX-1399R	Prostate	GTEx-ref
GTEX-SJXC-2026-SM-4DM6N	GTEX-SJXC	Prostate	GTEx-sim
GTEX-132NY-2826-SM-5P9G2	GTEX-132NY	Prostate	GTEx-ref
GTEX-11O72-2726-SM-5HL6K	GTEX-11O72	Prostate	GTEx-ref
GTEX-OOBJ-2026-SM-3NB1R	GTEX-OOBJ	Prostate	GTEx-sim
GTEX-SUCS-1126-SM-4DM61	GTEX-SUCS	Prostate	GTEx-ref
GTEX-XPVG-2026-SM-4B65E	GTEX-XPVG	Prostate	GTEx-sim
GTEX-ZT9W-1626-SM-4YCDQ	GTEX-ZT9W	Prostate	GTEx-sim
GTEX-111FC-2026-SM-5GZYO	GTEX-111FC	Prostate	GTEx-ref
GTEX-117YW-1426-SM-5EGGO	GTEX-117YW	Prostate	GTEx-sim
GTEX-ZUA1-2826-SM-59HLE	GTEX-ZUA1	Prostate	GTEx-sim
GTEX-111YS-1726-SM-5GIED	GTEX-111YS	Prostate	GTEx-ref
GTEX-11EQ9-1726-SM-5HL6U	GTEX-11EQ9	Prostate	GTEx-sim
GTEX-13FXS-2826-SM-5LZYC	GTEX-13FXS	Prostate	GTEx-ref
GTEX-11DXZ-1826-SM-5H12Y	GTEX-11DXZ	Prostate	GTEx-sim
GTEX-QEG4-2226-SM-4R1JM	GTEX-QEG4	Prostate	GTEx-sim
GTEX-U3ZM-0926-SM-4DXSW	GTEX-U3ZM	Prostate	GTEx-ref
GTEX-131XF-1926-SM-5DUW4	GTEX-131XF	Prostate	GTEx-ref
GTEX-14BMV-2326-SM-5RQJ4	GTEX-14BMV	Prostate	GTEx-ref
GTEX-XOTO-2826-SM-4B65I	GTEX-XOTO	Prostate	GTEx-sim
GTEX-WFG8-1826-SM-4LVM4	GTEX-WFG8	Prostate	GTEx-ref
GTEX-YF7O-1926-SM-4W1YQ	GTEX-YF7O	Prostate	GTEx-ref
GTEX-VJYA-1226-SM-3GIJ6	GTEX-VJYA	Prostate	GTEx-ref
GTEX-U412-2026-SM-4DXSI	GTEX-U412	Prostate	GTEx-sim
GTEX-QV31-1026-SM-4R1K3	GTEX-QV31	Prostate	GTEx-sim
GTEX-132QS-1126-SM-5P9GC	GTEX-132QS	Prostate	GTEx-sim
GTEX-Y9LG-1826-SM-4VBQC	GTEX-Y9LG	Prostate	GTEx-ref
GTEX-11DYG-2526-SM-5N9BB	GTEX-11DYG	Prostate	GTEx-ref
GTEX-13O21-1126-SM-5N9EV	GTEX-13O21	Prostate	GTEx-sim
GTEX-YB5E-1826-SM-5IFI4	GTEX-YB5E	Prostate	GTEx-ref
GTEX-U4B1-1426-SM-4DXTX	GTEX-U4B1	Prostate	GTEx-ref
GTEX-ZDYS-1226-SM-5IJF3	GTEX-ZDYS	Prostate	GTEx-ref
GTEX-11P82-1126-SM-5BC5K	GTEX-11P82	Prostate	GTEx-ref
GTEX-QMRM-1426-SM-4R1K8	GTEX-QMRM	Prostate	GTEx-ref
GTEX-1477Z-2226-SM-5QGPG	GTEX-1477Z	Prostate	GTEx-ref
GTEX-11TUW-2126-SM-5GU7B	GTEX-11TUW	Prostate	GTEx-ref
GTEX-RWSA-2026-SM-47JX8	GTEX-RWSA	Prostate	GTEx-ref
GTEX-13FTW-1226-SM-5LZZ1	GTEX-13FTW	Prostate	GTEx-sim
GTEX-13N2G-1826-SM-5KM1I	GTEX-13N2G	Prostate	GTEx-sim
GTEX-WFG7-1826-SM-3GIL1	GTEX-WFG7	Prostate	GTEx-ref
GTEX-WH7G-1726-SM-4LVKY	GTEX-WH7G	Prostate	GTEx-sim
GTEX-S4Q7-1026-SM-4AD75	GTEX-S4Q7	Prostate	GTEx-ref
GTEX-REY6-2126-SM-48FD9	GTEX-REY6	Prostate	GTEx-ref
GTEX-12ZZZ-2026-SM-5LZWJ	GTEX-12ZZZ	Prostate	GTEx-sim
GTEX-117YX-1526-SM-5H12T	GTEX-117YX	Prostate	GTEx-sim
GTEX-SNOS-1026-SM-4DM4Y	GTEX-SNOS	Prostate	GTEx-sim
GTEX-V1D1-1926-SM-4JBGX	GTEX-V1D1	Prostate	GTEx-ref
GTEX-XMK1-1026-SM-4B65H	GTEX-XMK1	Prostate	GTEx-sim
GTEX-PLZ6-1126-SM-3P5ZR	GTEX-PLZ6	Prostate	GTEx-ref
GTEX-WFON-1626-SM-4LVMV	GTEX-WFON	Prostate	GTEx-ref
GTEX-YFCO-1626-SM-4W1Z3	GTEX-YFCO	Prostate	GTEx-ref
GTEX-146FQ-1726-SM-5QGPX	GTEX-146FQ	Prostate	GTEx-ref
GTEX-11P7K-0626-SM-5985Z	GTEX-11P7K	Prostate	GTEx-sim
GTEX-RM2N-1126-SM-48FCY	GTEX-RM2N	Prostate	GTEx-sim
GTEX-S3XE-1326-SM-4AD4H	GTEX-S3XE	Prostate	GTEx-ref
GTEX-11NSD-0826-SM-5986S	GTEX-11NSD	Prostate	GTEx-sim
GTEX-12C56-1326-SM-5FQSV	GTEX-12C56	Prostate	GTEx-ref
GTEX-T8EM-1826-SM-4DM7F	GTEX-T8EM	Prostate	GTEx-sim
GTEX-13111-1326-SM-5GCNO	GTEX-13111	Prostate	GTEx-ref
GTEX-UTHO-2726-SM-4JBH9	GTEX-UTHO	Prostate	GTEx-ref
GTEX-111CU-1526-SM-5N9FS	GTEX-111CU	Prostate	GTEx-sim
GTEX-14C5O-2826-SM-5RQI6	GTEX-14C5O	Prostate	GTEx-sim
GTEX-OIZH-2026-SM-3NB1M	GTEX-OIZH	Prostate	GTEx-sim
GTEX-Q2AI-1126-SM-48U19	GTEX-Q2AI	Prostate	GTEx-sim
GTEX-NFK9-2226-SM-3MJGP	GTEX-NFK9	Prostate	GTEx-ref
GTEX-13G51-2326-SM-5LZXV	GTEX-13G51	Prostate	GTEx-ref
GTEX-T5JC-1226-SM-4DM7C	GTEX-T5JC	Prostate	GTEx-sim
GTEX-X5EB-1826-SM-4E3K8	GTEX-X5EB	Prostate	GTEx-ref
GTEX-QLQ7-1326-SM-4R1JY	GTEX-QLQ7	Prostate	GTEx-ref
GTEX-145LV-1226-SM-5S2QH	GTEX-145LV	Prostate	GTEx-sim
GTEX-ZY6K-1526-SM-5GZXE	GTEX-ZY6K	Prostate	GTEx-sim
GTEX-ZTX8-1026-SM-5EGHD	GTEX-ZTX8	Prostate	GTEx-ref
GTEX-U8XE-2526-SM-4E3IT	GTEX-U8XE	Prostate	GTEx-sim
GTEX-XQ3S-2526-SM-4BOOG	GTEX-XQ3S	Prostate	GTEx-sim
GTEX-13O61-1726-SM-5KM46	GTEX-13O61	Prostate	GTEx-ref
GTEX-SNMC-0926-SM-4DM5U	GTEX-SNMC	Prostate	GTEx-sim
GTEX-YJ8A-1126-SM-5IFJU	GTEX-YJ8A	Prostate	GTEx-sim
GTEX-S33H-1826-SM-4AD65	GTEX-S33H	Prostate	GTEx-sim
GTEX-NPJ8-2426-SM-3MJHL	GTEX-NPJ8	Prostate	GTEx-ref
GTEX-WYJK-0626-SM-4ONCZ	GTEX-WYJK	Prostate	GTEx-ref
GTEX-144GM-0826-SM-5O98R	GTEX-144GM	Prostate	GTEx-sim
GTEX-QV44-1526-SM-4R1KI	GTEX-QV44	Prostate	GTEx-sim
GTEX-P4QS-2026-SM-3NMCG	GTEX-P4QS	Prostate	GTEx-ref
GTEX-13RTJ-2126-SM-5S2PZ	GTEX-13RTJ	Prostate	GTEx-ref
GTEX-XGQ4-1826-SM-4AT6F	GTEX-XGQ4	Prostate	GTEx-ref
GTEX-OOBK-2025-SM-3LK5S	GTEX-OOBK	Prostate	GTEx-sim
GTEX-ZYFD-2526-SM-5E45L	GTEX-ZYFD	Prostate	GTEx-sim
GTEX-WOFM-0326-SM-4OOSL	GTEX-WOFM	Prostate	GTEx-ref
GTEX-ZVTK-0226-SM-51MRG	GTEX-ZVTK	Skin - Not Sun Exposed (Suprapubic)	GTEx-sim
GTEX-ZDXO-3126-SM-5IJDF	GTEX-ZDXO	Skin - Not Sun Exposed (Suprapubic)	GTEx-ref
GTEX-VJYA-1526-SM-3GIJV	GTEX-VJYA	Skin - Not Sun Exposed (Suprapubic)	GTEx-ref
GTEX-11EI6-2826-SM-5H11D	GTEX-11EI6	Skin - Not Sun Exposed (Suprapubic)	GTEx-sim
GTEX-ZU9S-1826-SM-5NQ9E	GTEX-ZU9S	Skin - Not Sun Exposed (Suprapubic)	GTEx-sim
GTEX-ZAB5-2626-SM-5KM3Y	GTEX-ZAB5	Skin - Not Sun Exposed (Suprapubic)	GTEx-ref
GTEX-WK11-2726-SM-3NMAQ	GTEX-WK11	Skin - Not Sun Exposed (Suprapubic)	GTEx-sim
GTEX-13OW6-2726-SM-5J2OE	GTEX-13OW6	Skin - Not Sun Exposed (Suprapubic)	GTEx-sim
GTEX-YECK-0326-SM-4W1YS	GTEX-YECK	Skin - Not Sun Exposed (Suprapubic)	GTEx-ref
GTEX-146FQ-2126-SM-5RQHU	GTEX-146FQ	Skin - Not Sun Exposed (Suprapubic)	GTEx-ref
GTEX-11NUK-2726-SM-5A5MC	GTEX-11NUK	Skin - Not Sun Exposed (Suprapubic)	GTEx-ref
GTEX-1314G-1326-SM-5BC6E	GTEX-1314G	Skin - Not Sun Exposed (Suprapubic)	GTEx-sim
GTEX-1399R-1326-SM-5PNYS	GTEX-1399R	Skin - Not Sun Exposed (Suprapubic)	GTEx-ref
GTEX-145MG-1526-SM-5Q5EM	GTEX-145MG	Skin - Not Sun Exposed (Suprapubic)	GTEx-ref
GTEX-13112-0126-SM-5P9IU	GTEX-13112	Skin - Not Sun Exposed (Suprapubic)	GTEx-ref
GTEX-11DXY-0126-SM-5H11Q	GTEX-11DXY	Skin - Not Sun Exposed (Suprapubic)	GTEx-sim
GTEX-ZVE2-2826-SM-5GU51	GTEX-ZVE2	Skin - Not Sun Exposed (Suprapubic)	GTEx-sim
GTEX-13OW7-0426-SM-5K7VK	GTEX-13OW7	Skin - Not Sun Exposed (Suprapubic)	GTEx-sim
GTEX-WY7C-2126-SM-3NB2R	GTEX-WY7C	Skin - Not Sun Exposed (Suprapubic)	GTEx-sim
GTEX-13111-1826-SM-5GCP1	GTEX-13111	Skin - Not Sun Exposed (Suprapubic)	GTEx-ref
GTEX-13X6J-0626-SM-5LU5F	GTEX-13X6J	Skin - Not Sun Exposed (Suprapubic)	GTEx-sim
GTEX-V1D1-2026-SM-3GAF4	GTEX-V1D1	Skin - Not Sun Exposed (Suprapubic)	GTEx-sim
GTEX-11DXW-0826-SM-5H118	GTEX-11DXW	Skin - Not Sun Exposed (Suprapubic)	GTEx-ref
GTEX-12WSH-1526-SM-5BC5W	GTEX-12WSH	Skin - Not Sun Exposed (Suprapubic)	GTEx-ref
GTEX-111FC-2526-SM-5GZXU	GTEX-111FC	Skin - Not Sun Exposed (Suprapubic)	GTEx-ref
GTEX-WHPG-2626-SM-3NMBR	GTEX-WHPG	Skin - Not Sun Exposed (Suprapubic)	GTEx-sim
GTEX-12KS4-2126-SM-5FQUT	GTEX-12KS4	Skin - Not Sun Exposed (Suprapubic)	GTEx-ref
GTEX-13PVQ-0626-SM-5LU47	GTEX-13PVQ	Skin - Not Sun Exposed (Suprapubic)	GTEx-sim
GTEX-YEC4-1826-SM-4W1YP	GTEX-YEC4	Skin - Not Sun Exposed (Suprapubic)	GTEx-sim
GTEX-13OW8-1026-SM-5J1NQ	GTEX-13OW8	Skin - Not Sun Exposed (Suprapubic)	GTEx-sim
GTEX-11EQ8-0926-SM-5H12V	GTEX-11EQ8	Skin - Not Sun Exposed (Suprapubic)	GTEx-sim
GTEX-14A6H-2026-SM-5Q5DD	GTEX-14A6H	Skin - Not Sun Exposed (Suprapubic)	GTEx-ref
GTEX-ZAB4-2126-SM-5HL8U	GTEX-ZAB4	Skin - Not Sun Exposed (Suprapubic)	GTEx-ref
GTEX-13NYB-0126-SM-5J1MD	GTEX-13NYB	Skin - Not Sun Exposed (Suprapubic)	GTEx-sim
GTEX-144FL-0626-SM-5LU43	GTEX-144FL	Skin - Not Sun Exposed (Suprapubic)	GTEx-ref
GTEX-YEC3-1326-SM-4WWEL	GTEX-YEC3	Skin - Not Sun Exposed (Suprapubic)	GTEx-sim
GTEX-ZYFC-0426-SM-5GICQ	GTEX-ZYFC	Skin - Not Sun Exposed (Suprapubic)	GTEx-sim
GTEX-12ZZY-0726-SM-5EQ66	GTEX-12ZZY	Skin - Not Sun Exposed (Suprapubic)	GTEx-sim
GTEX-ZDTS-0826-SM-4WKHL	GTEX-ZDTS	Skin - Not Sun Exposed (Suprapubic)	GTEx-ref
GTEX-11DYG-1526-SM-5A5JS	GTEX-11DYG	Skin - Not Sun Exposed (Suprapubic)	GTEx-sim
GTEX-11OF3-0126-SM-5PNYF	GTEX-11OF3	Skin - Not Sun Exposed (Suprapubic)	GTEx-ref
GTEX-11O72-0626-SM-5PNYE	GTEX-11O72	Skin - Not Sun Exposed (Suprapubic)	GTEx-sim
GTEX-Y8E4-2026-SM-5IFJB	GTEX-Y8E4	Skin - Not Sun Exposed (Suprapubic)	GTEx-ref
GTEX-13G51-1826-SM-5KLZH	GTEX-13G51	Skin - Not Sun Exposed (Suprapubic)	GTEx-sim
GTEX-13OVG-1626-SM-5J1NF	GTEX-13OVG	Skin - Not Sun Exposed (Suprapubic)	GTEx-sim
GTEX-ZDYS-2426-SM-4WKGI	GTEX-ZDYS	Skin - Not Sun Exposed (Suprapubic)	GTEx-ref
GTEX-14B4R-1326-SM-5Q5EZ	GTEX-14B4R	Skin - Not Sun Exposed (Suprapubic)	GTEx-ref
GTEX-UPJH-0226-SM-3GADV	GTEX-UPJH	Skin - Not Sun Exposed (Suprapubic)	GTEx-ref
GTEX-WFON-1926-SM-3LK7L	GTEX-WFON	Skin - Not Sun Exposed (Suprapubic)	GTEx-ref
GTEX-13N2G-0226-SM-5K7VF	GTEX-13N2G	Skin - Not Sun Exposed (Suprapubic)	GTEx-ref
GTEX-XOTO-0726-SM-4B659	GTEX-XOTO	Skin - Not Sun Exposed (Suprapubic)	GTEx-sim
GTEX-13VXU-0626-SM-5L3F9	GTEX-13VXU	Skin - Not Sun Exposed (Suprapubic)	GTEx-ref
GTEX-ZV7C-0926-SM-59HL1	GTEX-ZV7C	Skin - Not Sun Exposed (Suprapubic)	GTEx-sim
GTEX-Y5V6-2326-SM-4VDSA	GTEX-Y5V6	Skin - Not Sun Exposed (Suprapubic)	GTEx-sim
GTEX-14C38-0726-SM-5SI6M	GTEX-14C38	Skin - Not Sun Exposed (Suprapubic)	GTEx-sim
GTEX-VUSG-2326-SM-4KL1U	GTEX-VUSG	Skin - Not Sun Exposed (Suprapubic)	GTEx-ref
GTEX-ZUA1-2626-SM-5NQ92	GTEX-ZUA1	Skin - Not Sun Exposed (Suprapubic)	GTEx-ref
GTEX-ZZ64-1026-SM-5GZXG	GTEX-ZZ64	Skin - Not Sun Exposed (Suprapubic)	GTEx-ref
GTEX-13OVL-0126-SM-5L3GJ	GTEX-13OVL	Skin - Not Sun Exposed (Suprapubic)	GTEx-ref
GTEX-13JVG-0726-SM-5KM16	GTEX-13JVG	Skin - Not Sun Exposed (Suprapubic)	GTEx-ref
GTEX-U8XE-0226-SM-4E3J3	GTEX-U8XE	Skin - Not Sun Exposed (Suprapubic)	GTEx-sim
GTEX-12126-0826-SM-5FQTZ	GTEX-12126	Skin - Not Sun Exposed (Suprapubic)	GTEx-ref
GTEX-1212Z-0126-SM-59HK4	GTEX-1212Z	Skin - Not Sun Exposed (Suprapubic)	GTEx-sim
GTEX-ZPU1-1126-SM-4YCF3	GTEX-ZPU1	Skin - Not Sun Exposed (Suprapubic)	GTEx-ref
GTEX-13NZ9-2626-SM-5L3FK	GTEX-13NZ9	Skin - Not Sun Exposed (Suprapubic)	GTEx-ref
GTEX-ZDTT-0426-SM-4WKFL	GTEX-ZDTT	Skin - Not Sun Exposed (Suprapubic)	GTEx-sim
GTEX-12WSL-2026-SM-5GCML	GTEX-12WSL	Skin - Not Sun Exposed (Suprapubic)	GTEx-sim
GTEX-XQ8I-0926-SM-4BOOF	GTEX-XQ8I	Skin - Not Sun Exposed (Suprapubic)	GTEx-ref
GTEX-ZYFD-0626-SM-5E44E	GTEX-ZYFD	Skin - Not Sun Exposed (Suprapubic)	GTEx-sim
GTEX-11DZ1-2426-SM-5GZZX	GTEX-11DZ1	Skin - Not Sun Exposed (Suprapubic)	GTEx-sim
GTEX-YEC3-1326-SM-5PNXV	GTEX-YEC3	Skin - Not Sun Exposed (Suprapubic)	GTEx-sim
GTEX-X3Y1-2026-SM-3P5YM	GTEX-X3Y1	Skin - Not Sun Exposed (Suprapubic)	GTEx-ref
GTEX-ZYW4-0626-SM-59HJR	GTEX-ZYW4	Skin - Not Sun Exposed (Suprapubic)	GTEx-ref
GTEX-12C56-1526-SM-5FQUQ	GTEX-12C56	Skin - Not Sun Exposed (Suprapubic)	GTEx-sim
GTEX-12WSC-2826-SM-5BC5Y	GTEX-12WSC	Skin - Not Sun Exposed (Suprapubic)	GTEx-ref
GTEX-ZTTD-2826-SM-4YCFA	GTEX-ZTTD	Skin - Not Sun Exposed (Suprapubic)	GTEx-ref
GTEX-11DXZ-2026-SM-5987S	GTEX-11DXZ	Skin - Not Sun Exposed (Suprapubic)	GTEx-sim
GTEX-13X6I-1826-SM-5SIAO	GTEX-13X6I	Skin - Not Sun Exposed (Suprapubic)	GTEx-ref
GTEX-ZVP2-0326-SM-57WBP	GTEX-ZVP2	Skin - Not Sun Exposed (Suprapubic)	GTEx-ref
GTEX-11ZUS-2626-SM-5FQUR	GTEX-11ZUS	Skin - Not Sun Exposed (Suprapubic)	GTEx-ref
GTEX-ZT9X-1526-SM-5DUXD	GTEX-ZT9X	Skin - Not Sun Exposed (Suprapubic)	GTEx-ref
GTEX-111YS-1526-SM-5GZYW	GTEX-111YS	Skin - Not Sun Exposed (Suprapubic)	GTEx-ref
GTEX-139TS-2126-SM-5K7XC	GTEX-139TS	Skin - Not Sun Exposed (Suprapubic)	GTEx-sim
GTEX-ZTSS-1426-SM-5985P	GTEX-ZTSS	Skin - Not Sun Exposed (Suprapubic)	GTEx-sim
GTEX-12584-0726-SM-5FQTK	GTEX-12584	Skin - Not Sun Exposed (Suprapubic)	GTEx-ref
GTEX-Z93S-1626-SM-5CVMB	GTEX-Z93S	Skin - Not Sun Exposed (Suprapubic)	GTEx-sim
GTEX-145MH-2826-SM-5RQJF	GTEX-145MH	Skin - Not Sun Exposed (Suprapubic)	GTEx-ref
GTEX-WH7G-2026-SM-3NMBL	GTEX-WH7G	Skin - Not Sun Exposed (Suprapubic)	GTEx-ref
GTEX-WYJK-0526-SM-3NM8Z	GTEX-WYJK	Skin - Not Sun Exposed (Suprapubic)	GTEx-ref
GTEX-11P7K-1126-SM-5HL4L	GTEX-11P7K	Skin - Not Sun Exposed (Suprapubic)	GTEx-sim
GTEX-ZWKS-0626-SM-5GIDV	GTEX-ZWKS	Skin - Not Sun Exposed (Suprapubic)	GTEx-sim
GTEX-XXEK-1626-SM-4BRUZ	GTEX-XXEK	Skin - Not Sun Exposed (Suprapubic)	GTEx-ref
GTEX-ZT9W-1126-SM-57WDR	GTEX-ZT9W	Skin - Not Sun Exposed (Suprapubic)	GTEx-ref
GTEX-11EQ9-1626-SM-5PNY8	GTEX-11EQ9	Skin - Not Sun Exposed (Suprapubic)	GTEx-ref
GTEX-XBED-1926-SM-47JYP	GTEX-XBED	Skin - Not Sun Exposed (Suprapubic)	GTEx-ref
GTEX-13FLV-0126-SM-5K7WT	GTEX-13FLV	Skin - Not Sun Exposed (Suprapubic)	GTEx-sim
GTEX-139YR-1026-SM-5LZYN	GTEX-139YR	Skin - Not Sun Exposed (Suprapubic)	GTEx-sim
GTEX-XBEC-0726-SM-4QARZ	GTEX-XBEC	Skin - Not Sun Exposed (Suprapubic)	GTEx-ref
GTEX-139UW-0326-SM-5J1ML	GTEX-139UW	Skin - Not Sun Exposed (Suprapubic)	GTEx-ref
GTEX-13FTW-0326-SM-5K7UW	GTEX-13FTW	Skin - Not Sun Exposed (Suprapubic)	GTEx-ref
GTEX-1497J-0226-SM-5QGPU	GTEX-1497J	Skin - Not Sun Exposed (Suprapubic)	GTEx-sim
GTEX-139TU-0726-SM-5L3EK	GTEX-139TU	Skin - Not Sun Exposed (Suprapubic)	GTEx-ref
GTEX-XQ3S-1426-SM-4BOPR	GTEX-XQ3S	Skin - Not Sun Exposed (Suprapubic)	GTEx-sim
GTEX-12WSN-1426-SM-5GCO6	GTEX-12WSN	Skin - Not Sun Exposed (Suprapubic)	GTEx-ref
GTEX-1192X-2726-SM-5N9DN	GTEX-1192X	Skin - Not Sun Exposed (Suprapubic)	GTEx-ref
GTEX-139TT-2126-SM-5LZWC	GTEX-139TT	Skin - Not Sun Exposed (Suprapubic)	GTEx-ref
GTEX-145MN-1526-SM-5SI9T	GTEX-145MN	Skin - Not Sun Exposed (Suprapubic)	GTEx-sim
GTEX-11LCK-2226-SM-5HL4Q	GTEX-11LCK	Skin - Not Sun Exposed (Suprapubic)	GTEx-sim
GTEX-14753-0726-SM-5QGQO	GTEX-14753	Skin - Not Sun Exposed (Suprapubic)	GTEx-sim
GTEX-ZE9C-2526-SM-5IJDR	GTEX-ZE9C	Skin - Not Sun Exposed (Suprapubic)	GTEx-ref
GTEX-145MO-2826-SM-5LU96	GTEX-145MO	Skin - Not Sun Exposed (Suprapubic)	GTEx-ref
GTEX-XK95-0226-SM-4AT58	GTEX-XK95	Skin - Not Sun Exposed (Suprapubic)	GTEx-sim
GTEX-139T8-0626-SM-5KLZX	GTEX-139T8	Skin - Not Sun Exposed (Suprapubic)	GTEx-ref
GTEX-11TUW-0626-SM-5LU9M	GTEX-11TUW	Skin - Not Sun Exposed (Suprapubic)	GTEx-sim
GTEX-XPVG-2126-SM-4B667	GTEX-XPVG	Skin - Not Sun Exposed (Suprapubic)	GTEx-sim
GTEX-13FHO-0426-SM-5L3F5	GTEX-13FHO	Skin - Not Sun Exposed (Suprapubic)	GTEx-ref
GTEX-14A5H-0826-SM-5QGPJ	GTEX-14A5H	Skin - Not Sun Exposed (Suprapubic)	GTEx-sim
GTEX-11TT1-1826-SM-5EQLV	GTEX-11TT1	Skin - Not Sun Exposed (Suprapubic)	GTEx-sim
GTEX-1399Q-2326-SM-5KM2X	GTEX-1399Q	Skin - Not Sun Exposed (Suprapubic)	GTEx-ref
GTEX-WHWD-1826-SM-3LK6I	GTEX-WHWD	Skin - Not Sun Exposed (Suprapubic)	GTEx-ref
GTEX-Y3I4-1726-SM-4TT89	GTEX-Y3I4	Skin - Not Sun Exposed (Suprapubic)	GTEx-sim
GTEX-11WQC-1826-SM-5GU59	GTEX-11WQC	Skin - Not Sun Exposed (Suprapubic)	GTEx-sim
GTEX-12696-0126-SM-5EQ4L	GTEX-12696	Skin - Not Sun Exposed (Suprapubic)	GTEx-ref
GTEX-13OW5-2326-SM-5L3HO	GTEX-13OW5	Skin - Not Sun Exposed (Suprapubic)	GTEx-sim
GTEX-ZA64-1026-SM-5HL8R	GTEX-ZA64	Skin - Not Sun Exposed (Suprapubic)	GTEx-sim
GTEX-13NYS-0626-SM-5L3F1	GTEX-13NYS	Skin - Not Sun Exposed (Suprapubic)	GTEx-sim
GTEX-ZXG5-2126-SM-59HKD	GTEX-ZXG5	Skin - Not Sun Exposed (Suprapubic)	GTEx-sim
GTEX-131XF-2626-SM-5EQ6K	GTEX-131XF	Skin - Not Sun Exposed (Suprapubic)	GTEx-sim
GTEX-X585-2426-SM-46MW2	GTEX-X585	Skin - Not Sun Exposed (Suprapubic)	GTEx-ref
GTEX-131XH-0126-SM-5LZUY	GTEX-131XH	Skin - Not Sun Exposed (Suprapubic)	GTEx-sim
GTEX-YF7O-1526-SM-5IFI6	GTEX-YF7O	Skin - Not Sun Exposed (Suprapubic)	GTEx-sim
GTEX-13SLW-0626-SM-5Q5ER	GTEX-13SLW	Skin - Not Sun Exposed (Suprapubic)	GTEx-sim
GTEX-117YX-1926-SM-5GIEC	GTEX-117YX	Skin - Not Sun Exposed (Suprapubic)	GTEx-ref
GTEX-YFCO-1226-SM-5LUAT	GTEX-YFCO	Skin - Not Sun Exposed (Suprapubic)	GTEx-sim
GTEX-ZYT6-2326-SM-5GZY3	GTEX-ZYT6	Skin - Not Sun Exposed (Suprapubic)	GTEx-sim
GTEX-WHSE-0126-SM-3NMBT	GTEX-WHSE	Skin - Not Sun Exposed (Suprapubic)	GTEx-sim
GTEX-XBEW-1126-SM-4QARW	GTEX-XBEW	Skin - Not Sun Exposed (Suprapubic)	GTEx-sim
GTEX-13PDP-0726-SM-5L3HP	GTEX-13PDP	Skin - Not Sun Exposed (Suprapubic)	GTEx-ref
GTEX-WHSB-1326-SM-3LK6W	GTEX-WHSB	Skin - Not Sun Exposed (Suprapubic)	GTEx-sim
GTEX-111VG-1626-SM-5EGIO	GTEX-111VG	Skin - Not Sun Exposed (Suprapubic)	GTEx-ref
GTEX-Y111-0626-SM-4SOIT	GTEX-Y111	Skin - Not Sun Exposed (Suprapubic)	GTEx-sim
GTEX-ZVZP-1226-SM-5GID7	GTEX-ZVZP	Skin - Not Sun Exposed (Suprapubic)	GTEx-sim
GTEX-13OVH-0526-SM-5L3E6	GTEX-13OVH	Skin - Not Sun Exposed (Suprapubic)	GTEx-sim
GTEX-144GO-2026-SM-5O99P	GTEX-144GO	Skin - Not Sun Exposed (Suprapubic)	GTEx-sim
GTEX-XAJ8-1426-SM-47JYM	GTEX-XAJ8	Skin - Not Sun Exposed (Suprapubic)	GTEx-sim
GTEX-11WQK-1026-SM-5EQLX	GTEX-11WQK	Skin - Not Sun Exposed (Suprapubic)	GTEx-ref
GTEX-Y9LG-1126-SM-4VBQ7	GTEX-Y9LG	Skin - Not Sun Exposed (Suprapubic)	GTEx-sim
GTEX-111CU-1126-SM-5EGIM	GTEX-111CU	Skin - Not Sun Exposed (Suprapubic)	GTEx-ref
GTEX-14C39-1726-SM-5RQIL	GTEX-14C39	Skin - Not Sun Exposed (Suprapubic)	GTEx-ref
GTEX-ZY6K-1426-SM-5GZX2	GTEX-ZY6K	Skin - Not Sun Exposed (Suprapubic)	GTEx-ref
GTEX-ZLFU-1826-SM-4WWBV	GTEX-ZLFU	Skin - Not Sun Exposed (Suprapubic)	GTEx-ref
GTEX-ZTX8-1326-SM-4YCEL	GTEX-ZTX8	Skin - Not Sun Exposed (Suprapubic)	GTEx-ref
GTEX-WFG7-2026-SM-5SI7P	GTEX-WFG7	Skin - Not Sun Exposed (Suprapubic)	GTEx-ref
GTEX-148VJ-0626-SM-5LUAW	GTEX-148VJ	Skin - Not Sun Exposed (Suprapubic)	GTEx-ref
GTEX-13IVO-0726-SM-5LZYV	GTEX-13IVO	Skin - Not Sun Exposed (Suprapubic)	GTEx-ref
GTEX-11ZU8-0126-SM-5EQ58	GTEX-11ZU8	Skin - Not Sun Exposed (Suprapubic)	GTEx-sim
GTEX-12BJ1-0926-SM-5EQ62	GTEX-12BJ1	Skin - Not Sun Exposed (Suprapubic)	GTEx-sim
GTEX-WYVS-1626-SM-3NM9R	GTEX-WYVS	Skin - Not Sun Exposed (Suprapubic)	GTEx-sim
GTEX-X4EO-2926-SM-4E3JH	GTEX-X4EO	Skin - Not Sun Exposed (Suprapubic)	GTEx-sim
GTEX-WRHU-2826-SM-3MJG8	GTEX-WRHU	Skin - Not Sun Exposed (Suprapubic)	GTEx-sim
GTEX-131YS-2826-SM-5EQ47	GTEX-131YS	Skin - Not Sun Exposed (Suprapubic)	GTEx-sim
GTEX-YJ8O-2526-SM-5HL85	GTEX-YJ8O	Skin - Not Sun Exposed (Suprapubic)	GTEx-sim
GTEX-ZAK1-0626-SM-5HL8E	GTEX-ZAK1	Skin - Not Sun Exposed (Suprapubic)	GTEx-sim
GTEX-WYBS-0626-SM-3NMAS	GTEX-WYBS	Skin - Not Sun Exposed (Suprapubic)	GTEx-ref
GTEX-13X6K-0626-SM-5LU5D	GTEX-13X6K	Skin - Not Sun Exposed (Suprapubic)	GTEx-sim
GTEX-ZC5H-1526-SM-5HL9Y	GTEX-ZC5H	Skin - Not Sun Exposed (Suprapubic)	GTEx-ref
GTEX-ZLWG-0826-SM-59888	GTEX-ZLWG	Skin - Not Sun Exposed (Suprapubic)	GTEx-sim
GTEX-12WSB-2926-SM-59HKL	GTEX-12WSB	Skin - Not Sun Exposed (Suprapubic)	GTEx-sim
GTEX-131XW-0626-SM-5PNVD	GTEX-131XW	Skin - Not Sun Exposed (Suprapubic)	GTEx-sim
GTEX-13U4I-2226-SM-5LU5H	GTEX-13U4I	Skin - Not Sun Exposed (Suprapubic)	GTEx-sim
GTEX-WXYG-2026-SM-4E3IY	GTEX-WXYG	Skin - Not Sun Exposed (Suprapubic)	GTEx-ref
GTEX-YB5K-2026-SM-4VDT3	GTEX-YB5K	Skin - Not Sun Exposed (Suprapubic)	GTEx-ref
GTEX-11DXX-2126-SM-5PNYR	GTEX-11DXX	Skin - Not Sun Exposed (Suprapubic)	GTEx-ref
GTEX-ZP4G-1426-SM-4WWCL	GTEX-ZP4G	Skin - Not Sun Exposed (Suprapubic)	GTEx-sim
GTEX-145ME-1726-SM-5Q5EU	GTEX-145ME	Skin - Not Sun Exposed (Suprapubic)	GTEx-sim
GTEX-XOT4-0626-SM-4B66L	GTEX-XOT4	Skin - Not Sun Exposed (Suprapubic)	GTEx-sim
GTEX-Y3IK-1626-SM-4YCF5	GTEX-Y3IK	Skin - Not Sun Exposed (Suprapubic)	GTEx-ref
GTEX-XUW1-0926-SM-4BONX	GTEX-XUW1	Skin - Not Sun Exposed (Suprapubic)	GTEx-sim
GTEX-Y5V5-0126-SM-5S2NW	GTEX-Y5V5	Skin - Not Sun Exposed (Suprapubic)	GTEx-sim
GTEX-11ILO-0626-SM-5A5LO	GTEX-11ILO	Skin - Not Sun Exposed (Suprapubic)	GTEx-sim
GTEX-139D8-1126-SM-5LU8W	GTEX-139D8	Skin - Not Sun Exposed (Suprapubic)	GTEx-ref
GTEX-147F3-1726-SM-5SIAW	GTEX-147F3	Skin - Not Sun Exposed (Suprapubic)	GTEx-sim
GTEX-11EM3-1226-SM-5N9DD	GTEX-11EM3	Skin - Not Sun Exposed (Suprapubic)	GTEx-sim
GTEX-14BMU-1226-SM-5S2OR	GTEX-14BMU	Skin - Not Sun Exposed (Suprapubic)	GTEx-sim
GTEX-11VI4-1126-SM-5EQMD	GTEX-11VI4	Skin - Not Sun Exposed (Suprapubic)	GTEx-sim
GTEX-W5X1-2526-SM-3GILC	GTEX-W5X1	Skin - Not Sun Exposed (Suprapubic)	GTEx-sim
GTEX-12WSD-0626-SM-5GCMW	GTEX-12WSD	Skin - Not Sun Exposed (Suprapubic)	GTEx-ref
GTEX-ZYFG-1526-SM-5GZYM	GTEX-ZYFG	Skin - Not Sun Exposed (Suprapubic)	GTEx-ref
GTEX-13FTX-1526-SM-5K7VJ	GTEX-13FTX	Skin - Not Sun Exposed (Suprapubic)	GTEx-sim
GTEX-13VXT-1926-SM-5K7UO	GTEX-13VXT	Skin - Not Sun Exposed (Suprapubic)	GTEx-sim
GTEX-13O3O-2326-SM-5IJD6	GTEX-13O3O	Skin - Not Sun Exposed (Suprapubic)	GTEx-ref
GTEX-11P81-2226-SM-5PNYI	GTEX-11P81	Skin - Not Sun Exposed (Suprapubic)	GTEx-ref
GTEX-145MI-0626-SM-5SI8S	GTEX-145MI	Skin - Not Sun Exposed (Suprapubic)	GTEx-ref
GTEX-13113-1626-SM-5EQ4I	GTEX-13113	Skin - Not Sun Exposed (Suprapubic)	GTEx-ref
GTEX-Y8LW-1526-SM-5IFHL	GTEX-Y8LW	Skin - Not Sun Exposed (Suprapubic)	GTEx-sim
GTEX-13OVI-2726-SM-5KM56	GTEX-13OVI	Skin - Not Sun Exposed (Suprapubic)	GTEx-sim
GTEX-ZYWO-2226-SM-5GZXR	GTEX-ZYWO	Skin - Not Sun Exposed (Suprapubic)	GTEx-ref
GTEX-13JUV-2026-SM-5K7UA	GTEX-13JUV	Skin - Not Sun Exposed (Suprapubic)	GTEx-ref
GTEX-13FH7-1126-SM-5K7UG	GTEX-13FH7	Skin - Not Sun Exposed (Suprapubic)	GTEx-ref
GTEX-X4EP-0626-SM-3P621	GTEX-X4EP	Skin - Not Sun Exposed (Suprapubic)	GTEx-ref
GTEX-13D11-0926-SM-5J2NC	GTEX-13D11	Skin - Not Sun Exposed (Suprapubic)	GTEx-ref
GTEX-14BIN-1126-SM-5RQJZ	GTEX-14BIN	Skin - Not Sun Exposed (Suprapubic)	GTEx-sim
GTEX-133LE-2326-SM-5K7W3	GTEX-133LE	Skin - Not Sun Exposed (Suprapubic)	GTEx-ref
GTEX-1399U-1126-SM-5L3DB	GTEX-1399U	Skin - Not Sun Exposed (Suprapubic)	GTEx-ref
GTEX-XV7Q-1826-SM-4BRUV	GTEX-XV7Q	Skin - Not Sun Exposed (Suprapubic)	GTEx-sim
GTEX-132AR-0326-SM-5KM2C	GTEX-132AR	Skin - Not Sun Exposed (Suprapubic)	GTEx-ref
GTEX-1211K-1526-SM-5FQU4	GTEX-1211K	Skin - Not Sun Exposed (Suprapubic)	GTEx-sim
GTEX-XUJ4-1826-SM-4BOOU	GTEX-XUJ4	Skin - Not Sun Exposed (Suprapubic)	GTEx-sim
GTEX-13PVR-0426-SM-5RQK2	GTEX-13PVR	Skin - Not Sun Exposed (Suprapubic)	GTEx-sim
GTEX-ZE7O-2726-SM-51MT5	GTEX-ZE7O	Skin - Not Sun Exposed (Suprapubic)	GTEx-ref
GTEX-13W3W-0726-SM-5IJDQ	GTEX-13W3W	Skin - Not Sun Exposed (Suprapubic)	GTEx-ref
GTEX-1313W-0626-SM-5EQ4H	GTEX-1313W	Skin - Not Sun Exposed (Suprapubic)	GTEx-ref
GTEX-14AS3-1526-SM-5Q5ED	GTEX-14AS3	Skin - Not Sun Exposed (Suprapubic)	GTEx-ref
GTEX-ZYVF-0926-SM-5E44J	GTEX-ZYVF	Skin - Not Sun Exposed (Suprapubic)	GTEx-ref
GTEX-ZVT2-0126-SM-5GIDQ	GTEX-ZVT2	Skin - Not Sun Exposed (Suprapubic)	GTEx-ref
GTEX-13FTY-2126-SM-5IFFB	GTEX-13FTY	Skin - Not Sun Exposed (Suprapubic)	GTEx-sim
GTEX-13N11-2326-SM-5IJBF	GTEX-13N11	Skin - Not Sun Exposed (Suprapubic)	GTEx-sim
GTEX-WEY5-2326-SM-3GIKK	GTEX-WEY5	Skin - Not Sun Exposed (Suprapubic)	GTEx-ref
GTEX-11ZTT-2126-SM-5CVLO	GTEX-11ZTT	Skin - Not Sun Exposed (Suprapubic)	GTEx-ref
GTEX-WI4N-2726-SM-3LK7Y	GTEX-WI4N	Skin - Not Sun Exposed (Suprapubic)	GTEx-sim
GTEX-ZLV1-1526-SM-4WWBC	GTEX-ZLV1	Skin - Not Sun Exposed (Suprapubic)	GTEx-sim
GTEX-12WSK-2126-SM-5CVNC	GTEX-12WSK	Skin - Not Sun Exposed (Suprapubic)	GTEx-ref
GTEX-ZF29-0926-SM-4WKFZ	GTEX-ZF29	Skin - Not Sun Exposed (Suprapubic)	GTEx-ref
GTEX-12WS9-0326-SM-59HJV	GTEX-12WS9	Skin - Not Sun Exposed (Suprapubic)	GTEx-sim
GTEX-ZVE1-0726-SM-51MRN	GTEX-ZVE1	Skin - Not Sun Exposed (Suprapubic)	GTEx-ref
GTEX-X8HC-0626-SM-4E3HQ	GTEX-X8HC	Skin - Not Sun Exposed (Suprapubic)	GTEx-ref
GTEX-12ZZX-2426-SM-5GCOE	GTEX-12ZZX	Skin - Not Sun Exposed (Suprapubic)	GTEx-ref
GTEX-13OVJ-0826-SM-5J1OK	GTEX-13OVJ	Skin - Not Sun Exposed (Suprapubic)	GTEx-sim
GTEX-ZPCL-1126-SM-4WWFE	GTEX-ZPCL	Skin - Not Sun Exposed (Suprapubic)	GTEx-ref
GTEX-ZYY3-2926-SM-5GIEB	GTEX-ZYY3	Skin - Not Sun Exposed (Suprapubic)	GTEx-ref
GTEX-12WSJ-1126-SM-5LZVJ	GTEX-12WSJ	Skin - Not Sun Exposed (Suprapubic)	GTEx-sim
GTEX-1399S-0126-SM-5IJCF	GTEX-1399S	Skin - Not Sun Exposed (Suprapubic)	GTEx-ref
GTEX-Y114-2126-SM-4TT8B	GTEX-Y114	Skin - Not Sun Exposed (Suprapubic)	GTEx-sim
GTEX-TMKS-0126-SM-3DB7S	GTEX-TMKS	Skin - Sun Exposed (Lower Leg)	GTEx-ref
GTEX-11NUK-0126-SM-5A5L3	GTEX-11NUK	Skin - Sun Exposed (Lower Leg)	GTEx-ref
GTEX-11EQ8-0126-SM-5EQ54	GTEX-11EQ8	Skin - Sun Exposed (Lower Leg)	GTEx-ref
GTEX-ZDXO-3026-SM-5J1N5	GTEX-ZDXO	Skin - Sun Exposed (Lower Leg)	GTEx-sim
GTEX-SIU7-1726-SM-2XCDZ	GTEX-SIU7	Skin - Sun Exposed (Lower Leg)	GTEx-sim
GTEX-ZEX8-2426-SM-4WKG4	GTEX-ZEX8	Skin - Sun Exposed (Lower Leg)	GTEx-sim
GTEX-ZZPT-0226-SM-5E43X	GTEX-ZZPT	Skin - Sun Exposed (Lower Leg)	GTEx-sim
GTEX-WZTO-0126-SM-3NM95	GTEX-WZTO	Skin - Sun Exposed (Lower Leg)	GTEx-sim
GTEX-11DXY-2626-SM-5GIE7	GTEX-11DXY	Skin - Sun Exposed (Lower Leg)	GTEx-sim
GTEX-13OW7-0126-SM-5MR3B	GTEX-13OW7	Skin - Sun Exposed (Lower Leg)	GTEx-ref
GTEX-N7MS-0225-SM-4E3HO	GTEX-N7MS	Skin - Sun Exposed (Lower Leg)	GTEx-sim
GTEX-PVOW-0126-SM-2XCFA	GTEX-PVOW	Skin - Sun Exposed (Lower Leg)	GTEx-ref
GTEX-V1D1-2226-SM-3NMAX	GTEX-V1D1	Skin - Sun Exposed (Lower Leg)	GTEx-sim
GTEX-12KS4-0326-SM-5EQ41	GTEX-12KS4	Skin - Sun Exposed (Lower Leg)	GTEx-sim
GTEX-14E6E-1826-SM-5S2R7	GTEX-14E6E	Skin - Sun Exposed (Lower Leg)	GTEx-ref
GTEX-R55E-0126-SM-2TC5Y	GTEX-R55E	Skin - Sun Exposed (Lower Leg)	GTEx-ref
GTEX-13VXU-0126-SM-5SI9F	GTEX-13VXU	Skin - Sun Exposed (Lower Leg)	GTEx-ref
GTEX-117YW-2626-SM-5GZZH	GTEX-117YW	Skin - Sun Exposed (Lower Leg)	GTEx-ref
GTEX-RN64-0126-SM-2TC68	GTEX-RN64	Skin - Sun Exposed (Lower Leg)	GTEx-sim
GTEX-XUYS-0126-SM-47JWZ	GTEX-XUYS	Skin - Sun Exposed (Lower Leg)	GTEx-sim
GTEX-YJ8A-0426-SM-5IFID	GTEX-YJ8A	Skin - Sun Exposed (Lower Leg)	GTEx-sim
GTEX-11P82-1626-SM-59879	GTEX-11P82	Skin - Sun Exposed (Lower Leg)	GTEx-sim
GTEX-113IC-0126-SM-5HL6T	GTEX-113IC	Skin - Sun Exposed (Lower Leg)	GTEx-ref
GTEX-X62O-0126-SM-4E3JN	GTEX-X62O	Skin - Sun Exposed (Lower Leg)	GTEx-ref
GTEX-11O72-0126-SM-59887	GTEX-11O72	Skin - Sun Exposed (Lower Leg)	GTEx-ref
GTEX-T8EM-1026-SM-3DB7M	GTEX-T8EM	Skin - Sun Exposed (Lower Leg)	GTEx-ref
GTEX-ZT9W-2426-SM-57WFJ	GTEX-ZT9W	Skin - Sun Exposed (Lower Leg)	GTEx-ref
GTEX-QLQW-1126-SM-2S1Q8	GTEX-QLQW	Skin - Sun Exposed (Lower Leg)	GTEx-ref
GTEX-ZYW4-0126-SM-5E44A	GTEX-ZYW4	Skin - Sun Exposed (Lower Leg)	GTEx-ref
GTEX-QLQ7-1626-SM-2S1R8	GTEX-QLQ7	Skin - Sun Exposed (Lower Leg)	GTEx-sim
GTEX-QDVN-2026-SM-3GAEP	GTEX-QDVN	Skin - Sun Exposed (Lower Leg)	GTEx-sim
GTEX-WH7G-2326-SM-3NMBC	GTEX-WH7G	Skin - Sun Exposed (Lower Leg)	GTEx-ref
GTEX-139TT-0126-SM-5K7Y5	GTEX-139TT	Skin - Sun Exposed (Lower Leg)	GTEx-ref
GTEX-146FQ-0126-SM-5NQA9	GTEX-146FQ	Skin - Sun Exposed (Lower Leg)	GTEx-sim
GTEX-11GS4-2726-SM-5A5LE	GTEX-11GS4	Skin - Sun Exposed (Lower Leg)	GTEx-ref
GTEX-13OVL-0226-SM-5L3E9	GTEX-13OVL	Skin - Sun Exposed (Lower Leg)	GTEx-sim
GTEX-11DXW-0226-SM-5H122	GTEX-11DXW	Skin - Sun Exposed (Lower Leg)	GTEx-ref
GTEX-13N1W-0126-SM-5K7VT	GTEX-13N1W	Skin - Sun Exposed (Lower Leg)	GTEx-ref
GTEX-ZE9C-2726-SM-57WB5	GTEX-ZE9C	Skin - Sun Exposed (Lower Leg)	GTEx-ref
GTEX-13G51-2526-SM-5LZYK	GTEX-13G51	Skin - Sun Exposed (Lower Leg)	GTEx-sim
GTEX-147GR-0526-SM-5S2MY	GTEX-147GR	Skin - Sun Exposed (Lower Leg)	GTEx-ref
GTEX-ZF28-0126-SM-4WKGK	GTEX-ZF28	Skin - Sun Exposed (Lower Leg)	GTEx-sim
GTEX-1192X-0226-SM-5H12D	GTEX-1192X	Skin - Sun Exposed (Lower Leg)	GTEx-ref
GTEX-139TU-0126-SM-5K7WH	GTEX-139TU	Skin - Sun Exposed (Lower Leg)	GTEx-sim
GTEX-OOBK-0126-SM-2YUND	GTEX-OOBK	Skin - Sun Exposed (Lower Leg)	GTEx-sim
GTEX-147F4-0226-SM-5QGPW	GTEX-147F4	Skin - Sun Exposed (Lower Leg)	GTEx-sim
GTEX-VUSG-2526-SM-4KL1V	GTEX-VUSG	Skin - Sun Exposed (Lower Leg)	GTEx-sim
GTEX-117YX-2326-SM-5H12W	GTEX-117YX	Skin - Sun Exposed (Lower Leg)	GTEx-ref
GTEX-ZZ64-1726-SM-5GZYB	GTEX-ZZ64	Skin - Sun Exposed (Lower Leg)	GTEx-sim
GTEX-14A6H-0126-SM-5QGPK	GTEX-14A6H	Skin - Sun Exposed (Lower Leg)	GTEx-ref
GTEX-12ZZY-0226-SM-5LZVE	GTEX-12ZZY	Skin - Sun Exposed (Lower Leg)	GTEx-sim
GTEX-XPVG-2626-SM-4B669	GTEX-XPVG	Skin - Sun Exposed (Lower Leg)	GTEx-ref
GTEX-Y8DK-0126-SM-4TT3L	GTEX-Y8DK	Skin - Sun Exposed (Lower Leg)	GTEx-sim
GTEX-Y111-0126-SM-4SOIV	GTEX-Y111	Skin - Sun Exposed (Lower Leg)	GTEx-ref
GTEX-11WQC-2526-SM-5CVLE	GTEX-11WQC	Skin - Sun Exposed (Lower Leg)	GTEx-ref
GTEX-132NY-0326-SM-5IJBL	GTEX-132NY	Skin - Sun Exposed (Lower Leg)	GTEx-ref
GTEX-XOTO-0126-SM-4B66N	GTEX-XOTO	Skin - Sun Exposed (Lower Leg)	GTEx-sim
GTEX-11OF3-2626-SM-5GU7F	GTEX-11OF3	Skin - Sun Exposed (Lower Leg)	GTEx-ref
GTEX-Y8E4-0626-SM-4WWDL	GTEX-Y8E4	Skin - Sun Exposed (Lower Leg)	GTEx-ref
GTEX-13N2G-2626-SM-5J1OT	GTEX-13N2G	Skin - Sun Exposed (Lower Leg)	GTEx-ref
GTEX-SJXC-0126-SM-2XCFF	GTEX-SJXC	Skin - Sun Exposed (Lower Leg)	GTEx-sim
GTEX-WOFL-0126-SM-3MJG2	GTEX-WOFL	Skin - Sun Exposed (Lower Leg)	GTEx-ref
GTEX-11EI6-0126-SM-5985R	GTEX-11EI6	Skin - Sun Exposed (Lower Leg)	GTEx-sim
GTEX-13112-2826-SM-5DUWH	GTEX-13112	Skin - Sun Exposed (Lower Leg)	GTEx-ref
GTEX-11TUW-2726-SM-5EQLC	GTEX-11TUW	Skin - Sun Exposed (Lower Leg)	GTEx-sim
GTEX-PLZ6-1426-SM-5S2TR	GTEX-PLZ6	Skin - Sun Exposed (Lower Leg)	GTEx-sim
GTEX-ZDTS-0126-SM-4WAY5	GTEX-ZDTS	Skin - Sun Exposed (Lower Leg)	GTEx-sim
GTEX-111FC-0126-SM-5N9DL	GTEX-111FC	Skin - Sun Exposed (Lower Leg)	GTEx-sim
GTEX-14BMV-0126-SM-5S2PO	GTEX-14BMV	Skin - Sun Exposed (Lower Leg)	GTEx-ref
GTEX-12C56-1726-SM-5EQ61	GTEX-12C56	Skin - Sun Exposed (Lower Leg)	GTEx-sim
GTEX-YJ89-0126-SM-4TT3X	GTEX-YJ89	Skin - Sun Exposed (Lower Leg)	GTEx-sim
GTEX-12WSC-0126-SM-5EQ4P	GTEX-12WSC	Skin - Sun Exposed (Lower Leg)	GTEx-sim
GTEX-ZVZO-0126-SM-5A5L9	GTEX-ZVZO	Skin - Sun Exposed (Lower Leg)	GTEx-ref
GTEX-13W46-0226-SM-5SIAG	GTEX-13W46	Skin - Sun Exposed (Lower Leg)	GTEx-sim
GTEX-SUCS-1926-SM-32PM3	GTEX-SUCS	Skin - Sun Exposed (Lower Leg)	GTEx-ref
GTEX-Y3I4-2126-SM-4TT7C	GTEX-Y3I4	Skin - Sun Exposed (Lower Leg)	GTEx-sim
GTEX-P4QR-0326-SM-5SI8P	GTEX-P4QR	Skin - Sun Exposed (Lower Leg)	GTEx-sim
GTEX-ZVTK-0426-SM-51MRS	GTEX-ZVTK	Skin - Sun Exposed (Lower Leg)	GTEx-sim
GTEX-U8XE-0326-SM-3DB8P	GTEX-U8XE	Skin - Sun Exposed (Lower Leg)	GTEx-sim
GTEX-145LV-2126-SM-5LU8N	GTEX-145LV	Skin - Sun Exposed (Lower Leg)	GTEx-sim
GTEX-ZXG5-0126-SM-5GIEU	GTEX-ZXG5	Skin - Sun Exposed (Lower Leg)	GTEx-ref
GTEX-ZY6K-1826-SM-5GZXK	GTEX-ZY6K	Skin - Sun Exposed (Lower Leg)	GTEx-ref
GTEX-S7PM-0126-SM-4AD6S	GTEX-S7PM	Skin - Sun Exposed (Lower Leg)	GTEx-sim
GTEX-U4B1-1826-SM-4DXSU	GTEX-U4B1	Skin - Sun Exposed (Lower Leg)	GTEx-sim
GTEX-R55F-0126-SM-48FCK	GTEX-R55F	Skin - Sun Exposed (Lower Leg)	GTEx-sim
GTEX-13FXS-0226-SM-5IJCK	GTEX-13FXS	Skin - Sun Exposed (Lower Leg)	GTEx-ref
GTEX-ZAB5-1826-SM-5HL7C	GTEX-ZAB5	Skin - Sun Exposed (Lower Leg)	GTEx-sim
GTEX-14C5O-0126-SM-5SI6N	GTEX-14C5O	Skin - Sun Exposed (Lower Leg)	GTEx-sim
GTEX-WY7C-2326-SM-3NB2U	GTEX-WY7C	Skin - Sun Exposed (Lower Leg)	GTEx-ref
GTEX-ZDYS-2026-SM-5HL5L	GTEX-ZDYS	Skin - Sun Exposed (Lower Leg)	GTEx-ref
GTEX-ZVE2-0226-SM-59HJB	GTEX-ZVE2	Skin - Sun Exposed (Lower Leg)	GTEx-ref
GTEX-13FHP-0126-SM-5IJBG	GTEX-13FHP	Skin - Sun Exposed (Lower Leg)	GTEx-ref
GTEX-Z9EW-1626-SM-5CVMN	GTEX-Z9EW	Skin - Sun Exposed (Lower Leg)	GTEx-ref
GTEX-12WSL-2526-SM-5GCNJ	GTEX-12WSL	Skin - Sun Exposed (Lower Leg)	GTEx-ref
GTEX-ZDTT-2726-SM-4WKF8	GTEX-ZDTT	Skin - Sun Exposed (Lower Leg)	GTEx-ref
GTEX-WFON-2126-SM-3LK7O	GTEX-WFON	Skin - Sun Exposed (Lower Leg)	GTEx-sim
GTEX-11OC5-0126-SM-5HL6A	GTEX-11OC5	Skin - Sun Exposed (Lower Leg)	GTEx-ref
GTEX-13NYC-0326-SM-5K7WP	GTEX-13NYC	Skin - Sun Exposed (Lower Leg)	GTEx-sim
GTEX-145MN-2226-SM-5SIAU	GTEX-145MN	Skin - Sun Exposed (Lower Leg)	GTEx-ref
GTEX-O5YT-0126-SM-48TBW	GTEX-O5YT	Skin - Sun Exposed (Lower Leg)	GTEx-sim
GTEX-OIZG-0726-SM-33HBL	GTEX-OIZG	Skin - Sun Exposed (Lower Leg)	GTEx-sim
GTEX-OXRN-0126-SM-48TDM	GTEX-OXRN	Skin - Sun Exposed (Lower Leg)	GTEx-ref
GTEX-144GN-2326-SM-5LU4F	GTEX-144GN	Skin - Sun Exposed (Lower Leg)	GTEx-sim
GTEX-13RTJ-2426-SM-5S2Q2	GTEX-13RTJ	Skin - Sun Exposed (Lower Leg)	GTEx-sim
GTEX-RM2N-1426-SM-2TF4H	GTEX-RM2N	Skin - Sun Exposed (Lower Leg)	GTEx-ref
GTEX-13OW6-0426-SM-5L3HM	GTEX-13OW6	Skin - Sun Exposed (Lower Leg)	GTEx-sim
GTEX-111VG-2426-SM-5GZXD	GTEX-111VG	Skin - Sun Exposed (Lower Leg)	GTEx-sim
GTEX-12696-2426-SM-5EQ6H	GTEX-12696	Skin - Sun Exposed (Lower Leg)	GTEx-ref
GTEX-13O1R-0126-SM-5L3EH	GTEX-13O1R	Skin - Sun Exposed (Lower Leg)	GTEx-ref
GTEX-XBEW-0626-SM-4QASP	GTEX-XBEW	Skin - Sun Exposed (Lower Leg)	GTEx-ref
GTEX-ZU9S-0226-SM-5E441	GTEX-ZU9S	Skin - Sun Exposed (Lower Leg)	GTEx-sim
GTEX-13IVO-0126-SM-5J1NG	GTEX-13IVO	Skin - Sun Exposed (Lower Leg)	GTEx-sim
GTEX-Y5V6-2426-SM-4VDSB	GTEX-Y5V6	Skin - Sun Exposed (Lower Leg)	GTEx-ref
GTEX-12584-0126-SM-5EGKQ	GTEX-12584	Skin - Sun Exposed (Lower Leg)	GTEx-ref
GTEX-XXEK-2226-SM-4BRUM	GTEX-XXEK	Skin - Sun Exposed (Lower Leg)	GTEx-ref
GTEX-13OW8-1326-SM-5J1OW	GTEX-13OW8	Skin - Sun Exposed (Lower Leg)	GTEx-sim
GTEX-1399R-2726-SM-5IJBA	GTEX-1399R	Skin - Sun Exposed (Lower Leg)	GTEx-ref
GTEX-13O3P-0126-SM-5KM4S	GTEX-13O3P	Skin - Sun Exposed (Lower Leg)	GTEx-ref
GTEX-Z93T-0126-SM-5HL5N	GTEX-Z93T	Skin - Sun Exposed (Lower Leg)	GTEx-sim
GTEX-13SLW-0126-SM-5SI6C	GTEX-13SLW	Skin - Sun Exposed (Lower Leg)	GTEx-sim
GTEX-145LT-1726-SM-5QGP3	GTEX-145LT	Skin - Sun Exposed (Lower Leg)	GTEx-ref
GTEX-ZYFD-0126-SM-5GIDL	GTEX-ZYFD	Skin - Sun Exposed (Lower Leg)	GTEx-ref
GTEX-11DZ1-0126-SM-5985Q	GTEX-11DZ1	Skin - Sun Exposed (Lower Leg)	GTEx-ref
GTEX-XQ3S-1526-SM-4BOOC	GTEX-XQ3S	Skin - Sun Exposed (Lower Leg)	GTEx-sim
GTEX-XBED-2226-SM-47JYQ	GTEX-XBED	Skin - Sun Exposed (Lower Leg)	GTEx-ref
GTEX-ZTSS-1926-SM-57WEW	GTEX-ZTSS	Skin - Sun Exposed (Lower Leg)	GTEx-ref
GTEX-117XS-2726-SM-5N9BL	GTEX-117XS	Skin - Sun Exposed (Lower Leg)	GTEx-ref
GTEX-11GSO-2426-SM-5A5LY	GTEX-11GSO	Skin - Sun Exposed (Lower Leg)	GTEx-ref
GTEX-13O3Q-2426-SM-5IJBR	GTEX-13O3Q	Skin - Sun Exposed (Lower Leg)	GTEx-sim
GTEX-11NSD-2226-SM-5986V	GTEX-11NSD	Skin - Sun Exposed (Lower Leg)	GTEx-ref
GTEX-QEG4-0226-SM-2S1PY	GTEX-QEG4	Skin - Sun Exposed (Lower Leg)	GTEx-ref
GTEX-X4XX-0126-SM-3NMC2	GTEX-X4XX	Skin - Sun Exposed (Lower Leg)	GTEx-sim
GTEX-X4XY-0226-SM-4E3IZ	GTEX-X4XY	Skin - Sun Exposed (Lower Leg)	GTEx-sim
GTEX-ZQUD-1426-SM-57WER	GTEX-ZQUD	Skin - Sun Exposed (Lower Leg)	GTEx-sim
GTEX-13OW5-0126-SM-5MR3A	GTEX-13OW5	Skin - Sun Exposed (Lower Leg)	GTEx-ref
GTEX-X585-0226-SM-4QAS2	GTEX-X585	Skin - Sun Exposed (Lower Leg)	GTEx-sim
GTEX-131XH-2226-SM-5DUXJ	GTEX-131XH	Skin - Sun Exposed (Lower Leg)	GTEx-sim
GTEX-WQUQ-0426-SM-3MJFU	GTEX-WQUQ	Skin - Sun Exposed (Lower Leg)	GTEx-sim
GTEX-11H98-0126-SM-5EGHG	GTEX-11H98	Skin - Sun Exposed (Lower Leg)	GTEx-sim
GTEX-111CU-1926-SM-5GZYZ	GTEX-111CU	Skin - Sun Exposed (Lower Leg)	GTEx-sim
GTEX-12WSN-2326-SM-5DUVG	GTEX-12WSN	Skin - Sun Exposed (Lower Leg)	GTEx-ref
GTEX-RVPU-2226-SM-2XCAQ	GTEX-RVPU	Skin - Sun Exposed (Lower Leg)	GTEx-sim
GTEX-13X6J-0126-SM-5QGOU	GTEX-13X6J	Skin - Sun Exposed (Lower Leg)	GTEx-sim
GTEX-139TS-2826-SM-5J1OO	GTEX-139TS	Skin - Sun Exposed (Lower Leg)	GTEx-sim
GTEX-13X6I-0626-SM-5QGP9	GTEX-13X6I	Skin - Sun Exposed (Lower Leg)	GTEx-ref
GTEX-ZYT6-0226-SM-5NQ6T	GTEX-ZYT6	Skin - Sun Exposed (Lower Leg)	GTEx-ref
GTEX-13NZB-2526-SM-5J1OM	GTEX-13NZB	Skin - Sun Exposed (Lower Leg)	GTEx-ref
GTEX-RWSA-0126-SM-2XCBB	GTEX-RWSA	Skin - Sun Exposed (Lower Leg)	GTEx-sim
GTEX-1399T-2826-SM-5KLYZ	GTEX-1399T	Skin - Sun Exposed (Lower Leg)	GTEx-sim
GTEX-X261-0126-SM-3NMD6	GTEX-X261	Skin - Sun Exposed (Lower Leg)	GTEx-sim
GTEX-1212Z-2526-SM-5EGKP	GTEX-1212Z	Skin - Sun Exposed (Lower Leg)	GTEx-sim
GTEX-O5YW-0126-SM-3LK6D	GTEX-O5YW	Skin - Sun Exposed (Lower Leg)	GTEx-ref
GTEX-11ZU8-2526-SM-5EQKI	GTEX-11ZU8	Skin - Sun Exposed (Lower Leg)	GTEx-ref
GTEX-139T8-0126-SM-5K7XZ	GTEX-139T8	Skin - Sun Exposed (Lower Leg)	GTEx-sim
GTEX-YEC4-2126-SM-5IFJH	GTEX-YEC4	Skin - Sun Exposed (Lower Leg)	GTEx-sim
GTEX-SIU8-0126-SM-2XCDT	GTEX-SIU8	Skin - Sun Exposed (Lower Leg)	GTEx-ref
GTEX-OXRL-0126-SM-2YUMP	GTEX-OXRL	Skin - Sun Exposed (Lower Leg)	GTEx-ref
GTEX-OHPM-0126-SM-2YUN9	GTEX-OHPM	Skin - Sun Exposed (Lower Leg)	GTEx-sim
GTEX-WVJS-0126-SM-4MVOT	GTEX-WVJS	Skin - Sun Exposed (Lower Leg)	GTEx-sim
GTEX-X5EB-2226-SM-46MW4	GTEX-X5EB	Skin - Sun Exposed (Lower Leg)	GTEx-ref
GTEX-Z93S-0126-SM-5HL7M	GTEX-Z93S	Skin - Sun Exposed (Lower Leg)	GTEx-sim
GTEX-WYJK-0126-SM-3NMAB	GTEX-WYJK	Skin - Sun Exposed (Lower Leg)	GTEx-ref
GTEX-11P7K-2126-SM-5GU7G	GTEX-11P7K	Skin - Sun Exposed (Lower Leg)	GTEx-sim
GTEX-13FTW-2626-SM-5K7WL	GTEX-13FTW	Skin - Sun Exposed (Lower Leg)	GTEx-ref
GTEX-145MF-0626-SM-5LUAI	GTEX-145MF	Skin - Sun Exposed (Lower Leg)	GTEx-ref
GTEX-PSDG-0226-SM-33HC1	GTEX-PSDG	Skin - Sun Exposed (Lower Leg)	GTEx-sim
GTEX-13NYB-2526-SM-5K7Z6	GTEX-13NYB	Skin - Sun Exposed (Lower Leg)	GTEx-ref
GTEX-Q2AI-1326-SM-2S1PL	GTEX-Q2AI	Skin - Sun Exposed (Lower Leg)	GTEx-sim
GTEX-T6MN-0126-SM-32PLP	GTEX-T6MN	Skin - Sun Exposed (Lower Leg)	GTEx-sim
GTEX-QV44-1926-SM-2S1RF	GTEX-QV44	Skin - Sun Exposed (Lower Leg)	GTEx-sim
GTEX-11DXZ-2326-SM-5EGGV	GTEX-11DXZ	Skin - Sun Exposed (Lower Leg)	GTEx-ref
GTEX-12126-0326-SM-5PNW3	GTEX-12126	Skin - Sun Exposed (Lower Leg)	GTEx-ref
GTEX-14DAR-2026-SM-5S2O3	GTEX-14DAR	Skin - Sun Exposed (Lower Leg)	GTEx-sim
GTEX-11EQ9-2426-SM-5HL5T	GTEX-11EQ9	Skin - Sun Exposed (Lower Leg)	GTEx-sim
GTEX-11DYG-0126-SM-59883	GTEX-11DYG	Skin - Sun Exposed (Lower Leg)	GTEx-sim
GTEX-13PVQ-0126-SM-5SIB4	GTEX-13PVQ	Skin - Sun Exposed (Lower Leg)	GTEx-ref
GTEX-14A5H-0426-SM-5QGQF	GTEX-14A5H	Skin - Sun Exposed (Lower Leg)	GTEx-sim
GTEX-U3ZM-1526-SM-3DB9D	GTEX-U3ZM	Skin - Sun Exposed (Lower Leg)	GTEx-sim
GTEX-XQ8I-0426-SM-4BOPO	GTEX-XQ8I	Skin - Sun Exposed (Lower Leg)	GTEx-ref
GTEX-13111-1626-SM-5EGJY	GTEX-13111	Skin - Sun Exposed (Lower Leg)	GTEx-ref
GTEX-NFK9-0226-SM-2HMKQ	GTEX-NFK9	Skin - Sun Exposed (Lower Leg)	GTEx-ref
GTEX-13PDP-0126-SM-5L3HD	GTEX-13PDP	Skin - Sun Exposed (Lower Leg)	GTEx-ref
GTEX-14753-0426-SM-5NQAM	GTEX-14753	Skin - Sun Exposed (Lower Leg)	GTEx-sim
GTEX-13YAN-0326-SM-5O9DF	GTEX-13YAN	Skin - Sun Exposed (Lower Leg)	GTEx-sim
GTEX-11TT1-2526-SM-5EGIB	GTEX-11TT1	Skin - Sun Exposed (Lower Leg)	GTEx-sim
GTEX-RUSQ-1526-SM-2TF62	GTEX-RUSQ	Skin - Sun Exposed (Lower Leg)	GTEx-sim
GTEX-TMZS-0126-SM-3DB9Q	GTEX-TMZS	Skin - Sun Exposed (Lower Leg)	GTEx-sim
GTEX-11LCK-1026-SM-5A5KB	GTEX-11LCK	Skin - Sun Exposed (Lower Leg)	GTEx-ref
GTEX-12WSA-0226-SM-5BC5V	GTEX-12WSA	Skin - Sun Exposed (Lower Leg)	GTEx-ref
GTEX-131XF-2126-SM-5DUWS	GTEX-131XF	Skin - Sun Exposed (Lower Leg)	GTEx-ref
GTEX-PLZ6-1426-SM-2S1OQ	GTEX-PLZ6	Skin - Sun Exposed (Lower Leg)	GTEx-sim
GTEX-XAJ8-0826-SM-47JY6	GTEX-XAJ8	Skin - Sun Exposed (Lower Leg)	GTEx-sim
GTEX-13O21-1426-SM-5K7XI	GTEX-13O21	Skin - Sun Exposed (Lower Leg)	GTEx-sim
GTEX-ZWKS-0126-SM-5SIAA	GTEX-ZWKS	Skin - Sun Exposed (Lower Leg)	GTEx-ref
GTEX-OIZH-0126-SM-2HMIS	GTEX-OIZH	Skin - Sun Exposed (Lower Leg)	GTEx-ref
GTEX-139UW-2826-SM-5L3E7	GTEX-139UW	Skin - Sun Exposed (Lower Leg)	GTEx-ref
GTEX-12ZZZ-0626-SM-5DUXI	GTEX-12ZZZ	Skin - Sun Exposed (Lower Leg)	GTEx-ref
GTEX-S3XE-1726-SM-3K2AM	GTEX-S3XE	Skin - Sun Exposed (Lower Leg)	GTEx-ref
GTEX-T5JC-0426-SM-32PLO	GTEX-T5JC	Skin - Sun Exposed (Lower Leg)	GTEx-sim
GTEX-U8T8-0126-SM-3DB94	GTEX-U8T8	Skin - Sun Exposed (Lower Leg)	GTEx-sim
GTEX-13OVH-0126-SM-5MR4B	GTEX-13OVH	Skin - Sun Exposed (Lower Leg)	GTEx-sim
GTEX-ZVZP-2426-SM-59HKJ	GTEX-ZVZP	Skin - Sun Exposed (Lower Leg)	GTEx-sim
GTEX-NPJ8-0126-SM-2YUNR	GTEX-NPJ8	Skin - Sun Exposed (Lower Leg)	GTEx-sim
GTEX-P4PQ-0126-SM-2S1NM	GTEX-P4PQ	Skin - Sun Exposed (Lower Leg)	GTEx-ref
GTEX-ZTX8-1426-SM-5DUVO	GTEX-ZTX8	Skin - Sun Exposed (Lower Leg)	GTEx-ref
GTEX-PLZ5-2026-SM-2S1O4	GTEX-PLZ5	Skin - Sun Exposed (Lower Leg)	GTEx-ref
GTEX-QESD-1426-SM-2S1R9	GTEX-QESD	Skin - Sun Exposed (Lower Leg)	GTEx-sim
GTEX-14E6C-0126-SM-5RQIP	GTEX-14E6C	Skin - Sun Exposed (Lower Leg)	GTEx-ref
GTEX-UPK5-0726-SM-4IHL7	GTEX-UPK5	Skin - Sun Exposed (Lower Leg)	GTEx-ref
GTEX-X4EO-0326-SM-3P5YO	GTEX-X4EO	Skin - Sun Exposed (Lower Leg)	GTEx-ref
GTEX-OXRP-0126-SM-3NB32	GTEX-OXRP	Skin - Sun Exposed (Lower Leg)	GTEx-sim
GTEX-X638-0126-SM-47JZ8	GTEX-X638	Skin - Sun Exposed (Lower Leg)	GTEx-ref
GTEX-11DXX-2426-SM-5GZZW	GTEX-11DXX	Skin - Sun Exposed (Lower Leg)	GTEx-ref
GTEX-ZVT3-0126-SM-5GU6I	GTEX-ZVT3	Skin - Sun Exposed (Lower Leg)	GTEx-sim
GTEX-ZC5H-0226-SM-4WAY9	GTEX-ZC5H	Skin - Sun Exposed (Lower Leg)	GTEx-sim
GTEX-WYVS-2126-SM-3NMA3	GTEX-WYVS	Skin - Sun Exposed (Lower Leg)	GTEx-sim
GTEX-XV7Q-2526-SM-4BRV9	GTEX-XV7Q	Skin - Sun Exposed (Lower Leg)	GTEx-sim
GTEX-12WSD-0126-SM-59HKN	GTEX-12WSD	Skin - Sun Exposed (Lower Leg)	GTEx-sim
GTEX-12WSB-0126-SM-59HJN	GTEX-12WSB	Skin - Sun Exposed (Lower Leg)	GTEx-ref
GTEX-ZVZQ-0326-SM-59HLL	GTEX-ZVZQ	Skin - Sun Exposed (Lower Leg)	GTEx-ref
GTEX-113JC-2326-SM-5EQ4E	GTEX-113JC	Skin - Sun Exposed (Lower Leg)	GTEx-ref
GTEX-13SLX-0526-SM-5S2ON	GTEX-13SLX	Skin - Sun Exposed (Lower Leg)	GTEx-ref
GTEX-1313W-0126-SM-5LZUN	GTEX-1313W	Skin - Sun Exposed (Lower Leg)	GTEx-ref
GTEX-ZTPG-0326-SM-5O9AX	GTEX-ZTPG	Skin - Sun Exposed (Lower Leg)	GTEx-ref
GTEX-11ZVC-2526-SM-5FQTE	GTEX-11ZVC	Skin - Sun Exposed (Lower Leg)	GTEx-ref
GTEX-14DAQ-0126-SM-5S2MQ	GTEX-14DAQ	Skin - Sun Exposed (Lower Leg)	GTEx-sim
GTEX-13U4I-0126-SM-5LU38	GTEX-13U4I	Skin - Sun Exposed (Lower Leg)	GTEx-ref
GTEX-WXYG-2326-SM-4E3I6	GTEX-WXYG	Skin - Sun Exposed (Lower Leg)	GTEx-ref
GTEX-QDT8-0126-SM-48TZ1	GTEX-QDT8	Skin - Sun Exposed (Lower Leg)	GTEx-sim
GTEX-13S7M-0126-SM-5SI6A	GTEX-13S7M	Skin - Sun Exposed (Lower Leg)	GTEx-sim
GTEX-ZE7O-0126-SM-57WC1	GTEX-ZE7O	Skin - Sun Exposed (Lower Leg)	GTEx-ref
GTEX-RNOR-0126-SM-2TF57	GTEX-RNOR	Skin - Sun Exposed (Lower Leg)	GTEx-ref
GTEX-148VI-1626-SM-5SI6E	GTEX-148VI	Skin - Sun Exposed (Lower Leg)	GTEx-ref
GTEX-11EMC-2926-SM-5EQ4F	GTEX-11EMC	Skin - Sun Exposed (Lower Leg)	GTEx-sim
GTEX-11ILO-0126-SM-5A5LN	GTEX-11ILO	Skin - Sun Exposed (Lower Leg)	GTEx-sim
GTEX-OXRP-0126-SM-48TDI	GTEX-OXRP	Skin - Sun Exposed (Lower Leg)	GTEx-sim
GTEX-139D8-0226-SM-5KLZO	GTEX-139D8	Skin - Sun Exposed (Lower Leg)	GTEx-ref
GTEX-X4EP-0126-SM-3P5YV	GTEX-X4EP	Skin - Sun Exposed (Lower Leg)	GTEx-sim
GTEX-11VI4-1726-SM-5CVLH	GTEX-11VI4	Skin - Sun Exposed (Lower Leg)	GTEx-ref
GTEX-OXRO-0126-SM-2YUN4	GTEX-OXRO	Skin - Sun Exposed (Lower Leg)	GTEx-sim
GTEX-OXRK-0226-SM-3NB2G	GTEX-OXRK	Skin - Sun Exposed (Lower Leg)	GTEx-sim
GTEX-YFC4-0126-SM-5CVLY	GTEX-YFC4	Skin - Sun Exposed (Lower Leg)	GTEx-ref
GTEX-11TTK-0126-SM-5987B	GTEX-11TTK	Skin - Sun Exposed (Lower Leg)	GTEx-ref
GTEX-13113-1926-SM-5LZWG	GTEX-13113	Skin - Sun Exposed (Lower Leg)	GTEx-ref
GTEX-ZVT4-0126-SM-51MS1	GTEX-ZVT4	Skin - Sun Exposed (Lower Leg)	GTEx-sim
GTEX-PLZ4-0126-SM-5SI8O	GTEX-PLZ4	Skin - Sun Exposed (Lower Leg)	GTEx-ref
GTEX-12WSJ-1826-SM-5GCNY	GTEX-12WSJ	Skin - Sun Exposed (Lower Leg)	GTEx-sim
GTEX-ZAK1-0126-SM-5IJD3	GTEX-ZAK1	Skin - Sun Exposed (Lower Leg)	GTEx-sim
GTEX-139T4-0226-SM-5HL5S	GTEX-139T4	Skin - Sun Exposed (Lower Leg)	GTEx-sim
GTEX-13VXT-0126-SM-5LU4I	GTEX-13VXT	Skin - Sun Exposed (Lower Leg)	GTEx-sim
GTEX-131YS-0126-SM-5KM1M	GTEX-131YS	Skin - Sun Exposed (Lower Leg)	GTEx-sim
GTEX-13FH7-2026-SM-5IJCR	GTEX-13FH7	Skin - Sun Exposed (Lower Leg)	GTEx-ref
GTEX-WRHK-1426-SM-3MJF9	GTEX-WRHK	Skin - Sun Exposed (Lower Leg)	GTEx-ref
GTEX-147F3-0526-SM-5SI98	GTEX-147F3	Skin - Sun Exposed (Lower Leg)	GTEx-ref
GTEX-1211K-2026-SM-5EQ4Z	GTEX-1211K	Skin - Sun Exposed (Lower Leg)	GTEx-ref
GTEX-T2IS-0126-SM-4DM6O	GTEX-T2IS	Skin - Sun Exposed (Lower Leg)	GTEx-ref
GTEX-13FTY-0526-SM-5L3EV	GTEX-13FTY	Skin - Sun Exposed (Lower Leg)	GTEx-sim
GTEX-13N11-2526-SM-5K7UE	GTEX-13N11	Skin - Sun Exposed (Lower Leg)	GTEx-sim
GTEX-13W3W-2426-SM-5LU5B	GTEX-13W3W	Skin - Sun Exposed (Lower Leg)	GTEx-sim
GTEX-133LE-1826-SM-5J1MV	GTEX-133LE	Skin - Sun Exposed (Lower Leg)	GTEx-ref
GTEX-Y8LW-1826-SM-5S2MV	GTEX-Y8LW	Skin - Sun Exposed (Lower Leg)	GTEx-ref
GTEX-145ME-1826-SM-5SI9G	GTEX-145ME	Skin - Sun Exposed (Lower Leg)	GTEx-sim
GTEX-ZYFG-2326-SM-5E44B	GTEX-ZYFG	Skin - Sun Exposed (Lower Leg)	GTEx-sim
GTEX-11ZTS-0126-SM-5EQ6M	GTEX-11ZTS	Skin - Sun Exposed (Lower Leg)	GTEx-sim
GTEX-W5WG-1826-SM-4KL2Y	GTEX-W5WG	Skin - Sun Exposed (Lower Leg)	GTEx-ref
GTEX-146FH-0126-SM-5QGPP	GTEX-146FH	Skin - Sun Exposed (Lower Leg)	GTEx-sim
GTEX-11XUK-2026-SM-5EQLF	GTEX-11XUK	Skin - Sun Exposed (Lower Leg)	GTEx-ref
GTEX-13CF3-2426-SM-5IFGX	GTEX-13CF3	Skin - Sun Exposed (Lower Leg)	GTEx-ref
GTEX-ZF2S-2326-SM-4WWCE	GTEX-ZF2S	Skin - Sun Exposed (Lower Leg)	GTEx-sim
GTEX-P4PP-0126-SM-3LK69	GTEX-P4PP	Skin - Sun Exposed (Lower Leg)	GTEx-sim
GTEX-11P81-2326-SM-59875	GTEX-11P81	Skin - Sun Exposed (Lower Leg)	GTEx-ref
GTEX-146FR-1326-SM-5SIAJ	GTEX-146FR	Skin - Sun Exposed (Lower Leg)	GTEx-sim
GTEX-ZAJG-0126-SM-5HL94	GTEX-ZAJG	Skin - Sun Exposed (Lower Leg)	GTEx-ref
GTEX-PWO3-1526-SM-48TCM	GTEX-PWO3	Skin - Sun Exposed (Lower Leg)	GTEx-sim
GTEX-ZQG8-1626-SM-5HL6H	GTEX-ZQG8	Skin - Sun Exposed (Lower Leg)	GTEx-sim
GTEX-XUW1-0426-SM-4BOOT	GTEX-XUW1	Skin - Sun Exposed (Lower Leg)	GTEx-sim
GTEX-Y5V5-2326-SM-4V6GA	GTEX-Y5V5	Skin - Sun Exposed (Lower Leg)	GTEx-sim
GTEX-11ZTT-2426-SM-5EQLS	GTEX-11ZTT	Skin - Sun Exposed (Lower Leg)	GTEx-ref
GTEX-13OVJ-0126-SM-5KM36	GTEX-13OVJ	Skin - Sun Exposed (Lower Leg)	GTEx-ref
GTEX-11EM3-2426-SM-59861	GTEX-11EM3	Skin - Sun Exposed (Lower Leg)	GTEx-sim
GTEX-PWCY-1826-SM-5SI7U	GTEX-PWCY	Skin - Sun Exposed (Lower Leg)	GTEx-ref
GTEX-ZVT2-2526-SM-51MT1	GTEX-ZVT2	Skin - Sun Exposed (Lower Leg)	GTEx-sim
GTEX-1128S-2326-SM-5GZZY	GTEX-1128S	Skin - Sun Exposed (Lower Leg)	GTEx-ref
GTEX-T6MO-1626-SM-32QOM	GTEX-T6MO	Skin - Sun Exposed (Lower Leg)	GTEx-ref
GTEX-13OVI-1426-SM-5L3EY	GTEX-13OVI	Skin - Sun Exposed (Lower Leg)	GTEx-sim
GTEX-OXRK-0226-SM-2YUN1	GTEX-OXRK	Skin - Sun Exposed (Lower Leg)	GTEx-sim
GTEX-Y3IK-2426-SM-4WWDU	GTEX-Y3IK	Skin - Sun Exposed (Lower Leg)	GTEx-sim
GTEX-YB5K-2126-SM-4WWDJ	GTEX-YB5K	Skin - Sun Exposed (Lower Leg)	GTEx-sim
GTEX-QCQG-1726-SM-3GIJ9	GTEX-QCQG	Skin - Sun Exposed (Lower Leg)	GTEx-ref
GTEX-R55G-2526-SM-2TC6D	GTEX-R55G	Skin - Sun Exposed (Lower Leg)	GTEx-sim
GTEX-12ZZX-0126-SM-5EGK9	GTEX-12ZZX	Skin - Sun Exposed (Lower Leg)	GTEx-sim
GTEX-TML8-1926-SM-32QOS	GTEX-TML8	Skin - Sun Exposed (Lower Leg)	GTEx-ref
GTEX-PWN1-0126-SM-2I3FK	GTEX-PWN1	Skin - Sun Exposed (Lower Leg)	GTEx-ref
GTEX-Y5LM-1926-SM-5RQJH	GTEX-Y5LM	Skin - Sun Exposed (Lower Leg)	GTEx-sim
GTEX-ZPIC-1726-SM-57WF2	GTEX-ZPIC	Skin - Sun Exposed (Lower Leg)	GTEx-sim
GTEX-11UD1-0126-SM-5PNYG	GTEX-11UD1	Skin - Sun Exposed (Lower Leg)	GTEx-sim
GTEX-R3RS-0126-SM-3GIJL	GTEX-R3RS	Skin - Sun Exposed (Lower Leg)	GTEx-ref
GTEX-1269C-2526-SM-5EGJ3	GTEX-1269C	Skin - Sun Exposed (Lower Leg)	GTEx-ref
GTEX-12WSK-2326-SM-5GCOH	GTEX-12WSK	Skin - Sun Exposed (Lower Leg)	GTEx-ref
GTEX-ZGAY-0526-SM-4WWBB	GTEX-ZGAY	Skin - Sun Exposed (Lower Leg)	GTEx-ref
GTEX-WI4N-1026-SM-3LK7N	GTEX-WI4N	Skin - Sun Exposed (Lower Leg)	GTEx-ref
GTEX-13PVR-2326-SM-5QGR1	GTEX-13PVR	Skin - Sun Exposed (Lower Leg)	GTEx-sim
GTEX-QVJO-1626-SM-2S1QW	GTEX-QVJO	Skin - Sun Exposed (Lower Leg)	GTEx-sim
GTEX-S7SF-1626-SM-3K2AY	GTEX-S7SF	Skin - Sun Exposed (Lower Leg)	GTEx-ref
GTEX-OHPL-0126-SM-2HMJ7	GTEX-OHPL	Skin - Sun Exposed (Lower Leg)	GTEx-sim
GTEX-13NZ8-0826-SM-5MR3I	GTEX-13NZ8	Skin - Sun Exposed (Lower Leg)	GTEx-ref
GTEX-145LS-0126-SM-5QGP1	GTEX-145LS	Skin - Sun Exposed (Lower Leg)	GTEx-ref
GTEX-TSE9-0126-SM-3DB83	GTEX-TSE9	Skin - Sun Exposed (Lower Leg)	GTEx-ref
GTEX-XYKS-2126-SM-4E3IB	GTEX-XYKS	Skin - Sun Exposed (Lower Leg)	GTEx-ref
GTEX-145MI-0526-SM-5O9A8	GTEX-145MI	Skin - Sun Exposed (Lower Leg)	GTEx-sim
GTEX-Y114-2426-SM-4TT8A	GTEX-Y114	Skin - Sun Exposed (Lower Leg)	GTEx-sim
GTEX-RU72-0926-SM-2TF6B	GTEX-RU72	Skin - Sun Exposed (Lower Leg)	GTEx-sim
GTEX-X8HC-0126-SM-4E3JW	GTEX-X8HC	Skin - Sun Exposed (Lower Leg)	GTEx-sim
GTEX-XUZC-1726-SM-4BRWS	GTEX-XUZC	Skin - Sun Exposed (Lower Leg)	GTEx-ref
GTEX-ZV68-0126-SM-59HKS	GTEX-ZV68	Skin - Sun Exposed (Lower Leg)	GTEx-ref
GTEX-1122O-2126-SM-5EGIR	GTEX-1122O	Skin - Sun Exposed (Lower Leg)	GTEx-ref
GTEX-12WS9-0126-SM-5EGL7	GTEX-12WS9	Skin - Sun Exposed (Lower Leg)	GTEx-sim
GTEX-ZP4G-2426-SM-57WEY	GTEX-ZP4G	Skin - Sun Exposed (Lower Leg)	GTEx-ref
GTEX-P4QT-0126-SM-2I3FL	GTEX-P4QT	Skin - Sun Exposed (Lower Leg)	GTEx-sim
GTEX-UJHI-1526-SM-3DB99	GTEX-UJHI	Skin - Sun Exposed (Lower Leg)	GTEx-sim
GTEX-TMMY-0226-SM-33HBA	GTEX-TMMY	Skin - Sun Exposed (Lower Leg)	GTEx-ref
GTEX-PLZ4-0126-SM-2S1OG	GTEX-PLZ4	Skin - Sun Exposed (Lower Leg)	GTEx-ref
GTEX-PWCY-1826-SM-2S1OK	GTEX-PWCY	Skin - Sun Exposed (Lower Leg)	GTEx-ref
GTEX-YFC4-0126-101855-SM-5CVLZ	GTEX-YFC4	Skin - Sun Exposed (Lower Leg)	GTEx-ref
GTEX-UPK5-2026-SM-4JBIM	GTEX-UPK5	Small Intestine - Terminal Ileum	GTEx-ref
GTEX-13O61-1326-SM-5KM31	GTEX-13O61	Small Intestine - Terminal Ileum	GTEx-ref
GTEX-148VJ-2226-SM-5NQ9M	GTEX-148VJ	Small Intestine - Terminal Ileum	GTEx-sim
GTEX-Y111-2226-SM-4SOJB	GTEX-Y111	Small Intestine - Terminal Ileum	GTEx-sim
GTEX-11P82-0826-SM-5P9GU	GTEX-11P82	Small Intestine - Terminal Ileum	GTEx-ref
GTEX-XMK1-1826-SM-4B66F	GTEX-XMK1	Small Intestine - Terminal Ileum	GTEx-sim
GTEX-13NYB-1826-SM-5J1N3	GTEX-13NYB	Small Intestine - Terminal Ileum	GTEx-ref
GTEX-XPVG-1726-SM-4B65W	GTEX-XPVG	Small Intestine - Terminal Ileum	GTEx-ref
GTEX-Z9EW-0926-SM-5CVMM	GTEX-Z9EW	Small Intestine - Terminal Ileum	GTEx-sim
GTEX-1192X-2526-SM-59868	GTEX-1192X	Small Intestine - Terminal Ileum	GTEx-sim
GTEX-11NSD-1726-SM-5N9C3	GTEX-11NSD	Small Intestine - Terminal Ileum	GTEx-sim
GTEX-VUSG-1726-SM-4KKZL	GTEX-VUSG	Small Intestine - Terminal Ileum	GTEx-sim
GTEX-13111-1426-SM-5DUW3	GTEX-13111	Small Intestine - Terminal Ileum	GTEx-sim
GTEX-11P7K-1626-SM-5GU63	GTEX-11P7K	Small Intestine - Terminal Ileum	GTEx-sim
GTEX-12BJ1-1926-SM-5HL9Z	GTEX-12BJ1	Small Intestine - Terminal Ileum	GTEx-sim
GTEX-111CU-1326-SM-5NQ8L	GTEX-111CU	Small Intestine - Terminal Ileum	GTEx-ref
GTEX-13O21-1026-SM-5IJDU	GTEX-13O21	Small Intestine - Terminal Ileum	GTEx-ref
GTEX-XAJ8-0526-SM-47JYK	GTEX-XAJ8	Small Intestine - Terminal Ileum	GTEx-sim
GTEX-VJYA-0926-SM-4KL1N	GTEX-VJYA	Small Intestine - Terminal Ileum	GTEx-ref
GTEX-WYJK-1526-SM-4ONCW	GTEX-WYJK	Small Intestine - Terminal Ileum	GTEx-ref
GTEX-ZLFU-1526-SM-4WWBT	GTEX-ZLFU	Small Intestine - Terminal Ileum	GTEx-sim
GTEX-ZZ64-0526-SM-5GZXM	GTEX-ZZ64	Small Intestine - Terminal Ileum	GTEx-ref
GTEX-Y3I4-1326-SM-4TT8Z	GTEX-Y3I4	Small Intestine - Terminal Ileum	GTEx-ref
GTEX-ZVP2-1726-SM-5GU5P	GTEX-ZVP2	Small Intestine - Terminal Ileum	GTEx-ref
GTEX-11EQ9-1326-SM-5985X	GTEX-11EQ9	Small Intestine - Terminal Ileum	GTEx-ref
GTEX-139T6-1026-SM-5IJGC	GTEX-139T6	Small Intestine - Terminal Ileum	GTEx-ref
GTEX-139YR-2226-SM-5IFFW	GTEX-139YR	Small Intestine - Terminal Ileum	GTEx-ref
GTEX-ZQUD-0926-SM-57WE3	GTEX-ZQUD	Small Intestine - Terminal Ileum	GTEx-sim
GTEX-WFJO-0926-SM-4LVM2	GTEX-WFJO	Small Intestine - Terminal Ileum	GTEx-sim
GTEX-WFG8-1626-SM-4LVMB	GTEX-WFG8	Small Intestine - Terminal Ileum	GTEx-ref
GTEX-11LCK-1926-SM-5A5KE	GTEX-11LCK	Small Intestine - Terminal Ileum	GTEx-ref
GTEX-117YX-0326-SM-5GICL	GTEX-117YX	Small Intestine - Terminal Ileum	GTEx-ref
GTEX-13FTW-2026-SM-5IJE2	GTEX-13FTW	Small Intestine - Terminal Ileum	GTEx-ref
GTEX-131XE-0926-SM-5HL7J	GTEX-131XE	Small Intestine - Terminal Ileum	GTEx-sim
GTEX-11WQK-2326-SM-5GU4Z	GTEX-11WQK	Small Intestine - Terminal Ileum	GTEx-ref
GTEX-11TUW-1926-SM-5BC58	GTEX-11TUW	Small Intestine - Terminal Ileum	GTEx-sim
GTEX-WHSB-1026-SM-4M1XN	GTEX-WHSB	Small Intestine - Terminal Ileum	GTEx-sim
GTEX-XXEK-1026-SM-4BRUW	GTEX-XXEK	Small Intestine - Terminal Ileum	GTEx-sim
GTEX-WFON-1526-SM-4LVMP	GTEX-WFON	Small Intestine - Terminal Ileum	GTEx-sim
GTEX-ZAB5-1526-SM-5HL9P	GTEX-ZAB5	Small Intestine - Terminal Ileum	GTEx-sim
GTEX-1399R-2026-SM-5K7WN	GTEX-1399R	Small Intestine - Terminal Ileum	GTEx-ref
GTEX-YEC4-1726-SM-4W21E	GTEX-YEC4	Small Intestine - Terminal Ileum	GTEx-sim
GTEX-145LT-1026-SM-5LU9O	GTEX-145LT	Small Intestine - Terminal Ileum	GTEx-ref
GTEX-WQUQ-2426-SM-4MVNW	GTEX-WQUQ	Small Intestine - Terminal Ileum	GTEx-ref
GTEX-ZTX8-0526-SM-59HLD	GTEX-ZTX8	Small Intestine - Terminal Ileum	GTEx-ref
GTEX-X5EB-1626-SM-4E3IV	GTEX-X5EB	Small Intestine - Terminal Ileum	GTEx-sim
GTEX-XBED-1426-SM-4AT4G	GTEX-XBED	Small Intestine - Terminal Ileum	GTEx-ref
GTEX-ZVZP-1826-SM-5GZXB	GTEX-ZVZP	Small Intestine - Terminal Ileum	GTEx-sim
GTEX-WFG7-1726-SM-4LVME	GTEX-WFG7	Small Intestine - Terminal Ileum	GTEx-sim
GTEX-WH7G-1626-SM-4LVMY	GTEX-WH7G	Small Intestine - Terminal Ileum	GTEx-ref
GTEX-14DAR-1426-SM-5RQIR	GTEX-14DAR	Small Intestine - Terminal Ileum	GTEx-sim
GTEX-ZTSS-0926-SM-59865	GTEX-ZTSS	Small Intestine - Terminal Ileum	GTEx-ref
GTEX-YB5E-1526-SM-5IFIE	GTEX-YB5E	Small Intestine - Terminal Ileum	GTEx-ref
GTEX-Y9LG-1626-SM-5IFHM	GTEX-Y9LG	Small Intestine - Terminal Ileum	GTEx-sim
GTEX-WY7C-1826-SM-4ONCE	GTEX-WY7C	Small Intestine - Terminal Ileum	GTEx-ref
GTEX-YF7O-1826-SM-5IFIU	GTEX-YF7O	Small Intestine - Terminal Ileum	GTEx-sim
GTEX-ZA64-1226-SM-5HL7B	GTEX-ZA64	Small Intestine - Terminal Ileum	GTEx-sim
GTEX-111YS-1426-SM-5GID8	GTEX-111YS	Small Intestine - Terminal Ileum	GTEx-ref
GTEX-Y5V5-1826-SM-4VDS5	GTEX-Y5V5	Small Intestine - Terminal Ileum	GTEx-ref
GTEX-ZC5H-2326-SM-4WAYT	GTEX-ZC5H	Small Intestine - Terminal Ileum	GTEx-sim
GTEX-13FH7-1226-SM-5IJFK	GTEX-13FH7	Small Intestine - Terminal Ileum	GTEx-sim
GTEX-1399U-2126-SM-5IFEZ	GTEX-1399U	Small Intestine - Terminal Ileum	GTEx-sim
GTEX-13QBU-1926-SM-5IJEW	GTEX-13QBU	Small Intestine - Terminal Ileum	GTEx-sim
GTEX-145ME-0926-SM-5O9AR	GTEX-145ME	Small Intestine - Terminal Ileum	GTEx-sim
GTEX-ZP4G-1626-SM-57WGD	GTEX-ZP4G	Small Intestine - Terminal Ileum	GTEx-ref
GTEX-11VI4-1626-SM-5EQKO	GTEX-11VI4	Small Intestine - Terminal Ileum	GTEx-sim
GTEX-131XG-1726-SM-5LZUR	GTEX-131XG	Small Intestine - Terminal Ileum	GTEx-ref
GTEX-ZF2S-1726-SM-57WFT	GTEX-ZF2S	Small Intestine - Terminal Ileum	GTEx-sim
GTEX-X15G-1426-SM-4PQZK	GTEX-X15G	Small Intestine - Terminal Ileum	GTEx-sim
GTEX-ZF29-1626-SM-4WKFJ	GTEX-ZF29	Small Intestine - Terminal Ileum	GTEx-sim
GTEX-WRHK-1026-SM-4MVOD	GTEX-WRHK	Small Intestine - Terminal Ileum	GTEx-sim
GTEX-12WSK-1526-SM-5CVNO	GTEX-12WSK	Small Intestine - Terminal Ileum	GTEx-sim
GTEX-Y3IK-1726-SM-4YCCR	GTEX-Y3IK	Small Intestine - Terminal Ileum	GTEx-sim
GTEX-11XUK-1426-SM-5EQMG	GTEX-11XUK	Small Intestine - Terminal Ileum	GTEx-ref
GTEX-ZVT2-2126-SM-5NQ93	GTEX-ZVT2	Small Intestine - Terminal Ileum	GTEx-ref
GTEX-WEY5-1526-SM-4LMJF	GTEX-WEY5	Small Intestine - Terminal Ileum	GTEx-sim
GTEX-13OVI-1926-SM-5IJCG	GTEX-13OVI	Small Intestine - Terminal Ileum	GTEx-sim
GTEX-Y114-1426-SM-4TT6W	GTEX-Y114	Small Intestine - Terminal Ileum	GTEx-ref
GTEX-Y5LM-1626-SM-4VDTB	GTEX-Y5LM	Small Intestine - Terminal Ileum	GTEx-ref
GTEX-11DXX-1626-SM-5H11H	GTEX-11DXX	Small Intestine - Terminal Ileum	GTEx-ref
GTEX-13113-1226-SM-5EGHT	GTEX-13113	Small Intestine - Terminal Ileum	GTEx-ref
GTEX-ZPIC-2326-SM-57WDW	GTEX-ZPIC	Small Intestine - Terminal Ileum	GTEx-ref
GTEX-ZTPG-2626-SM-57WFX	GTEX-ZTPG	Small Intestine - Terminal Ileum	GTEx-ref
GTEX-13CF3-1226-SM-5LZXN	GTEX-13CF3	Small Intestine - Terminal Ileum	GTEx-ref
GTEX-ZLV1-1126-SM-4WWBW	GTEX-ZLV1	Small Intestine - Terminal Ileum	GTEx-sim
GTEX-133LE-1426-SM-5IFH1	GTEX-133LE	Small Intestine - Terminal Ileum	GTEx-ref
GTEX-XUZC-1426-SM-4BRV3	GTEX-XUZC	Small Intestine - Terminal Ileum	GTEx-ref
GTEX-ZYFG-2026-SM-5E43Y	GTEX-ZYFG	Small Intestine - Terminal Ileum	GTEx-sim
GTEX-11I78-1126-SM-5A5K5	GTEX-11I78	Small Intestine - Terminal Ileum	GTEx-sim
GTEX-13PL7-2626-SM-5IFH4	GTEX-13PL7	Small Intestine - Terminal Ileum	GTEx-ref
GTEX-ZPCL-1726-SM-57WEO	GTEX-ZPCL	Small Intestine - Terminal Ileum	GTEx-sim
GTEX-13D11-0726-SM-5LZZB	GTEX-13D11	Small Intestine - Terminal Ileum	GTEx-ref
GTEX-ZPU1-1026-SM-4YCEQ	GTEX-ZPU1	Spleen	GTEx-ref
GTEX-ZEX8-0726-SM-4WKH8	GTEX-ZEX8	Spleen	GTEx-ref
GTEX-ZAB5-0526-SM-5CVMU	GTEX-ZAB5	Spleen	GTEx-sim
GTEX-WHWD-0126-SM-4OORS	GTEX-WHWD	Spleen	GTEx-sim
GTEX-OOBJ-0926-SM-48TDO	GTEX-OOBJ	Spleen	GTEx-sim
GTEX-13111-0126-SM-5EGHO	GTEX-13111	Spleen	GTEx-sim
GTEX-XPVG-0626-SM-4B65B	GTEX-XPVG	Spleen	GTEx-ref
GTEX-11P7K-0426-SM-5BC5H	GTEX-11P7K	Spleen	GTEx-sim
GTEX-PW2O-0126-SM-48TC8	GTEX-PW2O	Spleen	GTEx-ref
GTEX-WYJK-0726-SM-4ONC9	GTEX-WYJK	Spleen	GTEx-sim
GTEX-Y3I4-0126-SM-4TT26	GTEX-Y3I4	Spleen	GTEx-ref
GTEX-11EQ9-0426-SM-5A5JY	GTEX-11EQ9	Spleen	GTEx-sim
GTEX-ZLFU-0526-SM-4WWBN	GTEX-ZLFU	Spleen	GTEx-ref
GTEX-117YX-2126-SM-5GIEL	GTEX-117YX	Spleen	GTEx-ref
GTEX-139YR-0426-SM-5IFFV	GTEX-139YR	Spleen	GTEx-sim
GTEX-YB5E-0426-SM-5IFHR	GTEX-YB5E	Spleen	GTEx-sim
GTEX-11LCK-0126-SM-5A5M5	GTEX-11LCK	Spleen	GTEx-ref
GTEX-UPK5-1626-SM-4JBHI	GTEX-UPK5	Spleen	GTEx-ref
GTEX-S4Z8-0226-SM-4AD5K	GTEX-S4Z8	Spleen	GTEx-ref
GTEX-X585-1826-SM-4QAS3	GTEX-X585	Spleen	GTEx-sim
GTEX-1399R-0226-SM-5IJGG	GTEX-1399R	Spleen	GTEx-sim
GTEX-111FC-1326-SM-5N9D9	GTEX-111FC	Spleen	GTEx-sim
GTEX-XMK1-0126-SM-4B65F	GTEX-XMK1	Spleen	GTEx-sim
GTEX-PLZ6-0126-SM-48TC6	GTEX-PLZ6	Spleen	GTEx-sim
GTEX-ZTTD-1726-SM-57WEL	GTEX-ZTTD	Spleen	GTEx-ref
GTEX-144GN-2126-SM-5O99D	GTEX-144GN	Spleen	GTEx-ref
GTEX-VJYA-0126-SM-4KL1P	GTEX-VJYA	Spleen	GTEx-sim
GTEX-QDVN-0526-SM-48TZ4	GTEX-QDVN	Spleen	GTEx-sim
GTEX-11NSD-0426-SM-5N9CR	GTEX-11NSD	Spleen	GTEx-sim
GTEX-ZDYS-1026-SM-4WKHC	GTEX-ZDYS	Spleen	GTEx-ref
GTEX-132QS-0226-SM-5IFFZ	GTEX-132QS	Spleen	GTEx-sim
GTEX-ZVP2-0526-SM-51MSC	GTEX-ZVP2	Spleen	GTEx-ref
GTEX-XQ8I-1726-SM-4BOQB	GTEX-XQ8I	Spleen	GTEx-sim
GTEX-XGQ4-0126-SM-4AT4H	GTEX-XGQ4	Spleen	GTEx-ref
GTEX-QMRM-0226-SM-4R1K7	GTEX-QMRM	Spleen	GTEx-sim
GTEX-14DAR-0326-SM-5S2PS	GTEX-14DAR	Spleen	GTEx-ref
GTEX-QV31-0126-SM-447BP	GTEX-QV31	Spleen	GTEx-ref
GTEX-YEC4-0126-SM-4W21T	GTEX-YEC4	Spleen	GTEx-sim
GTEX-Q2AH-0226-SM-48U1I	GTEX-Q2AH	Spleen	GTEx-ref
GTEX-YFCO-0926-SM-5LUA5	GTEX-YFCO	Spleen	GTEx-sim
GTEX-12BJ1-0726-SM-5EGGF	GTEX-12BJ1	Spleen	GTEx-ref
GTEX-X4LF-0226-SM-4QAS8	GTEX-X4LF	Spleen	GTEx-ref
GTEX-XXEK-0126-SM-4BRVU	GTEX-XXEK	Spleen	GTEx-ref
GTEX-QV44-0126-SM-4R1KH	GTEX-QV44	Spleen	GTEx-sim
GTEX-14E6E-1226-SM-5S2R5	GTEX-14E6E	Spleen	GTEx-ref
GTEX-12WSN-0126-SM-5DUX5	GTEX-12WSN	Spleen	GTEx-sim
GTEX-145MN-0126-SM-5RQHY	GTEX-145MN	Spleen	GTEx-sim
GTEX-U4B1-0526-SM-4DXTK	GTEX-U4B1	Spleen	GTEx-ref
GTEX-WFON-0126-SM-4LVM9	GTEX-WFON	Spleen	GTEx-sim
GTEX-U3ZH-0126-SM-4DXUK	GTEX-U3ZH	Spleen	GTEx-sim
GTEX-OIZH-0926-SM-48TBR	GTEX-OIZH	Spleen	GTEx-ref
GTEX-ZDTT-1026-SM-5KM19	GTEX-ZDTT	Spleen	GTEx-sim
GTEX-P4QS-0926-SM-48TBS	GTEX-P4QS	Spleen	GTEx-ref
GTEX-13S86-0126-SM-5S2PI	GTEX-13S86	Spleen	GTEx-ref
GTEX-XAJ8-0126-SM-47JYG	GTEX-XAJ8	Spleen	GTEx-ref
GTEX-S4Q7-0126-SM-4AD5P	GTEX-S4Q7	Spleen	GTEx-sim
GTEX-WY7C-0126-SM-4ONCO	GTEX-WY7C	Spleen	GTEx-ref
GTEX-NPJ8-0626-SM-48TBO	GTEX-NPJ8	Spleen	GTEx-ref
GTEX-QLQW-0126-SM-447BK	GTEX-QLQW	Spleen	GTEx-ref
GTEX-O5YT-0926-SM-48TDG	GTEX-O5YT	Spleen	GTEx-sim
GTEX-WFON-0126-SM-5CHTF	GTEX-WFON	Spleen	GTEx-sim
GTEX-WYVS-0126-SM-4ONDH	GTEX-WYVS	Spleen	GTEx-ref
GTEX-ZF29-0626-SM-4WKHD	GTEX-ZF29	Spleen	GTEx-ref
GTEX-12WSD-1726-SM-5GCN4	GTEX-12WSD	Spleen	GTEx-sim
GTEX-Y114-0726-SM-4TT6U	GTEX-Y114	Spleen	GTEx-ref
GTEX-ZF2S-0326-SM-4WKGD	GTEX-ZF2S	Spleen	GTEx-sim
GTEX-PX3G-0926-SM-48U12	GTEX-PX3G	Spleen	GTEx-sim
GTEX-13PVR-0326-SM-5RQJY	GTEX-13PVR	Spleen	GTEx-ref
GTEX-1211K-0426-SM-5FQTP	GTEX-1211K	Spleen	GTEx-sim
GTEX-Y8LW-0126-SM-4VBS1	GTEX-Y8LW	Spleen	GTEx-ref
GTEX-ZP4G-0326-SM-4YCEF	GTEX-ZP4G	Spleen	GTEx-ref
GTEX-13CF3-0226-SM-5J1NW	GTEX-13CF3	Spleen	GTEx-ref
GTEX-1122O-0526-SM-5N9DM	GTEX-1122O	Spleen	GTEx-sim
GTEX-13VXT-1326-SM-5LU3Y	GTEX-13VXT	Spleen	GTEx-sim
GTEX-ZLWG-0426-SM-4WWFA	GTEX-ZLWG	Spleen	GTEx-ref
GTEX-13FH7-1326-SM-5IFG8	GTEX-13FH7	Spleen	GTEx-sim
GTEX-11DXX-0726-SM-5H12X	GTEX-11DXX	Spleen	GTEx-sim
GTEX-Q734-0226-SM-48U1A	GTEX-Q734	Spleen	GTEx-sim
GTEX-Y3IK-0126-SM-4WWE9	GTEX-Y3IK	Spleen	GTEx-ref
GTEX-XV7Q-0126-SM-4BRVK	GTEX-XV7Q	Spleen	GTEx-sim
GTEX-Y5LM-0326-SM-4VBRN	GTEX-Y5LM	Spleen	GTEx-sim
GTEX-POMQ-0126-SM-48TD6	GTEX-POMQ	Spleen	GTEx-sim
GTEX-12WSK-0126-SM-5GCO7	GTEX-12WSK	Spleen	GTEx-sim
GTEX-ZZPU-0126-SM-5E446	GTEX-ZZPU	Spleen	GTEx-ref
GTEX-W5WG-0626-SM-4SOID	GTEX-W5WG	Spleen	GTEx-ref
GTEX-ZYWO-0226-SM-5GZX3	GTEX-ZYWO	Spleen	GTEx-ref
GTEX-UJHI-0126-SM-4IHLP	GTEX-UJHI	Spleen	GTEx-ref
GTEX-13N11-0126-SM-5KM2Z	GTEX-13N11	Spleen	GTEx-ref
GTEX-11P81-1326-SM-5GU5S	GTEX-11P81	Spleen	GTEx-ref
GTEX-ZV6S-0826-SM-5NQ6Z	GTEX-ZV6S	Spleen	GTEx-ref
GTEX-1399S-0226-SM-5IFFG	GTEX-1399S	Spleen	GTEx-sim
GTEX-12WSJ-0526-SM-5GCOZ	GTEX-12WSJ	Spleen	GTEx-sim
GTEX-11VI4-0126-SM-5GU6Z	GTEX-11VI4	Spleen	GTEx-sim
GTEX-147F3-0126-SM-5NQBJ	GTEX-147F3	Spleen	GTEx-ref
GTEX-R55G-0226-SM-48FEI	GTEX-R55G	Spleen	GTEx-ref
GTEX-QCQG-0226-SM-48U28	GTEX-QCQG	Spleen	GTEx-sim
GTEX-WXYG-0126-SM-4OND7	GTEX-WXYG	Spleen	GTEx-sim
GTEX-11XUK-0426-SM-5EQML	GTEX-11XUK	Spleen	GTEx-sim
GTEX-T5JW-0126-SM-4DM6K	GTEX-T5JW	Spleen	GTEx-sim
GTEX-XUJ4-0226-SM-4BOP8	GTEX-XUJ4	Spleen	GTEx-ref
GTEX-UPK5-2126-SM-4JBJK	GTEX-UPK5	Stomach	GTEx-ref
GTEX-14BMV-2226-SM-5RQHX	GTEX-14BMV	Stomach	GTEx-ref
GTEX-13O3Q-2126-SM-5KM4C	GTEX-13O3Q	Stomach	GTEx-sim
GTEX-TKQ2-0926-SM-4DXU5	GTEX-TKQ2	Stomach	GTEx-ref
GTEX-11EI6-2426-SM-5PNVS	GTEX-11EI6	Stomach	GTEx-ref
GTEX-Y8E4-1526-SM-4WWDI	GTEX-Y8E4	Stomach	GTEx-ref
GTEX-WZTO-2126-SM-4PQYW	GTEX-WZTO	Stomach	GTEx-ref
GTEX-T5JC-1926-SM-4DM6Q	GTEX-T5JC	Stomach	GTEx-sim
GTEX-PLZ6-0826-SM-3P61K	GTEX-PLZ6	Stomach	GTEx-ref
GTEX-Y3I4-1626-SM-4TT7W	GTEX-Y3I4	Stomach	GTEx-ref
GTEX-XAJ8-0326-SM-47JYI	GTEX-XAJ8	Stomach	GTEx-sim
GTEX-11P82-0726-SM-5PNYL	GTEX-11P82	Stomach	GTEx-ref
GTEX-131XE-2226-SM-5PNYX	GTEX-131XE	Stomach	GTEx-ref
GTEX-13RTK-0226-SM-5RQHR	GTEX-13RTK	Stomach	GTEx-ref
GTEX-139YR-1926-SM-5LZXM	GTEX-139YR	Stomach	GTEx-sim
GTEX-R55D-1526-SM-48FEJ	GTEX-R55D	Stomach	GTEx-sim
GTEX-13111-1226-SM-5GCNC	GTEX-13111	Stomach	GTEx-ref
GTEX-S4Z8-1226-SM-4AD6W	GTEX-S4Z8	Stomach	GTEx-ref
GTEX-11EQ9-1226-SM-5987E	GTEX-11EQ9	Stomach	GTEx-sim
GTEX-V1D1-1726-SM-4JBHB	GTEX-V1D1	Stomach	GTEx-ref
GTEX-OIZH-1526-SM-3NB1J	GTEX-OIZH	Stomach	GTEx-sim
GTEX-YEC3-1426-SM-5PNXW	GTEX-YEC3	Stomach	GTEx-sim
GTEX-U8T8-1226-SM-4E3IH	GTEX-U8T8	Stomach	GTEx-sim
GTEX-WFJO-1126-SM-4LVLZ	GTEX-WFJO	Stomach	GTEx-ref
GTEX-WHWD-1426-SM-4OORU	GTEX-WHWD	Stomach	GTEx-sim
GTEX-13O61-1126-SM-5L3FI	GTEX-13O61	Stomach	GTEx-ref
GTEX-ZTX8-0426-SM-59HLG	GTEX-ZTX8	Stomach	GTEx-ref
GTEX-SNOS-0826-SM-4DM5N	GTEX-SNOS	Stomach	GTEx-ref
GTEX-OOBJ-1526-SM-3NB1Q	GTEX-OOBJ	Stomach	GTEx-sim
GTEX-PW2O-1226-SM-48TCH	GTEX-PW2O	Stomach	GTEx-sim
GTEX-YEC3-1426-SM-4WWEM	GTEX-YEC3	Stomach	GTEx-sim
GTEX-P4PQ-1526-SM-3NMCK	GTEX-P4PQ	Stomach	GTEx-ref
GTEX-T8EM-1226-SM-4DM5J	GTEX-T8EM	Stomach	GTEx-sim
GTEX-Q2AH-1126-SM-48TZM	GTEX-Q2AH	Stomach	GTEx-sim
GTEX-S3XE-1026-SM-4AD4O	GTEX-S3XE	Stomach	GTEx-sim
GTEX-12C56-0526-SM-5FQST	GTEX-12C56	Stomach	GTEx-sim
GTEX-NFK9-1526-SM-3LK7B	GTEX-NFK9	Stomach	GTEx-sim
GTEX-WHSB-1226-SM-4M1XR	GTEX-WHSB	Stomach	GTEx-ref
GTEX-VJYA-1026-SM-4KL21	GTEX-VJYA	Stomach	GTEx-ref
GTEX-WY7C-1726-SM-4ONCC	GTEX-WY7C	Stomach	GTEx-sim
GTEX-13PVQ-2126-SM-5L3FW	GTEX-13PVQ	Stomach	GTEx-ref
GTEX-O5YW-1526-SM-3MJGL	GTEX-O5YW	Stomach	GTEx-sim
GTEX-WYJK-2526-SM-4ONDF	GTEX-WYJK	Stomach	GTEx-sim
GTEX-11WQK-2626-SM-5EQ4K	GTEX-11WQK	Stomach	GTEx-ref
GTEX-QXCU-1926-SM-48FE4	GTEX-QXCU	Stomach	GTEx-sim
GTEX-ZVZP-1726-SM-5GZWY	GTEX-ZVZP	Stomach	GTEx-ref
GTEX-Y9LG-1026-SM-5IFJN	GTEX-Y9LG	Stomach	GTEx-sim
GTEX-145MO-2226-SM-5Q5BN	GTEX-145MO	Stomach	GTEx-ref
GTEX-SIU7-1426-SM-4BRWT	GTEX-SIU7	Stomach	GTEx-sim
GTEX-Y5V6-1326-SM-4VDTF	GTEX-Y5V6	Stomach	GTEx-sim
GTEX-XQ8I-2026-SM-4BOOL	GTEX-XQ8I	Stomach	GTEx-ref
GTEX-WH7G-1526-SM-4LVMX	GTEX-WH7G	Stomach	GTEx-ref
GTEX-ZVP2-1626-SM-5GU5D	GTEX-ZVP2	Stomach	GTEx-sim
GTEX-QMRM-1126-SM-447BN	GTEX-QMRM	Stomach	GTEx-sim
GTEX-ZLFU-1326-SM-4WWET	GTEX-ZLFU	Stomach	GTEx-ref
GTEX-131XF-1226-SM-5HL8V	GTEX-131XF	Stomach	GTEx-ref
GTEX-S4Q7-0726-SM-4AD5F	GTEX-S4Q7	Stomach	GTEx-sim
GTEX-TKQ1-0526-SM-4DXTG	GTEX-TKQ1	Stomach	GTEx-ref
GTEX-YJ8A-1526-SM-5P9FT	GTEX-YJ8A	Stomach	GTEx-ref
GTEX-ZEX8-1626-SM-4WKG7	GTEX-ZEX8	Stomach	GTEx-sim
GTEX-QDVJ-1426-SM-48U1Y	GTEX-QDVJ	Stomach	GTEx-sim
GTEX-UJMC-1226-SM-4IHLI	GTEX-UJMC	Stomach	GTEx-ref
GTEX-V955-1326-SM-4JBHR	GTEX-V955	Stomach	GTEx-ref
GTEX-ZQUD-0826-SM-57WDQ	GTEX-ZQUD	Stomach	GTEx-sim
GTEX-132QS-1826-SM-5IFFN	GTEX-132QS	Stomach	GTEx-ref
GTEX-ZZ64-0426-SM-5E43F	GTEX-ZZ64	Stomach	GTEx-ref
GTEX-13OW6-2526-SM-5IJEC	GTEX-13OW6	Stomach	GTEx-sim
GTEX-RM2N-0826-SM-48FD3	GTEX-RM2N	Stomach	GTEx-ref
GTEX-WFG8-1326-SM-4LVN3	GTEX-WFG8	Stomach	GTEx-ref
GTEX-ZV7C-1626-SM-5NQ7E	GTEX-ZV7C	Stomach	GTEx-sim
GTEX-QV44-1226-SM-4R1KE	GTEX-QV44	Stomach	GTEx-sim
GTEX-1399R-1126-SM-5IFIO	GTEX-1399R	Stomach	GTEx-sim
GTEX-Q2AI-0826-SM-48TZO	GTEX-Q2AI	Stomach	GTEx-ref
GTEX-XXEK-0826-SM-4BRWG	GTEX-XXEK	Stomach	GTEx-ref
GTEX-YEC4-1426-SM-5IFHS	GTEX-YEC4	Stomach	GTEx-ref
GTEX-11NSD-1426-SM-5HL67	GTEX-11NSD	Stomach	GTEx-sim
GTEX-13O21-0926-SM-5IFGT	GTEX-13O21	Stomach	GTEx-sim
GTEX-144GN-1226-SM-5O991	GTEX-144GN	Stomach	GTEx-ref
GTEX-12BJ1-1726-SM-5HL9B	GTEX-12BJ1	Stomach	GTEx-sim
GTEX-WFG7-1326-SM-4LMK1	GTEX-WFG7	Stomach	GTEx-ref
GTEX-ZDYS-1926-SM-5HL59	GTEX-ZDYS	Stomach	GTEx-sim
GTEX-117YW-2226-SM-5N9DB	GTEX-117YW	Stomach	GTEx-ref
GTEX-QV31-0626-SM-447C5	GTEX-QV31	Stomach	GTEx-ref
GTEX-1339X-1426-SM-5K7YO	GTEX-1339X	Stomach	GTEx-sim
GTEX-ZAB4-1526-SM-5CVN7	GTEX-ZAB4	Stomach	GTEx-ref
GTEX-13FTW-1726-SM-5KM2B	GTEX-13FTW	Stomach	GTEx-sim
GTEX-QLQW-0726-SM-447AA	GTEX-QLQW	Stomach	GTEx-ref
GTEX-YFCO-0826-SM-5LUAG	GTEX-YFCO	Stomach	GTEx-ref
GTEX-111CU-0926-SM-5EGIK	GTEX-111CU	Stomach	GTEx-ref
GTEX-111YS-1126-SM-5GZYQ	GTEX-111YS	Stomach	GTEx-sim
GTEX-SNMC-0626-SM-4DM6H	GTEX-SNMC	Stomach	GTEx-sim
GTEX-QLQ7-0826-SM-447B3	GTEX-QLQ7	Stomach	GTEx-ref
GTEX-QDVN-1226-SM-48TZ5	GTEX-QDVN	Stomach	GTEx-ref
GTEX-WFON-1126-SM-4LVMA	GTEX-WFON	Stomach	GTEx-sim
GTEX-11TT1-0726-SM-5GU5A	GTEX-11TT1	Stomach	GTEx-ref
GTEX-12696-1726-SM-5EQLH	GTEX-12696	Stomach	GTEx-ref
GTEX-XBED-1226-SM-4AT5V	GTEX-XBED	Stomach	GTEx-sim
GTEX-11NUK-2426-SM-5BC4U	GTEX-11NUK	Stomach	GTEx-ref
GTEX-SUCS-0926-SM-4DM4Z	GTEX-SUCS	Stomach	GTEx-ref
GTEX-U8XE-2126-SM-5CHRC	GTEX-U8XE	Stomach	GTEx-sim
GTEX-WFON-1126-SM-5CHTG	GTEX-WFON	Stomach	GTEx-sim
GTEX-ZE7O-3026-SM-51MS4	GTEX-ZE7O	Stomach	GTEx-ref
GTEX-ZPIC-2026-SM-57WG3	GTEX-ZPIC	Stomach	GTEx-ref
GTEX-1211K-1426-SM-5FQTF	GTEX-1211K	Stomach	GTEx-sim
GTEX-UJHI-1026-SM-4IHJP	GTEX-UJHI	Stomach	GTEx-ref
GTEX-146FR-2026-SM-5NQAI	GTEX-146FR	Stomach	GTEx-sim
GTEX-146FH-2126-SM-5SI9U	GTEX-146FH	Stomach	GTEx-sim
GTEX-139D8-2326-SM-5IFGE	GTEX-139D8	Stomach	GTEx-ref
GTEX-11VI4-0326-SM-5EQ6L	GTEX-11VI4	Stomach	GTEx-ref
GTEX-P78B-1826-SM-3P5YX	GTEX-P78B	Stomach	GTEx-sim
GTEX-ZYVF-2726-SM-5GID4	GTEX-ZYVF	Stomach	GTEx-ref
GTEX-WYVS-1326-SM-4ONCQ	GTEX-WYVS	Stomach	GTEx-sim
GTEX-ZVT3-2126-SM-59HL2	GTEX-ZVT3	Stomach	GTEx-ref
GTEX-13OVI-2426-SM-5KM4J	GTEX-13OVI	Stomach	GTEx-sim
GTEX-XV7Q-1326-SM-4BRWM	GTEX-XV7Q	Stomach	GTEx-ref
GTEX-12WS9-1426-SM-5FQT3	GTEX-12WS9	Stomach	GTEx-ref
GTEX-ZF2S-1426-SM-57WET	GTEX-ZF2S	Stomach	GTEx-sim
GTEX-POMQ-0826-SM-3P61H	GTEX-POMQ	Stomach	GTEx-sim
GTEX-S4P3-0726-SM-4AD57	GTEX-S4P3	Stomach	GTEx-ref
GTEX-S7SF-0626-SM-4AD4V	GTEX-S7SF	Stomach	GTEx-sim
GTEX-13FH7-1026-SM-5IJGF	GTEX-13FH7	Stomach	GTEx-sim
GTEX-12WSD-2326-SM-59HKQ	GTEX-12WSD	Stomach	GTEx-ref
GTEX-132AR-2426-SM-5IFFD	GTEX-132AR	Stomach	GTEx-ref
GTEX-12WSJ-0926-SM-5P9JD	GTEX-12WSJ	Stomach	GTEx-ref
GTEX-13113-0726-SM-5LZUF	GTEX-13113	Stomach	GTEx-sim
GTEX-OHPK-1526-SM-3MJGM	GTEX-OHPK	Stomach	GTEx-ref
GTEX-ZZPU-1426-SM-5GZZ6	GTEX-ZZPU	Stomach	GTEx-sim
GTEX-13S7M-1826-SM-5RQK6	GTEX-13S7M	Stomach	GTEx-ref
GTEX-13D11-2126-SM-5IFH2	GTEX-13D11	Stomach	GTEx-ref
GTEX-Y114-1226-SM-4TT88	GTEX-Y114	Stomach	GTEx-sim
GTEX-R55G-1126-SM-48FDG	GTEX-R55G	Stomach	GTEx-ref
GTEX-Q734-1026-SM-48U16	GTEX-Q734	Stomach	GTEx-sim
GTEX-RU1J-0526-SM-46MUT	GTEX-RU1J	Stomach	GTEx-ref
GTEX-S4UY-1626-SM-4AD55	GTEX-S4UY	Stomach	GTEx-sim
GTEX-11I78-1726-SM-5A5M3	GTEX-11I78	Stomach	GTEx-ref
GTEX-P4QT-1526-SM-3NMCT	GTEX-P4QT	Stomach	GTEx-sim
GTEX-11DXX-1326-SM-5GIDZ	GTEX-11DXX	Stomach	GTEx-sim
GTEX-WRHK-0626-SM-4MVOE	GTEX-WRHK	Stomach	GTEx-sim
GTEX-R53T-1226-SM-48FCT	GTEX-R53T	Stomach	GTEx-ref
GTEX-P4PP-1526-SM-3P61M	GTEX-P4PP	Stomach	GTEx-ref
GTEX-S341-0626-SM-4AD5T	GTEX-S341	Stomach	GTEx-sim
GTEX-ZP4G-1226-SM-4WWCJ	GTEX-ZP4G	Stomach	GTEx-ref
GTEX-ZVT2-1626-SM-51MRC	GTEX-ZVT2	Stomach	GTEx-ref
GTEX-13QBU-1126-SM-5LU44	GTEX-13QBU	Stomach	GTEx-sim
GTEX-OXRK-1626-SM-3NB17	GTEX-OXRK	Stomach	GTEx-sim
GTEX-11GSP-2126-SM-5HL5E	GTEX-11GSP	Stomach	GTEx-sim
GTEX-1122O-1926-SM-5EGIQ	GTEX-1122O	Stomach	GTEx-sim
GTEX-PWN1-1526-SM-48TDA	GTEX-PWN1	Stomach	GTEx-sim
GTEX-PX3G-1526-SM-48U11	GTEX-PX3G	Stomach	GTEx-sim
GTEX-Y3IK-1426-SM-4YCES	GTEX-Y3IK	Stomach	GTEx-ref
GTEX-145ME-1026-SM-5O9B4	GTEX-145ME	Stomach	GTEx-sim
GTEX-ZF29-1526-SM-4WKF7	GTEX-ZF29	Stomach	GTEx-sim
GTEX-ZXES-1426-SM-5NQ8S	GTEX-ZXES	Stomach	GTEx-ref
GTEX-QCQG-0526-SM-48U2A	GTEX-QCQG	Stomach	GTEx-sim
GTEX-13CF3-1926-SM-5K7WF	GTEX-13CF3	Stomach	GTEx-sim
GTEX-PWOO-1226-SM-48TCO	GTEX-PWOO	Stomach	GTEx-sim
GTEX-13X6H-1626-SM-5Q5CT	GTEX-13X6H	Stomach	GTEx-ref
GTEX-ZLV1-0826-SM-4WWEQ	GTEX-ZLV1	Stomach	GTEx-ref
GTEX-11EM3-1026-SM-5A5KL	GTEX-11EM3	Stomach	GTEx-sim
GTEX-ZV6S-0926-SM-57WGB	GTEX-ZV6S	Stomach	GTEx-sim
GTEX-14BMU-1126-SM-5RQJ8	GTEX-14BMU	Stomach	GTEx-ref
GTEX-XUZC-0726-SM-4BOPH	GTEX-XUZC	Stomach	GTEx-sim
GTEX-Y5LM-1326-SM-5RQIS	GTEX-Y5LM	Stomach	GTEx-sim
GTEX-Y8LW-0826-SM-4WWDO	GTEX-Y8LW	Stomach	GTEx-ref
GTEX-ZYFG-1326-SM-5GICJ	GTEX-ZYFG	Stomach	GTEx-sim
GTEX-WXYG-1626-SM-4ONCR	GTEX-WXYG	Stomach	GTEx-sim
GTEX-X15G-1126-SM-4PQZG	GTEX-X15G	Stomach	GTEx-sim
GTEX-13FTX-0726-SM-5N9BI	GTEX-13FTX	Stomach	GTEx-sim
GTEX-131XG-1226-SM-5EGH9	GTEX-131XG	Stomach	GTEx-sim
GTEX-RWS6-0926-SM-47JXE	GTEX-RWS6	Stomach	GTEx-ref
GTEX-T5JW-0926-SM-4DM5K	GTEX-T5JW	Stomach	GTEx-ref
GTEX-T6MO-0726-SM-4DM58	GTEX-T6MO	Stomach	GTEx-sim
GTEX-W5WG-1726-SM-4LMI5	GTEX-W5WG	Stomach	GTEx-ref
GTEX-ZYY3-1726-SM-5EGH3	GTEX-ZYY3	Stomach	GTEx-sim
GTEX-YEC3-1426-101806-SM-5PNXX	GTEX-YEC3	Stomach	GTEx-sim
GTEX-11ZUS-2726-SM-5FQUA	GTEX-11ZUS	Testis	GTEx-sim
GTEX-N7MS-0126-SM-3TW8O	GTEX-N7MS	Testis	GTEx-ref
GTEX-ZVZP-2226-SM-57WBF	GTEX-ZVZP	Testis	GTEx-ref
GTEX-13112-0226-SM-5P9IV	GTEX-13112	Testis	GTEx-sim
GTEX-12WSH-0326-SM-5GCNH	GTEX-12WSH	Testis	GTEx-ref
GTEX-139TS-1726-SM-5IJG5	GTEX-139TS	Testis	GTEx-sim
GTEX-S95S-1126-SM-4B64E	GTEX-S95S	Testis	GTEx-sim
GTEX-13OVL-0426-SM-5IFG6	GTEX-13OVL	Testis	GTEx-sim
GTEX-WVLH-2626-SM-4MVNV	GTEX-WVLH	Testis	GTEx-sim
GTEX-11WQC-2326-SM-5EQKE	GTEX-11WQC	Testis	GTEx-ref
GTEX-OOBK-2126-SM-3LK5T	GTEX-OOBK	Testis	GTEx-ref
GTEX-11NV4-1726-SM-5N9FC	GTEX-11NV4	Testis	GTEx-sim
GTEX-1212Z-0326-SM-5FQSJ	GTEX-1212Z	Testis	GTEx-ref
GTEX-OXRL-2126-SM-3NM98	GTEX-OXRL	Testis	GTEx-sim
GTEX-OOBJ-2126-SM-3NB1N	GTEX-OOBJ	Testis	GTEx-sim
GTEX-13G51-0826-SM-5K7VB	GTEX-13G51	Testis	GTEx-ref
GTEX-T6MN-2026-SM-4DM7L	GTEX-T6MN	Testis	GTEx-ref
GTEX-111YS-2026-SM-5EGGL	GTEX-111YS	Testis	GTEx-ref
GTEX-ZAB5-2426-SM-5CVMW	GTEX-ZAB5	Testis	GTEx-ref
GTEX-ZPU1-2126-SM-57WED	GTEX-ZPU1	Testis	GTEx-sim
GTEX-Y111-2426-SM-4TT23	GTEX-Y111	Testis	GTEx-sim
GTEX-132QS-1226-SM-5P9GD	GTEX-132QS	Testis	GTEx-ref
GTEX-Z93S-1726-SM-5HL8G	GTEX-Z93S	Testis	GTEx-ref
GTEX-11OF3-1826-SM-5987N	GTEX-11OF3	Testis	GTEx-ref
GTEX-1192W-2326-SM-5N9BS	GTEX-1192W	Testis	GTEx-ref
GTEX-Q2AH-1526-SM-48TZG	GTEX-Q2AH	Testis	GTEx-ref
GTEX-QEG5-0126-SM-4R1JR	GTEX-QEG5	Testis	GTEx-sim
GTEX-11NUK-2626-SM-5A5MB	GTEX-11NUK	Testis	GTEx-sim
GTEX-Y5V6-1726-SM-4VDSZ	GTEX-Y5V6	Testis	GTEx-sim
GTEX-QV31-1126-SM-4R1K4	GTEX-QV31	Testis	GTEx-sim
GTEX-ZUA1-2726-SM-59HLJ	GTEX-ZUA1	Testis	GTEx-ref
GTEX-111VG-1926-SM-5GIDO	GTEX-111VG	Testis	GTEx-ref
GTEX-11EQ8-1426-SM-5EGJR	GTEX-11EQ8	Testis	GTEx-sim
GTEX-14ABY-0626-SM-5Q5C9	GTEX-14ABY	Testis	GTEx-sim
GTEX-XMK1-2026-SM-4B65K	GTEX-XMK1	Testis	GTEx-sim
GTEX-PLZ6-1226-SM-3P5ZS	GTEX-PLZ6	Testis	GTEx-sim
GTEX-ZYT6-2726-SM-5GICP	GTEX-ZYT6	Testis	GTEx-sim
GTEX-11TUW-2226-SM-5EQL9	GTEX-11TUW	Testis	GTEx-ref
GTEX-11LCK-2326-SM-5HL53	GTEX-11LCK	Testis	GTEx-ref
GTEX-ZVTK-0126-SM-57WDG	GTEX-ZVTK	Testis	GTEx-ref
GTEX-XQ3S-2726-SM-4BOP2	GTEX-XQ3S	Testis	GTEx-ref
GTEX-14753-0626-SM-5Q5CY	GTEX-14753	Testis	GTEx-sim
GTEX-131XE-0426-SM-5IJF4	GTEX-131XE	Testis	GTEx-ref
GTEX-V1D1-2126-SM-4JBH4	GTEX-V1D1	Testis	GTEx-sim
GTEX-P4QS-2126-SM-3NMCF	GTEX-P4QS	Testis	GTEx-sim
GTEX-SNOS-1126-SM-4DM67	GTEX-SNOS	Testis	GTEx-ref
GTEX-13NZA-2526-SM-5IJFX	GTEX-13NZA	Testis	GTEx-ref
GTEX-12ZZY-0126-SM-5LZV2	GTEX-12ZZY	Testis	GTEx-ref
GTEX-13O61-2026-SM-5J2M6	GTEX-13O61	Testis	GTEx-ref
GTEX-144GL-0726-SM-5LU4P	GTEX-144GL	Testis	GTEx-sim
GTEX-13NZB-2026-SM-5MR4M	GTEX-13NZB	Testis	GTEx-ref
GTEX-12C56-1426-SM-5FQSW	GTEX-12C56	Testis	GTEx-sim
GTEX-XAJ8-1326-SM-47JYT	GTEX-XAJ8	Testis	GTEx-ref
GTEX-11DXZ-2126-SM-59881	GTEX-11DXZ	Testis	GTEx-sim
GTEX-RUSQ-2126-SM-47JXK	GTEX-RUSQ	Testis	GTEx-ref
GTEX-OHPM-2126-SM-3LK75	GTEX-OHPM	Testis	GTEx-sim
GTEX-REY6-0126-SM-48FDT	GTEX-REY6	Testis	GTEx-ref
GTEX-X5EB-2026-SM-4E3KA	GTEX-X5EB	Testis	GTEx-sim
GTEX-12WSI-2126-SM-5GCMV	GTEX-12WSI	Testis	GTEx-sim
GTEX-TKQ2-1526-SM-4DXUN	GTEX-TKQ2	Testis	GTEx-ref
GTEX-13O1R-0726-SM-5IJEI	GTEX-13O1R	Testis	GTEx-sim
GTEX-11GS4-2026-SM-5N9CP	GTEX-11GS4	Testis	GTEx-ref
GTEX-12WSM-1326-SM-5GCP9	GTEX-12WSM	Testis	GTEx-sim
GTEX-ZV7C-2026-SM-5NQ8F	GTEX-ZV7C	Testis	GTEx-sim
GTEX-139T8-0726-SM-5L3D2	GTEX-139T8	Testis	GTEx-ref
GTEX-147JS-0126-SM-5S2TW	GTEX-147JS	Testis	GTEx-sim
GTEX-1399T-1526-SM-5P9J6	GTEX-1399T	Testis	GTEx-ref
GTEX-13N2G-0126-SM-5N9DV	GTEX-13N2G	Testis	GTEx-ref
GTEX-13FLW-2126-SM-5N9FD	GTEX-13FLW	Testis	GTEx-ref
GTEX-117XS-2026-SM-5GID1	GTEX-117XS	Testis	GTEx-ref
GTEX-13O21-1226-SM-5J2MK	GTEX-13O21	Testis	GTEx-sim
GTEX-OIZI-0126-SM-3NB13	GTEX-OIZI	Testis	GTEx-sim
GTEX-WK11-0326-SM-4OOS6	GTEX-WK11	Testis	GTEx-ref
GTEX-WHSE-0426-SM-4M1XO	GTEX-WHSE	Testis	GTEx-ref
GTEX-139TT-2226-SM-5LZWO	GTEX-139TT	Testis	GTEx-sim
GTEX-V955-1926-SM-4KL1L	GTEX-V955	Testis	GTEx-sim
GTEX-O5YT-2126-SM-3MJGD	GTEX-O5YT	Testis	GTEx-ref
GTEX-11EI6-2226-SM-5EGJM	GTEX-11EI6	Testis	GTEx-ref
GTEX-13111-1526-SM-5EGJX	GTEX-13111	Testis	GTEx-ref
GTEX-XBED-2026-SM-4AT5D	GTEX-XBED	Testis	GTEx-sim
GTEX-111FC-1926-SM-5GZYC	GTEX-111FC	Testis	GTEx-ref
GTEX-13NYB-2226-SM-5MR58	GTEX-13NYB	Testis	GTEx-sim
GTEX-U8T8-1126-SM-4DXUE	GTEX-U8T8	Testis	GTEx-sim
GTEX-Y3I4-2026-SM-4TT6Z	GTEX-Y3I4	Testis	GTEx-sim
GTEX-11NSD-1026-SM-5N9BE	GTEX-11NSD	Testis	GTEx-ref
GTEX-R55C-1426-SM-48FED	GTEX-R55C	Testis	GTEx-ref
GTEX-SUCS-1326-SM-4DM5T	GTEX-SUCS	Testis	GTEx-ref
GTEX-WFG8-1926-SM-4LVM1	GTEX-WFG8	Testis	GTEx-sim
GTEX-YF7O-2026-SM-4W1YE	GTEX-YF7O	Testis	GTEx-ref
GTEX-ZT9W-2226-SM-57WFU	GTEX-ZT9W	Testis	GTEx-sim
GTEX-12696-0226-SM-5EGL3	GTEX-12696	Testis	GTEx-sim
GTEX-XPT6-1626-SM-4B655	GTEX-XPT6	Testis	GTEx-sim
GTEX-11EQ9-1926-SM-5PNVV	GTEX-11EQ9	Testis	GTEx-ref
GTEX-12WSL-2326-SM-5DUXQ	GTEX-12WSL	Testis	GTEx-ref
GTEX-YFCO-1726-SM-4W21S	GTEX-YFCO	Testis	GTEx-ref
GTEX-145MH-2326-SM-5O9AW	GTEX-145MH	Testis	GTEx-sim
GTEX-ZYFC-0126-SM-5GIEH	GTEX-ZYFC	Testis	GTEx-ref
GTEX-145MO-0126-SM-5S2QU	GTEX-145MO	Testis	GTEx-sim
GTEX-PW2O-1426-SM-48TCD	GTEX-PW2O	Testis	GTEx-ref
GTEX-WHSB-2126-SM-4M1XF	GTEX-WHSB	Testis	GTEx-sim
GTEX-R55E-0726-SM-48FCZ	GTEX-R55E	Testis	GTEx-sim
GTEX-11P7K-1026-SM-5HL6Y	GTEX-11P7K	Testis	GTEx-ref
GTEX-Q2AI-1226-SM-48U14	GTEX-Q2AI	Testis	GTEx-sim
GTEX-X3Y1-2626-SM-4PQZI	GTEX-X3Y1	Testis	GTEx-ref
GTEX-P4QR-0226-SM-3NMCH	GTEX-P4QR	Testis	GTEx-sim
GTEX-145LT-0426-SM-5LUAP	GTEX-145LT	Testis	GTEx-sim
GTEX-117YW-1526-SM-5EGGP	GTEX-117YW	Testis	GTEx-sim
GTEX-T5JC-0726-SM-4DM55	GTEX-T5JC	Testis	GTEx-ref
GTEX-S3XE-1526-SM-4AD5A	GTEX-S3XE	Testis	GTEx-sim
GTEX-13FTW-1326-SM-5LZZD	GTEX-13FTW	Testis	GTEx-ref
GTEX-RWSA-2426-SM-47JXR	GTEX-RWSA	Testis	GTEx-ref
GTEX-Y9LG-1726-SM-4VBQE	GTEX-Y9LG	Testis	GTEx-sim
GTEX-U8XE-0126-SM-4E3I3	GTEX-U8XE	Testis	GTEx-ref
GTEX-YEC3-1726-SM-5IFIK	GTEX-YEC3	Testis	GTEx-ref
GTEX-YEC4-1526-SM-4W1YU	GTEX-YEC4	Testis	GTEx-sim
GTEX-YB5E-1926-SM-5IFIG	GTEX-YB5E	Testis	GTEx-ref
GTEX-U3ZM-1626-SM-4DXSK	GTEX-U3ZM	Testis	GTEx-sim
GTEX-NFK9-0126-SM-3LK5H	GTEX-NFK9	Testis	GTEx-sim
GTEX-NPJ8-1226-SM-3MJHM	GTEX-NPJ8	Testis	GTEx-sim
GTEX-S4Z8-2126-SM-4AD5H	GTEX-S4Z8	Testis	GTEx-ref
GTEX-131XF-2026-SM-5DUWG	GTEX-131XF	Testis	GTEx-sim
GTEX-SNMC-1026-SM-4DM7K	GTEX-SNMC	Testis	GTEx-ref
GTEX-S7SE-0326-SM-4AT5Q	GTEX-S7SE	Testis	GTEx-ref
GTEX-QLQW-1026-SM-447A9	GTEX-QLQW	Testis	GTEx-sim
GTEX-1399Q-2826-SM-5IJEZ	GTEX-1399Q	Testis	GTEx-ref
GTEX-13OVH-0726-SM-5N9BU	GTEX-13OVH	Testis	GTEx-ref
GTEX-QMRM-1526-SM-4R1K6	GTEX-QMRM	Testis	GTEx-ref
GTEX-11UD2-2826-SM-5GU6X	GTEX-11UD2	Testis	GTEx-sim
GTEX-ZT9X-1426-SM-5DUX1	GTEX-ZT9X	Testis	GTEx-sim
GTEX-11WQK-2826-SM-5EQKH	GTEX-11WQK	Testis	GTEx-ref
GTEX-QV44-1726-SM-4R1KG	GTEX-QV44	Testis	GTEx-ref
GTEX-QEG4-0126-SM-48TZE	GTEX-QEG4	Testis	GTEx-ref
GTEX-RM2N-1326-SM-48FCW	GTEX-RM2N	Testis	GTEx-ref
GTEX-11DXY-0226-SM-5H123	GTEX-11DXY	Testis	GTEx-sim
GTEX-WZTO-0326-SM-4PQYZ	GTEX-WZTO	Testis	GTEx-sim
GTEX-ZA64-1626-SM-5CVME	GTEX-ZA64	Testis	GTEx-sim
GTEX-P4PQ-2126-SM-3NMCV	GTEX-P4PQ	Testis	GTEx-sim
GTEX-ZLFU-2026-SM-4WWG2	GTEX-ZLFU	Testis	GTEx-sim
GTEX-PLZ5-1526-SM-3P5ZX	GTEX-PLZ5	Testis	GTEx-ref
GTEX-145MF-1726-SM-5LU9H	GTEX-145MF	Testis	GTEx-ref
GTEX-T8EM-0126-SM-4DM5R	GTEX-T8EM	Testis	GTEx-sim
GTEX-144GN-1626-SM-5Q5BU	GTEX-144GN	Testis	GTEx-sim
GTEX-11TT1-2226-SM-5GU6B	GTEX-11TT1	Testis	GTEx-sim
GTEX-WH7G-1926-SM-4LVMM	GTEX-WH7G	Testis	GTEx-ref
GTEX-111CU-1726-SM-5EGHM	GTEX-111CU	Testis	GTEx-ref
GTEX-S4Q7-1226-SM-4AD5I	GTEX-S4Q7	Testis	GTEx-sim
GTEX-WY7C-2226-SM-4ONCS	GTEX-WY7C	Testis	GTEx-ref
GTEX-ZAB4-0126-SM-5CVMG	GTEX-ZAB4	Testis	GTEx-ref
GTEX-Y8E4-2226-SM-5LU94	GTEX-Y8E4	Testis	GTEx-ref
GTEX-U3ZH-1526-SM-4DXV1	GTEX-U3ZH	Testis	GTEx-ref
GTEX-WVJS-2726-SM-4MVNU	GTEX-WVJS	Testis	GTEx-ref
GTEX-X4XX-0726-SM-4QARS	GTEX-X4XX	Testis	GTEx-sim
GTEX-13QJ3-0226-SM-5S2PU	GTEX-13QJ3	Testis	GTEx-sim
GTEX-WOFM-1126-SM-4OOSB	GTEX-WOFM	Testis	GTEx-ref
GTEX-ZTX8-1126-SM-51MRM	GTEX-ZTX8	Testis	GTEx-sim
GTEX-147F4-0626-SM-5LUAK	GTEX-147F4	Testis	GTEx-sim
GTEX-XLM4-1526-SM-4AT6D	GTEX-XLM4	Testis	GTEx-sim
GTEX-14A6H-2326-SM-5Q5B5	GTEX-14A6H	Testis	GTEx-sim
GTEX-11ONC-2226-SM-5HL6D	GTEX-11ONC	Testis	GTEx-sim
GTEX-R55D-0126-SM-48FEL	GTEX-R55D	Testis	GTEx-sim
GTEX-ZY6K-1726-SM-5GZX8	GTEX-ZY6K	Testis	GTEx-sim
GTEX-SIU7-1526-SM-4BRWQ	GTEX-SIU7	Testis	GTEx-sim
GTEX-QDVN-1926-SM-48TZ8	GTEX-QDVN	Testis	GTEx-ref
GTEX-RN64-2326-SM-48FDW	GTEX-RN64	Testis	GTEx-ref
GTEX-X261-2326-SM-4PQYU	GTEX-X261	Testis	GTEx-sim
GTEX-SIU8-0626-SM-2XCDN	GTEX-SIU8	Thyroid	GTEx-sim
GTEX-145LU-0426-SM-5O9AH	GTEX-145LU	Thyroid	GTEx-sim
GTEX-SJXC-0726-SM-2XCFJ	GTEX-SJXC	Thyroid	GTEx-sim
GTEX-VUSG-0426-SM-3GIKD	GTEX-VUSG	Thyroid	GTEx-ref
GTEX-ZDTS-0926-SM-4WAXG	GTEX-ZDTS	Thyroid	GTEx-ref
GTEX-13112-0326-SM-5P9IW	GTEX-13112	Thyroid	GTEx-sim
GTEX-OHPM-2626-SM-33HC5	GTEX-OHPM	Thyroid	GTEx-ref
GTEX-RN64-0626-SM-2TC5V	GTEX-RN64	Thyroid	GTEx-ref
GTEX-11DXY-0426-SM-5H12R	GTEX-11DXY	Thyroid	GTEx-ref
GTEX-14ABY-0926-SM-5Q5DY	GTEX-14ABY	Thyroid	GTEx-sim
GTEX-WL46-0126-SM-3TW8I	GTEX-WL46	Thyroid	GTEx-ref
GTEX-13OW8-0126-SM-5IJE5	GTEX-13OW8	Thyroid	GTEx-ref
GTEX-Y8E4-0126-SM-4VBQ2	GTEX-Y8E4	Thyroid	GTEx-sim
GTEX-1399R-0126-SM-5IFEV	GTEX-1399R	Thyroid	GTEx-sim
GTEX-WK11-0926-SM-3NMAU	GTEX-WK11	Thyroid	GTEx-ref
GTEX-YJ89-0726-SM-5P9F7	GTEX-YJ89	Thyroid	GTEx-ref
GTEX-ZPU1-0426-SM-4WWCA	GTEX-ZPU1	Thyroid	GTEx-ref
GTEX-1212Z-0426-SM-5FQT6	GTEX-1212Z	Thyroid	GTEx-ref
GTEX-13X6J-0826-SM-5LU32	GTEX-13X6J	Thyroid	GTEx-ref
GTEX-ZAB5-0726-SM-5P9JG	GTEX-ZAB5	Thyroid	GTEx-sim
GTEX-13NZ9-1126-SM-5MR37	GTEX-13NZ9	Thyroid	GTEx-sim
GTEX-13OW6-0726-SM-5L3FX	GTEX-13OW6	Thyroid	GTEx-sim
GTEX-145MG-0826-SM-5Q5C2	GTEX-145MG	Thyroid	GTEx-sim
GTEX-ZYT6-0426-SM-5GID3	GTEX-ZYT6	Thyroid	GTEx-ref
GTEX-132NY-1026-SM-5P9IY	GTEX-132NY	Thyroid	GTEx-sim
GTEX-WYJK-1626-SM-3NM9J	GTEX-WYJK	Thyroid	GTEx-sim
GTEX-139TS-0126-SM-5K7XJ	GTEX-139TS	Thyroid	GTEx-sim
GTEX-V955-0426-SM-3GAEL	GTEX-V955	Thyroid	GTEx-sim
GTEX-WHPG-0226-SM-3NMB9	GTEX-WHPG	Thyroid	GTEx-sim
GTEX-13FHP-0926-SM-5L3EC	GTEX-13FHP	Thyroid	GTEx-sim
GTEX-12WSC-0826-SM-5EQ5Q	GTEX-12WSC	Thyroid	GTEx-sim
GTEX-WVLH-0626-SM-3MJG7	GTEX-WVLH	Thyroid	GTEx-ref
GTEX-117XS-0526-SM-5987Q	GTEX-117XS	Thyroid	GTEx-sim
GTEX-111FC-1026-SM-5GZX1	GTEX-111FC	Thyroid	GTEx-sim
GTEX-13O3Q-0626-SM-5IJG1	GTEX-13O3Q	Thyroid	GTEx-sim
GTEX-OIZI-0726-SM-2XCEI	GTEX-OIZI	Thyroid	GTEx-ref
GTEX-ZVP2-0426-SM-57WC2	GTEX-ZVP2	Thyroid	GTEx-sim
GTEX-X4XY-0826-SM-4E3JM	GTEX-X4XY	Thyroid	GTEx-sim
GTEX-13JVG-0926-SM-5IJE1	GTEX-13JVG	Thyroid	GTEx-sim
GTEX-SIU7-1126-SM-2XCDW	GTEX-SIU7	Thyroid	GTEx-ref
GTEX-11NUK-1026-SM-5HL5J	GTEX-11NUK	Thyroid	GTEx-sim
GTEX-N7MS-2326-SM-2HMLD	GTEX-N7MS	Thyroid	GTEx-sim
GTEX-REY6-0526-SM-2TF5M	GTEX-REY6	Thyroid	GTEx-sim
GTEX-111VG-0526-SM-5N9BW	GTEX-111VG	Thyroid	GTEx-ref
GTEX-S7SE-0726-SM-2XCD7	GTEX-S7SE	Thyroid	GTEx-ref
GTEX-11GS4-0826-SM-5986J	GTEX-11GS4	Thyroid	GTEx-ref
GTEX-13NYB-0726-SM-5MR4J	GTEX-13NYB	Thyroid	GTEx-sim
GTEX-ZT9X-0226-SM-51MT2	GTEX-ZT9X	Thyroid	GTEx-ref
GTEX-13PVQ-0726-SM-5L3GI	GTEX-13PVQ	Thyroid	GTEx-ref
GTEX-ZYFC-0926-SM-5GZWW	GTEX-ZYFC	Thyroid	GTEx-ref
GTEX-P4PQ-2626-SM-33HC9	GTEX-P4PQ	Thyroid	GTEx-sim
GTEX-13N2G-0726-SM-5MR38	GTEX-13N2G	Thyroid	GTEx-sim
GTEX-13W46-0926-SM-5LU3T	GTEX-13W46	Thyroid	GTEx-sim
GTEX-QXCU-0326-SM-2TC63	GTEX-QXCU	Thyroid	GTEx-sim
GTEX-V1D1-0926-SM-4JBHQ	GTEX-V1D1	Thyroid	GTEx-ref
GTEX-13G51-1226-SM-5K7Z3	GTEX-13G51	Thyroid	GTEx-sim
GTEX-13IVO-0926-SM-5KLZP	GTEX-13IVO	Thyroid	GTEx-sim
GTEX-11EI6-0726-SM-59866	GTEX-11EI6	Thyroid	GTEx-sim
GTEX-WHSE-0626-SM-4RGNF	GTEX-WHSE	Thyroid	GTEx-ref
GTEX-P4QS-2626-SM-2I3EV	GTEX-P4QS	Thyroid	GTEx-ref
GTEX-11EQ9-0626-SM-5A5K1	GTEX-11EQ9	Thyroid	GTEx-sim
GTEX-13O21-2226-SM-5MR3L	GTEX-13O21	Thyroid	GTEx-sim
GTEX-TKQ1-0126-SM-33HB3	GTEX-TKQ1	Thyroid	GTEx-ref
GTEX-14A5H-0726-SM-5Q5DW	GTEX-14A5H	Thyroid	GTEx-sim
GTEX-145MH-0426-SM-5LU8T	GTEX-145MH	Thyroid	GTEx-ref
GTEX-WY7C-0226-SM-3NB37	GTEX-WY7C	Thyroid	GTEx-ref
GTEX-11EQ8-0826-SM-5N9FG	GTEX-11EQ8	Thyroid	GTEx-sim
GTEX-13OW7-0826-SM-5L3EL	GTEX-13OW7	Thyroid	GTEx-ref
GTEX-13VXU-0826-SM-5KLZ2	GTEX-13VXU	Thyroid	GTEx-ref
GTEX-139UW-0126-SM-5KM1B	GTEX-139UW	Thyroid	GTEx-sim
GTEX-146FQ-0726-SM-5LUA7	GTEX-146FQ	Thyroid	GTEx-ref
GTEX-NFK9-0726-SM-2HMJW	GTEX-NFK9	Thyroid	GTEx-ref
GTEX-14C38-0826-SM-5S2U8	GTEX-14C38	Thyroid	GTEx-sim
GTEX-117YW-0126-SM-5EGGN	GTEX-117YW	Thyroid	GTEx-sim
GTEX-14753-0926-SM-5Q5BI	GTEX-14753	Thyroid	GTEx-ref
GTEX-Y5V6-0526-SM-4VBRV	GTEX-Y5V6	Thyroid	GTEx-sim
GTEX-11NSD-0126-SM-5987F	GTEX-11NSD	Thyroid	GTEx-sim
GTEX-ZLFU-0626-SM-4WWBO	GTEX-ZLFU	Thyroid	GTEx-ref
GTEX-11LCK-0526-SM-5A5M9	GTEX-11LCK	Thyroid	GTEx-ref
GTEX-13O3P-0726-SM-5J2OM	GTEX-13O3P	Thyroid	GTEx-ref
GTEX-11O72-2326-SM-5BC7H	GTEX-11O72	Thyroid	GTEx-sim
GTEX-12696-0326-SM-5EGL4	GTEX-12696	Thyroid	GTEx-ref
GTEX-13YAN-0926-SM-5O9C3	GTEX-13YAN	Thyroid	GTEx-sim
GTEX-OIZG-0226-SM-2TC5L	GTEX-OIZG	Thyroid	GTEx-sim
GTEX-13OW5-0626-SM-5J2N2	GTEX-13OW5	Thyroid	GTEx-sim
GTEX-X4LF-0426-SM-3NMB5	GTEX-X4LF	Thyroid	GTEx-ref
GTEX-WHSB-1626-SM-3LK6J	GTEX-WHSB	Thyroid	GTEx-sim
GTEX-QV44-0826-SM-2S1RG	GTEX-QV44	Thyroid	GTEx-ref
GTEX-11TT1-1126-SM-5P9GV	GTEX-11TT1	Thyroid	GTEx-ref
GTEX-POYW-0826-SM-2XCEM	GTEX-POYW	Thyroid	GTEx-sim
GTEX-ZZ64-0126-SM-5GZXA	GTEX-ZZ64	Thyroid	GTEx-ref
GTEX-12ZZZ-1226-SM-59HK1	GTEX-12ZZZ	Thyroid	GTEx-sim
GTEX-11P7K-0226-SM-5986Z	GTEX-11P7K	Thyroid	GTEx-ref
GTEX-Q2AI-0326-SM-2I3EK	GTEX-Q2AI	Thyroid	GTEx-ref
GTEX-Y111-1926-SM-4SOIS	GTEX-Y111	Thyroid	GTEx-sim
GTEX-13111-0226-SM-5EQ55	GTEX-13111	Thyroid	GTEx-sim
GTEX-WH7G-0526-SM-3NMBI	GTEX-WH7G	Thyroid	GTEx-ref
GTEX-1192X-1126-SM-5EGGU	GTEX-1192X	Thyroid	GTEx-sim
GTEX-13NYC-2426-SM-5MR3K	GTEX-13NYC	Thyroid	GTEx-sim
GTEX-ZYW4-1126-SM-5SI99	GTEX-ZYW4	Thyroid	GTEx-sim
GTEX-144FL-2326-SM-5LUAC	GTEX-144FL	Thyroid	GTEx-ref
GTEX-132QS-0326-SM-5IJFN	GTEX-132QS	Thyroid	GTEx-sim
GTEX-U8T8-2326-SM-3DB96	GTEX-U8T8	Thyroid	GTEx-ref
GTEX-Y3I4-0226-SM-4TT27	GTEX-Y3I4	Thyroid	GTEx-ref
GTEX-U4B1-0626-SM-3DB8L	GTEX-U4B1	Thyroid	GTEx-ref
GTEX-QDVN-0626-SM-2I3FP	GTEX-QDVN	Thyroid	GTEx-sim
GTEX-WOFL-0726-SM-3MJG4	GTEX-WOFL	Thyroid	GTEx-sim
GTEX-12WSL-0626-SM-5GCOY	GTEX-12WSL	Thyroid	GTEx-ref
GTEX-XLM4-0726-SM-4AT64	GTEX-XLM4	Thyroid	GTEx-ref
GTEX-YF7O-0726-SM-4W213	GTEX-YF7O	Thyroid	GTEx-sim
GTEX-131XE-0126-SM-5LZVC	GTEX-131XE	Thyroid	GTEx-sim
GTEX-XBEW-0126-SM-4AT66	GTEX-XBEW	Thyroid	GTEx-sim
GTEX-131XF-1826-SM-5EGKG	GTEX-131XF	Thyroid	GTEx-ref
GTEX-YEC4-0626-SM-5CVLU	GTEX-YEC4	Thyroid	GTEx-sim
GTEX-11TUW-0226-SM-5LU8X	GTEX-11TUW	Thyroid	GTEx-ref
GTEX-12584-0826-SM-5FQSK	GTEX-12584	Thyroid	GTEx-ref
GTEX-11UD2-0626-SM-5GU6L	GTEX-11UD2	Thyroid	GTEx-sim
GTEX-R55C-0626-SM-2TF4Q	GTEX-R55C	Thyroid	GTEx-sim
GTEX-ZV7C-0126-SM-57WDE	GTEX-ZV7C	Thyroid	GTEx-ref
GTEX-13FTW-0626-SM-5IFEX	GTEX-13FTW	Thyroid	GTEx-sim
GTEX-13OVG-0226-SM-5LU93	GTEX-13OVG	Thyroid	GTEx-sim
GTEX-148VJ-0726-SM-5LU8J	GTEX-148VJ	Thyroid	GTEx-ref
GTEX-S4Q7-0326-SM-3K2B1	GTEX-S4Q7	Thyroid	GTEx-ref
GTEX-ZDYS-0626-SM-5J2N5	GTEX-ZDYS	Thyroid	GTEx-ref
GTEX-YEC3-0826-SM-5P9JF	GTEX-YEC3	Thyroid	GTEx-sim
GTEX-XGQ4-0426-SM-4AT4I	GTEX-XGQ4	Thyroid	GTEx-sim
GTEX-111YS-0726-SM-5GZY8	GTEX-111YS	Thyroid	GTEx-ref
GTEX-12WSN-0726-SM-5GCMS	GTEX-12WSN	Thyroid	GTEx-ref
GTEX-ZVZP-1026-SM-5GICI	GTEX-ZVZP	Thyroid	GTEx-ref
GTEX-R55E-0826-SM-2TC5M	GTEX-R55E	Thyroid	GTEx-ref
GTEX-ZY6K-0226-SM-5SIAY	GTEX-ZY6K	Thyroid	GTEx-ref
GTEX-13O1R-0826-SM-5J2MB	GTEX-13O1R	Thyroid	GTEx-sim
GTEX-RVPV-1226-SM-2TF73	GTEX-RVPV	Thyroid	GTEx-sim
GTEX-WFG8-0426-SM-3GILD	GTEX-WFG8	Thyroid	GTEx-sim
GTEX-13FXS-0726-SM-5LZXJ	GTEX-13FXS	Thyroid	GTEx-ref
GTEX-RM2N-0526-SM-2TF4N	GTEX-RM2N	Thyroid	GTEx-ref
GTEX-117YX-1226-SM-5H11S	GTEX-117YX	Thyroid	GTEx-sim
GTEX-UJMC-0326-SM-3GAE2	GTEX-UJMC	Thyroid	GTEx-sim
GTEX-Y9LG-0426-SM-4VBRT	GTEX-Y9LG	Thyroid	GTEx-ref
GTEX-12WSH-0226-SM-5GCOG	GTEX-12WSH	Thyroid	GTEx-sim
GTEX-13S86-1126-SM-5RQJX	GTEX-13S86	Thyroid	GTEx-sim
GTEX-X4XX-0926-SM-46MV7	GTEX-X4XX	Thyroid	GTEx-ref
GTEX-YEC3-0826-SM-4WWFP	GTEX-YEC3	Thyroid	GTEx-sim
GTEX-13N1W-0826-SM-5MR5J	GTEX-13N1W	Thyroid	GTEx-sim
GTEX-13RTK-0326-SM-5RQHS	GTEX-13RTK	Thyroid	GTEx-sim
GTEX-XXEK-1326-SM-4BRV1	GTEX-XXEK	Thyroid	GTEx-ref
GTEX-OIZH-2626-SM-2HMJM	GTEX-OIZH	Thyroid	GTEx-sim
GTEX-OOBK-2626-SM-2HMKY	GTEX-OOBK	Thyroid	GTEx-ref
GTEX-11DZ1-2726-SM-5A5KH	GTEX-11DZ1	Thyroid	GTEx-sim
GTEX-X5EB-0726-SM-46MVR	GTEX-X5EB	Thyroid	GTEx-sim
GTEX-1497J-0126-SM-5Q5BK	GTEX-1497J	Thyroid	GTEx-ref
GTEX-OHPM-2626-SM-5SI7I	GTEX-OHPM	Thyroid	GTEx-ref
GTEX-XBED-0126-SM-47JY7	GTEX-XBED	Thyroid	GTEx-ref
GTEX-XMK1-0626-SM-4B65A	GTEX-XMK1	Thyroid	GTEx-ref
GTEX-Q2AH-0726-SM-2I3EA	GTEX-Q2AH	Thyroid	GTEx-ref
GTEX-OOBJ-2626-SM-2I3F6	GTEX-OOBJ	Thyroid	GTEx-sim
GTEX-ZXG5-0926-SM-5NQ8H	GTEX-ZXG5	Thyroid	GTEx-sim
GTEX-144GM-0226-SM-5Q5CB	GTEX-144GM	Thyroid	GTEx-ref
GTEX-111CU-0226-SM-5GZXC	GTEX-111CU	Thyroid	GTEx-sim
GTEX-SUCS-0226-SM-32PLQ	GTEX-SUCS	Thyroid	GTEx-ref
GTEX-14E6C-2626-SM-5RQJP	GTEX-14E6C	Thyroid	GTEx-ref
GTEX-YFCO-0326-SM-4W1ZP	GTEX-YFCO	Thyroid	GTEx-ref
GTEX-P4PQ-2626-SM-5SI7K	GTEX-P4PQ	Thyroid	GTEx-sim
GTEX-12BJ1-0426-SM-5FQSO	GTEX-12BJ1	Thyroid	GTEx-sim
GTEX-ZT9W-0226-SM-4YCCZ	GTEX-ZT9W	Thyroid	GTEx-ref
GTEX-14ICL-0426-SM-5RQJ3	GTEX-14ICL	Thyroid	GTEx-sim
GTEX-ZA64-0426-SM-5HL96	GTEX-ZA64	Thyroid	GTEx-ref
GTEX-144GO-0126-SM-5LUAO	GTEX-144GO	Thyroid	GTEx-sim
GTEX-YB5E-0626-SM-4VDSE	GTEX-YB5E	Thyroid	GTEx-sim
GTEX-WFG7-0326-SM-5SI7L	GTEX-WFG7	Thyroid	GTEx-ref
GTEX-SNOS-0226-SM-32PLR	GTEX-SNOS	Thyroid	GTEx-sim
GTEX-11GSO-0626-SM-5A5LW	GTEX-11GSO	Thyroid	GTEx-ref
GTEX-WFG7-0326-SM-3GILI	GTEX-WFG7	Thyroid	GTEx-ref
GTEX-SUCS-0226-SM-5CHQG	GTEX-SUCS	Thyroid	GTEx-ref
GTEX-113JC-0126-SM-5EGJW	GTEX-113JC	Thyroid	GTEx-sim
GTEX-11GSP-0126-SM-5A5KU	GTEX-11GSP	Thyroid	GTEx-ref
GTEX-YFC4-2626-SM-5P9FQ	GTEX-YFC4	Thyroid	GTEx-ref
GTEX-Y3IK-0526-SM-4WWE3	GTEX-Y3IK	Thyroid	GTEx-ref
GTEX-WYVS-0326-SM-3NM9V	GTEX-WYVS	Thyroid	GTEx-ref
GTEX-1128S-0126-SM-5H12S	GTEX-1128S	Thyroid	GTEx-ref
GTEX-11ZVC-0126-SM-5986G	GTEX-11ZVC	Thyroid	GTEx-sim
GTEX-1313W-0726-SM-5EGK1	GTEX-1313W	Thyroid	GTEx-ref
GTEX-132AR-1126-SM-5P9GA	GTEX-132AR	Thyroid	GTEx-sim
GTEX-Q734-0526-SM-2I3EH	GTEX-Q734	Thyroid	GTEx-sim
GTEX-11DXX-0226-SM-5P9HL	GTEX-11DXX	Thyroid	GTEx-sim
GTEX-RNOR-0926-SM-2TF56	GTEX-RNOR	Thyroid	GTEx-sim
GTEX-13FTY-0726-SM-5J2OH	GTEX-13FTY	Thyroid	GTEx-sim
GTEX-13O3O-0926-SM-5KM1F	GTEX-13O3O	Thyroid	GTEx-sim
GTEX-Q2AG-0826-SM-2HMKF	GTEX-Q2AG	Thyroid	GTEx-sim
GTEX-ZAK1-0726-SM-5HL8Q	GTEX-ZAK1	Thyroid	GTEx-sim
GTEX-11EMC-0226-SM-5EGLP	GTEX-11EMC	Thyroid	GTEx-sim
GTEX-11XUK-0226-SM-5EQLW	GTEX-11XUK	Thyroid	GTEx-sim
GTEX-X15G-0526-SM-3NMB7	GTEX-X15G	Thyroid	GTEx-ref
GTEX-ZVZQ-0626-SM-59HJU	GTEX-ZVZQ	Thyroid	GTEx-ref
GTEX-TSE9-0626-SM-3DB8B	GTEX-TSE9	Thyroid	GTEx-sim
GTEX-11TTK-0826-SM-5N9EG	GTEX-11TTK	Thyroid	GTEx-sim
GTEX-14AS3-0226-SM-5Q5B6	GTEX-14AS3	Thyroid	GTEx-sim
GTEX-12ZZX-1226-SM-5EGHS	GTEX-12ZZX	Thyroid	GTEx-ref
GTEX-XV7Q-0326-SM-4BRVM	GTEX-XV7Q	Thyroid	GTEx-ref
GTEX-13PL6-1026-SM-5L3E5	GTEX-13PL6	Thyroid	GTEx-ref
GTEX-ZLV1-0126-SM-4WWBZ	GTEX-ZLV1	Thyroid	GTEx-ref
GTEX-12WS9-0726-SM-5FQT7	GTEX-12WS9	Thyroid	GTEx-ref
GTEX-145MI-1126-SM-5O9AK	GTEX-145MI	Thyroid	GTEx-ref
GTEX-12WSB-0726-SM-5N9GD	GTEX-12WSB	Thyroid	GTEx-ref
GTEX-ZZPU-1326-SM-5GZWS	GTEX-ZZPU	Thyroid	GTEx-sim
GTEX-W5X1-0426-SM-3GILB	GTEX-W5X1	Thyroid	GTEx-ref
GTEX-RTLS-0626-SM-5SI7Z	GTEX-RTLS	Thyroid	GTEx-ref
GTEX-ZE7O-1126-SM-57WC8	GTEX-ZE7O	Thyroid	GTEx-ref
GTEX-OHPK-2626-SM-2HMK9	GTEX-OHPK	Thyroid	GTEx-ref
GTEX-12WSD-0926-SM-5GCNL	GTEX-12WSD	Thyroid	GTEx-ref
GTEX-P4QT-2626-SM-2I3FM	GTEX-P4QT	Thyroid	GTEx-ref
GTEX-RWS6-0626-SM-2XCAS	GTEX-RWS6	Thyroid	GTEx-sim
GTEX-133LE-0326-SM-5P9G4	GTEX-133LE	Thyroid	GTEx-sim
GTEX-WYBS-1926-SM-3NM8N	GTEX-WYBS	Thyroid	GTEx-ref
GTEX-Y5V5-0326-SM-5RQJG	GTEX-Y5V5	Thyroid	GTEx-ref
GTEX-OXRP-0326-SM-33HBJ	GTEX-OXRP	Thyroid	GTEx-ref
GTEX-13QBU-0626-SM-5J2OG	GTEX-13QBU	Thyroid	GTEx-ref
GTEX-11ZTS-1126-SM-5LU9X	GTEX-11ZTS	Thyroid	GTEx-ref
GTEX-146FR-0326-SM-5SI8U	GTEX-146FR	Thyroid	GTEx-ref
GTEX-ZLWG-0526-SM-4WWFB	GTEX-ZLWG	Thyroid	GTEx-sim
GTEX-OXRO-1226-SM-48TDL	GTEX-OXRO	Thyroid	GTEx-sim
GTEX-14BMU-0226-SM-5S2QA	GTEX-14BMU	Thyroid	GTEx-sim
GTEX-12WSG-0226-SM-5EGIF	GTEX-12WSG	Thyroid	GTEx-ref
GTEX-X8HC-0726-SM-46MWG	GTEX-X8HC	Thyroid	GTEx-ref
GTEX-ZV6S-0226-SM-59HJT	GTEX-ZV6S	Thyroid	GTEx-ref
GTEX-ZGAY-1026-SM-4WWBR	GTEX-ZGAY	Thyroid	GTEx-sim
GTEX-S341-0226-SM-5S2VG	GTEX-S341	Thyroid	GTEx-sim
GTEX-SN8G-1526-SM-4DM79	GTEX-SN8G	Thyroid	GTEx-sim
GTEX-11EM3-0126-SM-5985K	GTEX-11EM3	Thyroid	GTEx-sim
GTEX-ZC5H-0626-SM-5LU9K	GTEX-ZC5H	Thyroid	GTEx-ref
GTEX-ZYY3-1926-SM-5GZXS	GTEX-ZYY3	Thyroid	GTEx-ref
GTEX-13NZ8-0226-SM-5J2OK	GTEX-13NZ8	Thyroid	GTEx-sim
GTEX-WEY5-0526-SM-3GIKZ	GTEX-WEY5	Thyroid	GTEx-ref
GTEX-W5WG-1426-SM-4KKZP	GTEX-W5WG	Thyroid	GTEx-sim
GTEX-SE5C-0726-SM-4BRWY	GTEX-SE5C	Thyroid	GTEx-ref
GTEX-PWN1-2626-SM-2I3FH	GTEX-PWN1	Thyroid	GTEx-ref
GTEX-PWOO-0926-SM-2I3EC	GTEX-PWOO	Thyroid	GTEx-sim
GTEX-WXYG-0226-SM-3NB2Y	GTEX-WXYG	Thyroid	GTEx-sim
GTEX-13X6H-0526-SM-5LU4Q	GTEX-13X6H	Thyroid	GTEx-ref
GTEX-WWYW-0826-SM-3NB2X	GTEX-WWYW	Thyroid	GTEx-sim
GTEX-Y114-0626-SM-4TT98	GTEX-Y114	Thyroid	GTEx-ref
GTEX-11I78-0526-SM-5986A	GTEX-11I78	Thyroid	GTEx-ref
GTEX-11ZTT-1026-SM-5EQKF	GTEX-11ZTT	Thyroid	GTEx-ref
GTEX-XUJ4-0726-SM-4BOOP	GTEX-XUJ4	Thyroid	GTEx-sim
GTEX-Y5LM-0626-SM-4V6G4	GTEX-Y5LM	Thyroid	GTEx-ref
GTEX-13D11-0226-SM-5LZXL	GTEX-13D11	Thyroid	GTEx-sim
GTEX-WI4N-0926-SM-3LK7K	GTEX-WI4N	Thyroid	GTEx-sim
GTEX-T6MO-0226-SM-32QOL	GTEX-T6MO	Thyroid	GTEx-sim
GTEX-PWCY-2326-SM-2I3EQ	GTEX-PWCY	Thyroid	GTEx-ref
GTEX-ZPCL-0126-SM-4WWC8	GTEX-ZPCL	Thyroid	GTEx-sim
GTEX-RU72-0126-SM-2TF6Z	GTEX-RU72	Thyroid	GTEx-sim
GTEX-131XG-0226-SM-5IFG1	GTEX-131XG	Thyroid	GTEx-ref
GTEX-ZVT3-0726-SM-5GICN	GTEX-ZVT3	Thyroid	GTEx-sim
GTEX-13N11-1026-SM-5K7XQ	GTEX-13N11	Thyroid	GTEx-ref
GTEX-ZTPG-0826-SM-5DUVC	GTEX-ZTPG	Thyroid	GTEx-ref
GTEX-13113-0126-SM-5LZVX	GTEX-13113	Thyroid	GTEx-ref
GTEX-XUW1-1026-SM-4BONY	GTEX-XUW1	Thyroid	GTEx-ref
GTEX-12WSJ-0326-SM-5GCMT	GTEX-12WSJ	Thyroid	GTEx-ref
GTEX-OXRP-0326-SM-5SI7J	GTEX-OXRP	Thyroid	GTEx-ref
GTEX-ZYFG-0626-SM-5GZYA	GTEX-ZYFG	Thyroid	GTEx-sim
GTEX-11P81-0126-SM-5HL5Y	GTEX-11P81	Thyroid	GTEx-ref
GTEX-12WSK-0926-SM-5CVNQ	GTEX-12WSK	Thyroid	GTEx-sim
GTEX-OHPL-2626-SM-2HMJA	GTEX-OHPL	Thyroid	GTEx-sim
GTEX-13CF3-0926-SM-5LZZC	GTEX-13CF3	Thyroid	GTEx-sim
GTEX-1122O-0226-SM-5N9DA	GTEX-1122O	Thyroid	GTEx-sim
GTEX-13VXT-0626-SM-5SIA1	GTEX-13VXT	Thyroid	GTEx-ref
GTEX-11VI4-0226-SM-5GU6C	GTEX-11VI4	Thyroid	GTEx-ref
GTEX-13OVI-0826-SM-5KLZ8	GTEX-13OVI	Thyroid	GTEx-sim
GTEX-145ME-0126-SM-5S2QM	GTEX-145ME	Thyroid	GTEx-sim
GTEX-OXRK-0626-SM-2HMJ5	GTEX-OXRK	Thyroid	GTEx-ref
GTEX-XUZC-0126-SM-4BOO6	GTEX-XUZC	Thyroid	GTEx-sim
GTEX-R55G-0726-SM-2TC6J	GTEX-R55G	Thyroid	GTEx-ref
GTEX-XYKS-0826-SM-4BRVF	GTEX-XYKS	Thyroid	GTEx-ref
GTEX-RU1J-0226-SM-2TF5Y	GTEX-RU1J	Thyroid	GTEx-sim
GTEX-1211K-0726-SM-5FQUW	GTEX-1211K	Thyroid	GTEx-ref
GTEX-S32W-0726-SM-2XCBL	GTEX-S32W	Thyroid	GTEx-ref
GTEX-R3RS-0726-SM-3GIJR	GTEX-R3RS	Thyroid	GTEx-ref
GTEX-UPIC-0226-SM-3GADO	GTEX-UPIC	Thyroid	GTEx-sim
GTEX-RTLS-0626-SM-2TF6G	GTEX-RTLS	Thyroid	GTEx-ref
GTEX-P4PP-2026-SM-3P61N	GTEX-P4PP	Uterus	GTEx-sim
GTEX-11I78-2126-SM-5A5K8	GTEX-11I78	Uterus	GTEx-ref
GTEX-13U4I-1926-SM-5LU39	GTEX-13U4I	Uterus	GTEx-ref
GTEX-131XG-2026-SM-5GCN5	GTEX-131XG	Uterus	GTEx-sim
GTEX-OHPK-2026-SM-3MJH7	GTEX-OHPK	Uterus	GTEx-ref
GTEX-XV7Q-1526-SM-4BRWB	GTEX-XV7Q	Uterus	GTEx-ref
GTEX-RWS6-1326-SM-47JXB	GTEX-RWS6	Uterus	GTEx-sim
GTEX-QCQG-1326-SM-48U24	GTEX-QCQG	Uterus	GTEx-ref
GTEX-12WSG-2126-SM-5EGJ7	GTEX-12WSG	Uterus	GTEx-ref
GTEX-RU72-2626-SM-4TT75	GTEX-RU72	Uterus	GTEx-ref
GTEX-131YS-2326-SM-5IJFJ	GTEX-131YS	Uterus	GTEx-sim
GTEX-PX3G-2026-SM-48U1H	GTEX-PX3G	Uterus	GTEx-ref
GTEX-13D11-1226-SM-5IFGA	GTEX-13D11	Uterus	GTEx-sim
GTEX-12WSD-2826-SM-59HKT	GTEX-12WSD	Uterus	GTEx-ref
GTEX-1313W-2826-SM-5P9G1	GTEX-1313W	Uterus	GTEx-ref
GTEX-11ZTS-2326-SM-5EQMY	GTEX-11ZTS	Uterus	GTEx-ref
GTEX-U3ZN-0726-SM-4DXT5	GTEX-U3ZN	Uterus	GTEx-sim
GTEX-YFC4-2826-SM-5P9FR	GTEX-YFC4	Uterus	GTEx-sim
GTEX-XYKS-1626-SM-4BRUQ	GTEX-XYKS	Uterus	GTEx-ref
GTEX-Y3IK-2126-SM-4YCDS	GTEX-Y3IK	Uterus	GTEx-ref
GTEX-PWCY-1426-SM-48TCT	GTEX-PWCY	Uterus	GTEx-sim
GTEX-139D8-2526-SM-5N9G3	GTEX-139D8	Uterus	GTEx-sim
GTEX-11DXX-1526-SM-5H115	GTEX-11DXX	Uterus	GTEx-sim
GTEX-ZAK1-2526-SM-5S2N7	GTEX-ZAK1	Uterus	GTEx-ref
GTEX-ZLWG-1026-SM-4WWC4	GTEX-ZLWG	Uterus	GTEx-sim
GTEX-ZVT2-0426-SM-5E44S	GTEX-ZVT2	Uterus	GTEx-ref
GTEX-ZP4G-0726-SM-4WWF2	GTEX-ZP4G	Uterus	GTEx-ref
GTEX-P4QT-2026-SM-3NMCJ	GTEX-P4QT	Uterus	GTEx-sim
GTEX-P78B-2526-SM-3P5ZY	GTEX-P78B	Uterus	GTEx-sim
GTEX-113JC-2226-SM-5EGJG	GTEX-113JC	Uterus	GTEx-sim
GTEX-14BIM-2226-SM-5SI8Y	GTEX-14BIM	Uterus	GTEx-sim
GTEX-Q734-1626-SM-48U1B	GTEX-Q734	Uterus	GTEx-ref
GTEX-13VXT-1626-SM-5IJES	GTEX-13VXT	Uterus	GTEx-ref
GTEX-WYVS-1226-SM-4ONCL	GTEX-WYVS	Uterus	GTEx-sim
GTEX-1399S-2226-SM-5IFEW	GTEX-1399S	Uterus	GTEx-sim
GTEX-OHPL-2026-SM-3TW8R	GTEX-OHPL	Uterus	GTEx-sim
GTEX-14BMU-1826-SM-5RQII	GTEX-14BMU	Uterus	GTEx-ref
GTEX-XUW1-0226-SM-4BOOS	GTEX-XUW1	Uterus	GTEx-sim
GTEX-145ME-1326-SM-5O98Q	GTEX-145ME	Uterus	GTEx-ref
GTEX-12ZZX-2126-SM-5LZVL	GTEX-12ZZX	Uterus	GTEx-ref
GTEX-R55G-1626-SM-48FF4	GTEX-R55G	Uterus	GTEx-ref
GTEX-YJ8O-1126-SM-5P9IS	GTEX-YJ8O	Uterus	GTEx-ref
GTEX-T2IS-2226-SM-4DM65	GTEX-T2IS	Uterus	GTEx-sim
GTEX-13PL7-2026-SM-5IFGK	GTEX-13PL7	Uterus	GTEx-ref
GTEX-W5WG-1326-SM-4LMI9	GTEX-W5WG	Uterus	GTEx-sim
GTEX-13FTX-1026-SM-5J2O5	GTEX-13FTX	Uterus	GTEx-ref
GTEX-1117F-2426-SM-5EGGH	GTEX-1117F	Uterus	GTEx-ref
GTEX-132AR-1526-SM-5KM1L	GTEX-132AR	Uterus	GTEx-sim
GTEX-13OVJ-2326-SM-5IJGA	GTEX-13OVJ	Uterus	GTEx-sim
GTEX-WEY5-0726-SM-4LMID	GTEX-WEY5	Uterus	GTEx-sim
GTEX-1399U-1326-SM-5IJET	GTEX-1399U	Uterus	GTEx-sim
GTEX-11P81-1626-SM-5BC52	GTEX-11P81	Uterus	GTEx-sim
GTEX-ZV6S-1526-SM-5NQ7O	GTEX-ZV6S	Uterus	GTEx-sim
GTEX-N7MT-0726-SM-3TW8S	GTEX-N7MT	Uterus	GTEx-sim
GTEX-11ZTT-1726-SM-5EQL4	GTEX-11ZTT	Uterus	GTEx-sim
GTEX-S4UY-1226-SM-4AD51	GTEX-S4UY	Uterus	GTEx-sim
GTEX-13S7M-1726-SM-5RQK3	GTEX-13S7M	Uterus	GTEx-ref
GTEX-12WSK-2026-SM-5CVNB	GTEX-12WSK	Uterus	GTEx-sim
GTEX-ZXES-0726-SM-5E451	GTEX-ZXES	Uterus	GTEx-sim
GTEX-XUZC-0926-SM-4BOQF	GTEX-XUZC	Uterus	GTEx-sim
GTEX-ZYVF-0526-SM-5E43E	GTEX-ZYVF	Uterus	GTEx-ref
GTEX-WWYW-2826-SM-4MVOQ	GTEX-WWYW	Uterus	GTEx-sim
GTEX-T6MO-1526-SM-4DM57	GTEX-T6MO	Uterus	GTEx-ref
GTEX-WXYG-1326-SM-4ONCN	GTEX-WXYG	Uterus	GTEx-ref
GTEX-UPIC-1526-SM-4IHLU	GTEX-UPIC	Uterus	GTEx-sim
GTEX-XUJ4-1526-SM-4BONU	GTEX-XUJ4	Uterus	GTEx-ref
GTEX-POMQ-1226-SM-3P61F	GTEX-POMQ	Uterus	GTEx-sim
GTEX-13QBU-1626-SM-5LU4S	GTEX-13QBU	Uterus	GTEx-ref
GTEX-11EM3-1926-SM-5987U	GTEX-11EM3	Uterus	GTEx-sim
GTEX-PWN1-2026-SM-48TD9	GTEX-PWN1	Uterus	GTEx-sim
GTEX-13N11-1126-SM-5KM41	GTEX-13N11	Uterus	GTEx-ref
GTEX-T5JW-1526-SM-4DM5E	GTEX-T5JW	Uterus	GTEx-ref
GTEX-TMMY-2226-SM-4DXTN	GTEX-TMMY	Uterus	GTEx-ref
GTEX-13OVI-1026-SM-5L3EM	GTEX-13OVI	Uterus	GTEx-ref
GTEX-S341-1026-SM-4AD71	GTEX-S341	Uterus	GTEx-ref
GTEX-ZAJG-2826-SM-5HL8D	GTEX-ZAJG	Uterus	GTEx-ref
GTEX-ZTPG-2026-SM-5O999	GTEX-ZTPG	Uterus	GTEx-ref
GTEX-WI4N-2426-SM-4OOSC	GTEX-WI4N	Uterus	GTEx-sim
GTEX-ZE7O-2426-SM-57WD7	GTEX-ZE7O	Vagina	GTEx-ref
GTEX-113JC-1926-SM-5N9GE	GTEX-113JC	Vagina	GTEx-sim
GTEX-P4PP-2526-SM-3P61P	GTEX-P4PP	Vagina	GTEx-sim
GTEX-NL3G-2526-SM-4SOIE	GTEX-NL3G	Vagina	GTEx-sim
GTEX-13QIC-1826-SM-5J1MY	GTEX-13QIC	Vagina	GTEx-sim
GTEX-OHPL-2526-SM-3MJGT	GTEX-OHPL	Vagina	GTEx-ref
GTEX-12WSB-2426-SM-5EGJC	GTEX-12WSB	Vagina	GTEx-ref
GTEX-13U4I-2026-SM-5LU3L	GTEX-13U4I	Vagina	GTEx-ref
GTEX-ZC5H-2226-SM-4WAWS	GTEX-ZC5H	Vagina	GTEx-sim
GTEX-YFC4-2926-SM-5IFJ8	GTEX-YFC4	Vagina	GTEx-ref
GTEX-131YS-2426-SM-5J2OD	GTEX-131YS	Vagina	GTEx-sim
GTEX-YJ8O-1226-SM-5P9JE	GTEX-YJ8O	Vagina	GTEx-sim
GTEX-ZVT3-2726-SM-5GU5X	GTEX-ZVT3	Vagina	GTEx-ref
GTEX-ZLWG-1126-SM-4WWFQ	GTEX-ZLWG	Vagina	GTEx-ref
GTEX-PX3G-2526-SM-48TZV	GTEX-PX3G	Vagina	GTEx-ref
GTEX-TML8-1126-SM-4DXSS	GTEX-TML8	Vagina	GTEx-ref
GTEX-Y3IK-2226-SM-4YCD4	GTEX-Y3IK	Vagina	GTEx-sim
GTEX-11GSP-2226-SM-5HL5Q	GTEX-11GSP	Vagina	GTEx-ref
GTEX-PLZ4-2726-SM-3P61A	GTEX-PLZ4	Vagina	GTEx-sim
GTEX-X15G-1926-SM-4PQZQ	GTEX-X15G	Vagina	GTEx-ref
GTEX-11EMC-1926-SM-5A5JU	GTEX-11EMC	Vagina	GTEx-sim
GTEX-ZVT2-0626-SM-5GICR	GTEX-ZVT2	Vagina	GTEx-sim
GTEX-14DAQ-2326-SM-5S2QX	GTEX-14DAQ	Vagina	GTEx-ref
GTEX-ZGAY-2226-SM-4YCCX	GTEX-ZGAY	Vagina	GTEx-ref
GTEX-P78B-2226-SM-3P5ZZ	GTEX-P78B	Vagina	GTEx-sim
GTEX-WYVS-1426-SM-4ONCV	GTEX-WYVS	Vagina	GTEx-ref
GTEX-OHPK-2526-SM-3MJH9	GTEX-OHPK	Vagina	GTEx-ref
GTEX-S7SF-1426-SM-4AT5A	GTEX-S7SF	Vagina	GTEx-sim
GTEX-N7MT-1926-SM-3LK5N	GTEX-N7MT	Vagina	GTEx-sim
GTEX-ZXES-0626-SM-5E45P	GTEX-ZXES	Vagina	GTEx-sim
GTEX-146FH-2626-SM-5Q5E1	GTEX-146FH	Vagina	GTEx-ref
GTEX-QCQG-1226-SM-48U23	GTEX-QCQG	Vagina	GTEx-sim
GTEX-T2IS-1926-SM-4DM74	GTEX-T2IS	Vagina	GTEx-sim
GTEX-S341-1226-SM-4AD5S	GTEX-S341	Vagina	GTEx-ref
GTEX-11I78-2026-SM-5987C	GTEX-11I78	Vagina	GTEx-ref
GTEX-11P81-2126-SM-5HL6N	GTEX-11P81	Vagina	GTEx-ref
GTEX-12ZZX-1926-SM-5EGKC	GTEX-12ZZX	Vagina	GTEx-sim
GTEX-XV7Q-1626-SM-4BRWC	GTEX-XV7Q	Vagina	GTEx-sim
GTEX-QVJO-2526-SM-4R1KB	GTEX-QVJO	Vagina	GTEx-ref
GTEX-13D11-1326-SM-5IJFY	GTEX-13D11	Vagina	GTEx-ref
GTEX-UPIC-1426-SM-4IHLQ	GTEX-UPIC	Vagina	GTEx-ref
GTEX-RWS6-1726-SM-47JXP	GTEX-RWS6	Vagina	GTEx-sim
GTEX-13PL7-2726-SM-5L3GB	GTEX-13PL7	Vagina	GTEx-ref
GTEX-U3ZN-0926-SM-4DXTU	GTEX-U3ZN	Vagina	GTEx-sim
GTEX-XUJ4-1626-SM-4BONV	GTEX-XUJ4	Vagina	GTEx-sim
GTEX-11DXX-1726-SM-5H11T	GTEX-11DXX	Vagina	GTEx-ref
GTEX-ZP4G-0826-SM-4WWF3	GTEX-ZP4G	Vagina	GTEx-ref
GTEX-13PVR-1426-SM-5S2PW	GTEX-13PVR	Vagina	GTEx-ref
GTEX-QDT8-2526-SM-48TYX	GTEX-QDT8	Vagina	GTEx-sim
GTEX-ZZPU-2226-SM-5EGIV	GTEX-ZZPU	Vagina	GTEx-sim
GTEX-PWCY-1726-SM-48TD3	GTEX-PWCY	Vagina	GTEx-ref
GTEX-1399S-2326-SM-5K7YV	GTEX-1399S	Vagina	GTEx-ref
GTEX-ZAJG-2926-SM-5HL8P	GTEX-ZAJG	Vagina	GTEx-sim
GTEX-WEY5-0826-SM-4LMIH	GTEX-WEY5	Vagina	GTEx-sim
GTEX-14A5I-2726-SM-5SIB3	GTEX-14A5I	Vagina	GTEx-ref
GTEX-13QBU-1726-SM-5IJFQ	GTEX-13QBU	Vagina	GTEx-ref
GTEX-11VI4-0726-SM-5GU5B	GTEX-11VI4	Vagina	GTEx-sim
GTEX-T6MO-1226-SM-4DM5S	GTEX-T6MO	Vagina	GTEx-sim
GTEX-147F3-1526-SM-5SIAK	GTEX-147F3	Vagina	GTEx-sim
GTEX-SE5C-1126-SM-4BRWZ	GTEX-SE5C	Vagina	GTEx-sim
GTEX-ZTPG-2226-SM-57WF9	GTEX-ZTPG	Vagina	GTEx-sim
GTEX-UJHI-1326-SM-4IHJO	GTEX-UJHI	Vagina	GTEx-sim
GTEX-12WSD-2926-SM-5LZUH	GTEX-12WSD	Vagina	GTEx-sim
GTEX-XUW1-0326-SM-4BOOR	GTEX-XUW1	Vagina	GTEx-ref
GTEX-11TTK-2726-SM-5GU58	GTEX-11TTK	Vagina	GTEx-ref
GTEX-1399U-1526-SM-5J2N7	GTEX-1399U	Vagina	GTEx-sim
GTEX-TSE9-2526-SM-4DXUS	GTEX-TSE9	Vagina	GTEx-ref
GTEX-ZQG8-1126-SM-51MRL	GTEX-ZQG8	Vagina	GTEx-ref
GTEX-11XUK-1326-SM-5EQM4	GTEX-11XUK	Vagina	GTEx-sim
GTEX-W5WG-1026-SM-4LMIF	GTEX-W5WG	Vagina	GTEx-sim
GTEX-14BMU-1926-SM-5S2QC	GTEX-14BMU	Vagina	GTEx-sim
GTEX-14AS3-1726-SM-5RQJV	GTEX-14AS3	Vagina	GTEx-ref
GTEX-132AR-1626-SM-5EGHP	GTEX-132AR	Vagina	GTEx-sim
GTEX-PWN1-2526-SM-48TDS	GTEX-PWN1	Vagina	GTEx-ref
GTEX-TMMY-1926-SM-4DXUU	GTEX-TMMY	Vagina	GTEx-ref
GTEX-13N11-1526-SM-5L3FL	GTEX-13N11	Vagina	GTEx-sim
GTEX-11EM3-1826-SM-5A5KO	GTEX-11EM3	Vagina	GTEx-ref
GTEX-PWOO-2026-SM-48TDE	GTEX-PWOO	Vagina	GTEx-ref
GTEX-131XG-2126-SM-5DUXG	GTEX-131XG	Vagina	GTEx-sim
GTEX-12WSJ-1326-SM-5GCOB	GTEX-12WSJ	Vagina	GTEx-ref
GTEX-146FR-2426-SM-5NQAU	GTEX-146FR	Vagina	GTEx-sim
GTEX-ZYWO-2026-SM-5GIDA	GTEX-ZYWO	Vagina	GTEx-ref
GTEX-S4UY-1326-SM-4AD4X	GTEX-S4UY	Vagina	GTEx-ref
GTEX-Y114-1926-SM-4TT8J	GTEX-Y114	Vagina	GTEx-sim
GTEX-W5X1-2226-SM-5CHTP	GTEX-W5X1	Vagina	GTEx-sim
GTEX-NPJ8-0007-SM-26GMW	GTEX-NPJ8	Whole Blood	GTEx-sim
GTEX-11NSD-0005-SM-5LZZ5	GTEX-11NSD	Whole Blood	GTEx-sim
GTEX-WQUQ-0006-SM-3MJF4	GTEX-WQUQ	Whole Blood	GTEx-ref
GTEX-12WSN-0006-SM-5NQAP	GTEX-12WSN	Whole Blood	GTEx-ref
GTEX-Z93S-0005-SM-4RGLW	GTEX-Z93S	Whole Blood	GTEx-ref
GTEX-ZTX8-0006-SM-4YCE4	GTEX-ZTX8	Whole Blood	GTEx-sim
GTEX-N7MS-0007-SM-26GMV	GTEX-N7MS	Whole Blood	GTEx-sim
GTEX-PSDG-0005-SM-3GADC	GTEX-PSDG	Whole Blood	GTEx-sim
GTEX-S7SE-0005-SM-2XCEA	GTEX-S7SE	Whole Blood	GTEx-sim
GTEX-13OW6-0005-SM-5NQ9Z	GTEX-13OW6	Whole Blood	GTEx-sim
GTEX-14BMV-0005-SM-5NQ6Y	GTEX-14BMV	Whole Blood	GTEx-sim
GTEX-11NV4-0005-SM-5N9EX	GTEX-11NV4	Whole Blood	GTEx-ref
GTEX-PLZ6-0006-SM-33HBZ	GTEX-PLZ6	Whole Blood	GTEx-ref
GTEX-ZDXO-0006-SM-4WKGF	GTEX-ZDXO	Whole Blood	GTEx-sim
GTEX-12WSH-0005-SM-5NQ9P	GTEX-12WSH	Whole Blood	GTEx-ref
GTEX-WFG8-0006-SM-3GIKS	GTEX-WFG8	Whole Blood	GTEx-ref
GTEX-X4LF-0006-SM-3NMCO	GTEX-X4LF	Whole Blood	GTEx-ref
GTEX-11OC5-0006-SM-5N9FA	GTEX-11OC5	Whole Blood	GTEx-ref
GTEX-11WQK-0005-SM-5O9AV	GTEX-11WQK	Whole Blood	GTEx-ref
GTEX-13CZU-0005-SM-5LU8K	GTEX-13CZU	Whole Blood	GTEx-sim
GTEX-QXCU-0006-SM-2TC5K	GTEX-QXCU	Whole Blood	GTEx-ref
GTEX-Y5V6-0005-SM-4V6FD	GTEX-Y5V6	Whole Blood	GTEx-ref
GTEX-11ZUS-0006-SM-5O9AJ	GTEX-11ZUS	Whole Blood	GTEx-ref
GTEX-P4PQ-0005-SM-2HMKJ	GTEX-P4PQ	Whole Blood	GTEx-sim
GTEX-WHWD-0005-SM-3LK7D	GTEX-WHWD	Whole Blood	GTEx-ref
GTEX-X4XY-0006-SM-46MV2	GTEX-X4XY	Whole Blood	GTEx-ref
GTEX-113IC-0006-SM-5NQ9C	GTEX-113IC	Whole Blood	GTEx-sim
GTEX-12BJ1-0006-SM-5SIB5	GTEX-12BJ1	Whole Blood	GTEx-ref
GTEX-ZDTT-0006-SM-4WKFP	GTEX-ZDTT	Whole Blood	GTEx-sim
GTEX-REY6-0005-SM-2TF54	GTEX-REY6	Whole Blood	GTEx-sim
GTEX-YFCO-0005-SM-4W1ZI	GTEX-YFCO	Whole Blood	GTEx-sim
GTEX-WVLH-0006-SM-3MJF7	GTEX-WVLH	Whole Blood	GTEx-ref
GTEX-TKQ2-0006-SM-33HBH	GTEX-TKQ2	Whole Blood	GTEx-ref
GTEX-U4B1-0006-SM-3DB8E	GTEX-U4B1	Whole Blood	GTEx-ref
GTEX-12WSC-0005-SM-5MR3H	GTEX-12WSC	Whole Blood	GTEx-ref
GTEX-11DXZ-0006-SM-5LZZH	GTEX-11DXZ	Whole Blood	GTEx-sim
GTEX-QMRM-0005-SM-3NB2A	GTEX-QMRM	Whole Blood	GTEx-sim
GTEX-S4Q7-0006-SM-3K2AT	GTEX-S4Q7	Whole Blood	GTEx-ref
GTEX-12KS4-0005-SM-5SI94	GTEX-12KS4	Whole Blood	GTEx-sim
GTEX-13FTW-0005-SM-5LZVZ	GTEX-13FTW	Whole Blood	GTEx-ref
GTEX-14DAR-0006-SM-5N9GC	GTEX-14DAR	Whole Blood	GTEx-sim
GTEX-14E6D-0005-SM-5N9D7	GTEX-14E6D	Whole Blood	GTEx-sim
GTEX-X585-0005-SM-46MV3	GTEX-X585	Whole Blood	GTEx-ref
GTEX-ZDTS-0006-SM-4WAYZ	GTEX-ZDTS	Whole Blood	GTEx-sim
GTEX-139TU-0006-SM-5LZVN	GTEX-139TU	Whole Blood	GTEx-sim
GTEX-VJYA-0005-SM-3P5ZD	GTEX-VJYA	Whole Blood	GTEx-sim
GTEX-WK11-0006-SM-3NB3J	GTEX-WK11	Whole Blood	GTEx-sim
GTEX-ZDYS-0002-SM-4WKGR	GTEX-ZDYS	Whole Blood	GTEx-ref
GTEX-12696-0005-SM-5LZYS	GTEX-12696	Whole Blood	GTEx-ref
GTEX-132QS-0005-SM-5LZXK	GTEX-132QS	Whole Blood	GTEx-ref
GTEX-139TS-0005-SM-5NQC1	GTEX-139TS	Whole Blood	GTEx-ref
GTEX-12584-0005-SM-5N9GM	GTEX-12584	Whole Blood	GTEx-sim
GTEX-UTHO-0006-SM-3NMCC	GTEX-UTHO	Whole Blood	GTEx-ref
GTEX-X62O-0005-SM-46MV1	GTEX-X62O	Whole Blood	GTEx-sim
GTEX-139T6-0006-SM-5LU92	GTEX-139T6	Whole Blood	GTEx-ref
GTEX-SNOS-0006-SM-32PLH	GTEX-SNOS	Whole Blood	GTEx-ref
GTEX-11DXY-0006-SM-5NQ8N	GTEX-11DXY	Whole Blood	GTEx-ref
GTEX-RM2N-0006-SM-2TF5H	GTEX-RM2N	Whole Blood	GTEx-sim
GTEX-1399R-0006-SM-5N9FR	GTEX-1399R	Whole Blood	GTEx-sim
GTEX-139T8-0006-SM-5NQ6V	GTEX-139T8	Whole Blood	GTEx-ref
GTEX-OIZI-0005-SM-2XCED	GTEX-OIZI	Whole Blood	GTEx-sim
GTEX-R55D-0006-SM-3GIJS	GTEX-R55D	Whole Blood	GTEx-sim
GTEX-WOFM-0005-SM-3MJF3	GTEX-WOFM	Whole Blood	GTEx-ref
GTEX-11TT1-0005-SM-5NQ8Y	GTEX-11TT1	Whole Blood	GTEx-sim
GTEX-WHSB-0005-SM-3LK7C	GTEX-WHSB	Whole Blood	GTEx-ref
GTEX-11LCK-0005-SM-5O98U	GTEX-11LCK	Whole Blood	GTEx-ref
GTEX-1497J-0005-SM-5NQBD	GTEX-1497J	Whole Blood	GTEx-sim
GTEX-14ICL-0006-SM-5SIAB	GTEX-14ICL	Whole Blood	GTEx-sim
GTEX-OHPJ-0006-SM-3LK6G	GTEX-OHPJ	Whole Blood	GTEx-sim
GTEX-QDVJ-0005-SM-2TC5X	GTEX-QDVJ	Whole Blood	GTEx-sim
GTEX-WFG7-0005-SM-3GIKM	GTEX-WFG7	Whole Blood	GTEx-sim
GTEX-ZVTK-0006-SM-57WBK	GTEX-ZVTK	Whole Blood	GTEx-ref
GTEX-11NUK-0005-SM-5MR5F	GTEX-11NUK	Whole Blood	GTEx-sim
GTEX-12C56-0006-SM-5N9E9	GTEX-12C56	Whole Blood	GTEx-sim
GTEX-PLZ5-0006-SM-5S2W5	GTEX-PLZ5	Whole Blood	GTEx-sim
GTEX-14E6C-0005-SM-5O98N	GTEX-14E6C	Whole Blood	GTEx-sim
GTEX-Q2AI-0006-SM-2I3FG	GTEX-Q2AI	Whole Blood	GTEx-ref
GTEX-R55E-0006-SM-2TC5G	GTEX-R55E	Whole Blood	GTEx-ref
GTEX-XPT6-0006-SM-4B66Q	GTEX-XPT6	Whole Blood	GTEx-sim
GTEX-14A6H-0006-SM-5NQ7W	GTEX-14A6H	Whole Blood	GTEx-sim
GTEX-WHPG-0006-SM-3NMBV	GTEX-WHPG	Whole Blood	GTEx-sim
GTEX-X88G-0006-SM-47JX5	GTEX-X88G	Whole Blood	GTEx-sim
GTEX-OXRL-0005-SM-3LK6A	GTEX-OXRL	Whole Blood	GTEx-ref
GTEX-POYW-0006-SM-2XCF4	GTEX-POYW	Whole Blood	GTEx-sim
GTEX-X3Y1-0006-SM-3P5ZG	GTEX-X3Y1	Whole Blood	GTEx-ref
GTEX-11WQC-0006-SM-5LZVP	GTEX-11WQC	Whole Blood	GTEx-sim
GTEX-13OW8-0005-SM-5NQAC	GTEX-13OW8	Whole Blood	GTEx-ref
GTEX-YF7O-0005-SM-4W1ZU	GTEX-YF7O	Whole Blood	GTEx-sim
GTEX-14B4R-0006-SM-5O9A7	GTEX-14B4R	Whole Blood	GTEx-sim
GTEX-XBED-0006-SM-47JXO	GTEX-XBED	Whole Blood	GTEx-ref
GTEX-ZTSS-0005-SM-4YCDR	GTEX-ZTSS	Whole Blood	GTEx-sim
GTEX-14E7W-0006-SM-5N9GG	GTEX-14E7W	Whole Blood	GTEx-ref
GTEX-S7PM-0006-SM-3NM8C	GTEX-S7PM	Whole Blood	GTEx-sim
GTEX-Y8E4-0006-SM-4V6EW	GTEX-Y8E4	Whole Blood	GTEx-sim
GTEX-ZXG5-0005-SM-57WCN	GTEX-ZXG5	Whole Blood	GTEx-sim
GTEX-1314G-0005-SM-5NQ9O	GTEX-1314G	Whole Blood	GTEx-ref
GTEX-X4XX-0005-SM-3NMCS	GTEX-X4XX	Whole Blood	GTEx-ref
GTEX-XMK1-0005-SM-4B665	GTEX-XMK1	Whole Blood	GTEx-ref
GTEX-Y9LG-0006-SM-4VBRK	GTEX-Y9LG	Whole Blood	GTEx-sim
GTEX-11TUW-0006-SM-5LZW2	GTEX-11TUW	Whole Blood	GTEx-sim
GTEX-QLQ7-0005-SM-2S1QP	GTEX-QLQ7	Whole Blood	GTEx-ref
GTEX-WY7C-0006-SM-3NB3L	GTEX-WY7C	Whole Blood	GTEx-ref
GTEX-ZVP2-0005-SM-51MRK	GTEX-ZVP2	Whole Blood	GTEx-ref
GTEX-1399Q-0005-SM-5NQAG	GTEX-1399Q	Whole Blood	GTEx-ref
GTEX-SJXC-0005-SM-2XCE7	GTEX-SJXC	Whole Blood	GTEx-ref
GTEX-TMZS-0006-SM-3DB8G	GTEX-TMZS	Whole Blood	GTEx-sim
GTEX-132NY-0005-SM-5O9AC	GTEX-132NY	Whole Blood	GTEx-sim
GTEX-O5YW-0006-SM-3LK6E	GTEX-O5YW	Whole Blood	GTEx-ref
GTEX-P44G-0006-SM-2TC6A	GTEX-P44G	Whole Blood	GTEx-ref
GTEX-QLQW-0005-SM-2S1RA	GTEX-QLQW	Whole Blood	GTEx-ref
GTEX-YECK-0005-SM-4W217	GTEX-YECK	Whole Blood	GTEx-sim
GTEX-12WSL-0005-SM-5NQAD	GTEX-12WSL	Whole Blood	GTEx-sim
GTEX-13VXU-0006-SM-5N9FF	GTEX-13VXU	Whole Blood	GTEx-ref
GTEX-VUSG-0006-SM-3GIK9	GTEX-VUSG	Whole Blood	GTEx-sim
GTEX-ZF28-0005-SM-4WKH3	GTEX-ZF28	Whole Blood	GTEx-sim
GTEX-ZVE2-0006-SM-51MRW	GTEX-ZVE2	Whole Blood	GTEx-sim
GTEX-12WSE-0005-SM-5NQAE	GTEX-12WSE	Whole Blood	GTEx-sim
GTEX-13111-0005-SM-5NQ7Z	GTEX-13111	Whole Blood	GTEx-ref
GTEX-13OVG-0005-SM-5P9HA	GTEX-13OVG	Whole Blood	GTEx-ref
GTEX-O5YT-0007-SM-32PK7	GTEX-O5YT	Whole Blood	GTEx-ref
GTEX-1192W-0005-SM-5NQBQ	GTEX-1192W	Whole Blood	GTEx-sim
GTEX-OHPM-0006-SM-2HMKU	GTEX-OHPM	Whole Blood	GTEx-ref
GTEX-R55F-0005-SM-2TF4W	GTEX-R55F	Whole Blood	GTEx-ref
GTEX-117YW-0005-SM-5NQ8Z	GTEX-117YW	Whole Blood	GTEx-ref
GTEX-14A5H-0006-SM-5O9AI	GTEX-14A5H	Whole Blood	GTEx-ref
GTEX-N7MS-0007-SM-2D7W1	GTEX-N7MS	Whole Blood	GTEx-sim
GTEX-WZTO-0006-SM-3NM9T	GTEX-WZTO	Whole Blood	GTEx-sim
GTEX-X261-0005-SM-4PQYX	GTEX-X261	Whole Blood	GTEx-ref
GTEX-Y111-0006-SM-4SOIO	GTEX-Y111	Whole Blood	GTEx-sim
GTEX-ZE9C-0006-SM-4WKG2	GTEX-ZE9C	Whole Blood	GTEx-sim
GTEX-ZUA1-0005-SM-4YCEV	GTEX-ZUA1	Whole Blood	GTEx-ref
GTEX-13O61-0005-SM-5O9AU	GTEX-13O61	Whole Blood	GTEx-sim
GTEX-14ABY-0005-SM-5O99U	GTEX-14ABY	Whole Blood	GTEx-ref
GTEX-14E1K-0006-SM-5N9DY	GTEX-14E1K	Whole Blood	GTEx-sim
GTEX-WFON-0005-SM-3NMC9	GTEX-WFON	Whole Blood	GTEx-ref
GTEX-XPVG-0006-SM-4B65Z	GTEX-XPVG	Whole Blood	GTEx-ref
GTEX-111YS-0006-SM-5NQBE	GTEX-111YS	Whole Blood	GTEx-sim
GTEX-1212Z-0006-SM-5NQ8M	GTEX-1212Z	Whole Blood	GTEx-sim
GTEX-132Q8-0006-SM-5NQA4	GTEX-132Q8	Whole Blood	GTEx-ref
GTEX-OOBJ-0006-SM-2I3F4	GTEX-OOBJ	Whole Blood	GTEx-sim
GTEX-U3ZG-0006-SM-47JWX	GTEX-U3ZG	Whole Blood	GTEx-ref
GTEX-V1D1-0006-SM-3NMCE	GTEX-V1D1	Whole Blood	GTEx-sim
GTEX-XAJ8-0006-SM-46MVM	GTEX-XAJ8	Whole Blood	GTEx-sim
GTEX-ZQUD-0005-SM-4YCE5	GTEX-ZQUD	Whole Blood	GTEx-ref
GTEX-14BIL-0006-SM-5N9F2	GTEX-14BIL	Whole Blood	GTEx-ref
GTEX-XBEW-0006-SM-4AT4E	GTEX-XBEW	Whole Blood	GTEx-ref
GTEX-11P82-0006-SM-5N9FY	GTEX-11P82	Whole Blood	GTEx-ref
GTEX-14C38-0006-SM-5NQBF	GTEX-14C38	Whole Blood	GTEx-sim
GTEX-13CF2-0006-SM-5O99L	GTEX-13CF2	Whole Blood	GTEx-sim
GTEX-11EQ9-0006-SM-5LUB6	GTEX-11EQ9	Whole Blood	GTEx-ref
GTEX-11OF3-0006-SM-5O9CM	GTEX-11OF3	Whole Blood	GTEx-sim
GTEX-11UD2-0005-SM-5NQ9B	GTEX-11UD2	Whole Blood	GTEx-ref
GTEX-13S86-0005-SM-5NQ7I	GTEX-13S86	Whole Blood	GTEx-ref
GTEX-WHSE-0006-SM-3NMBW	GTEX-WHSE	Whole Blood	GTEx-ref
GTEX-11EQ8-0006-SM-5P9HJ	GTEX-11EQ8	Whole Blood	GTEx-ref
GTEX-12126-0006-SM-5O9B8	GTEX-12126	Whole Blood	GTEx-sim
GTEX-12WSM-0005-SM-5NQB3	GTEX-12WSM	Whole Blood	GTEx-ref
GTEX-139TT-0006-SM-5O9CG	GTEX-139TT	Whole Blood	GTEx-sim
GTEX-13CIG-0006-SM-5P9HF	GTEX-13CIG	Whole Blood	GTEx-sim
GTEX-148VJ-0006-SM-5NQB1	GTEX-148VJ	Whole Blood	GTEx-sim
GTEX-14C39-0005-SM-5NQBR	GTEX-14C39	Whole Blood	GTEx-sim
GTEX-T5JC-0005-SM-4DM7B	GTEX-T5JC	Whole Blood	GTEx-ref
GTEX-U412-0006-SM-3DB8J	GTEX-U412	Whole Blood	GTEx-sim
GTEX-XBEC-0006-SM-4AT5T	GTEX-XBEC	Whole Blood	GTEx-sim
GTEX-XLM4-0005-SM-4AT4P	GTEX-XLM4	Whole Blood	GTEx-sim
GTEX-Y8DK-0005-SM-4RGNR	GTEX-Y8DK	Whole Blood	GTEx-ref
GTEX-YB5E-0005-SM-4VDSO	GTEX-YB5E	Whole Blood	GTEx-sim
GTEX-ZVZP-0006-SM-51MSW	GTEX-ZVZP	Whole Blood	GTEx-ref
GTEX-11GSO-0005-SM-5O9CA	GTEX-11GSO	Whole Blood	GTEx-sim
GTEX-11O72-0006-SM-5O9DB	GTEX-11O72	Whole Blood	GTEx-sim
GTEX-WH7G-0005-SM-3NMBX	GTEX-WH7G	Whole Blood	GTEx-ref
GTEX-XGQ4-0005-SM-4AT5U	GTEX-XGQ4	Whole Blood	GTEx-sim
GTEX-XOTO-0006-SM-4B64T	GTEX-XOTO	Whole Blood	GTEx-sim
GTEX-N7MS-0007-SM-26GME	GTEX-N7MS	Whole Blood	GTEx-sim
GTEX-OIZH-0005-SM-2HMJN	GTEX-OIZH	Whole Blood	GTEx-ref
GTEX-OOBK-0005-SM-2YUMG	GTEX-OOBK	Whole Blood	GTEx-sim
GTEX-QDVN-0006-SM-48U1R	GTEX-QDVN	Whole Blood	GTEx-sim
GTEX-RVPV-0006-SM-2TF6Q	GTEX-RVPV	Whole Blood	GTEx-ref
GTEX-X5EB-0006-SM-46MV5	GTEX-X5EB	Whole Blood	GTEx-ref
GTEX-XQ8I-0006-SM-4BOQ5	GTEX-XQ8I	Whole Blood	GTEx-sim
GTEX-XXEK-0005-SM-4BRWJ	GTEX-XXEK	Whole Blood	GTEx-ref
GTEX-ZG7Y-0006-SM-4WWEA	GTEX-ZG7Y	Whole Blood	GTEx-ref
GTEX-ZPU1-0006-SM-4WWAT	GTEX-ZPU1	Whole Blood	GTEx-sim
GTEX-117XS-0005-SM-5PNU6	GTEX-117XS	Whole Blood	GTEx-sim
GTEX-13FXS-0006-SM-5O99X	GTEX-13FXS	Whole Blood	GTEx-ref
GTEX-NL3H-0006-SM-2I3FW	GTEX-NL3H	Whole Blood	GTEx-sim
GTEX-PVOW-0006-SM-3NMB8	GTEX-PVOW	Whole Blood	GTEx-ref
GTEX-PW2O-0006-SM-2I3DV	GTEX-PW2O	Whole Blood	GTEx-sim
GTEX-WFJO-0005-SM-3GIKY	GTEX-WFJO	Whole Blood	GTEx-ref
GTEX-WOFL-0006-SM-3TW8K	GTEX-WOFL	Whole Blood	GTEx-sim
GTEX-Y8E5-0006-SM-47JWQ	GTEX-Y8E5	Whole Blood	GTEx-sim
GTEX-13OVK-0006-SM-5O9B7	GTEX-13OVK	Whole Blood	GTEx-sim
GTEX-PLZ5-0006-SM-2S1NZ	GTEX-PLZ5	Whole Blood	GTEx-sim
GTEX-XK95-0005-SM-4AT4S	GTEX-XK95	Whole Blood	GTEx-sim
GTEX-Y3I4-0006-SM-4TT1E	GTEX-Y3I4	Whole Blood	GTEx-sim
GTEX-ZTTD-0006-SM-51MSJ	GTEX-ZTTD	Whole Blood	GTEx-ref
GTEX-11DYG-0006-SM-5NQB2	GTEX-11DYG	Whole Blood	GTEx-ref
GTEX-131XE-0006-SM-5P9F9	GTEX-131XE	Whole Blood	GTEx-sim
GTEX-131XF-0006-SM-5P9HK	GTEX-131XF	Whole Blood	GTEx-ref
GTEX-131XH-0006-SM-5O98V	GTEX-131XH	Whole Blood	GTEx-ref
GTEX-TMKS-0005-SM-33OV7	GTEX-TMKS	Whole Blood	GTEx-ref
GTEX-XMD1-0006-SM-4AT4Q	GTEX-XMD1	Whole Blood	GTEx-ref
GTEX-11PRG-0005-SM-5NQ6X	GTEX-11PRG	Whole Blood	GTEx-ref
GTEX-12WSI-0005-SM-5O99K	GTEX-12WSI	Whole Blood	GTEx-ref
GTEX-13CZV-0006-SM-5P9IN	GTEX-13CZV	Whole Blood	GTEx-sim
GTEX-147F4-0006-SM-5O99T	GTEX-147F4	Whole Blood	GTEx-ref
GTEX-12WSA-0005-SM-5O9BM	GTEX-12WSA	Whole Blood	GTEx-ref
GTEX-12ZZW-0005-SM-5O9BY	GTEX-12ZZW	Whole Blood	GTEx-sim
GTEX-139UC-0005-SM-5PNU7	GTEX-139UC	Whole Blood	GTEx-sim
GTEX-NPJ8-0007-SM-26GMF	GTEX-NPJ8	Whole Blood	GTEx-sim
GTEX-QMR6-0005-SM-32PKY	GTEX-QMR6	Whole Blood	GTEx-ref
GTEX-RUSQ-0006-SM-2TF6P	GTEX-RUSQ	Whole Blood	GTEx-ref
GTEX-RVPU-0005-SM-2TF6L	GTEX-RVPU	Whole Blood	GTEx-ref
GTEX-XQ3S-0006-SM-4BOQ4	GTEX-XQ3S	Whole Blood	GTEx-sim
GTEX-1192X-0005-SM-5NQC3	GTEX-1192X	Whole Blood	GTEx-ref
GTEX-NPJ8-0007-SM-2D7VX	GTEX-NPJ8	Whole Blood	GTEx-sim
GTEX-Q2AH-0005-SM-5SI7G	GTEX-Q2AH	Whole Blood	GTEx-ref
GTEX-P4QS-0005-SM-2I3EY	GTEX-P4QS	Whole Blood	GTEx-sim
GTEX-TMMY-0005-SM-33HBN	GTEX-TMMY	Whole Blood	GTEx-sim
GTEX-WRHK-0005-SM-3MJF5	GTEX-WRHK	Whole Blood	GTEx-sim
GTEX-WRHU-0006-SM-3MJF6	GTEX-WRHU	Whole Blood	GTEx-sim
GTEX-12WSD-0005-SM-5N9FZ	GTEX-12WSD	Whole Blood	GTEx-ref
GTEX-13U4I-0006-SM-5N9CI	GTEX-13U4I	Whole Blood	GTEx-sim
GTEX-14DAQ-0005-SM-5NQ7B	GTEX-14DAQ	Whole Blood	GTEx-sim
GTEX-14H4A-0006-SM-5N9E3	GTEX-14H4A	Whole Blood	GTEx-sim
GTEX-14BMU-0006-SM-5MR3T	GTEX-14BMU	Whole Blood	GTEx-sim
GTEX-XV7Q-0005-SM-4BRWI	GTEX-XV7Q	Whole Blood	GTEx-ref
GTEX-PWN1-0006-SM-5SI7T	GTEX-PWN1	Whole Blood	GTEx-sim
GTEX-ZGAY-0006-SM-4WWAQ	GTEX-ZGAY	Whole Blood	GTEx-sim
GTEX-RTLS-0006-SM-2TF58	GTEX-RTLS	Whole Blood	GTEx-sim
GTEX-132AR-0006-SM-5NQ7N	GTEX-132AR	Whole Blood	GTEx-ref
GTEX-XUW1-0005-SM-4BOQ7	GTEX-XUW1	Whole Blood	GTEx-sim
GTEX-YBZK-0005-SM-59HKG	GTEX-YBZK	Whole Blood	GTEx-ref
GTEX-Y5LM-0005-SM-4V6EJ	GTEX-Y5LM	Whole Blood	GTEx-sim
GTEX-WYVS-0006-SM-3NMA7	GTEX-WYVS	Whole Blood	GTEx-ref
GTEX-14A5I-0005-SM-5N9FU	GTEX-14A5I	Whole Blood	GTEx-sim
GTEX-14BIN-0005-SM-5N9FE	GTEX-14BIN	Whole Blood	GTEx-sim
GTEX-11EM3-0005-SM-5N9DK	GTEX-11EM3	Whole Blood	GTEx-ref
GTEX-ZF29-0006-SM-4WKGQ	GTEX-ZF29	Whole Blood	GTEx-ref
GTEX-11I78-0005-SM-5N9GB	GTEX-11I78	Whole Blood	GTEx-sim
GTEX-1211K-0006-SM-5MR53	GTEX-1211K	Whole Blood	GTEx-ref
GTEX-11DXX-0005-SM-5NQ8B	GTEX-11DXX	Whole Blood	GTEx-ref
GTEX-11XUK-0005-SM-5LU9F	GTEX-11XUK	Whole Blood	GTEx-sim
GTEX-YFC4-0006-SM-4RGLV	GTEX-YFC4	Whole Blood	GTEx-sim
GTEX-R53T-0005-SM-3GADK	GTEX-R53T	Whole Blood	GTEx-ref
GTEX-Y3IK-0005-SM-4WWDE	GTEX-Y3IK	Whole Blood	GTEx-ref
GTEX-QCQG-0006-SM-5SI8M	GTEX-QCQG	Whole Blood	GTEx-sim
GTEX-ZV68-0006-SM-4YCEJ	GTEX-ZV68	Whole Blood	GTEx-ref
GTEX-N7MT-0007-SM-3GACQ	GTEX-N7MT	Whole Blood	GTEx-sim
GTEX-11VI4-0006-SM-5N9D8	GTEX-11VI4	Whole Blood	GTEx-ref
GTEX-12WSJ-0005-SM-5LU8S	GTEX-12WSJ	Whole Blood	GTEx-ref
GTEX-1399S-0006-SM-5NQ7U	GTEX-1399S	Whole Blood	GTEx-ref
GTEX-T6MO-0006-SM-32QOU	GTEX-T6MO	Whole Blood	GTEx-sim
GTEX-13S7M-0005-SM-5NQ76	GTEX-13S7M	Whole Blood	GTEx-ref
GTEX-11ILO-0006-SM-5LZWE	GTEX-11ILO	Whole Blood	GTEx-sim
GTEX-139D8-0006-SM-5LZX8	GTEX-139D8	Whole Blood	GTEx-ref
GTEX-13W3W-0005-SM-5SI9Y	GTEX-13W3W	Whole Blood	GTEx-ref
GTEX-ZPCL-0006-SM-4WWAS	GTEX-ZPCL	Whole Blood	GTEx-ref
GTEX-PWOO-0006-SM-2I3E3	GTEX-PWOO	Whole Blood	GTEx-ref
GTEX-WYBS-0005-SM-4ONDR	GTEX-WYBS	Whole Blood	GTEx-ref
GTEX-11P81-0006-SM-5NQ7A	GTEX-11P81	Whole Blood	GTEx-sim
GTEX-PLZ4-0006-SM-5SI8L	GTEX-PLZ4	Whole Blood	GTEx-sim
GTEX-Y5V5-0006-SM-4V6FE	GTEX-Y5V5	Whole Blood	GTEx-ref
GTEX-ZTPG-0006-SM-4YCFG	GTEX-ZTPG	Whole Blood	GTEx-sim
GTEX-12WSB-0006-SM-5O998	GTEX-12WSB	Whole Blood	GTEx-sim
GTEX-POMQ-0006-SM-5SI7D	GTEX-POMQ	Whole Blood	GTEx-ref
GTEX-Y114-0006-SM-4TT76	GTEX-Y114	Whole Blood	GTEx-sim
GTEX-WXYG-0005-SM-3NB3M	GTEX-WXYG	Whole Blood	GTEx-sim
GTEX-11GSP-0006-SM-5N9EL	GTEX-11GSP	Whole Blood	GTEx-ref
GTEX-131XG-0006-SM-5O9CE	GTEX-131XG	Whole Blood	GTEx-ref
GTEX-Y8LW-0005-SM-4V6EV	GTEX-Y8LW	Whole Blood	GTEx-ref
GTEX-131YS-0005-SM-5NQAS	GTEX-131YS	Whole Blood	GTEx-ref
GTEX-XUJ4-0005-SM-4BOQ6	GTEX-XUJ4	Whole Blood	GTEx-ref
GTEX-ZP4G-0006-SM-4WWE6	GTEX-ZP4G	Whole Blood	GTEx-ref
GTEX-WI4N-0005-SM-3LK7E	GTEX-WI4N	Whole Blood	GTEx-sim
GTEX-12WSK-0006-SM-5NQA1	GTEX-12WSK	Whole Blood	GTEx-ref
GTEX-Q734-0006-SM-2I3FJ	GTEX-Q734	Whole Blood	GTEx-ref
GTEX-RU1J-0006-SM-2TF6M	GTEX-RU1J	Whole Blood	GTEx-sim
GTEX-ZXES-0005-SM-57WCB	GTEX-ZXES	Whole Blood	GTEx-ref
GTEX-PWN1-0006-SM-2S1NG	GTEX-PWN1	Whole Blood	GTEx-sim
GTEX-XYKS-0005-SM-4BRUD	GTEX-XYKS	Whole Blood	GTEx-ref
GTEX-RNOR-0005-SM-2TF4Z	GTEX-RNOR	Whole Blood	GTEx-sim
GTEX-1313W-0006-SM-5O9B1	GTEX-1313W	Whole Blood	GTEx-sim
GTEX-13FTX-0005-SM-5N9F6	GTEX-13FTX	Whole Blood	GTEx-ref
GTEX-POMQ-0006-SM-33HBY	GTEX-POMQ	Whole Blood	GTEx-ref
GTEX-1399U-0005-SM-5NQ8K	GTEX-1399U	Whole Blood	GTEx-ref
GTEX-U3ZN-0006-SM-3DB7Y	GTEX-U3ZN	Whole Blood	GTEx-ref
GTEX-XUZC-0005-SM-4BOQ8	GTEX-XUZC	Whole Blood	GTEx-sim
GTEX-11ZTT-0006-SM-5N9FX	GTEX-11ZTT	Whole Blood	GTEx-ref
GTEX-113JC-0006-SM-5O997	GTEX-113JC	Whole Blood	GTEx-sim
GTEX-11ZTS-0005-SM-5NQ8A	GTEX-11ZTS	Whole Blood	GTEx-ref
GTEX-12WSG-0005-SM-5NQA2	GTEX-12WSG	Whole Blood	GTEx-sim
GTEX-RWS6-0005-SM-2XCAN	GTEX-RWS6	Whole Blood	GTEx-sim
GTEX-T5JW-0005-SM-3GADE	GTEX-T5JW	Whole Blood	GTEx-ref
GTEX-13PLJ-0005-SM-5NQ99	GTEX-13PLJ	Whole Blood	GTEx-sim
GTEX-14BIM-0006-SM-5O9AA	GTEX-14BIM	Whole Blood	GTEx-ref
GTEX-NL3G-0007-SM-4SOIF	GTEX-NL3G	Whole Blood	GTEx-ref
GTEX-XMD2-0006-SM-4WWEG	GTEX-XMD2	Whole Blood	GTEx-sim
GTEX-ZPIC-0005-SM-4WWEB	GTEX-ZPIC	Whole Blood	GTEx-sim
GTEX-13VXT-0005-SM-5N9F3	GTEX-13VXT	Whole Blood	GTEx-sim
GTEX-ZF3C-0005-SM-4WWAR	GTEX-ZF3C	Whole Blood	GTEx-sim
GTEX-ZLV1-0005-SM-4WWAP	GTEX-ZLV1	Whole Blood	GTEx-sim
GTEX-ZVT4-0006-SM-57WB8	GTEX-ZVT4	Whole Blood	GTEx-sim
GTEX-Q2AG-0005-SM-5SI7F	GTEX-Q2AG	Whole Blood	GTEx-sim
GTEX-13OVJ-0006-SM-5O98T	GTEX-13OVJ	Whole Blood	GTEx-ref
GTEX-SE5C-0006-SM-4BRW5	GTEX-SE5C	Whole Blood	GTEx-ref
GTEX-X15G-0005-SM-3NMDA	GTEX-X15G	Whole Blood	GTEx-ref
GTEX-ZF2S-0006-SM-4WKHF	GTEX-ZF2S	Whole Blood	GTEx-ref
GTEX-ZVZQ-0006-SM-51MR8	GTEX-ZVZQ	Whole Blood	GTEx-sim
GTEX-QVJO-0006-SM-2S1RC	GTEX-QVJO	Whole Blood	GTEx-ref
GTEX-OHPK-0006-SM-2HMKH	GTEX-OHPK	Whole Blood	GTEx-ref
GTEX-OHPN-0005-SM-2YUML	GTEX-OHPN	Whole Blood	GTEx-sim
GTEX-PLZ4-0006-SM-2S1NY	GTEX-PLZ4	Whole Blood	GTEx-sim
GTEX-13CF3-0006-SM-5N9ED	GTEX-13CF3	Whole Blood	GTEx-ref
GTEX-QCQG-0006-SM-2S1OW	GTEX-QCQG	Whole Blood	GTEx-sim
GTEX-W5WG-0006-SM-3GIJT	GTEX-W5WG	Whole Blood	GTEx-ref
GTEX-WEY5-0006-SM-3GIKG	GTEX-WEY5	Whole Blood	GTEx-ref
GTEX-X4EP-0005-SM-3P5ZE	GTEX-X4EP	Whole Blood	GTEx-ref
GTEX-NPJ7-0006-SM-3GACR	GTEX-NPJ7	Whole Blood	GTEx-sim
GTEX-X638-0005-SM-47JX6	GTEX-X638	Whole Blood	GTEx-sim
GTEX-RU72-0006-SM-2TF65	GTEX-RU72	Whole Blood	GTEx-sim
GTEX-TML8-0005-SM-32QPA	GTEX-TML8	Whole Blood	GTEx-ref
GTEX-ZC5H-0005-SM-4WAXM	GTEX-ZC5H	Whole Blood	GTEx-ref
GTEX-1269C-0005-SM-5N9CJ	GTEX-1269C	Whole Blood	GTEx-ref
GTEX-13113-0006-SM-5NQ7X	GTEX-13113	Whole Blood	GTEx-sim
GTEX-P4PP-0005-SM-2HMKX	GTEX-P4PP	Whole Blood	GTEx-sim
GTEX-WWYW-0005-SM-3NB3K	GTEX-WWYW	Whole Blood	GTEx-ref
GTEX-PWCY-0005-SM-2I3E2	GTEX-PWCY	Whole Blood	GTEx-sim
GTEX-R45C-0006-SM-3GAD6	GTEX-R45C	Whole Blood	GTEx-ref
GTEX-148VI-0006-SM-5O9A6	GTEX-148VI	Whole Blood	GTEx-sim
GTEX-QVUS-0006-SM-3GAE8	GTEX-QVUS	Whole Blood	GTEx-sim
GTEX-R55G-0006-SM-2TC6O	GTEX-R55G	Whole Blood	GTEx-sim
GTEX-11EMC-0006-SM-5O9DN	GTEX-11EMC	Whole Blood	GTEx-ref
GTEX-S341-0006-SM-3NM8D	GTEX-S341	Whole Blood	GTEx-sim
GTEX-ZVT3-0006-SM-51MT9	GTEX-ZVT3	Whole Blood	GTEx-sim
GTEX-TSE9-0005-SM-4DXUF	GTEX-TSE9	Whole Blood	GTEx-sim
GTEX-OXRP-0006-SM-2I3FN	GTEX-OXRP	Whole Blood	GTEx-ref
