id	cluster	truth	site	beta	pred__BASE-Z	pmax__BASE-Z	pred__SA-Z	pmax__SA-Z	pred__BASE-MLP	pmax__BASE-MLP	pred__SA-C0.01	pmax__SA-C0.01	pred__SA-C0.1	pmax__SA-C0.1	pred__SA-LOHO-Adipose - Subcutaneous	pmax__SA-LOHO-Adipose - Subcutaneous	pred__SA-LOHO-Adipose - Visceral (Omentum)	pmax__SA-LOHO-Adipose - Visceral (Omentum)	pred__SA-LOHO-Adrenal Gland	pmax__SA-LOHO-Adrenal Gland	pred__SA-LOHO-Brain - Cortex	pmax__SA-LOHO-Brain - Cortex	pred__SA-LOHO-Liver	pmax__SA-LOHO-Liver	pred__SA-LOHO-Lung	pmax__SA-LOHO-Lung	pred__SA-LOHO-Muscle - Skeletal	pmax__SA-LOHO-Muscle - Skeletal	pred__SA-LOHO-Skin - Not Sun Exposed (Suprapubic)	pmax__SA-LOHO-Skin - Not Sun Exposed (Suprapubic)	pred__SA-LOHO-Spleen	pmax__SA-LOHO-Spleen	pred__SA-LOHO-Whole Blood	pmax__SA-LOHO-Whole Blood	pred__SA-MLP	pmax__SA-MLP	pred__SA-m0	pmax__SA-m0	pred__SA-m1	pmax__SA-m1	pred__SA-m8	pmax__SA-m8	pred__SA-pool22	pmax__SA-pool22	pred__SA-pool3	pmax__SA-pool3	pred__SA-r30	pmax__SA-r30	pred__SA-r50	pmax__SA-r50
ES_5001-capt-SI_5013-C0LAMACXX	ES_5001	Breast	brain	0.16609816353870097	Breast	0.97512347	Breast	0.99968266	Breast	0.99898547	Breast	0.9992197	Breast	0.99999547	Breast	0.99948186	Breast	0.9996926	Breast	0.9995819	Breast	0.93907255	Breast	0.99970716	Breast	0.999186	Breast	0.9996417	Breast	0.9992915	Breast	0.9992953	Breast	0.9995311	Breast	1.0	Breast	0.79312986	Breast	0.99847335	Breast	0.99986273	Breast	0.99586165	Breast	0.7956685	Breast	0.99409914	Breast	0.9937108
ES_5004-poly-SI_5767-C19KEACXX	ES_5004	Colorectal	soft_tissue	0.0	Esophagus	0.40590015	Brain	0.42451912	Kidney	0.9891784	Esophagus	0.35074586	Brain	0.79940265	Stomach	0.3265142	Brain	0.3949655	Brain	0.4952755	Esophagus	0.50127226	Brain	0.32302046	Brain	0.38018078	Brain	0.24205899	Esophagus	0.33639848	Brain	0.4204357	Brain	0.3893181	Stomach	0.7503302	Kidney	0.5622827	Brain	0.263715	Brain	0.53884244	Esophagus	0.42421988	Colorectal	0.5147163	Kidney	0.40152177	Brain	0.3390441
MO_1001-poly-SI_4110-D0CG3ABXX	MO_1001	Colorectal	liver	0.001257844494708832	Colorectal	0.9740912	Colorectal	0.9980865	Colorectal	0.99997115	Colorectal	0.9965189	Colorectal	0.99976707	Colorectal	0.9991939	Colorectal	0.99924314	Colorectal	0.99861574	Colorectal	0.9987849	Colorectal	0.99888575	Colorectal	0.99731064	Colorectal	0.99901026	Colorectal	0.9990859	Colorectal	0.99804544	Colorectal	0.998661	Colorectal	0.99996006	Colorectal	0.98845345	Colorectal	0.99718463	Colorectal	0.996923	Colorectal	0.9985918	Colorectal	0.9988366	Colorectal	0.997827	Colorectal	0.9949785
MO_1002-poly-SI_4111-D0CG3ABXX	MO_1002	Melanoma	skin	0.15304594308718902	Melanoma	0.99960506	Melanoma	0.9999995	Melanoma	1.0	Melanoma	0.99999255	Melanoma	1.0	Melanoma	0.99999905	Melanoma	0.9999996	Melanoma	0.99999934	Melanoma	0.9999992	Melanoma	0.9999994	Melanoma	0.9999996	Melanoma	0.99999917	Melanoma	0.99999994	Melanoma	0.9999993	Melanoma	0.9999997	Melanoma	1.0	Melanoma	0.99997413	Melanoma	0.9999978	Melanoma	0.99999976	Melanoma	0.9999977	Melanoma	0.99999994	Melanoma	0.9999974	Melanoma	0.9999902
MO_1005-poly-SI_4154-C0282ABXX	MO_1005	Sarcoma	liver	0.016876084046174328	Sarcoma	0.5648274	Mesothelioma	0.92157483	Sarcoma	0.87118584	Mesothelioma	0.80980676	Mesothelioma	0.9840755	Mesothelioma	0.78169644	Mesothelioma	0.7590618	Mesothelioma	0.9349289	Mesothelioma	0.9187222	Mesothelioma	0.9056981	Mesothelioma	0.9000205	Mesothelioma	0.8926441	Mesothelioma	0.9170675	Mesothelioma	0.8939893	Mesothelioma	0.93480265	Sarcoma	0.8346235	Mesothelioma	0.69606584	Mesothelioma	0.8736012	Mesothelioma	0.95435184	Mesothelioma	0.9852134	Mesothelioma	0.8446468	Mesothelioma	0.8574602	Mesothelioma	0.8698709
MO_1007-poly-SI_4349-D07RMACXX	MO_1007	Biliary	liver	0.0	Uterus	0.17509362	Ovary	0.32467037	Uterus	0.78232676	Uterus	0.25261667	Stomach	0.47130537	Uterus	0.28856307	Ovary	0.4318811	Ovary	0.282249	Ovary	0.3047045	Ovary	0.38120535	Stomach	0.35392702	Ovary	0.28169385	Ovary	0.3003045	Ovary	0.2639564	Ovary	0.40432268	Stomach	0.7716351	Uterus	0.1925708	Stomach	0.4939162	Stomach	0.5299997	Uterus	0.38406733	Uterus	0.266825	Stomach	0.42108378	Uterus	0.26084805
MO_1008-capt-SI_4519-D0EN5ACXX	MO_1008	Prostate	brain	0.0	Prostate	0.921952	Prostate	0.9996314	Prostate	0.99999034	Prostate	0.9974105	Prostate	0.99999005	Prostate	0.99911994	Prostate	0.99983627	Prostate	0.99975705	Prostate	0.9988797	Prostate	0.9987709	Prostate	0.9997124	Prostate	0.99940145	Prostate	0.9988205	Prostate	0.9994351	Prostate	0.99973094	Prostate	0.99999976	Prostate	0.95842344	Prostate	0.99857605	Prostate	0.99986297	Prostate	0.93535495	Prostate	0.99786687	Prostate	0.9978233	Prostate	0.98642087
MO_1011-poly-SI_4443-C0978ACXX	MO_1011	Sarcoma	soft_tissue	0.011961939093338725	Sarcoma	0.85804904	Sarcoma	0.57822376	Sarcoma	0.9844746	Sarcoma	0.3820968	Sarcoma	0.81266904	Sarcoma	0.748202	Sarcoma	0.6143626	Sarcoma	0.61115915	Sarcoma	0.38182703	Sarcoma	0.5143914	Sarcoma	0.55517495	Sarcoma	0.5954749	Sarcoma	0.5283395	Sarcoma	0.5823405	Sarcoma	0.5863388	Sarcoma	0.99336034	Sarcoma	0.8299847	Sarcoma	0.5502308	Sarcoma	0.45090115	Esophagus	0.5276686	Sarcoma	0.9083271	Sarcoma	0.55354726	Sarcoma	0.6198783
MO_1012-poly-SI_4444-C0978ACXX	MO_1012	Prostate	skin	0.023107715119494252	Stomach	0.5080142	Stomach	0.8888611	Ovary	0.5678324	Stomach	0.48576748	Stomach	0.97988707	Stomach	0.7064048	Stomach	0.8378243	Stomach	0.83383554	Stomach	0.7787496	Stomach	0.834336	Stomach	0.8515405	Stomach	0.75632113	Stomach	0.74461234	Stomach	0.82848567	Stomach	0.8780743	Stomach	0.8929347	Stomach	0.6117105	Stomach	0.79273415	Stomach	0.93775475	Stomach	0.815049	Stomach	0.738871	Stomach	0.8003013	Stomach	0.8029614
MO_1013-poly-SI_4538-C0A6EACXX	MO_1013	Prostate	lymph_node	0.1341868290079426	Prostate	0.6696684	Prostate	0.80679524	Kidney	0.62453985	Prostate	0.81022286	Prostate	0.9209687	Prostate	0.83104765	Prostate	0.8823368	Prostate	0.8289655	Prostate	0.68562967	Prostate	0.83191717	Prostate	0.86660135	Prostate	0.8334072	Prostate	0.83374196	Prostate	0.8249871	Prostate	0.8572864	Prostate	0.56851804	Prostate	0.33695033	Prostate	0.6887071	Prostate	0.8664766	Esophagus	0.27593255	Prostate	0.67874473	Prostate	0.5971196	Prostate	0.47429818
MO_1014-poly-SI_4539-C0A6EACXX	MO_1014	Prostate	lymph_node	0.09034620990394573	Prostate	0.9663371	Prostate	0.998862	Prostate	0.99997073	Prostate	0.99645954	Prostate	0.99997413	Prostate	0.9986134	Prostate	0.999619	Prostate	0.99922675	Prostate	0.9981131	Prostate	0.99819785	Prostate	0.99901175	Prostate	0.99892217	Prostate	0.99867123	Prostate	0.9985382	Prostate	0.9991397	Prostate	1.0	Prostate	0.971066	Prostate	0.9972498	Prostate	0.99969727	Prostate	0.97782075	Prostate	0.9983027	Prostate	0.99409354	Prostate	0.98781765
MO_1015-poly-SI_4599-C07ECACXX	MO_1015	Prostate	lymph_node	0.2478274527367938	Prostate	0.88769364	Prostate	0.9885459	Prostate	0.43142194	Prostate	0.98044604	Prostate	0.9983404	Prostate	0.98967993	Prostate	0.9897647	Prostate	0.9916115	Prostate	0.99159306	Prostate	0.98688036	Prostate	0.9849746	Prostate	0.989794	Prostate	0.9924572	Prostate	0.9899609	Prostate	0.99257183	Prostate	0.9999697	Prostate	0.86738217	Prostate	0.9807297	Prostate	0.9946359	Prostate	0.78962284	Prostate	0.98490196	Prostate	0.93516946	Prostate	0.90290046
MO_1016-poly-SI_4600-D0GPLACXX	MO_1016	Bladder	lymph_node	0.0	Bladder	0.17142121	Bladder	0.8860178	Ovary	0.97365314	Bladder	0.6766952	Bladder	0.962158	Bladder	0.92999184	Bladder	0.875178	Bladder	0.9020975	Bladder	0.57369053	Bladder	0.75484514	Bladder	0.72522146	Bladder	0.8106681	Bladder	0.9668931	Bladder	0.8208561	Bladder	0.8791074	Ovary	0.9990601	Ovary	0.60747296	Bladder	0.61485744	Bladder	0.8651577	Bladder	0.9564193	Ovary	0.61256444	Bladder	0.716427	Bladder	0.7143006
MO_1017-poly-SI_4601-D0GPLACXX	MO_1017	Thymus	lymph_node	0.16305419370528917	Thymus	0.43977326	Thymus	0.8820153	Brain	0.93514335	Thymus	0.8597862	Thymus	0.98093754	Thymus	0.8377477	Thymus	0.92661875	Thymus	0.9517712	Brain	0.472841	Thymus	0.88027614	Thymus	0.8537944	Thymus	0.8936912	Thymus	0.8618716	Thymus	0.8789622	Thymus	0.87654155	Ovary	0.96217537	Brain	0.5400291	Thymus	0.87774754	Thymus	0.9749522	Thymus	0.916728	Thymus	0.5000724	Thymus	0.6415489	Thymus	0.67129177
MO_1020-poly-SI_4737-D0H01ACXX	MO_1020	Prostate	liver	0.000802734281494995	Prostate	0.59913796	Prostate	0.7253378	Testis	0.57167506	Prostate	0.7256999	Prostate	0.73380816	Prostate	0.7279564	Prostate	0.81413865	Prostate	0.786818	Prostate	0.72285336	Prostate	0.74502236	Prostate	0.7208934	Prostate	0.7716886	Prostate	0.6352151	Prostate	0.7848839	Prostate	0.74960726	Breast	0.70044935	Prostate	0.35150644	Prostate	0.53689146	Prostate	0.8237692	Esophagus	0.85679823	Prostate	0.6713876	Esophagus	0.4774172	Esophagus	0.5320951
MO_1022-poly-SI_4827-D0L3RACXX	MO_1022	Biliary	liver	0.0	Biliary	0.9996307	Biliary	0.9999979	Biliary	0.99999344	Biliary	0.9999777	Biliary	0.99999994	Biliary	0.999998	Biliary	0.9999976	Biliary	0.9999979	Biliary	0.9999961	Biliary	0.9999959	Biliary	0.99999785	Biliary	0.99999726	Biliary	0.99999815	Biliary	0.9999981	Biliary	0.9999982	Biliary	1.0	Biliary	0.99988914	Biliary	0.99998325	Biliary	0.99999654	Biliary	0.99999845	Biliary	0.9999954	Biliary	0.9999863	Biliary	0.9999893
MO_1023-poly-SI_4828-D0L3RACXX	MO_1023	Sarcoma	lung	1.0	Mesothelioma	0.7131803	Mesothelioma	0.4823082	Lung	0.90955883	Ovary	0.34886473	Ovary	0.55269676	Ovary	0.58811027	Ovary	0.5921788	Ovary	0.53950423	Ovary	0.441498	Ovary	0.534883	Mesothelioma	0.9751254	Ovary	0.43364692	Mesothelioma	0.41526183	Ovary	0.5007711	Mesothelioma	0.47216016	Ovary	0.9801333	Mesothelioma	0.6309725	Ovary	0.5297829	Ovary	0.62941444	Ovary	0.61489856	Ovary	0.7101413	Ovary	0.493442	Ovary	0.57352984
MO_1024-poly-SI_4829-D0L3RACXX	MO_1024	Sarcoma	soft_tissue	0.07427262192721606	Sarcoma	0.8753299	Sarcoma	0.9771077	Sarcoma	0.78433657	Sarcoma	0.94450194	Sarcoma	0.9962528	Sarcoma	0.9867621	Sarcoma	0.97928727	Sarcoma	0.97297806	Sarcoma	0.96519876	Sarcoma	0.96649253	Sarcoma	0.98060054	Sarcoma	0.9621867	Sarcoma	0.9710184	Sarcoma	0.9796945	Sarcoma	0.9764192	Sarcoma	0.9991642	Sarcoma	0.79219323	Sarcoma	0.8937821	Sarcoma	0.92112696	Sarcoma	0.876761	Sarcoma	0.9827952	Sarcoma	0.9349648	Sarcoma	0.82791525
MO_1025-poly-SI_4850-C0EMJACXX	MO_1025	Sarcoma	skin	0.0	Sarcoma	0.9756172	Sarcoma	0.9984775	Sarcoma	0.96827424	Sarcoma	0.9868099	Sarcoma	0.9999506	Sarcoma	0.99835265	Sarcoma	0.99702185	Sarcoma	0.9965926	Sarcoma	0.99755424	Sarcoma	0.9983511	Sarcoma	0.9980258	Sarcoma	0.9971375	Sarcoma	0.99909335	Sarcoma	0.9981282	Sarcoma	0.99880075	Sarcoma	0.9999989	Sarcoma	0.98296905	Sarcoma	0.9781367	Sarcoma	0.99874204	Sarcoma	0.9884838	Sarcoma	0.99819434	Sarcoma	0.9942501	Sarcoma	0.9861904
MO_1026-poly-SI_4851-C0EMJACXX	MO_1026	Sarcoma	skin	0.0	Sarcoma	0.9479066	Sarcoma	0.99298435	Sarcoma	0.9995963	Sarcoma	0.9792389	Sarcoma	0.99913025	Sarcoma	0.99339557	Sarcoma	0.99404037	Sarcoma	0.9921156	Sarcoma	0.98800474	Sarcoma	0.9889467	Sarcoma	0.99281424	Sarcoma	0.99022514	Sarcoma	0.99004894	Sarcoma	0.9928901	Sarcoma	0.992767	Sarcoma	0.9998723	Sarcoma	0.9744214	Sarcoma	0.97669595	Sarcoma	0.9944132	Sarcoma	0.9892223	Sarcoma	0.9945586	Sarcoma	0.9890162	Sarcoma	0.9836864
MO_1027-poly-SI_4852-C0EMJACXX	MO_1027	Biliary	liver	0.0	Biliary	0.7865908	Biliary	0.76045406	Biliary	0.8661548	Biliary	0.85122806	Biliary	0.91029453	Biliary	0.8932539	Biliary	0.8112448	Biliary	0.7564905	Biliary	0.70956767	Biliary	0.81742626	Biliary	0.8513435	Biliary	0.92152953	Biliary	0.93261725	Biliary	0.8937635	Biliary	0.8711147	Biliary	0.590824	Biliary	0.6244054	Biliary	0.81658554	Biliary	0.7222616	Biliary	0.95702696	Biliary	0.89052933	Biliary	0.8193342	Biliary	0.8109626
MO_1028-poly-SI_4924-C0KFGACXX	MO_1028	Adrenal	soft_tissue	0.0	Adrenal	0.99883944	Adrenal	0.99995774	Adrenal	0.9999984	Adrenal	0.99974495	Adrenal	0.9999996	Adrenal	0.99996483	Adrenal	0.99996656	Adrenal	0.9999999	Adrenal	0.9998095	Adrenal	0.999955	Adrenal	0.99995905	Adrenal	0.9999652	Adrenal	0.9999614	Adrenal	0.9999646	Adrenal	0.9999668	Adrenal	1.0	Adrenal	0.9997522	Adrenal	0.99990046	Adrenal	0.99999094	Adrenal	0.99944186	Adrenal	0.9999984	Adrenal	0.9998287	Adrenal	0.9998545
MO_1030-capt-SI_5380-D12U3ACXX	MO_1030	Breast	pancreas		Breast	0.7666586	Breast	0.9999069	Breast	0.9999999	Breast	0.99858737	Breast	0.9999985	Breast	0.99972856	Breast	0.9999205	Breast	0.9999394	Breast	0.9999547	Breast	0.99984795	Breast	0.99983376	Breast	0.9998759	Breast	0.99954486	Breast	0.99985975	Breast	0.99986804	Breast	1.0	Breast	0.77828014	Breast	0.9996466	Breast	0.99998987	Breast	0.9998841	Breast	0.9997037	Breast	0.99773574	Breast	0.9971994
MO_1031-poly-SI_5256-C0VU9ACXX	MO_1031	Breast	liver	0.007352589018023631	Breast	0.93318015	Breast	0.99995947	Breast	0.9999999	Breast	0.9990444	Breast	1.0	Breast	0.99974126	Breast	0.9999607	Breast	0.99996483	Breast	0.99994177	Breast	0.9998352	Breast	0.9998578	Breast	0.9998797	Breast	0.99980915	Breast	0.9999088	Breast	0.99992114	Breast	1.0	Breast	0.9912171	Breast	0.9997985	Breast	0.99999046	Breast	0.9997332	Breast	0.99997747	Breast	0.9992816	Breast	0.9997482
MO_1032-poly-SI_4925-C0KFGACXX	MO_1032	Breast	breast		Breast	0.9975133	Breast	0.99998957	Breast	1.0	Breast	0.9999292	Breast	1.0	Breast	0.9999752	Breast	0.9999899	Breast	0.99999183	Breast	0.9999839	Breast	0.9999784	Breast	0.99997526	Breast	0.99997985	Breast	0.9999809	Breast	0.99997395	Breast	0.9999778	Breast	1.0	Breast	0.9996467	Breast	0.9999867	Breast	0.9999975	Breast	0.99999255	Breast	0.9999978	Breast	0.99990857	Breast	0.9999751
MO_1033-poly-SI_4926-C0KFGACXX	MO_1033	Colorectal	liver	0.006499409247445561	Cervix	0.7624468	Cervix	0.9489447	Cervix	0.99963	Cervix	0.9430412	Cervix	0.9739328	Cervix	0.9768992	Cervix	0.95792985	Cervix	0.95584255	Cervix	0.95098406	Cervix	0.9632811	Cervix	0.9688206	Cervix	0.9557157	Cervix	0.97518355	Cervix	0.95571077	Cervix	0.9416119	Cervix	0.99985594	Cervix	0.88034564	Cervix	0.9581628	Cervix	0.9400499	Cervix	0.9566859	Cervix	0.9895125	Cervix	0.9710361	Cervix	0.88376373
MO_1034-capt-SI_4976-C0L92ACXX	MO_1034	Lung	lung	0.05767729477338547	Lung	0.8369833	Lung	0.60135055	Lung	0.43927166	Lung	0.41557166	Lung	0.6661878	Lung	0.49322656	Lung	0.6500375	Lung	0.69024754	Lung	0.5499645	Lung	0.3633651	Lung	0.97132576	Lung	0.5780625	Lung	0.44472215	Lung	0.56220317	Lung	0.49424314	Esophagus	0.7753116	Lung	0.85111564	Lung	0.8116666	Lung	0.62059504	Stomach	0.422621	Lung	0.82651556	Lung	0.6001998	Esophagus	0.45451498
MO_1035-capt-SI_5162-C0MHHACXX	MO_1035	Stomach	soft_tissue	0.032692468741067175	Sarcoma	0.86911374	Sarcoma	0.95667803	Sarcoma	0.9994282	Sarcoma	0.9573996	Sarcoma	0.9683024	Sarcoma	0.9839387	Sarcoma	0.96139467	Sarcoma	0.9521492	Sarcoma	0.93579185	Sarcoma	0.95646554	Sarcoma	0.8688135	Sarcoma	0.9615778	Sarcoma	0.976795	Sarcoma	0.95838743	Sarcoma	0.9567554	Sarcoma	0.98916525	Sarcoma	0.74628997	Sarcoma	0.869571	Sarcoma	0.9220007	Esophagus	0.6311186	Sarcoma	0.95912224	Sarcoma	0.9079855	Sarcoma	0.7750565
MO_1036-poly-SI_4963-C0KW0ACXX	MO_1036	Biliary	liver	0.023651816533313594	Biliary	0.8831318	Biliary	0.91844976	Biliary	0.99916947	Biliary	0.93954664	Biliary	0.9752259	Biliary	0.9695902	Biliary	0.936827	Biliary	0.896056	Biliary	0.9359692	Biliary	0.90377927	Biliary	0.9250167	Biliary	0.9562841	Biliary	0.9580287	Biliary	0.9293255	Biliary	0.9499709	Biliary	0.96123517	Biliary	0.87344015	Biliary	0.8000634	Biliary	0.90448344	Biliary	0.99103236	Biliary	0.8746446	Biliary	0.9414645	Biliary	0.8876623
MO_1037-poly-SI_4964-C0KW0ACXX	MO_1037	Pancreas	liver	0.03456432846695737	Biliary	0.26395777	Ovary	0.9672682	Ovary	0.99273336	Ovary	0.8960904	Ovary	0.94546103	Ovary	0.9612619	Ovary	0.9744981	Ovary	0.97879285	Ovary	0.984326	Ovary	0.9147525	Ovary	0.95279896	Ovary	0.96153235	Ovary	0.9712884	Ovary	0.9485893	Ovary	0.9813813	Ovary	0.99984837	Ovary	0.59609973	Ovary	0.936007	Ovary	0.95703	Ovary	0.9661835	Ovary	0.9961454	Ovary	0.92520267	Ovary	0.8860959
MO_1038-capt-SI_5040-C0LM6ACXX	MO_1038	Melanoma	lung	0.07018820942328141	Melanoma	0.43043283	Melanoma	0.60912883	Testis	0.3565814	Melanoma	0.45835108	Melanoma	0.8927597	Melanoma	0.6952692	Melanoma	0.7784599	Melanoma	0.6473447	Melanoma	0.79997903	Melanoma	0.5424725	Melanoma	0.64625597	Melanoma	0.60354084	Melanoma	0.5539279	Melanoma	0.6810601	Melanoma	0.7063615	Melanoma	0.8723019	Melanoma	0.5875549	Melanoma	0.6750581	Melanoma	0.85439754	Melanoma	0.60168284	Melanoma	0.8010187	Melanoma	0.62647283	Melanoma	0.6114667
MO_1039-poly-SI_4965-C0KRNACXX	MO_1039	Biliary	liver	0.08307595722109284	Biliary	0.94731337	Biliary	0.997199	Biliary	0.99817204	Biliary	0.9930182	Biliary	0.9997112	Biliary	0.9980557	Biliary	0.9975059	Biliary	0.99723035	Biliary	0.99762493	Biliary	0.96789724	Biliary	0.9976936	Biliary	0.9977647	Biliary	0.99686116	Biliary	0.9976939	Biliary	0.99763995	Biliary	0.9999896	Biliary	0.96955675	Biliary	0.99756694	Biliary	0.9971008	Biliary	0.99836934	Biliary	0.9989577	Biliary	0.9924147	Biliary	0.9944827
MO_1040-poly-SI_4966-C0KRNACXX	MO_1040	Prostate	lymph_node	0.0	Prostate	0.9993135	Prostate	1.0	Prostate	1.0	Prostate	0.9999988	Prostate	1.0	Prostate	0.99999994	Prostate	1.0	Prostate	1.0	Prostate	0.99999994	Prostate	0.9999999	Prostate	1.0	Prostate	0.99999994	Prostate	0.99999994	Prostate	0.99999994	Prostate	1.0	Prostate	1.0	Prostate	0.99994516	Prostate	0.9999998	Prostate	1.0	Prostate	0.9999892	Prostate	0.99999994	Prostate	0.99999905	Prostate	0.99999344
MO_1042-poly-SI_5026-C0LARACXX	MO_1042	Adrenal	liver	0.06471583351985778	Adrenal	0.5248291	Adrenal	0.9998784	Liver	0.9959557	Adrenal	0.9980175	Adrenal	0.99999624	Adrenal	0.9996921	Adrenal	0.9997981	Adrenal	0.99999595	Adrenal	0.9998284	Adrenal	0.52471477	Adrenal	0.9998325	Adrenal	0.9997674	Adrenal	0.9995626	Adrenal	0.99979335	Adrenal	0.9998453	Adrenal	1.0	Liver	0.6017769	Adrenal	0.9997986	Adrenal	0.9999608	Adrenal	0.99968016	Adrenal	0.9999894	Adrenal	0.9998272	Adrenal	0.999856
MO_1045-poly-SI_5090-D0VCEACXX	MO_1045	Pancreas	lymph_node	0.1368690099287504	Pancreas	0.9183042	Pancreas	0.99493945	Pancreas	0.9989683	Pancreas	0.9860841	Pancreas	0.99966323	Pancreas	0.99672174	Pancreas	0.9916186	Pancreas	0.9953628	Pancreas	0.99396497	Pancreas	0.99672616	Pancreas	0.9958623	Pancreas	0.9962409	Pancreas	0.99445295	Pancreas	0.99312085	Pancreas	0.9955425	Pancreas	0.9106643	Pancreas	0.9712151	Pancreas	0.98375386	Pancreas	0.99284345	Pancreas	0.9878867	Pancreas	0.9954561	Pancreas	0.9854117	Pancreas	0.993815
MO_1046-poly-SI_5059-D0VDLACXX	MO_1046	HeadNeck	bone_marrow	0.13587969385430032	HeadNeck	0.39485922	Cervix	0.87863934	Cervix	0.9855359	Cervix	0.8228272	Cervix	0.8471521	Cervix	0.7885886	Cervix	0.8393607	Cervix	0.88078636	Cervix	0.8730081	Cervix	0.859768	Cervix	0.8444619	Cervix	0.84563243	Cervix	0.8686267	Cervix	0.8286743	Cervix	0.8376607	Cervix	0.9999999	Cervix	0.48052862	Cervix	0.916007	Cervix	0.82992166	Cervix	0.60446614	Cervix	0.781424	Cervix	0.8106557	Cervix	0.78640693
MO_1047-poly-SI_5045-D0UTEACXX	MO_1047	Sarcoma	soft_tissue	0.11141320855679901	Sarcoma	0.8454088	Sarcoma	0.9055454	Sarcoma	0.99859333	Sarcoma	0.8262125	Sarcoma	0.9166601	Sarcoma	0.94874114	Sarcoma	0.943077	Sarcoma	0.8751635	Sarcoma	0.7967118	Sarcoma	0.9053666	Sarcoma	0.9216437	Sarcoma	0.9468817	Sarcoma	0.9219707	Sarcoma	0.9354746	Sarcoma	0.92440397	Sarcoma	0.9864129	Sarcoma	0.9426547	Sarcoma	0.6253684	Sarcoma	0.91015846	Sarcoma	0.886436	Sarcoma	0.99254024	Sarcoma	0.8757928	Sarcoma	0.7881712
MO_1048-poly-SI_5046-D0UTEACXX	MO_1048	Colorectal	lymph_node	0.08446357782075298	Stomach	0.867741	Stomach	0.9958108	Stomach	0.9997465	Stomach	0.97068566	Stomach	0.99868596	Stomach	0.98993766	Stomach	0.99676013	Stomach	0.9931704	Stomach	0.994443	Stomach	0.99227524	Stomach	0.99604297	Stomach	0.9911569	Stomach	0.9894723	Stomach	0.993335	Stomach	0.99386203	Stomach	0.9999992	Stomach	0.93693984	Stomach	0.9942645	Stomach	0.99676114	Stomach	0.9806724	Stomach	0.98783064	Stomach	0.9941866	Stomach	0.97574365
MO_1049-poly-SI_5060-D0VDLACXX	MO_1049	Bladder	lymph_node	0.0	Esophagus	0.6212267	Esophagus	0.96826	Esophagus	0.7162299	Esophagus	0.9022828	Esophagus	0.97639066	Esophagus	0.9175967	Esophagus	0.97723496	Esophagus	0.95940614	Esophagus	0.9346014	Esophagus	0.95103914	Esophagus	0.96695083	Esophagus	0.9460263	Esophagus	0.9536078	Esophagus	0.95822775	Esophagus	0.9561544	Esophagus	0.861332	Esophagus	0.92407537	Esophagus	0.9391192	Esophagus	0.97968554	Esophagus	0.9815467	Esophagus	0.96631175	Esophagus	0.9711963	Esophagus	0.93990844
MO_1050-poly-SI_5061-D0VDLACXX	MO_1050	Ovary	liver	0.010118081194430872	Ovary	0.83121663	Ovary	0.9938741	Ovary	0.99686193	Ovary	0.9885002	Ovary	0.996634	Ovary	0.99519676	Ovary	0.99092805	Ovary	0.99083245	Ovary	0.99477744	Ovary	0.9937229	Ovary	0.9874178	Ovary	0.9943077	Ovary	0.99523795	Ovary	0.9918093	Ovary	0.99711365	Uterus	0.8070603	Ovary	0.8678198	Ovary	0.9906815	Ovary	0.99403703	Ovary	0.99148077	Ovary	0.994301	Ovary	0.9818087	Ovary	0.97704047
MO_1051-poly-SI_5091-D0VCEACXX	MO_1051	Breast	liver	0.0834566220392291	Breast	0.6746823	Breast	0.9999985	Breast	0.9998534	Breast	0.99992967	Breast	1.0	Breast	0.99998224	Breast	0.99999887	Breast	0.9999984	Breast	0.9999986	Breast	0.9652512	Breast	0.9999937	Breast	0.99999344	Breast	0.9999939	Breast	0.9999959	Breast	0.9999972	Breast	1.0	Breast	0.6330301	Breast	0.9999937	Breast	0.9999997	Breast	0.9999739	Breast	0.99999946	Breast	0.99996	Breast	0.9999755
MO_1052-capt-SI_5382-D12U3ACXX	MO_1052	Thyroid	thyroid		Esophagus	0.31845188	Esophagus	0.36924127	Testis	0.76775426	Esophagus	0.3040645	Testis	0.50189745	Esophagus	0.39452723	Esophagus	0.5089446	Esophagus	0.285721	Esophagus	0.27308595	Esophagus	0.41960257	Esophagus	0.47131884	Esophagus	0.32150367	Esophagus	0.37204644	Esophagus	0.28017935	Lung	0.49874103	Thyroid	0.99685144	HeadNeck	0.35434124	Esophagus	0.42554817	Esophagus	0.39070028	Testis	0.5986338	Testis	0.43781683	Esophagus	0.53686804	Esophagus	0.33417377
MO_1053-poly-SI_5062-D0VDLACXX	MO_1053	Adrenal	adrenal	0.4517567603662762	Adrenal	0.99977386	Adrenal	0.9999999	Adrenal	1.0	Adrenal	0.999994	Adrenal	1.0	Adrenal	0.99999976	Adrenal	0.9999999	Adrenal	1.0	Adrenal	0.99999964	Adrenal	0.9999998	Adrenal	0.9999999	Adrenal	0.9999998	Adrenal	0.99999976	Adrenal	0.99999976	Adrenal	0.9999999	Adrenal	1.0	Adrenal	0.99998283	Adrenal	0.9999995	Adrenal	0.99999994	Adrenal	0.99999636	Adrenal	0.99999994	Adrenal	0.9999985	Adrenal	0.999999
MO_1055-poly-SI_5150-C0MHHACXX	MO_1055	HeadNeck	liver	0.027195439387665752	Esophagus	0.36147448	Cervix	0.3926243	Cervix	0.38052362	Cervix	0.3962122	Esophagus	0.47103813	Esophagus	0.3916351	Esophagus	0.41599214	Esophagus	0.38517463	Cervix	0.35957077	Esophagus	0.5294267	Cervix	0.43534225	Esophagus	0.42363918	Esophagus	0.5456486	Esophagus	0.4431112	Esophagus	0.38624752	Cervix	0.99935216	Esophagus	0.5974945	Cervix	0.5775824	Esophagus	0.48326895	Esophagus	0.5832664	Esophagus	0.80490816	Esophagus	0.60771465	Esophagus	0.45541474
MO_1058-poly-SI_5183-C0VTMACXX	MO_1058	Sarcoma	soft_tissue	0.0	Sarcoma	0.3545589	Bladder	0.45306093	Sarcoma	0.6184103	Sarcoma	0.3370038	Bladder	0.7474376	Bladder	0.39753142	Bladder	0.41813567	Bladder	0.42377558	Bladder	0.4681752	Sarcoma	0.3639573	Sarcoma	0.3260845	Sarcoma	0.45685184	Sarcoma	0.42531705	Sarcoma	0.35601953	Bladder	0.40841132	Lymphoid	0.434484	Sarcoma	0.4029272	Bladder	0.34257478	Bladder	0.5115468	Bladder	0.25458536	Bladder	0.3391594	Bladder	0.408044	Bladder	0.6600336
MO_1059-poly-SI_5151-C0MHHACXX	MO_1059	Pancreas	liver	0.0	Uterus	0.35023952	Uterus	0.73776567	Ovary	0.5059354	Uterus	0.74038196	Uterus	0.54336876	Uterus	0.77578354	Uterus	0.8072144	Uterus	0.7826573	Uterus	0.7874093	Uterus	0.46808785	Uterus	0.7737868	Uterus	0.7024837	Uterus	0.6625182	Uterus	0.77454823	Uterus	0.7823039	Uterus	0.9842753	Biliary	0.36967477	Uterus	0.7300629	Uterus	0.8697532	Uterus	0.9096246	Uterus	0.6432296	Uterus	0.77680224	Uterus	0.71495086
MO_1060-poly-SI_5152-C0MHHACXX	MO_1060	Ovary	lymph_node	0.042673485936425885	Ovary	0.98894763	Ovary	0.99996	Ovary	0.9999991	Ovary	0.99970853	Ovary	0.99999434	Ovary	0.99996126	Ovary	0.9999438	Ovary	0.99996316	Ovary	0.9999788	Ovary	0.9999472	Ovary	0.99987376	Ovary	0.999909	Ovary	0.99994934	Ovary	0.9999391	Ovary	0.99996734	Ovary	0.9999999	Ovary	0.9962744	Ovary	0.99986315	Ovary	0.9999487	Ovary	0.9999799	Ovary	0.9999619	Ovary	0.9998057	Ovary	0.9996386
MO_1061-poly-SI_5153-C0MHHACXX	MO_1061	Thymus	lung	0.0	Thymus	0.99946404	Thymus	0.9999998	Thymus	1.0	Thymus	0.99999595	Thymus	1.0	Thymus	0.99999917	Thymus	0.99999994	Thymus	0.9999999	Thymus	0.9999998	Thymus	0.99999946	Thymus	0.9999998	Thymus	0.99999964	Thymus	0.99999964	Thymus	0.9999994	Thymus	0.9999999	Thymus	1.0	Thymus	0.9999778	Thymus	0.9999995	Thymus	1.0	Thymus	0.99999994	Thymus	0.9999998	Thymus	0.9999989	Thymus	0.9999957
MO_1063-poly-SI_5184-C0VTMACXX	MO_1063	Kidney	bone_marrow	0.0	Kidney	0.9986043	Kidney	0.99999994	Kidney	1.0	Kidney	0.9999959	Kidney	1.0	Kidney	0.9999999	Kidney	1.0	Kidney	1.0	Kidney	0.99999994	Kidney	0.9999998	Kidney	0.99999994	Kidney	0.99999994	Kidney	0.99999994	Kidney	0.99999994	Kidney	1.0	Kidney	1.0	Kidney	0.9998288	Kidney	0.99999976	Kidney	1.0	Kidney	0.99999297	Kidney	0.99999994	Kidney	0.99999714	Kidney	0.99999434
MO_1065-poly-SI_5186-C0VTMACXX	MO_1065	Breast	lymph_node	0.0593829953736732	Breast	0.9869948	Breast	0.99989897	Breast	0.9999986	Breast	0.99926436	Breast	0.9999999	Breast	0.9998587	Breast	0.99988955	Breast	0.99992186	Breast	0.9999055	Breast	0.99982184	Breast	0.999836	Breast	0.99988294	Breast	0.999882	Breast	0.9998235	Breast	0.9998405	Breast	1.0	Breast	0.99881583	Breast	0.9997679	Breast	0.9999766	Breast	0.99968976	Breast	0.99999154	Breast	0.999808	Breast	0.99986094
MO_1066-poly-SI_9578-C5MGWANXX	MO_1066	Prostate	soft_tissue	0.0014077555576249897	Prostate	0.99409866	Prostate	0.99999416	Prostate	1.0	Prostate	0.9999172	Prostate	1.0	Prostate	0.9999884	Prostate	0.9999985	Prostate	0.9999968	Prostate	0.99998975	Prostate	0.99997646	Prostate	0.99999535	Prostate	0.99999464	Prostate	0.9999862	Prostate	0.99998766	Prostate	0.99999595	Prostate	1.0	Prostate	0.99871475	Prostate	0.99997324	Prostate	0.9999992	Prostate	0.99996513	Prostate	0.99999785	Prostate	0.9999401	Prostate	0.99963796
MO_1067-poly-SI_5187-C0VTLACXX	MO_1067	Esophagus	head_neck		Esophagus	0.54133564	Esophagus	0.78982013	Cervix	0.47185943	Esophagus	0.8236286	Esophagus	0.91093683	Esophagus	0.8638427	Esophagus	0.83185506	Esophagus	0.8733368	Esophagus	0.79515725	Esophagus	0.86922497	Esophagus	0.68773603	Esophagus	0.86062557	Esophagus	0.91184014	Esophagus	0.89687616	Esophagus	0.85653865	Stomach	0.9968952	Esophagus	0.7470223	Esophagus	0.74525285	Esophagus	0.54322064	Esophagus	0.8390642	Esophagus	0.8063854	Esophagus	0.73329675	Esophagus	0.81727374
MO_1068-poly-SI_5188-C0VTYACXX	MO_1068	Breast	lymph_node	0.0	Breast	0.9933768	Breast	0.9999411	Breast	1.0	Breast	0.99965	Breast	0.9999999	Breast	0.9998686	Breast	0.99992806	Breast	0.99993956	Breast	0.99994093	Breast	0.99988645	Breast	0.99987096	Breast	0.9998972	Breast	0.99991584	Breast	0.99987274	Breast	0.9998875	Breast	1.0	Breast	0.9993117	Breast	0.9998476	Breast	0.99997574	Breast	0.99991786	Breast	0.9999918	Breast	0.9996182	Breast	0.99990964
MO_1069-poly-SI_5257-C0VU9ACXX	MO_1069	Breast	lymph_node	0.0063610109068063135	Breast	0.989918	Breast	0.9999962	Breast	1.0	Breast	0.9998247	Breast	1.0	Breast	0.9999711	Breast	0.999996	Breast	0.9999964	Breast	0.99999624	Breast	0.9999855	Breast	0.99998724	Breast	0.9999902	Breast	0.9999712	Breast	0.99999315	Breast	0.9999915	Breast	1.0	Breast	0.9994984	Breast	0.99998534	Breast	0.9999989	Breast	0.999627	Breast	0.99999654	Breast	0.99993193	Breast	0.99997216
MO_1070-poly-SI_5281-C0VU9ACXX	MO_1070	Melanoma	lymph_node	0.156964732930178	Melanoma	0.90552914	Melanoma	0.9999479	Melanoma	0.92357475	Melanoma	0.99937457	Melanoma	0.99999976	Melanoma	0.999886	Melanoma	0.99997526	Melanoma	0.9999368	Melanoma	0.99994916	Melanoma	0.9999239	Melanoma	0.9999406	Melanoma	0.9999322	Melanoma	0.9997951	Melanoma	0.9999069	Melanoma	0.99996305	Melanoma	1.0	Melanoma	0.931454	Melanoma	0.99991316	Melanoma	0.9999873	Melanoma	0.9999501	Melanoma	0.99974674	Melanoma	0.9993319	Melanoma	0.99882656
MO_1072-poly-SI_5351-D12MJACXX	MO_1072	HeadNeck	soft_tissue	0.0	Lung	0.49903208	Lung	0.87730116	HeadNeck	0.73686874	Lung	0.7407209	Lung	0.790359	Lung	0.8276626	Lung	0.84711784	Lung	0.835593	Lung	0.81769043	Lung	0.9002588	Lung	0.9175438	Lung	0.8887777	Lung	0.8673392	Lung	0.73867947	Lung	0.78884	Lung	0.961214	Lung	0.5162141	Lung	0.80767375	Lung	0.8816643	Lung	0.8879955	Lung	0.51543605	Lung	0.7112596	Lung	0.57019264
MO_1073-poly-SI_5409-C0VURACXX	MO_1073	Colorectal	colon_rectum		Colorectal	0.99513227	Colorectal	0.9998275	Colorectal	0.9999528	Colorectal	0.99952394	Colorectal	0.9999841	Colorectal	0.9999005	Colorectal	0.9999097	Colorectal	0.9998714	Colorectal	0.99981844	Colorectal	0.9999089	Colorectal	0.9998349	Colorectal	0.99989486	Colorectal	0.99984294	Colorectal	0.99987936	Colorectal	0.9998929	Colorectal	1.0	Colorectal	0.99818724	Colorectal	0.9993305	Colorectal	0.9997606	Colorectal	0.9998388	Colorectal	0.9996563	Colorectal	0.9997268	Colorectal	0.9994068
MO_1074-poly-SI_5410-C0VYRACXX	MO_1074	Prostate	bone_marrow	0.0	Prostate	0.7715633	Prostate	0.9298736	Prostate	0.9938561	Prostate	0.90500295	Prostate	0.986104	Prostate	0.93186414	Prostate	0.95425653	Prostate	0.93595284	Prostate	0.8415649	Prostate	0.8912504	Prostate	0.9609202	Prostate	0.9304784	Prostate	0.8927967	Prostate	0.91114974	Prostate	0.9494176	Prostate	0.9999784	Prostate	0.5618592	Prostate	0.89982224	Prostate	0.97734183	Esophagus	0.52934	Prostate	0.8462531	Prostate	0.74139816	Prostate	0.693397
MO_1076-capt-SI_5501-D130HACXX	MO_1076	Sarcoma	lung	0.10380652546275448	Sarcoma	0.97963774	Sarcoma	0.9857591	Sarcoma	0.99999446	Sarcoma	0.9656157	Sarcoma	0.993517	Sarcoma	0.9924559	Sarcoma	0.98626906	Sarcoma	0.9723018	Sarcoma	0.9754041	Sarcoma	0.98039347	Sarcoma	0.96815336	Sarcoma	0.97878945	Sarcoma	0.98065865	Sarcoma	0.98065764	Sarcoma	0.9835777	Sarcoma	0.9998975	Sarcoma	0.98482543	Sarcoma	0.94220203	Sarcoma	0.970058	Sarcoma	0.9125109	Sarcoma	0.9941073	Sarcoma	0.97216755	Sarcoma	0.9754166
MO_1077-poly-SI_5484-D12YGACXX	MO_1077	Thyroid	thyroid		Thyroid	0.7701466	Thyroid	0.98434037	Thyroid	0.9998178	Thyroid	0.93421507	Thyroid	0.999138	Thyroid	0.9798765	Thyroid	0.98979485	Thyroid	0.9862531	Thyroid	0.9684285	Thyroid	0.96640503	Thyroid	0.959264	Thyroid	0.9704794	Thyroid	0.96798015	Thyroid	0.98168564	Thyroid	0.9799006	Thyroid	0.99999917	Thyroid	0.6012414	Thyroid	0.9527907	Thyroid	0.98999345	Ovary	0.35211676	Thyroid	0.8743222	Thyroid	0.9177462	Thyroid	0.9116847
MO_1080-capt-SI_5560-D131EACXX	MO_1080	Thyroid	thyroid		Sarcoma	0.7115722	Sarcoma	0.7562751	Esophagus	0.5935804	Sarcoma	0.60597277	Sarcoma	0.72738326	Sarcoma	0.8206135	Sarcoma	0.58532083	Sarcoma	0.7044866	Sarcoma	0.7230542	Sarcoma	0.7322179	Sarcoma	0.70511204	Sarcoma	0.722417	Sarcoma	0.7038337	Sarcoma	0.7125538	Sarcoma	0.70139754	Sarcoma	0.7648003	Sarcoma	0.5955726	Sarcoma	0.49177104	Sarcoma	0.7634575	Esophagus	0.561475	Sarcoma	0.5828958	Sarcoma	0.5693696	Sarcoma	0.5849292
MO_1084-poly-SI_5551-D131EACXX	MO_1084	Prostate	lymph_node	0.38845564819423967	Prostate	0.9959248	Prostate	0.9999981	Prostate	1.0	Prostate	0.99997735	Prostate	1.0	Prostate	0.99999684	Prostate	0.9999995	Prostate	0.9999989	Prostate	0.9999985	Prostate	0.99999493	Prostate	0.99999785	Prostate	0.9999973	Prostate	0.9999965	Prostate	0.9999962	Prostate	0.99999857	Prostate	1.0	Prostate	0.99845856	Prostate	0.9999945	Prostate	0.9999997	Prostate	0.99996275	Prostate	0.99999887	Prostate	0.9999749	Prostate	0.99987483
MO_1085-poly-SI_5552-D131EACXX	MO_1085	Stomach	liver	0.01160939854716827	Sarcoma	0.46594575	Sarcoma	0.8991281	Sarcoma	0.6680028	Sarcoma	0.8539435	Sarcoma	0.95139325	Sarcoma	0.91132456	Sarcoma	0.8742617	Sarcoma	0.7761665	Sarcoma	0.8365877	Sarcoma	0.74425644	Sarcoma	0.8881733	Sarcoma	0.8948955	Sarcoma	0.9115847	Sarcoma	0.9155708	Sarcoma	0.8830035	Sarcoma	0.9990161	Sarcoma	0.69616485	Sarcoma	0.87516433	Sarcoma	0.8373353	Sarcoma	0.3108064	Sarcoma	0.7029468	Sarcoma	0.9088029	Sarcoma	0.91486377
MO_1087-poly-SI_5589-D18NCACXX	MO_1087	Colorectal	liver	0.1522944111957366	Biliary	0.7762771	Colorectal	0.7430226	Biliary	0.99307656	Colorectal	0.76199883	Colorectal	0.6228154	Colorectal	0.74771726	Colorectal	0.82019967	Colorectal	0.7853234	Colorectal	0.70298	Biliary	0.53166467	Colorectal	0.6692923	Colorectal	0.7674314	Colorectal	0.75271505	Colorectal	0.7415994	Colorectal	0.7651303	Colorectal	0.9999014	Biliary	0.58699024	Colorectal	0.74734926	Colorectal	0.5308637	Colorectal	0.84162396	Colorectal	0.81094897	Colorectal	0.79168284	Colorectal	0.5066958
MO_1088-capt-SI_5831-C19FGACXX	MO_1088	Sarcoma	lung	0.09482535069695333	Sarcoma	0.8188432	Sarcoma	0.708704	Sarcoma	0.99965805	Sarcoma	0.60538226	Sarcoma	0.8536111	Sarcoma	0.8423069	Sarcoma	0.74490035	Sarcoma	0.69121397	Sarcoma	0.5358063	Sarcoma	0.700452	Sarcoma	0.5001864	Sarcoma	0.75878066	Sarcoma	0.82195914	Sarcoma	0.76277417	Sarcoma	0.6501522	Sarcoma	0.95520324	Sarcoma	0.85916716	Sarcoma	0.5463758	Sarcoma	0.5801329	Esophagus	0.33247757	Sarcoma	0.98583317	Sarcoma	0.5707989	Sarcoma	0.45867318
MO_1089-poly-SI_5593-C147NACXX	MO_1089	Pancreas	soft_tissue	0.02619939234018237	Adrenal	0.3080925	Adrenal	0.4705089	Adrenal	0.55694646	Adrenal	0.3809825	Adrenal	0.76567286	Adrenal	0.4315406	Adrenal	0.6036913	Adrenal	0.3377483	Adrenal	0.4772606	Adrenal	0.4677832	Adrenal	0.49177712	Adrenal	0.5069995	Adrenal	0.50056493	Adrenal	0.47239313	Adrenal	0.45471945	Ovary	0.83930427	Adrenal	0.27638957	Adrenal	0.56011075	Adrenal	0.7465921	Ovary	0.3314835	Ovary	0.5093548	Adrenal	0.47895387	Adrenal	0.692764
MO_1090-capt-SI_5612-D18NCACXX	MO_1090	Breast	soft_tissue	0.08659785497058359	Breast	0.98646766	Breast	0.998536	Breast	1.0	Breast	0.9904908	Breast	0.9998861	Breast	0.99805355	Breast	0.9978022	Breast	0.99798536	Breast	0.99867004	Breast	0.9980705	Breast	0.9977131	Breast	0.99822825	Breast	0.99821407	Breast	0.99773705	Breast	0.9983917	Breast	0.9999999	Breast	0.99242085	Breast	0.9973921	Breast	0.99849665	Breast	0.9943836	Breast	0.9999214	Breast	0.9959422	Breast	0.9901578
MO_1091-poly-SI_5769-C19FGACXX	MO_1091	Bladder	soft_tissue	0.0	Esophagus	0.15166323	Stomach	0.472508	Ovary	0.8231557	Stomach	0.2623699	Stomach	0.52143645	Esophagus	0.28168473	Stomach	0.40788674	Stomach	0.37254986	Esophagus	0.31121993	Stomach	0.33384344	Stomach	0.3044255	Stomach	0.3846746	Ovary	0.28294992	Esophagus	0.33326417	Stomach	0.43680456	Bladder	0.81244767	Bladder	0.19453226	Esophagus	0.6044826	Stomach	0.41109765	Esophagus	0.6871162	Esophagus	0.55540067	Ovary	0.36965784	Esophagus	0.36439654
MO_1093-poly-SI_5664-C19D0ACXX	MO_1093	Prostate	lymph_node	0.20513755543355724	Prostate	0.18580431	Lymphoid	0.4252465	Testis	0.31234103	Lymphoid	0.49779877	Stomach	0.61032885	Lymphoid	0.44235525	Lymphoid	0.41687313	Lymphoid	0.3755342	Lymphoid	0.40694234	Lymphoid	0.3431099	Stomach	0.36701056	Lymphoid	0.45800194	Lymphoid	0.48715425	Lymphoid	0.58991283	Lymphoid	0.39006186	Stomach	0.69735456	Biliary	0.23173364	Stomach	0.5705704	Stomach	0.3981865	Lymphoid	0.4826426	Lymphoid	0.31017193	Stomach	0.43147856	Stomach	0.34645262
MO_1094-poly-SI_5594-D133TACXX	MO_1094	Prostate	bone_marrow	7.628692332233438e-05	Esophagus	0.6330143	Esophagus	0.69906694	Esophagus	0.905816	Esophagus	0.6793613	Esophagus	0.8395133	Esophagus	0.60874456	Esophagus	0.7500482	Esophagus	0.55773586	Esophagus	0.70753694	Esophagus	0.56254	Esophagus	0.6563441	Esophagus	0.6190592	Esophagus	0.7407106	Esophagus	0.6513122	Esophagus	0.6810027	Esophagus	0.99892926	Esophagus	0.58788574	Esophagus	0.80565864	Esophagus	0.6149457	Esophagus	0.9825938	Esophagus	0.7169058	Esophagus	0.68456537	Esophagus	0.644704
MO_1095-poly-SI_5665-C19D0ACXX	MO_1095	Prostate	lung	0.08797764623182912	Prostate	0.99059683	Prostate	0.9999952	Prostate	1.0	Prostate	0.9998828	Prostate	1.0	Prostate	0.99998766	Prostate	0.9999984	Prostate	0.99999756	Prostate	0.99998814	Prostate	0.99998116	Prostate	0.99999547	Prostate	0.99999243	Prostate	0.9999834	Prostate	0.99999005	Prostate	0.9999965	Prostate	1.0	Prostate	0.99703383	Prostate	0.99997264	Prostate	0.9999991	Prostate	0.99999106	Prostate	0.9999869	Prostate	0.99993247	Prostate	0.99966514
MO_1096-capt-SI_5685-C19D0ACXX	MO_1096	Prostate	bone_marrow	0.011435576887785667	Prostate	0.9093813	Prostate	0.994952	Prostate	0.9999188	Prostate	0.98628217	Prostate	0.9995491	Prostate	0.9935601	Prostate	0.99716914	Prostate	0.9959566	Prostate	0.98826647	Prostate	0.99307376	Prostate	0.9948458	Prostate	0.9943152	Prostate	0.99223375	Prostate	0.9925962	Prostate	0.99590445	Prostate	0.99960667	Prostate	0.87577045	Prostate	0.98584914	Prostate	0.998341	Prostate	0.9696753	Prostate	0.99212074	Prostate	0.9720412	Prostate	0.9438372
MO_1097-poly-SI_5666-C19D0ACXX	MO_1097	Bladder	liver	0.028956761965120047	Cervix	0.9825037	Cervix	0.9934131	Cervix	0.9999755	Cervix	0.99263763	Cervix	0.99254555	Cervix	0.9952823	Cervix	0.9940724	Cervix	0.99271846	Cervix	0.99017763	Cervix	0.9941496	Cervix	0.9977773	Cervix	0.99590975	Cervix	0.9945845	Cervix	0.99518424	Cervix	0.99570405	Cervix	0.999955	Cervix	0.99123645	Cervix	0.99838924	Cervix	0.9917703	Cervix	0.99335766	Cervix	0.99678993	Cervix	0.9936053	Cervix	0.98654175
MO_1098-poly-SI_5667-C19D0ACXX	MO_1098	Colorectal	lung	0.025591595570587947	Colorectal	0.87842196	Colorectal	0.91347814	Colorectal	0.95497674	Colorectal	0.9237874	Colorectal	0.95189184	Colorectal	0.9588925	Colorectal	0.94452286	Colorectal	0.9432639	Colorectal	0.90259314	Colorectal	0.93805635	Colorectal	0.94700754	Colorectal	0.9518313	Colorectal	0.9437387	Colorectal	0.9161104	Colorectal	0.9331897	Colorectal	0.9993654	Colorectal	0.9037668	Colorectal	0.83331007	Colorectal	0.74483466	Colorectal	0.7686156	Colorectal	0.8510616	Colorectal	0.91835684	Colorectal	0.9168867
MO_1099-poly-SI_5765-C19FGACXX	MO_1099	Bladder	liver	0.0	Lung	0.57089853	Lung	0.9202124	Lung	0.46174857	Lung	0.8500634	Lung	0.9540498	Lung	0.92282677	Lung	0.93786055	Lung	0.91396695	Lung	0.925706	Lung	0.955081	Lung	0.9384791	Lung	0.9528608	Lung	0.89987946	Lung	0.91148937	Lung	0.93905324	Cervix	0.6587411	Lung	0.5770492	Lung	0.8197462	Lung	0.84506017	Lung	0.96712726	Lung	0.61629695	Lung	0.81693494	Lung	0.72811455
MO_1100-poly-SI_7007-D26P3ACXX	MO_1100	Sarcoma	soft_tissue	0.004316522372703116	Sarcoma	0.998601	Sarcoma	0.99999815	Sarcoma	1.0	Sarcoma	0.99997896	Sarcoma	1.0	Sarcoma	0.9999982	Sarcoma	0.999999	Sarcoma	0.999996	Sarcoma	0.999996	Sarcoma	0.99999833	Sarcoma	0.99999607	Sarcoma	0.99999565	Sarcoma	0.99999636	Sarcoma	0.999997	Sarcoma	0.9999982	Sarcoma	1.0	Sarcoma	0.9998358	Sarcoma	0.9999928	Sarcoma	0.99999815	Sarcoma	0.9999965	Sarcoma	0.99999917	Sarcoma	0.9999889	Sarcoma	0.99998313
MO_1102-poly-SI_5854-C19KEACXX	MO_1102	Thymus	liver	0.006837186489322976	Thymus	0.9790616	Thymus	0.99934644	Thymus	0.9986657	Thymus	0.9984728	Thymus	0.99999195	Thymus	0.9987447	Thymus	0.9991278	Thymus	0.99952626	Thymus	0.9988117	Thymus	0.9993057	Thymus	0.99957037	Thymus	0.99953896	Thymus	0.9992292	Thymus	0.9991958	Thymus	0.9996432	Thymus	0.9999951	Thymus	0.98710674	Thymus	0.9967239	Thymus	0.99986154	Thymus	0.9999005	Thymus	0.99973315	Thymus	0.9993901	Thymus	0.99822646
MO_1106-poly-SI_5772-C19GBACXX	MO_1106	Melanoma	head_neck		Breast	0.8489457	Breast	0.83472604	Breast	0.9965415	Breast	0.89251024	Breast	0.91739815	Breast	0.9276231	Breast	0.80423754	Breast	0.8186864	Breast	0.8353963	Breast	0.91021085	Breast	0.8515471	Breast	0.89210343	Breast	0.9691246	Breast	0.8725564	Breast	0.8332705	Breast	0.9981901	Breast	0.7150574	Breast	0.8642311	Breast	0.8630571	Melanoma	0.43254125	Breast	0.9853512	Breast	0.90372366	Breast	0.8831186
MO_1107-poly-SI_5773-C19M0ACXX	MO_1107	Breast	liver	0.025983987005414506	Breast	0.99294543	Breast	0.9999998	Breast	1.0	Breast	0.99999076	Breast	1.0	Breast	0.9999995	Breast	0.9999999	Breast	0.99999976	Breast	0.9999999	Breast	0.99999243	Breast	0.9999994	Breast	0.99999964	Breast	0.99999934	Breast	0.9999995	Breast	0.99999976	Breast	1.0	Breast	0.99908954	Breast	0.99999946	Breast	1.0	Breast	0.999997	Breast	0.99999976	Breast	0.9999973	Breast	0.99999833
MO_1108-capt-SI_6356-C1N0NACXX	MO_1108	Lung	lymph_node	0.14551133911356123	Lung	0.98467636	Lung	0.999938	Lung	0.9999896	Lung	0.99936223	Lung	0.99999887	Lung	0.99991167	Lung	0.99995416	Lung	0.9999292	Lung	0.99991035	Lung	0.99989283	Lung	0.9999824	Lung	0.99986416	Lung	0.99993575	Lung	0.99989855	Lung	0.99995065	Lung	1.0	Lung	0.9982843	Lung	0.9996182	Lung	0.99997216	Lung	0.9999391	Lung	0.99993926	Lung	0.9997063	Lung	0.9998494
MO_1111-poly-SI_5870-D1DPVACXX	MO_1111	Lung	lymph_node	0.0996321901961467	Lung	0.9031987	Lung	0.9990879	Lung	0.99965537	Lung	0.99396807	Lung	0.99997014	Lung	0.99905884	Lung	0.9992043	Lung	0.9989002	Lung	0.99877095	Lung	0.99868214	Lung	0.99929065	Lung	0.9988234	Lung	0.99787796	Lung	0.9988071	Lung	0.9994276	Lung	1.0	Lung	0.9803658	Lung	0.99916077	Lung	0.9993841	Lung	0.9990176	Lung	0.9988604	Lung	0.9970908	Lung	0.998269
MO_1112-capt-SI_6071-D1EC1ACXX	MO_1112	Prostate	bone_marrow	0.003824728543740903	Prostate	0.9501536	Prostate	0.99949235	Prostate	0.9999981	Prostate	0.9982913	Prostate	0.99998605	Prostate	0.99956304	Prostate	0.9998565	Prostate	0.99978524	Prostate	0.99891794	Prostate	0.99879926	Prostate	0.99959385	Prostate	0.9995891	Prostate	0.9995774	Prostate	0.9993464	Prostate	0.99911153	Prostate	1.0	Prostate	0.83112043	Prostate	0.9986025	Prostate	0.99992436	Prostate	0.9896548	Prostate	0.99839044	Prostate	0.9946547	Prostate	0.9730349
MO_1114-poly-SI_6059-D1EBFACXX	MO_1114	Prostate	lymph_node	0.0	Prostate	0.9746482	Prostate	0.9997564	Prostate	1.0	Prostate	0.99916434	Prostate	0.9999906	Prostate	0.9997707	Prostate	0.9999405	Prostate	0.999845	Prostate	0.9996313	Prostate	0.9995301	Prostate	0.99982977	Prostate	0.9998447	Prostate	0.999732	Prostate	0.99969035	Prostate	0.99985456	Prostate	1.0	Prostate	0.9884463	Prostate	0.9992266	Prostate	0.9999501	Prostate	0.99952614	Prostate	0.9997345	Prostate	0.9985204	Prostate	0.99060345
MO_1116-poly-SI_6060-D1EBFACXX	MO_1116	Biliary	liver	0.15917942534016624	Liver	0.9651864	Colorectal	0.6853016	Liver	0.970574	Colorectal	0.6735713	Colorectal	0.64278597	Colorectal	0.60510236	Colorectal	0.69086903	Colorectal	0.69965863	Colorectal	0.56789154	Liver	0.9964069	Colorectal	0.64013726	Colorectal	0.68244857	Colorectal	0.7425954	Colorectal	0.72102016	Colorectal	0.6564297	Colorectal	0.99998945	Liver	0.9952309	Colorectal	0.6407674	Colorectal	0.60184854	Stomach	0.40022376	Colorectal	0.88060355	Colorectal	0.5885113	Stomach	0.6734066
MO_1117-poly-SI_7200-D27AFACXX	MO_1117	Liver	liver	0.029140283393243822	Liver	0.99998546	Liver	0.99999547	Liver	1.0	Liver	0.9999024	Liver	0.99999994	Liver	0.9999928	Liver	0.9999976	Liver	0.9999949	Liver	0.9999964	Liver	1.0	Liver	0.9999936	Liver	0.9999934	Liver	0.99998724	Liver	0.99999464	Liver	0.9999929	Liver	1.0	Liver	0.99999994	Liver	0.9999912	Liver	0.9999935	Liver	0.9999898	Liver	0.9999787	Liver	0.9999901	Liver	0.9999865
MO_1118-poly-SI_6061-D1EC1ACXX	MO_1118	Prostate	liver	0.07572509286088447	Liver	0.76085615	Lung	0.39094424	Liver	0.99996847	Lung	0.21439297	Lung	0.91625595	Cervix	0.3060568	Lung	0.38617113	Lung	0.39012748	Lung	0.45822096	Liver	0.9916295	Lung	0.36965054	Lung	0.32549176	Lung	0.2560749	Lung	0.3664732	Lung	0.3292171	Lung	0.8979502	Liver	0.9007494	Lung	0.59814274	Lung	0.52300817	Uterus	0.28608918	Lung	0.527872	Lung	0.36890653	Lung	0.4567086
MO_1119-poly-SI_6062-D1EC1ACXX	MO_1119	Lung	brain	0.017709847590037436	Lung	0.9935781	Lung	0.9998731	Lung	0.9999932	Lung	0.99819297	Lung	0.9999979	Lung	0.9998091	Lung	0.99989915	Lung	0.9997606	Lung	0.9998619	Lung	0.9998453	Lung	0.99980885	Lung	0.99980986	Lung	0.9997261	Lung	0.9998411	Lung	0.9998466	Lung	1.0	Lung	0.9995245	Lung	0.99957746	Lung	0.99996305	Lung	0.9992841	Lung	0.9999723	Lung	0.99967086	Lung	0.9997073
MO_1123-poly-SI_6204-C1MR4ACXX	MO_1123	Pancreas	lung	0.0	Lung	0.5525845	Stomach	0.7850137	Stomach	0.9669182	Stomach	0.60498995	Stomach	0.62955344	Stomach	0.56815827	Stomach	0.76188177	Stomach	0.7706617	Stomach	0.7979952	Stomach	0.7011966	Stomach	0.4179852	Stomach	0.6431522	Stomach	0.65345514	Stomach	0.7016278	Stomach	0.725787	Stomach	0.99344677	Lung	0.47759882	Stomach	0.82986915	Stomach	0.8900885	Stomach	0.81258917	Stomach	0.83816963	Stomach	0.84060687	Stomach	0.73916435
MO_1124-poly-SI_6271-C1MP5ACXX	MO_1124	Prostate	bladder		Prostate	0.818768	Prostate	0.96215	Prostate	0.99874675	Prostate	0.9236064	Prostate	0.9970877	Prostate	0.92499983	Prostate	0.98765856	Prostate	0.9767277	Prostate	0.95688605	Prostate	0.91430753	Prostate	0.9730197	Prostate	0.9603144	Prostate	0.93291956	Prostate	0.94209516	Prostate	0.965941	Prostate	0.9999791	Prostate	0.7450537	Prostate	0.90526426	Prostate	0.98509425	Esophagus	0.6884384	Prostate	0.97362316	Prostate	0.88748205	Prostate	0.6507812
MO_1125-poly-SI_6206-C1MR4ACXX	MO_1125	Lung	lymph_node	0.0	Lung	0.72353894	Lung	0.9877737	Lung	0.99433726	Lung	0.9793395	Lung	0.99903554	Lung	0.9881931	Lung	0.9884985	Lung	0.98052293	Lung	0.9894089	Lung	0.98713505	Lung	0.9360707	Lung	0.9856896	Lung	0.9918646	Lung	0.9893852	Lung	0.9897735	Lung	0.99995583	Lung	0.80905336	Lung	0.9877009	Lung	0.9896481	Lung	0.9664924	Lung	0.9912987	Lung	0.98191947	Lung	0.94764674
MO_1126-capt-SI_6287-D1RTCACXX	MO_1126	Breast	liver	0.0064312989302066186	Breast	0.9584244	Breast	0.999561	Breast	1.0	Breast	0.9987435	Breast	0.9999991	Breast	0.9993345	Breast	0.99946415	Breast	0.9996146	Breast	0.99982	Breast	0.9990581	Breast	0.9991398	Breast	0.99962646	Breast	0.9994947	Breast	0.99919665	Breast	0.99943686	Breast	1.0	Breast	0.985663	Breast	0.9992663	Breast	0.9998324	Breast	0.9990895	Breast	0.99988467	Breast	0.99814	Breast	0.9994968
MO_1128-poly-SI_6209-D1RWDACXX	MO_1128	Prostate	lymph_node	0.0050595365905678705	Prostate	0.9707494	Prostate	0.9997326	Prostate	0.9999199	Prostate	0.9989253	Prostate	0.9999979	Prostate	0.9996451	Prostate	0.9998958	Prostate	0.9998273	Prostate	0.99951905	Prostate	0.99950236	Prostate	0.99984956	Prostate	0.99978113	Prostate	0.9995412	Prostate	0.9996133	Prostate	0.9998376	Prostate	1.0	Prostate	0.98539823	Prostate	0.9992342	Prostate	0.9999626	Prostate	0.99541044	Prostate	0.9998389	Prostate	0.9977267	Prostate	0.9953984
MO_1129-capt-SI_6222-D1RWDACXX	MO_1129	Breast	liver	0.1024673871978312	Liver	0.98224586	Breast	0.9994998	Liver	0.9999776	Breast	0.98745394	Breast	0.99999744	Breast	0.99792904	Breast	0.99914056	Breast	0.9995296	Breast	0.99982643	Liver	0.9985973	Breast	0.9992071	Breast	0.9988906	Breast	0.9959901	Breast	0.9988058	Breast	0.99959576	Breast	1.0	Liver	0.9968705	Breast	0.99591535	Breast	0.9998029	Breast	0.9919112	Breast	0.99981636	Breast	0.99737114	Breast	0.99848914
MO_1130-capt-SI_6223-D1RWDACXX	MO_1130	Prostate	bone_marrow	0.054675651100782555	Prostate	0.97125876	Prostate	0.99990726	Prostate	0.99999905	Prostate	0.9992703	Prostate	0.99999934	Prostate	0.9998356	Prostate	0.99996614	Prostate	0.99994844	Prostate	0.9998499	Prostate	0.9997861	Prostate	0.9999066	Prostate	0.99988925	Prostate	0.9998354	Prostate	0.99985206	Prostate	0.9999105	Prostate	1.0	Prostate	0.9703207	Prostate	0.99968445	Prostate	0.99998075	Prostate	0.99782604	Prostate	0.99983263	Prostate	0.9991124	Prostate	0.99693924
MO_1131-poly-SI_6273-C1MP5ACXX	MO_1131	Melanoma	lymph_node	0.0	Melanoma	0.99967134	Melanoma	0.99999994	Melanoma	0.9999995	Melanoma	0.9999991	Melanoma	1.0	Melanoma	0.99999994	Melanoma	0.99999994	Melanoma	0.99999994	Melanoma	0.99999994	Melanoma	0.99999994	Melanoma	0.99999994	Melanoma	0.99999994	Melanoma	0.9999999	Melanoma	0.99999994	Melanoma	1.0	Melanoma	1.0	Melanoma	0.99991965	Melanoma	0.9999998	Melanoma	1.0	Melanoma	1.0	Melanoma	0.9999999	Melanoma	0.9999998	Melanoma	0.9999995
MO_1132-capt-SI_6342-D1R6AACXX	MO_1132	Prostate	bone_marrow	0.14823759947300627	Myeloid	0.4954187	Myeloid	0.80019903	Myeloid	0.99999756	Myeloid	0.7103973	Myeloid	0.6205245	Myeloid	0.72392976	Myeloid	0.7453333	Myeloid	0.7031033	Myeloid	0.8104062	Myeloid	0.8032954	Myeloid	0.740023	Myeloid	0.7728986	Myeloid	0.7670451	Myeloid	0.77939004	Myeloid	0.997519	Myeloid	0.9870107	Myeloid	0.9956508	Myeloid	0.90528136	Myeloid	0.6586928	Myeloid	0.9046428	Myeloid	0.997712	Myeloid	0.89625657	Myeloid	0.71488506
MO_1133-poly-SI_6212-D1RWDACXX	MO_1133	Sarcoma	soft_tissue	0.0	Sarcoma	0.9980885	Sarcoma	0.9999183	Sarcoma	0.9999994	Sarcoma	0.99969125	Sarcoma	0.99999416	Sarcoma	0.99997437	Sarcoma	0.99982405	Sarcoma	0.9998677	Sarcoma	0.99991596	Sarcoma	0.99994105	Sarcoma	0.9999081	Sarcoma	0.99996257	Sarcoma	0.99997747	Sarcoma	0.9999538	Sarcoma	0.9998887	Sarcoma	0.99998987	Sarcoma	0.9995783	Sarcoma	0.9993563	Sarcoma	0.9999353	Sarcoma	0.99972355	Sarcoma	0.99991137	Sarcoma	0.99967265	Sarcoma	0.9997168
MO_1135-poly-SI_6214-D1RRKACXX	MO_1135	Bladder	soft_tissue	0.0	HeadNeck	0.48550987	Esophagus	0.93851274	HeadNeck	0.95092577	Esophagus	0.84035	Esophagus	0.9220461	Esophagus	0.94147533	Esophagus	0.93945485	Esophagus	0.94639933	Esophagus	0.9459413	Esophagus	0.9515378	Esophagus	0.9248141	Esophagus	0.94135743	Esophagus	0.8912268	Esophagus	0.9463521	Esophagus	0.9325666	Esophagus	0.7581115	HeadNeck	0.52182853	Esophagus	0.851066	Esophagus	0.964825	Esophagus	0.97580546	Esophagus	0.81509066	Esophagus	0.9190576	Esophagus	0.79425204
MO_1136-poly-SI_6215-D1RRKACXX	MO_1136	Liver	soft_tissue	0.020441257567165288	Liver	0.9561476	Liver	0.98484766	Liver	0.9999169	Liver	0.95079947	Liver	0.9990372	Liver	0.97219133	Liver	0.98002017	Liver	0.97116244	Liver	0.9660745	Liver	0.99427044	Liver	0.9751565	Liver	0.9804914	Liver	0.98767966	Liver	0.9803429	Liver	0.9705335	Liver	0.99988276	Liver	0.9808347	Liver	0.9785832	Liver	0.9822761	Liver	0.8745171	Liver	0.9724274	Liver	0.97223693	Liver	0.96610606
MO_1137-capt-SI_6232-D1RRKACXX	MO_1137	Sarcoma	lung	0.13344103613560743	Mesothelioma	0.3695722	Sarcoma	0.9953559	Lung	0.631932	Sarcoma	0.98921156	Sarcoma	0.9996061	Sarcoma	0.99537045	Sarcoma	0.9956721	Sarcoma	0.9932754	Sarcoma	0.9946035	Sarcoma	0.9969149	Mesothelioma	0.56350774	Sarcoma	0.99516517	Sarcoma	0.99542505	Sarcoma	0.99522096	Sarcoma	0.9959981	Sarcoma	0.99986637	Sarcoma	0.38085002	Sarcoma	0.99156266	Sarcoma	0.99757355	Sarcoma	0.9839842	Sarcoma	0.99030113	Sarcoma	0.9907763	Sarcoma	0.9886993
MO_1138-poly-SI_6274-D1RTCACXX	MO_1138	Ovary	bone_marrow	0.00035529521585066725	Ovary	0.9971209	Ovary	0.99997085	Ovary	0.9999999	Ovary	0.9997659	Ovary	0.9999986	Ovary	0.9999435	Ovary	0.9999776	Ovary	0.9999554	Ovary	0.99995506	Ovary	0.9999606	Ovary	0.9999482	Ovary	0.9999308	Ovary	0.99993986	Ovary	0.9999608	Ovary	0.9999737	Ovary	1.0	Ovary	0.9993843	Ovary	0.9999694	Ovary	0.9999574	Ovary	0.9999935	Ovary	0.9999469	Ovary	0.9996646	Ovary	0.9998461
MO_1140-poly-SI_6275-D1RTCACXX	MO_1140	Stomach	soft_tissue	0.0	Melanoma	0.99668765	Melanoma	0.99999726	Melanoma	0.9999887	Melanoma	0.9999713	Melanoma	1.0	Melanoma	0.9999939	Melanoma	0.99999744	Melanoma	0.9999953	Melanoma	0.99999774	Melanoma	0.9999968	Melanoma	0.99999744	Melanoma	0.99999285	Melanoma	0.9999943	Melanoma	0.9999956	Melanoma	0.9999967	Melanoma	1.0	Melanoma	0.9995702	Melanoma	0.9999911	Melanoma	0.99999905	Melanoma	0.9999994	Melanoma	0.99999774	Melanoma	0.9999968	Melanoma	0.9999862
MO_1141-poly-SI_6276-D1RTCACXX	MO_1141	HeadNeck	lung	0.01588840168948211	Lung	0.9470981	Lung	0.9738742	Lung	0.99891853	Lung	0.89881074	Lung	0.99350804	Lung	0.96540177	Lung	0.96050406	Lung	0.9725108	Lung	0.96463263	Lung	0.9632811	Lung	0.9969192	Lung	0.95619524	Lung	0.9618016	Lung	0.95697373	Lung	0.97257537	Lung	0.9997259	Lung	0.96918803	Lung	0.95781195	Lung	0.92860836	Lung	0.93830913	Lung	0.9750223	Lung	0.89193726	Lung	0.9261865
MO_1146-poly-SI_6458-C1M58ACXX	MO_1146	Melanoma	skin	0.0	Melanoma	0.9947663	Melanoma	0.99998444	Melanoma	0.99995875	Melanoma	0.9998373	Melanoma	0.99999994	Melanoma	0.9999614	Melanoma	0.9999835	Melanoma	0.9999802	Melanoma	0.99997604	Melanoma	0.9999942	Melanoma	0.99998605	Melanoma	0.9999466	Melanoma	0.99991506	Melanoma	0.9999692	Melanoma	0.99998975	Melanoma	1.0	Melanoma	0.99830514	Melanoma	0.99997014	Melanoma	0.9999904	Melanoma	0.999983	Melanoma	0.9999575	Melanoma	0.9999618	Melanoma	0.9999465
MO_1147-poly-SI_6331-C1MY8ACXX	MO_1147	Biliary	liver	0.012874129339694472	Biliary	0.9950999	Biliary	0.9988904	Biliary	0.99702877	Biliary	0.99553037	Biliary	0.9988187	Biliary	0.9982443	Biliary	0.99865097	Biliary	0.99863863	Biliary	0.99770504	Biliary	0.9989067	Biliary	0.9986413	Biliary	0.99771565	Biliary	0.9984375	Biliary	0.99810123	Biliary	0.99849683	Biliary	0.99997437	Biliary	0.9923464	Biliary	0.9961122	Biliary	0.9976318	Biliary	0.99964386	Biliary	0.9989599	Biliary	0.9873757	Biliary	0.9919272
MO_1148-poly-SI_6328-C1MY8ACXX	MO_1148	Sarcoma	soft_tissue	0.0	Sarcoma	0.99972093	Sarcoma	0.9999996	Sarcoma	1.0	Sarcoma	0.99999255	Sarcoma	1.0	Sarcoma	0.9999996	Sarcoma	0.99999964	Sarcoma	0.9999994	Sarcoma	0.99999917	Sarcoma	0.99999964	Sarcoma	0.99999875	Sarcoma	0.9999989	Sarcoma	0.99999934	Sarcoma	0.9999991	Sarcoma	0.9999994	Sarcoma	1.0	Sarcoma	0.99994075	Sarcoma	0.9999982	Sarcoma	0.99999946	Sarcoma	0.9999948	Sarcoma	0.99999976	Sarcoma	0.99999803	Sarcoma	0.999997
MO_1149-capt-SI_6357-C1MY8ACXX	MO_1149	Sarcoma	lung	0.057887684807785486	Sarcoma	0.35335147	Sarcoma	0.41766495	Sarcoma	0.96375453	Sarcoma	0.45555532	Sarcoma	0.6204951	Sarcoma	0.6143241	Kidney	0.39308795	Kidney	0.442945	Kidney	0.37824148	Sarcoma	0.38152218	Kidney	0.44137558	Sarcoma	0.5968207	Sarcoma	0.47258458	Sarcoma	0.45277405	Sarcoma	0.5208266	Sarcoma	0.9185144	Sarcoma	0.64716506	Sarcoma	0.4948733	Sarcoma	0.38356727	Sarcoma	0.4152734	Sarcoma	0.886647	Sarcoma	0.712985	Sarcoma	0.633296
MO_1152-poly-SI_6453-C1M58ACXX	MO_1152	Biliary	liver	0.33588780015026004	Liver	0.8566266	Biliary	0.59721476	Liver	0.9527625	Biliary	0.5346672	Biliary	0.49399176	Biliary	0.6569277	Biliary	0.62206024	Biliary	0.49710754	Biliary	0.5893711	Liver	0.9154952	Biliary	0.4673037	Biliary	0.63932896	Liver	0.4675165	Biliary	0.5269603	Biliary	0.70252746	Biliary	0.84909505	Liver	0.9495971	Biliary	0.56635123	Biliary	0.6650803	Biliary	0.6636774	Biliary	0.65726805	Biliary	0.56931907	Liver	0.5331989
MO_1153-poly-SI_6454-C1M58ACXX	MO_1153	Bladder	liver	0.04042836753809733	Bladder	0.9620434	Bladder	0.99989027	Bladder	0.9869572	Bladder	0.99941933	Bladder	0.9999917	Bladder	0.9999141	Bladder	0.9998621	Bladder	0.99985254	Bladder	0.9999663	Bladder	0.99773824	Bladder	0.99988467	Bladder	0.99989617	Bladder	0.9999243	Bladder	0.99989706	Bladder	0.99990994	Bladder	1.0	Bladder	0.9778198	Bladder	0.999751	Bladder	0.99994254	Bladder	0.9998078	Bladder	0.9999742	Bladder	0.99985415	Bladder	0.9998326
MO_1157-poly-SI_6456-C1M58ACXX	MO_1157	Sarcoma	soft_tissue	0.0	Sarcoma	0.99982876	Sarcoma	0.99999994	Sarcoma	1.0	Sarcoma	0.9999991	Sarcoma	1.0	Sarcoma	0.99999994	Sarcoma	0.99999994	Sarcoma	0.9999998	Sarcoma	0.99999994	Sarcoma	0.99999994	Sarcoma	0.9999999	Sarcoma	0.99999994	Sarcoma	0.9999999	Sarcoma	0.9999999	Sarcoma	0.99999994	Sarcoma	1.0	Sarcoma	0.999991	Sarcoma	0.99999964	Sarcoma	0.99999994	Sarcoma	0.99999994	Sarcoma	0.9999999	Sarcoma	0.9999995	Sarcoma	0.9999992
MO_1158-poly-SI_6553-D1RV8ACXX	MO_1158	Ovary	soft_tissue	0.0	Ovary	0.99375856	Ovary	0.99995345	Ovary	0.9999991	Ovary	0.9994345	Ovary	0.9999955	Ovary	0.99986935	Ovary	0.9999621	Ovary	0.99993795	Ovary	0.9999332	Ovary	0.99993885	Ovary	0.9999189	Ovary	0.99986583	Ovary	0.9999415	Ovary	0.99991006	Ovary	0.9999597	Ovary	0.9999999	Ovary	0.99902225	Ovary	0.9999524	Ovary	0.9999623	Ovary	0.9999667	Ovary	0.9999837	Ovary	0.9997768	Ovary	0.99975115
MO_1159-poly-SI_6459-C1N0NACXX	MO_1159	Breast	liver	0.0	Breast	0.93741316	Breast	0.99901783	Breast	0.99997556	Breast	0.9967557	Breast	0.9999934	Breast	0.99789727	Breast	0.9987085	Breast	0.9989182	Breast	0.99934673	Breast	0.9974259	Breast	0.9981864	Breast	0.99836534	Breast	0.9981639	Breast	0.99808145	Breast	0.99871427	Breast	1.0	Breast	0.9586328	Breast	0.997271	Breast	0.99940765	Breast	0.99374366	Breast	0.9991561	Breast	0.9917738	Breast	0.9973408
MO_1161-poly-SI_6554-D1RV8ACXX	MO_1161	Prostate	liver	0.050811641812427796	Prostate	0.81549835	Prostate	0.99966997	Liver	0.6945004	Prostate	0.99821776	Prostate	0.9999959	Prostate	0.9994389	Prostate	0.99985576	Prostate	0.9998415	Prostate	0.99969286	Prostate	0.9523783	Prostate	0.99984807	Prostate	0.9996977	Prostate	0.9985691	Prostate	0.9992915	Prostate	0.9997334	Prostate	1.0	Prostate	0.74093974	Prostate	0.99824804	Prostate	0.99994224	Prostate	0.9979425	Prostate	0.9998429	Prostate	0.9986223	Prostate	0.9974759
MO_1162-capt-SI_6567-D1RV8ACXX	MO_1162	Prostate	soft_tissue	0.0	Prostate	0.96597505	Prostate	0.9999535	Prostate	1.0	Prostate	0.9996463	Prostate	0.99999964	Prostate	0.9999343	Prostate	0.9999869	Prostate	0.99997574	Prostate	0.9998985	Prostate	0.9998885	Prostate	0.99996537	Prostate	0.9999569	Prostate	0.9999164	Prostate	0.99992025	Prostate	0.99994475	Prostate	1.0	Prostate	0.9743576	Prostate	0.99977213	Prostate	0.9999924	Prostate	0.99985296	Prostate	0.9998724	Prostate	0.99960935	Prostate	0.9975334
MO_1163-poly-SI_6555-D1RV8ACXX	MO_1163	Lung	liver	0.05846443737579493	Biliary	0.7045586	Lung	0.56198776	Biliary	0.9853426	Lung	0.5925375	Lung	0.8813636	Lung	0.6094278	Lung	0.67847264	Lung	0.5927432	Lung	0.60055524	Biliary	0.4204086	Lung	0.42647818	Lung	0.6593521	Lung	0.59211755	Lung	0.6652351	Lung	0.6635606	Lung	0.9986554	Biliary	0.76101094	Lung	0.5797257	Lung	0.55874497	Lung	0.59141976	Lung	0.8067804	Lung	0.4353906	Lung	0.4727087
MO_1164-capt-SI_6569-D1RV8ACXX	MO_1164	Kidney	brain	0.04717913365435957	Kidney	0.97627664	Kidney	0.9998442	Kidney	0.9999882	Kidney	0.9986668	Kidney	0.99999684	Kidney	0.99980783	Kidney	0.99993986	Kidney	0.99993074	Kidney	0.9998592	Kidney	0.9995187	Kidney	0.9998584	Kidney	0.9998629	Kidney	0.9997604	Kidney	0.9998302	Kidney	0.9998296	Kidney	1.0	Kidney	0.99295527	Kidney	0.999832	Kidney	0.99996156	Kidney	0.9991825	Kidney	0.9999006	Kidney	0.9982672	Kidney	0.99891424
MO_1165-capt-SI_6570-D1RV8ACXX	MO_1165	Sarcoma	breast		Sarcoma	0.9979296	Sarcoma	0.9999897	Sarcoma	0.9999983	Sarcoma	0.99992	Sarcoma	0.9999999	Sarcoma	0.99999094	Sarcoma	0.9999844	Sarcoma	0.99998266	Sarcoma	0.99998623	Sarcoma	0.99999166	Sarcoma	0.9999887	Sarcoma	0.99998444	Sarcoma	0.99999017	Sarcoma	0.9999897	Sarcoma	0.99999064	Sarcoma	1.0	Sarcoma	0.9995866	Sarcoma	0.99992734	Sarcoma	0.9999877	Sarcoma	0.9999627	Sarcoma	0.99999255	Sarcoma	0.999945	Sarcoma	0.9999079
MO_1166-poly-SI_6556-D1RV8ACXX	MO_1166	Bladder	bone_marrow	0.012519050062298335	Bladder	0.99122727	Bladder	0.999956	Bladder	0.97230107	Bladder	0.9996084	Bladder	0.999997	Bladder	0.9999406	Bladder	0.99995375	Bladder	0.9999414	Bladder	0.9999727	Bladder	0.9999791	Bladder	0.999907	Bladder	0.9987774	Bladder	0.9999584	Bladder	0.9999666	Bladder	0.99997413	Bladder	1.0	Bladder	0.9863317	Bladder	0.99993825	Bladder	0.9999707	Bladder	0.99990106	Bladder	0.9999829	Bladder	0.99991184	Bladder	0.9998435
MO_1167-capt-SI_6652-H0V81ADXX	MO_1167	Breast	liver	0.005743018930622391	Breast	0.9046303	Breast	0.9999101	Breast	1.0	Breast	0.9982052	Breast	0.99999964	Breast	0.9997043	Breast	0.99991053	Breast	0.9999137	Breast	0.9999607	Breast	0.9994397	Breast	0.9998572	Breast	0.9998554	Breast	0.99982375	Breast	0.9998065	Breast	0.999892	Breast	1.0	Breast	0.9584951	Breast	0.9997349	Breast	0.999971	Breast	0.99970573	Breast	0.9999836	Breast	0.9993178	Breast	0.9995857
MO_1168-capt-SI_6557-D1RV8ACXX	MO_1168	Sarcoma	liver	0.005581246634630115	Sarcoma	0.97278	Sarcoma	0.99832493	Sarcoma	0.99997425	Sarcoma	0.9932925	Sarcoma	0.9999705	Sarcoma	0.9980421	Sarcoma	0.99948865	Sarcoma	0.99704033	Sarcoma	0.99649453	Sarcoma	0.99762833	Sarcoma	0.9982909	Sarcoma	0.996518	Sarcoma	0.99781984	Sarcoma	0.99749106	Sarcoma	0.99856114	Sarcoma	1.0	Sarcoma	0.9917083	Sarcoma	0.99738294	Sarcoma	0.9977451	Sarcoma	0.99898887	Sarcoma	0.9995791	Sarcoma	0.99203825	Sarcoma	0.99099195
MO_1170-capt-SI_6653-H0V81ADXX	MO_1170	Biliary	soft_tissue	0.0	Pancreas	0.6163015	Pancreas	0.8529586	Pancreas	0.51555824	Pancreas	0.84718746	Pancreas	0.97712487	Pancreas	0.9344867	Pancreas	0.86940926	Pancreas	0.8426381	Pancreas	0.8800643	Pancreas	0.8806891	Pancreas	0.8469571	Pancreas	0.8987071	Pancreas	0.9092789	Pancreas	0.8473855	Pancreas	0.86636466	Stomach	0.9994469	Pancreas	0.70169944	Pancreas	0.8769416	Pancreas	0.79463845	Pancreas	0.93443066	Pancreas	0.95402235	Pancreas	0.8210906	Pancreas	0.8767903
MO_1171-capt-SI_6642-D21U5ACXX	MO_1171	Testis	lymph_node	0.073082069140749	Adrenal	0.77539694	Brain	0.83552784	Adrenal	0.99993885	Brain	0.6536914	Brain	0.983742	Brain	0.7532347	Brain	0.8415579	Brain	0.846797	Brain	0.9140817	Brain	0.8187677	Brain	0.73233086	Brain	0.8091285	Brain	0.75954634	Brain	0.8706834	Brain	0.7908865	Brain	0.95869875	Adrenal	0.4968785	Brain	0.91309327	Brain	0.9053369	Brain	0.79944307	Adrenal	0.50990677	Brain	0.72198385	Brain	0.66486204
MO_1172-poly-SI_6627-D21U5ACXX	MO_1172	Pancreas	lung	0.15689585971452386	Lung	0.836304	Stomach	0.98289126	Lung	0.98844296	Stomach	0.9379345	Stomach	0.9962895	Stomach	0.97216743	Stomach	0.96701044	Stomach	0.98546934	Stomach	0.96708465	Stomach	0.9802756	Lung	0.7516084	Stomach	0.9686909	Stomach	0.94001406	Stomach	0.9751278	Stomach	0.9820009	Stomach	0.8363656	Lung	0.91884583	Stomach	0.9715231	Stomach	0.9890673	Stomach	0.98770857	Stomach	0.97151095	Stomach	0.96508265	Stomach	0.96909624
MO_1176-poly-SI_6848-H77NYADXX	MO_1176	Prostate	lymph_node	0.0	Prostate	0.99280465	Prostate	0.99999017	Prostate	1.0	Prostate	0.99992585	Prostate	0.99999994	Prostate	0.9999853	Prostate	0.9999975	Prostate	0.9999939	Prostate	0.99998844	Prostate	0.99998075	Prostate	0.9999906	Prostate	0.9999885	Prostate	0.9999776	Prostate	0.99998134	Prostate	0.999993	Prostate	1.0	Prostate	0.9979033	Prostate	0.9999439	Prostate	0.99999803	Prostate	0.9998507	Prostate	0.99998605	Prostate	0.99989504	Prostate	0.9993988
MO_1177-capt-SI_6699-H0UUFADXX	MO_1177	Lung	soft_tissue	0.0	Mesothelioma	0.9922464	Mesothelioma	0.9999972	Mesothelioma	0.9986551	Mesothelioma	0.99995196	Mesothelioma	1.0	Mesothelioma	0.9999947	Mesothelioma	0.9999939	Mesothelioma	0.9999955	Mesothelioma	0.99999636	Mesothelioma	0.99999386	Mesothelioma	0.99999195	Mesothelioma	0.99999464	Mesothelioma	0.9999902	Mesothelioma	0.99999416	Mesothelioma	0.9999972	Mesothelioma	1.0	Mesothelioma	0.9991172	Mesothelioma	0.9999848	Mesothelioma	0.99999744	Mesothelioma	0.99999315	Mesothelioma	0.9999937	Mesothelioma	0.99993044	Mesothelioma	0.9999234
MO_1178-poly-SI_6689-H0UUFADXX	MO_1178	Breast	lymph_node	0.0	Breast	0.9901913	Breast	0.99976	Breast	1.0	Breast	0.9996092	Breast	0.999998	Breast	0.99968314	Breast	0.99980354	Breast	0.99970585	Breast	0.9997335	Breast	0.99959993	Breast	0.99959517	Breast	0.99974823	Breast	0.99974656	Breast	0.9995331	Breast	0.99972695	Breast	1.0	Breast	0.9900304	Breast	0.99904	Breast	0.99990773	Breast	0.9988986	Breast	0.9998455	Breast	0.9982178	Breast	0.99847865
MO_1179-poly-SI_6690-H15U7ADXX	MO_1179	Prostate	bone_marrow	0.08299520929063027	Prostate	0.7713891	Prostate	0.98768663	Sarcoma	0.39602363	Prostate	0.9668338	Prostate	0.99923354	Prostate	0.97436935	Prostate	0.99565274	Prostate	0.98892105	Prostate	0.98745483	Prostate	0.9789056	Prostate	0.9858805	Prostate	0.97963804	Prostate	0.9734435	Prostate	0.98198956	Prostate	0.9822592	Prostate	0.9989675	Prostate	0.533727	Prostate	0.97113603	Prostate	0.9948283	Prostate	0.8352743	Prostate	0.9628699	Prostate	0.9009692	Prostate	0.7578142
MO_1180-poly-SI_6691-H15U7ADXX	MO_1180	Sarcoma	soft_tissue	0.33548503867786134	Sarcoma	0.96412444	Sarcoma	0.92228067	Sarcoma	0.9999975	Sarcoma	0.8845558	Sarcoma	0.9396994	Sarcoma	0.97570765	Sarcoma	0.9521715	Sarcoma	0.8987481	Sarcoma	0.81426954	Sarcoma	0.9233823	Sarcoma	0.91322803	Sarcoma	0.97784346	Sarcoma	0.9172274	Sarcoma	0.9098324	Sarcoma	0.93957394	Sarcoma	0.99936336	Sarcoma	0.99366117	Sarcoma	0.87554604	Sarcoma	0.94514287	Sarcoma	0.7742947	Sarcoma	0.99939406	Sarcoma	0.9529582	Sarcoma	0.9091475
MO_1181-poly-SI_6692-H77P1ADXX	MO_1181	Sarcoma	soft_tissue	0.0	Sarcoma	0.99644786	Sarcoma	0.999862	Sarcoma	0.9999523	Sarcoma	0.999355	Sarcoma	0.99999386	Sarcoma	0.99983555	Sarcoma	0.99984723	Sarcoma	0.9997922	Sarcoma	0.9997914	Sarcoma	0.9998433	Sarcoma	0.9998838	Sarcoma	0.9998741	Sarcoma	0.9997841	Sarcoma	0.9997691	Sarcoma	0.999824	Sarcoma	1.0	Sarcoma	0.9987779	Sarcoma	0.99964124	Sarcoma	0.9998304	Sarcoma	0.9997352	Sarcoma	0.9999169	Sarcoma	0.9994716	Sarcoma	0.99962544
MO_1182-poly-SI_6693-H77P2ADXX	MO_1182	Sarcoma	soft_tissue	0.02302616575433332	Sarcoma	0.99981916	Sarcoma	0.99999976	Sarcoma	1.0	Sarcoma	0.9999969	Sarcoma	1.0	Sarcoma	0.9999997	Sarcoma	0.9999999	Sarcoma	0.9999994	Sarcoma	0.9999995	Sarcoma	0.99999976	Sarcoma	0.99999964	Sarcoma	0.99999964	Sarcoma	0.9999997	Sarcoma	0.9999994	Sarcoma	0.99999976	Sarcoma	1.0	Sarcoma	0.9999837	Sarcoma	0.99999917	Sarcoma	0.99999976	Sarcoma	0.99999976	Sarcoma	0.99999994	Sarcoma	0.99999905	Sarcoma	0.9999982
MO_1183-poly-SI_6694-H77P1ADXX	MO_1183	Melanoma	skin	0.0	Sarcoma	0.6512639	Melanoma	0.5702512	Sarcoma	0.6503268	Melanoma	0.48983982	Melanoma	0.9011172	Melanoma	0.49196213	Melanoma	0.656382	Melanoma	0.5920307	Melanoma	0.57542187	Sarcoma	0.5144815	Melanoma	0.5495383	Melanoma	0.49541116	Sarcoma	0.5938012	Melanoma	0.49633414	Sarcoma	0.5181915	Sarcoma	0.9116782	Sarcoma	0.7414276	Sarcoma	0.5357503	Melanoma	0.85227805	Sarcoma	0.4897703	Melanoma	0.7389862	Sarcoma	0.4948718	Sarcoma	0.6962332
MO_1184-poly-SI_6695-H77P2ADXX	MO_1184	Prostate	liver	0.027833895280842968	Prostate	0.86240375	Prostate	0.9963749	Prostate	0.9999796	Prostate	0.98959327	Prostate	0.999804	Prostate	0.995757	Prostate	0.99858683	Prostate	0.9973698	Prostate	0.9940418	Prostate	0.9911269	Prostate	0.996425	Prostate	0.997206	Prostate	0.9962275	Prostate	0.996026	Prostate	0.997569	Prostate	0.9999991	Prostate	0.8790989	Prostate	0.9866314	Prostate	0.999021	Prostate	0.91887784	Prostate	0.99789065	Prostate	0.97657406	Prostate	0.92433655
MO_1185-poly-SI_6764-H77P6ADXX	MO_1185	Breast	soft_tissue	0.0	Breast	0.94977266	Breast	0.9987388	Breast	1.0	Breast	0.9936912	Breast	0.99998486	Breast	0.9943553	Breast	0.9986107	Breast	0.99882585	Breast	0.9991629	Breast	0.99853265	Breast	0.9979654	Breast	0.99781746	Breast	0.99605167	Breast	0.99866855	Breast	0.9982522	Breast	1.0	Breast	0.9841026	Breast	0.9981218	Breast	0.9992675	Breast	0.9981113	Breast	0.99944496	Breast	0.9913436	Breast	0.9961396
MO_1187-poly-SI_6767-H77P7ADXX	MO_1187	HeadNeck	liver	0.00040320067081328306	Esophagus	0.58878744	Esophagus	0.9599599	Esophagus	0.91732955	Esophagus	0.88006747	Esophagus	0.80636525	Esophagus	0.95585746	Esophagus	0.9497097	Esophagus	0.97542083	Esophagus	0.94197404	Esophagus	0.9701571	Esophagus	0.91893524	Esophagus	0.9572205	Esophagus	0.93526334	Esophagus	0.9303634	Esophagus	0.9563481	Esophagus	0.9943428	Esophagus	0.7674979	Esophagus	0.8606445	Esophagus	0.9606478	Esophagus	0.9408499	Esophagus	0.9185923	Esophagus	0.94313204	Esophagus	0.92258793
MO_1188-poly-SI_6768-H77PAADXX	MO_1188	Breast	lymph_node	0.10923717667234807	Breast	0.9471046	Breast	0.9955748	Breast	1.0	Breast	0.987371	Breast	0.99997276	Breast	0.992358	Breast	0.99362487	Breast	0.996082	Breast	0.99551064	Breast	0.9976797	Breast	0.99377203	Breast	0.9969621	Breast	0.9958743	Breast	0.99462295	Breast	0.99333704	Breast	1.0	Breast	0.97735435	Breast	0.99133223	Breast	0.9983209	Breast	0.9775148	Breast	0.9974493	Breast	0.9935835	Breast	0.9970713
MO_1189-poly-SI_6849-H77PAADXX	MO_1189	Lung	lymph_node	0.0	Lung	0.9912132	Lung	0.9992902	Lung	0.9999861	Lung	0.9947889	Lung	0.99996084	Lung	0.9986555	Lung	0.9993788	Lung	0.998923	Lung	0.998654	Lung	0.9988101	Lung	0.9995448	Lung	0.99845994	Lung	0.999336	Lung	0.9988194	Lung	0.99941075	Lung	0.99999887	Lung	0.9992091	Lung	0.9991015	Lung	0.99967057	Lung	0.9985839	Lung	0.999298	Lung	0.99913216	Lung	0.9991166
MO_1190-poly-SI_6769-H77PEADXX	MO_1190	Breast	bladder		Breast	0.9839906	Breast	0.99993145	Breast	1.0	Breast	0.999506	Breast	0.99999976	Breast	0.99976134	Breast	0.99992675	Breast	0.9999163	Breast	0.9999538	Breast	0.99991196	Breast	0.9997626	Breast	0.99990565	Breast	0.99989116	Breast	0.9999017	Breast	0.9998873	Breast	1.0	Breast	0.9962129	Breast	0.9998821	Breast	0.99997455	Breast	0.99968415	Breast	0.99998444	Breast	0.99927515	Breast	0.9997795
MO_1192-poly-SI_6851-H77PFADXX	MO_1192	Prostate	lymph_node	0.018946523869872337	Prostate	0.9966801	Prostate	0.9999978	Prostate	1.0	Prostate	0.9999766	Prostate	1.0	Prostate	0.9999965	Prostate	0.9999996	Prostate	0.9999985	Prostate	0.99999595	Prostate	0.99999315	Prostate	0.999998	Prostate	0.9999979	Prostate	0.9999959	Prostate	0.9999965	Prostate	0.9999988	Prostate	1.0	Prostate	0.9986042	Prostate	0.9999872	Prostate	0.99999964	Prostate	0.99985284	Prostate	0.99999785	Prostate	0.9999321	Prostate	0.99946713
MO_1193-poly-SI_6852-H77PPADXX	MO_1193	Ovary	lung	0.06349541799373773	Ovary	0.9966019	Ovary	0.99997723	Ovary	1.0	Ovary	0.9997871	Ovary	0.99999917	Ovary	0.9999651	Ovary	0.99997795	Ovary	0.9999758	Ovary	0.999983	Ovary	0.99996746	Ovary	0.9999571	Ovary	0.9999569	Ovary	0.9999648	Ovary	0.9999644	Ovary	0.99998766	Ovary	1.0	Ovary	0.9984737	Ovary	0.9998791	Ovary	0.9999788	Ovary	0.9999841	Ovary	0.99994445	Ovary	0.9998546	Ovary	0.9998386
MO_1194-poly-SI_6853-H77PPADXX	MO_1194	Lung	soft_tissue	0.0	Lung	0.99954516	Lung	0.9999997	Lung	1.0	Lung	0.9999829	Lung	1.0	Lung	0.9999994	Lung	0.9999998	Lung	0.9999993	Lung	0.9999997	Lung	0.9999996	Lung	0.9999996	Lung	0.9999991	Lung	0.9999994	Lung	0.99999946	Lung	0.9999997	Lung	1.0	Lung	0.999991	Lung	0.99999905	Lung	0.9999999	Lung	0.99999964	Lung	0.9999999	Lung	0.99999905	Lung	0.9999984
MO_1195-poly-SI_6854-H77PRADXX	MO_1195	Breast	lymph_node	0.006741448146310935	Breast	0.9917947	Breast	0.9999958	Breast	1.0	Breast	0.9999405	Breast	1.0	Breast	0.9999882	Breast	0.9999943	Breast	0.9999947	Breast	0.9999917	Breast	0.99999475	Breast	0.9999857	Breast	0.9999932	Breast	0.9999933	Breast	0.99999475	Breast	0.99999464	Breast	1.0	Breast	0.99960136	Breast	0.9999863	Breast	0.99999875	Breast	0.99997354	Breast	0.9999964	Breast	0.9999673	Breast	0.9999891
MO_1196-poly-SI_6880-H77PPADXX	MO_1196	Stomach	liver	0.0	Esophagus	0.31513032	Stomach	0.42440698	Sarcoma	0.7518682	Esophagus	0.30051336	Stomach	0.54403394	Stomach	0.5139635	Stomach	0.4031897	Stomach	0.48782915	Stomach	0.48850727	Stomach	0.38478544	Stomach	0.41482812	Stomach	0.36606824	Sarcoma	0.26527318	Stomach	0.33743212	Esophagus	0.39051732	Stomach	0.964947	Esophagus	0.3762012	Esophagus	0.4686761	Stomach	0.44302404	Esophagus	0.54937726	Esophagus	0.21844096	Stomach	0.3495359	Esophagus	0.49482575
MO_1197-poly-SI_6881-H77T7ADXX	MO_1197	HeadNeck	lymph_node	0.0	Esophagus	0.74922097	Esophagus	0.97803956	Esophagus	0.548707	Esophagus	0.9046557	Esophagus	0.9908636	Esophagus	0.94910526	Esophagus	0.9681864	Esophagus	0.9778154	Esophagus	0.97207946	Esophagus	0.97492975	Esophagus	0.93540084	Esophagus	0.94605166	Esophagus	0.9606202	Esophagus	0.957836	Esophagus	0.9767175	Esophagus	0.99999607	Esophagus	0.71478784	Esophagus	0.95579207	Esophagus	0.9670368	Esophagus	0.9255957	Esophagus	0.9555587	Esophagus	0.9494997	Esophagus	0.92289054
MO_1198-poly-SI_6882-H77T9ADXX	MO_1198	Bladder	liver	0.2114379167156293	Liver	0.93102145	Bladder	0.80245525	Liver	0.9998692	Bladder	0.69695795	Bladder	0.6682606	Bladder	0.8160781	Bladder	0.8030942	Bladder	0.79344225	Bladder	0.88130647	Liver	0.9962391	Bladder	0.8752327	Bladder	0.82637227	Bladder	0.75823027	Bladder	0.80585533	Bladder	0.7420385	Bladder	0.97012496	Liver	0.99097973	Bladder	0.65466166	Bladder	0.7802151	Bladder	0.52806306	Bladder	0.8308408	Bladder	0.5797725	Bladder	0.7373466
MO_1200-poly-SI_6932-C2560ACXX	MO_1200	Prostate	lymph_node	0.12917714174069558	Stomach	0.6024505	Stomach	0.82623005	Stomach	0.99799705	Stomach	0.6365019	Stomach	0.93385357	Stomach	0.78387266	Stomach	0.8730058	Stomach	0.8000043	Stomach	0.7794848	Stomach	0.78027534	Stomach	0.8199111	Stomach	0.7768532	Stomach	0.7180221	Stomach	0.75400877	Stomach	0.76820385	Stomach	0.99091387	Stomach	0.8094037	Stomach	0.9222297	Stomach	0.9206985	Stomach	0.8440236	Stomach	0.9116947	Stomach	0.9405217	Stomach	0.9000131
MO_1201-capt-SI_6937-D27KTACXX	MO_1201	Prostate	bone_marrow	0.003997218454820253	Prostate	0.97375476	Prostate	0.99993676	Prostate	0.99999946	Prostate	0.9994034	Prostate	0.9999995	Prostate	0.99988383	Prostate	0.99998075	Prostate	0.9999594	Prostate	0.9998478	Prostate	0.99984264	Prostate	0.9999508	Prostate	0.9999022	Prostate	0.99987215	Prostate	0.9998921	Prostate	0.99995446	Prostate	1.0	Prostate	0.9856829	Prostate	0.9998021	Prostate	0.99999106	Prostate	0.9995327	Prostate	0.9998157	Prostate	0.999288	Prostate	0.99736863
MO_1202-poly-SI_7585-D2GFBACXX	MO_1202	Prostate	liver	0.01641539540386401	Prostate	0.9542322	Prostate	0.9998883	Prostate	0.99999976	Prostate	0.9993483	Prostate	0.99999726	Prostate	0.9998405	Prostate	0.9999676	Prostate	0.9999059	Prostate	0.99987805	Prostate	0.99829865	Prostate	0.9999069	Prostate	0.99986756	Prostate	0.9997476	Prostate	0.9998304	Prostate	0.99992305	Prostate	0.9999999	Prostate	0.9749049	Prostate	0.9992314	Prostate	0.99997354	Prostate	0.9991118	Prostate	0.99989736	Prostate	0.99888027	Prostate	0.9939778
MO_1203-poly-SI_6933-D27KTACXX	MO_1203	Biliary	skin	0.0	Biliary	0.920633	Biliary	0.9953728	Biliary	0.9747772	Biliary	0.9890357	Biliary	0.9986585	Biliary	0.99650973	Biliary	0.9942305	Biliary	0.99130195	Biliary	0.99544436	Biliary	0.9842671	Biliary	0.9911849	Biliary	0.9940585	Biliary	0.9953437	Biliary	0.99216247	Biliary	0.9958207	Biliary	0.99875724	Biliary	0.92965984	Biliary	0.99153817	Biliary	0.9872264	Biliary	0.9979994	Biliary	0.99416953	Biliary	0.98216856	Biliary	0.97865397
MO_1204-capt-SI_6939-D27KTACXX	MO_1204	Bladder	skin	0.0	Colorectal	0.8762648	Colorectal	0.96812385	Colorectal	0.9978971	Colorectal	0.953834	Colorectal	0.9883208	Colorectal	0.9870513	Colorectal	0.9741829	Colorectal	0.9731124	Colorectal	0.96758175	Colorectal	0.9840571	Colorectal	0.9627759	Colorectal	0.9835419	Colorectal	0.9868122	Colorectal	0.9773924	Colorectal	0.9811116	Colorectal	0.96811056	Colorectal	0.9587689	Colorectal	0.93464786	Colorectal	0.96700484	Colorectal	0.9961877	Colorectal	0.9891927	Colorectal	0.9802873	Colorectal	0.97228825
MO_1206-poly-SI_6951-C26D0ACXX	MO_1206	Lung	liver	0.0	Esophagus	0.77715456	Esophagus	0.79095304	Lung	0.5960605	Esophagus	0.6784964	Lung	0.55638933	Esophagus	0.6653043	Esophagus	0.79332006	Esophagus	0.8228985	Esophagus	0.74355906	Esophagus	0.8426251	Esophagus	0.7036454	Esophagus	0.6689958	Esophagus	0.7748404	Esophagus	0.84051913	Esophagus	0.74213225	Lung	0.87997526	Esophagus	0.7947721	Esophagus	0.6239976	Esophagus	0.83406574	Esophagus	0.7777112	Esophagus	0.53449875	Esophagus	0.76147	Esophagus	0.7600716
MO_1208-poly-SI_6952-C26D0ACXX	MO_1208	Sarcoma	bone_marrow	0.008344915633230103	Sarcoma	0.99826026	Sarcoma	0.99999315	Sarcoma	0.9999987	Sarcoma	0.9999434	Sarcoma	0.9999999	Sarcoma	0.99999696	Sarcoma	0.99999	Sarcoma	0.9999868	Sarcoma	0.9999881	Sarcoma	0.9999926	Sarcoma	0.9999928	Sarcoma	0.9999865	Sarcoma	0.99998844	Sarcoma	0.99998635	Sarcoma	0.9999918	Sarcoma	1.0	Sarcoma	0.9994332	Sarcoma	0.99996203	Sarcoma	0.9999959	Sarcoma	0.99998933	Sarcoma	0.9999936	Sarcoma	0.9999819	Sarcoma	0.99997836
MO_1209-poly-SI_6953-C26D0ACXX	MO_1209	Lung	lung	0.02025775886170021	Lung	0.88738734	Lung	0.8943192	Lung	0.99280286	Lung	0.78068537	Lung	0.9818415	Lung	0.90310717	Lung	0.9121073	Lung	0.86625403	Lung	0.91558665	Lung	0.8622436	Lung	0.9879579	Lung	0.8922272	Lung	0.91322416	Lung	0.8696145	Lung	0.9009051	Lung	0.88507307	Lung	0.9808983	Lung	0.76581293	Lung	0.898093	Lung	0.97229266	Lung	0.9577863	Lung	0.7809258	Lung	0.8571502
MO_1210-poly-SI_6976-C24VEACXX	MO_1210	Liver	soft_tissue	0.0	Liver	0.9999323	Liver	0.99998474	Liver	1.0	Liver	0.99972695	Liver	0.99999994	Liver	0.9999679	Liver	0.9999885	Liver	0.9999838	Liver	0.9999895	Liver	0.9999999	Liver	0.999969	Liver	0.9999734	Liver	0.9999737	Liver	0.9999836	Liver	0.9999674	Liver	1.0	Liver	0.9999985	Liver	0.9999653	Liver	0.99998295	Liver	0.99990726	Liver	0.99999344	Liver	0.9999778	Liver	0.9999743
MO_1211-poly-SI_6977-C24VEACXX	MO_1211	Sarcoma	liver	0.01844713101456375	Liver	0.46121836	Ovary	0.59088814	Liver	0.7830377	Ovary	0.5888047	Stomach	0.5369703	Ovary	0.59725684	Ovary	0.58499247	Ovary	0.66276157	Ovary	0.77258474	Liver	0.4604006	Ovary	0.51388794	Ovary	0.60138506	Ovary	0.80832267	Ovary	0.5047699	Ovary	0.6199167	Ovary	0.9971384	Liver	0.3674399	Ovary	0.63404983	Ovary	0.50528604	Ovary	0.71519417	Ovary	0.92699873	Ovary	0.53557414	Stomach	0.49965906
MO_1213-poly-SI_7008-C26CMACXX	MO_1213	Breast	liver	0.10603578034439179	Liver	0.44052958	Breast	0.98392606	Liver	0.9999238	Breast	0.9527099	Breast	0.9993036	Breast	0.98047465	Breast	0.9819326	Breast	0.978165	Breast	0.9918748	Liver	0.98977435	Breast	0.9801684	Breast	0.977833	Breast	0.95953363	Breast	0.9759377	Breast	0.987091	Breast	0.99957377	Liver	0.8348264	Breast	0.9367529	Breast	0.97191787	Breast	0.9255271	Breast	0.98350847	Breast	0.9609735	Breast	0.90933377
MO_1214-poly-SI_7009-C26CMACXX	MO_1214	Kidney	bone_marrow	0.9688607289435662	Kidney	0.99899626	Kidney	0.99999994	Kidney	1.0	Kidney	0.9999961	Kidney	1.0	Kidney	0.99999994	Kidney	1.0	Kidney	1.0	Kidney	1.0	Kidney	0.9999999	Kidney	0.99999994	Kidney	0.99999994	Kidney	0.9999999	Kidney	0.99999994	Kidney	0.99999994	Kidney	1.0	Kidney	0.9998948	Kidney	0.99999976	Kidney	1.0	Kidney	0.9999981	Kidney	0.99999994	Kidney	0.99999875	Kidney	0.9999987
MO_1215-poly-SI_7010-C26CMACXX	MO_1215	Prostate	soft_tissue	0.0	Lung	0.29492724	Esophagus	0.46920428	Lung	0.4699964	Uterus	0.279396	Esophagus	0.6801396	Esophagus	0.47810343	Esophagus	0.42364925	Esophagus	0.3973294	Esophagus	0.46024865	Esophagus	0.3958905	Lung	0.28855607	Esophagus	0.42625442	Uterus	0.31740433	Esophagus	0.40714896	Esophagus	0.5363083	Cervix	0.62405455	Lung	0.30565956	Esophagus	0.45776305	Esophagus	0.4428443	Esophagus	0.48871464	Uterus	0.30048943	Esophagus	0.46955585	Esophagus	0.64740026
MO_1219-poly-SI_7068-C267GACXX	MO_1219	Prostate	bone_marrow	0.7069534430299124	Prostate	0.8514105	Prostate	0.99675953	Myeloid	0.9189419	Prostate	0.9900067	Prostate	0.9999052	Prostate	0.9962054	Prostate	0.998653	Prostate	0.9979884	Prostate	0.99647737	Prostate	0.9940101	Prostate	0.9972917	Prostate	0.99706846	Prostate	0.9955589	Prostate	0.99476033	Prostate	0.9091266	Prostate	1.0	Myeloid	0.94252896	Prostate	0.98421717	Prostate	0.99920344	Prostate	0.9773841	Prostate	0.884799	Prostate	0.97061116	Prostate	0.92263865
MO_1220-poly-SI_7069-C267GACXX	MO_1220	Sarcoma	lymph_node	0.00515896223338931	Ovary	0.41417268	Ovary	0.93162674	Ovary	0.99382085	Ovary	0.838389	Ovary	0.9160291	Ovary	0.8757552	Ovary	0.9495126	Ovary	0.9491634	Ovary	0.9473733	Ovary	0.93998444	Ovary	0.8728814	Ovary	0.8860404	Ovary	0.9235344	Ovary	0.87545335	Ovary	0.9281948	Ovary	0.99974585	Ovary	0.67197573	Ovary	0.938336	Ovary	0.9056075	Ovary	0.96860623	Ovary	0.9679699	Ovary	0.85984206	Ovary	0.7774934
MO_1221-poly-SI_7070-C267GACXX	MO_1221	Prostate	bone_marrow	0.00402386626511043	Prostate	0.97581315	Prostate	0.99994904	Prostate	0.99999964	Prostate	0.9995172	Prostate	0.9999997	Prostate	0.999905	Prostate	0.9999838	Prostate	0.9999677	Prostate	0.9999209	Prostate	0.9998567	Prostate	0.9999521	Prostate	0.99994767	Prostate	0.9998973	Prostate	0.9999097	Prostate	0.9999592	Prostate	1.0	Prostate	0.989932	Prostate	0.9997509	Prostate	0.9999905	Prostate	0.9989624	Prostate	0.9999693	Prostate	0.99947846	Prostate	0.9981058
MO_1222-poly-SI_7109-C25YLACXX	MO_1222	Sarcoma	soft_tissue	0.05357803299623439	Sarcoma	0.97689545	Sarcoma	0.98815215	Sarcoma	0.999871	Sarcoma	0.9695246	Sarcoma	0.9951597	Sarcoma	0.9963264	Sarcoma	0.9896433	Sarcoma	0.98139995	Sarcoma	0.9827206	Sarcoma	0.98448	Sarcoma	0.97456497	Sarcoma	0.9905131	Sarcoma	0.9860342	Sarcoma	0.9881106	Sarcoma	0.9875288	Sarcoma	0.9999697	Sarcoma	0.9948927	Sarcoma	0.9756048	Sarcoma	0.98854256	Sarcoma	0.95004255	Sarcoma	0.9998431	Sarcoma	0.9824171	Sarcoma	0.9847351
MO_1223-poly-SI_7110-C25YLACXX	MO_1223	HeadNeck	lymph_node	0.0	Cervix	0.33680543	Esophagus	0.84367335	HeadNeck	0.3925539	Esophagus	0.7104952	Esophagus	0.9152349	Esophagus	0.8480846	Esophagus	0.86348414	Esophagus	0.87898725	Esophagus	0.7647713	Esophagus	0.87946856	Esophagus	0.82043546	Esophagus	0.8698919	Esophagus	0.8562002	Esophagus	0.8809837	Esophagus	0.84935254	Cervix	0.97758716	Esophagus	0.6446211	Esophagus	0.60106766	Esophagus	0.90205646	Esophagus	0.95943105	Esophagus	0.8638277	Esophagus	0.88686234	Esophagus	0.7118907
MO_1224-poly-SI_7111-C25YLACXX	MO_1224	Bladder	lymph_node	0.0	Bladder	0.99930567	Bladder	0.99999475	Bladder	1.0	Bladder	0.9999203	Bladder	0.9999999	Bladder	0.99999315	Bladder	0.9999916	Bladder	0.9999927	Bladder	0.999997	Bladder	0.9999963	Bladder	0.99998564	Bladder	0.999979	Bladder	0.9999968	Bladder	0.99999356	Bladder	0.9999966	Bladder	1.0	Bladder	0.99978346	Bladder	0.9999833	Bladder	0.99999726	Bladder	0.9999627	Bladder	0.99999744	Bladder	0.9999926	Bladder	0.99998164
MO_1226-poly-SI_7114-C25YLACXX	MO_1226	Sarcoma	soft_tissue	0.01787413999712958	Sarcoma	0.5040031	Ovary	0.23692648	Sarcoma	0.96508425	Ovary	0.19019048	Mesothelioma	0.22753224	Sarcoma	0.25818345	Ovary	0.35615495	Ovary	0.28479007	Ovary	0.25941446	Ovary	0.24247278	Sarcoma	0.1995405	Ovary	0.20166135	Esophagus	0.27961993	Brain	0.26208815	Ovary	0.30076385	Stomach	0.46186283	Sarcoma	0.52370065	Esophagus	0.2902864	Mesothelioma	0.2244787	Ovary	0.33697367	Sarcoma	0.31141713	Ovary	0.36477578	Sarcoma	0.3350779
MO_1227-poly-SI_7115-C25YLACXX	MO_1227	Breast	bone_marrow	0.0	Breast	0.99766135	Breast	0.99999833	Breast	1.0	Breast	0.9999777	Breast	1.0	Breast	0.9999968	Breast	0.9999978	Breast	0.9999982	Breast	0.9999989	Breast	0.99999785	Breast	0.9999951	Breast	0.99999744	Breast	0.99999714	Breast	0.9999965	Breast	0.9999975	Breast	1.0	Breast	0.99979365	Breast	0.9999965	Breast	0.99999946	Breast	0.9999937	Breast	0.99999917	Breast	0.99997914	Breast	0.99999416
MO_1229-capt-SI_7132-C25UAACXX	MO_1229	Sarcoma	soft_tissue	0.026765473733245643	Sarcoma	0.9894596	Sarcoma	0.99862903	Sarcoma	0.99994797	Sarcoma	0.99433917	Sarcoma	0.99982864	Sarcoma	0.99952483	Sarcoma	0.99735445	Sarcoma	0.9980154	Sarcoma	0.99758583	Sarcoma	0.9986375	Sarcoma	0.99880487	Sarcoma	0.99817896	Sarcoma	0.9981495	Sarcoma	0.9985116	Sarcoma	0.99876386	Sarcoma	0.9999702	Sarcoma	0.9949787	Sarcoma	0.99726015	Sarcoma	0.99736834	Sarcoma	0.99523264	Sarcoma	0.99913937	Sarcoma	0.9961591	Sarcoma	0.99681735
MO_1230-poly-SI_7117-C25UAACXX	MO_1230	Breast	liver	0.22423304047027842	Liver	0.9759104	Breast	0.99976087	Liver	0.9996942	Breast	0.984391	Breast	0.99999917	Breast	0.9980908	Breast	0.9996627	Breast	0.9997162	Breast	0.9998715	Liver	0.9985454	Breast	0.99957824	Breast	0.9990199	Breast	0.9969453	Breast	0.9994371	Breast	0.99975556	Breast	1.0	Liver	0.990304	Breast	0.9982128	Breast	0.9998819	Breast	0.9972726	Breast	0.9997923	Breast	0.9987095	Breast	0.9987172
MO_1231-poly-SI_7184-D27AFACXX	MO_1231	Stomach	soft_tissue	0.0	Stomach	0.95529455	Stomach	0.9972187	Stomach	0.9917305	Stomach	0.98591983	Stomach	0.9982821	Stomach	0.9975184	Stomach	0.99360436	Stomach	0.99704874	Stomach	0.9968898	Stomach	0.99723	Stomach	0.998926	Stomach	0.99640524	Stomach	0.99464476	Stomach	0.9969858	Stomach	0.9971629	Stomach	0.9999999	Stomach	0.9481563	Stomach	0.9963655	Stomach	0.9977866	Stomach	0.9861802	Stomach	0.9962415	Stomach	0.99471736	Stomach	0.99102366
MO_1232-poly-SI_7118-C25UAACXX	MO_1232	Prostate	soft_tissue	0.40226395879364774	Prostate	0.80423284	Prostate	0.89852923	Prostate	0.681592	Prostate	0.8951399	Prostate	0.9280754	Prostate	0.92857575	Prostate	0.94097114	Prostate	0.9184018	Prostate	0.7538531	Prostate	0.82171845	Prostate	0.90343004	Prostate	0.958084	Prostate	0.8659896	Prostate	0.93098223	Prostate	0.9453559	Breast	0.97052896	Prostate	0.72671694	Prostate	0.8189524	Prostate	0.9464674	Prostate	0.82595164	Prostate	0.9767075	Prostate	0.8096103	Prostate	0.5959175
MO_1236-poly-SI_7201-C245WACXX	MO_1236	Lung	lymph_node	1.0	Lung	0.95132226	Lung	0.9999872	Lung	0.9953713	Lung	0.99968255	Lung	0.99999976	Lung	0.9999769	Lung	0.99998844	Lung	0.99998486	Lung	0.99997705	Lung	0.9999774	Lung	0.9999664	Lung	0.999977	Lung	0.9999528	Lung	0.9999579	Lung	0.9997756	Lung	1.0	Lung	0.9838456	Lung	0.9998589	Lung	0.99999195	Lung	0.999916	Lung	0.99994093	Lung	0.9999391	Lung	0.99992776
MO_1237-poly-SI_7185-C245WACXX	MO_1237	Breast	liver	0.16233977348380252	Liver	0.61804414	Breast	0.99852264	Liver	0.9972559	Breast	0.9923058	Breast	0.9999931	Breast	0.9960317	Breast	0.9983423	Breast	0.9976524	Breast	0.9983838	Liver	0.9060082	Breast	0.99757963	Breast	0.99663836	Breast	0.9972533	Breast	0.9966865	Breast	0.99859524	Breast	0.99999934	Liver	0.82746285	Breast	0.9877971	Breast	0.99865	Breast	0.98218244	Breast	0.9986391	Breast	0.9921541	Breast	0.9888498
MO_1239-poly-SI_7202-C245WACXX	MO_1239	Breast	liver	0.0	Breast	0.98328185	Breast	0.9999976	Breast	1.0	Breast	0.9998621	Breast	1.0	Breast	0.99997216	Breast	0.9999977	Breast	0.99999714	Breast	0.9999975	Breast	0.999976	Breast	0.9999902	Breast	0.99999195	Breast	0.99997574	Breast	0.99999344	Breast	0.99999255	Breast	1.0	Breast	0.9972921	Breast	0.9999828	Breast	0.9999993	Breast	0.9998796	Breast	0.9999967	Breast	0.9999486	Breast	0.9999767
MO_1240-capt-SI_7210-C245WACXX	MO_1240	Prostate	bone_marrow	0.007379378075205518	Prostate	0.9963855	Prostate	0.9999936	Prostate	1.0	Prostate	0.99992156	Prostate	1.0	Prostate	0.9999902	Prostate	0.99999815	Prostate	0.99999577	Prostate	0.99999183	Prostate	0.99998397	Prostate	0.99999595	Prostate	0.9999966	Prostate	0.9999876	Prostate	0.9999895	Prostate	0.9999952	Prostate	1.0	Prostate	0.9988415	Prostate	0.9999782	Prostate	0.9999991	Prostate	0.9999004	Prostate	0.99999875	Prostate	0.9999466	Prostate	0.9998608
MO_1241-poly-SI_7203-C245WACXX	MO_1241	Prostate	liver	0.0428763809978939	Prostate	0.8215313	Prostate	0.9914349	Prostate	0.97963655	Prostate	0.98710835	Prostate	0.9989531	Prostate	0.9928273	Prostate	0.9975808	Prostate	0.993566	Prostate	0.98955286	Prostate	0.949476	Prostate	0.99188036	Prostate	0.99430066	Prostate	0.99149084	Prostate	0.9908108	Prostate	0.9941833	Prostate	1.0	Prostate	0.6993747	Prostate	0.9751374	Prostate	0.99696493	Prostate	0.9486237	Prostate	0.993896	Prostate	0.9685949	Prostate	0.82368326
MO_1244-poly-SI_7233-C25YAACXX	MO_1244	Prostate	liver	0.0018113677890342701	Prostate	0.909298	Prostate	0.99809337	Prostate	0.99990475	Prostate	0.99446726	Prostate	0.99994266	Prostate	0.99786294	Prostate	0.9994074	Prostate	0.99870765	Prostate	0.9956206	Prostate	0.99588907	Prostate	0.99872166	Prostate	0.99826276	Prostate	0.9967259	Prostate	0.9975782	Prostate	0.9985333	Prostate	1.0	Prostate	0.8352032	Prostate	0.9940633	Prostate	0.9995426	Prostate	0.9707959	Prostate	0.994701	Prostate	0.99226665	Prostate	0.96759665
MO_1245-poly-SI_7234-C25YAACXX	MO_1245	Sarcoma	lung	0.0	Sarcoma	0.96781886	Sarcoma	0.99997985	Sarcoma	0.99997544	Sarcoma	0.9999081	Sarcoma	0.9999995	Sarcoma	0.99997526	Sarcoma	0.999962	Sarcoma	0.99996805	Sarcoma	0.9999688	Sarcoma	0.99998444	Sarcoma	0.99997777	Sarcoma	0.99997	Sarcoma	0.9999779	Sarcoma	0.99997455	Sarcoma	0.99997723	Sarcoma	1.0	Sarcoma	0.9932492	Sarcoma	0.99980354	Sarcoma	0.9999765	Sarcoma	0.99954855	Sarcoma	0.99982464	Sarcoma	0.99988973	Sarcoma	0.99987316
MO_1247-poly-SI_7235-C25YAACXX	MO_1247	Breast	liver	0.05387731024015294	Breast	0.7200864	Breast	0.99999636	Breast	0.99921477	Breast	0.9998327	Breast	1.0	Breast	0.99997765	Breast	0.9999967	Breast	0.9999961	Breast	0.9999964	Breast	0.9905119	Breast	0.9999907	Breast	0.9999887	Breast	0.99998003	Breast	0.9999903	Breast	0.99999475	Breast	1.0	Breast	0.75745606	Breast	0.99997765	Breast	0.999999	Breast	0.9999553	Breast	0.99999243	Breast	0.9999319	Breast	0.999971
MO_1248-poly-SI_7236-D2GEDACXX	MO_1248	Ovary	soft_tissue	0.0	Ovary	0.997896	Ovary	0.99999565	Ovary	0.9999999	Ovary	0.9999093	Ovary	0.9999999	Ovary	0.9999887	Ovary	0.9999961	Ovary	0.99999446	Ovary	0.9999962	Ovary	0.9999938	Ovary	0.9999893	Ovary	0.99998724	Ovary	0.9999864	Ovary	0.9999886	Ovary	0.9999963	Ovary	1.0	Ovary	0.99971366	Ovary	0.999965	Ovary	0.9999973	Ovary	0.9999968	Ovary	0.9999969	Ovary	0.9999776	Ovary	0.9999568
MO_1249-poly-SI_7237-D2GEDACXX	MO_1249	Prostate	lymph_node	0.05075302922717107	Prostate	0.9474137	Prostate	0.9999399	Prostate	0.9999992	Prostate	0.9994513	Prostate	0.99999934	Prostate	0.99991184	Prostate	0.9999842	Prostate	0.9999714	Prostate	0.99986684	Prostate	0.9998542	Prostate	0.999942	Prostate	0.999943	Prostate	0.9999032	Prostate	0.9998845	Prostate	0.9999638	Prostate	1.0	Prostate	0.97194636	Prostate	0.99972165	Prostate	0.99999	Prostate	0.99955696	Prostate	0.9999122	Prostate	0.9992847	Prostate	0.9949216
MO_1250-poly-SI_7300-D2GK3ACXX	MO_1250	Lung	lymph_node	0.0	Lung	0.99970317	Lung	0.99999964	Lung	1.0	Lung	0.9999802	Lung	1.0	Lung	0.99999917	Lung	0.99999976	Lung	0.99999934	Lung	0.9999995	Lung	0.99999934	Lung	0.99999976	Lung	0.99999905	Lung	0.9999992	Lung	0.99999946	Lung	0.99999946	Lung	1.0	Lung	0.9999821	Lung	0.9999962	Lung	0.9999998	Lung	0.9999991	Lung	0.99999964	Lung	0.9999983	Lung	0.99999523
MO_1251-poly-SI_7541-C2G8GACXX	MO_1251	Sarcoma	lung	0.0	Kidney	0.9987382	Kidney	0.9999999	Kidney	1.0	Kidney	0.9999924	Kidney	1.0	Kidney	0.9999997	Kidney	0.99999994	Kidney	0.99999994	Kidney	0.9999999	Kidney	0.99999917	Kidney	0.9999999	Kidney	0.9999999	Kidney	0.99999976	Kidney	0.99999976	Kidney	0.9999999	Kidney	1.0	Kidney	0.99989134	Kidney	0.9999994	Kidney	0.99999994	Kidney	0.99999934	Kidney	0.9999999	Kidney	0.9999975	Kidney	0.99999624
MO_1252-poly-SI_7301-D2GK3ACXX	MO_1252	Sarcoma	soft_tissue	0.0	Sarcoma	0.99312186	Sarcoma	0.99939936	Sarcoma	0.9998115	Sarcoma	0.99707067	Sarcoma	0.99997514	Sarcoma	0.99962837	Sarcoma	0.9985415	Sarcoma	0.9989626	Sarcoma	0.9991721	Sarcoma	0.999523	Sarcoma	0.9994739	Sarcoma	0.9994975	Sarcoma	0.99953187	Sarcoma	0.9996131	Sarcoma	0.9996271	Sarcoma	1.0	Sarcoma	0.9961649	Sarcoma	0.9987595	Sarcoma	0.9992397	Sarcoma	0.99961734	Sarcoma	0.99996716	Sarcoma	0.99951947	Sarcoma	0.9991265
MO_1253-poly-SI_8609-C5A4VACXX	MO_1253	Lung	soft_tissue	0.0	Lung	0.9493811	Lung	0.9993811	Lung	0.9999848	Lung	0.9955204	Lung	0.9999804	Lung	0.99901956	Lung	0.9993885	Lung	0.9989895	Lung	0.9984759	Lung	0.99925065	Lung	0.9985033	Lung	0.99913675	Lung	0.99948657	Lung	0.9989554	Lung	0.9995004	Lung	1.0	Lung	0.9831504	Lung	0.99849784	Lung	0.9996959	Lung	0.99893326	Lung	0.99935395	Lung	0.9990003	Lung	0.9993156
MO_1256-poly-SI_7396-D2GA6ACXX	MO_1256	Adrenal	lymph_node	0.001284764807742781	Adrenal	0.9898393	Adrenal	0.99995506	Adrenal	0.9997267	Adrenal	0.99969894	Adrenal	0.99999964	Adrenal	0.9999386	Adrenal	0.9999332	Adrenal	0.99999815	Adrenal	0.9999589	Adrenal	0.9999216	Adrenal	0.9999409	Adrenal	0.9999533	Adrenal	0.9999359	Adrenal	0.99990505	Adrenal	0.99995786	Adrenal	1.0	Adrenal	0.9970473	Adrenal	0.9999184	Adrenal	0.99999076	Adrenal	0.99988765	Adrenal	0.99999624	Adrenal	0.99982417	Adrenal	0.99984276
MO_1260-poly-SI_7397-D2GA6ACXX	MO_1260	Prostate	lymph_node	0.0017210638305935548	Prostate	0.9872751	Prostate	0.99998134	Prostate	1.0	Prostate	0.9998595	Prostate	0.9999997	Prostate	0.9999705	Prostate	0.9999954	Prostate	0.999991	Prostate	0.9999707	Prostate	0.9999419	Prostate	0.9999856	Prostate	0.9999837	Prostate	0.99996775	Prostate	0.9999614	Prostate	0.9999906	Prostate	1.0	Prostate	0.99461913	Prostate	0.99991125	Prostate	0.99999714	Prostate	0.99990916	Prostate	0.99995214	Prostate	0.9996096	Prostate	0.9972431
MO_1262-poly-SI_7398-C2GDFACXX	MO_1262	Prostate	lymph_node	0.0	Prostate	0.99900365	Prostate	0.99999976	Prostate	1.0	Prostate	0.99999565	Prostate	1.0	Prostate	0.9999996	Prostate	0.99999994	Prostate	0.9999999	Prostate	0.99999964	Prostate	0.99999917	Prostate	0.9999998	Prostate	0.99999964	Prostate	0.99999946	Prostate	0.99999946	Prostate	0.9999998	Prostate	1.0	Prostate	0.99964005	Prostate	0.99999833	Prostate	1.0	Prostate	0.9999701	Prostate	0.9999997	Prostate	0.9999946	Prostate	0.9999437
MO_1263-capt-SI_7405-D2GA6ACXX	MO_1263	Prostate	lymph_node	0.1209970657037399	Breast	0.43255973	Prostate	0.5741422	Breast	0.99919814	Breast	0.46250796	Breast	0.57427794	Prostate	0.5213834	Prostate	0.74047905	Prostate	0.60911524	Breast	0.5662538	Breast	0.5163837	Prostate	0.58563805	Prostate	0.5582191	Breast	0.47379854	Prostate	0.5734416	Prostate	0.7059578	Breast	0.9724325	Breast	0.8328009	Breast	0.49688342	Prostate	0.7396392	Prostate	0.52346146	Breast	0.8444404	Breast	0.49380803	Breast	0.8643664
MO_1264-poly-SI_7447-C2G6HACXX	MO_1264	Liver	soft_tissue	0.002310422227296215	Liver	0.9992369	Liver	0.9992507	Liver	0.99999726	Liver	0.99643844	Liver	0.9999851	Liver	0.9984702	Liver	0.9990535	Liver	0.99824864	Liver	0.9991473	Liver	0.9999787	Liver	0.9988864	Liver	0.9992031	Liver	0.99943817	Liver	0.99932104	Liver	0.99834067	Liver	1.0	Liver	0.9999078	Liver	0.99965036	Liver	0.9993825	Liver	0.99725634	Liver	0.9994752	Liver	0.99862504	Liver	0.99833655
MO_1265-poly-SI_7542-C2G8GACXX	MO_1265	Colorectal	liver	0.0	Colorectal	0.9469332	Colorectal	0.9712319	Colorectal	0.9304358	Colorectal	0.977068	Colorectal	0.9908251	Colorectal	0.98590183	Colorectal	0.9853684	Colorectal	0.97667646	Colorectal	0.98121434	Colorectal	0.9810887	Colorectal	0.97296506	Colorectal	0.98959863	Colorectal	0.9789018	Colorectal	0.98577106	Colorectal	0.973066	Colorectal	0.9999997	Colorectal	0.9324619	Colorectal	0.97099185	Colorectal	0.95784944	Colorectal	0.99741894	Colorectal	0.9742895	Colorectal	0.9835725	Colorectal	0.95285505
MO_1266-poly-SI_7558-C2G8GACXX	MO_1266	Breast	lymph_node	0.02092341115185547	Breast	0.994211	Breast	0.99997807	Breast	1.0	Breast	0.9997981	Breast	1.0	Breast	0.9999623	Breast	0.9999732	Breast	0.99997437	Breast	0.99996114	Breast	0.99996454	Breast	0.99995285	Breast	0.9999628	Breast	0.9999682	Breast	0.99996424	Breast	0.99996954	Breast	1.0	Breast	0.9996462	Breast	0.99994195	Breast	0.9999953	Breast	0.9999781	Breast	0.99999654	Breast	0.9998538	Breast	0.99994695
MO_1267-poly-SI_7559-C2GBYACXX	MO_1267	Breast	skin	0.029444357692133844	Breast	0.99426967	Breast	0.9999686	Breast	1.0	Breast	0.9998017	Breast	0.99999994	Breast	0.9999573	Breast	0.9999592	Breast	0.99995565	Breast	0.99996924	Breast	0.9999542	Breast	0.99994427	Breast	0.99996144	Breast	0.99993867	Breast	0.9999383	Breast	0.99995613	Breast	1.0	Breast	0.9991157	Breast	0.9998925	Breast	0.9999829	Breast	0.99993664	Breast	0.99998385	Breast	0.9998927	Breast	0.9999171
MO_1269-poly-SI_7561-C2GBYACXX	MO_1269	Breast	bone_marrow	0.0	Breast	0.9983875	Breast	0.99999994	Breast	1.0	Breast	0.99999547	Breast	1.0	Breast	0.9999998	Breast	0.99999994	Breast	0.99999994	Breast	0.99999994	Breast	0.9999999	Breast	0.9999999	Breast	0.9999999	Breast	0.9999995	Breast	0.9999999	Breast	0.9999999	Breast	1.0	Breast	0.9999802	Breast	0.99999976	Breast	1.0	Breast	0.99999946	Breast	0.99999994	Breast	0.99999905	Breast	0.99999976
MO_1271-poly-SI_7586-D2GFBACXX	MO_1271	Breast	lymph_node	0.062470793540663136	Breast	0.90527207	Breast	0.99888176	Breast	1.0	Breast	0.9958551	Breast	0.9999943	Breast	0.9975482	Breast	0.998643	Breast	0.9986223	Breast	0.9988344	Breast	0.99890184	Breast	0.99834967	Breast	0.9987293	Breast	0.9983615	Breast	0.99838006	Breast	0.9984809	Breast	1.0	Breast	0.991065	Breast	0.99837947	Breast	0.99961185	Breast	0.9959753	Breast	0.99855334	Breast	0.99682117	Breast	0.9988501
MO_1272-capt-SI_7740-C32VAACXX	MO_1272	Kidney	lymph_node	0.0	Kidney	0.5909924	Kidney	0.9998855	Sarcoma	0.9897458	Kidney	0.9992755	Kidney	0.99999166	Kidney	0.9996207	Kidney	0.99993813	Kidney	0.9999311	Kidney	0.99989796	Kidney	0.99962074	Kidney	0.99985975	Kidney	0.9743392	Kidney	0.99975044	Kidney	0.9998928	Kidney	0.9997981	Kidney	0.99996066	Sarcoma	0.8003666	Kidney	0.9996613	Kidney	0.99982184	Kidney	0.99931365	Kidney	0.8464518	Kidney	0.99805355	Kidney	0.9987443
MO_1276-poly-SI_7589-C2G5LACXX	MO_1276	Breast	lung	0.03663824611296133	Breast	0.9733083	Breast	0.9998973	Breast	0.99999404	Breast	0.9995332	Breast	0.99999964	Breast	0.999852	Breast	0.9998854	Breast	0.9998726	Breast	0.9998754	Breast	0.99986	Breast	0.9992329	Breast	0.99986136	Breast	0.9998364	Breast	0.9997707	Breast	0.99987835	Breast	1.0	Breast	0.96551764	Breast	0.99969953	Breast	0.9999704	Breast	0.9998227	Breast	0.9999035	Breast	0.99927676	Breast	0.9995359
MO_1277-poly-SI_7590-C2G5LACXX	MO_1277	Prostate	bone_marrow	0.0	Prostate	0.981467	Prostate	0.9999852	Prostate	1.0	Prostate	0.9997969	Prostate	0.99999994	Prostate	0.9999738	Prostate	0.9999962	Prostate	0.9999893	Prostate	0.99997455	Prostate	0.9999467	Prostate	0.9999864	Prostate	0.9999804	Prostate	0.99996966	Prostate	0.9999703	Prostate	0.99998856	Prostate	0.99999994	Prostate	0.99597037	Prostate	0.99993265	Prostate	0.9999978	Prostate	0.9999458	Prostate	0.9999731	Prostate	0.99985373	Prostate	0.9988672
MO_1279-capt-SI_7633-C2G5LACXX	MO_1279	Colorectal	lymph_node	0.06793427664199746	Colorectal	0.9331046	Colorectal	0.97937137	Colorectal	0.9942205	Colorectal	0.9694672	Colorectal	0.9973043	Colorectal	0.9914156	Colorectal	0.978789	Colorectal	0.983184	Colorectal	0.9741857	Colorectal	0.9854152	Colorectal	0.9758073	Colorectal	0.98574024	Colorectal	0.99120367	Colorectal	0.98437995	Colorectal	0.9861706	Colorectal	0.98827547	Colorectal	0.94192994	Colorectal	0.95035785	Colorectal	0.9795279	Colorectal	0.99343467	Colorectal	0.9878866	Colorectal	0.97871315	Colorectal	0.96096474
MO_1283-poly-SI_7654-D2GGHACXX	MO_1283	Sarcoma	soft_tissue	0.0	Sarcoma	0.7219029	Sarcoma	0.92231846	Uterus	0.80340815	Sarcoma	0.7342379	Sarcoma	0.9811176	Sarcoma	0.8684552	Sarcoma	0.86865294	Sarcoma	0.8934734	Sarcoma	0.87960273	Sarcoma	0.918387	Sarcoma	0.93238974	Sarcoma	0.908989	Sarcoma	0.91456217	Sarcoma	0.8838562	Sarcoma	0.907701	Sarcoma	0.9324886	Sarcoma	0.71233517	Sarcoma	0.6586361	Sarcoma	0.76925766	Uterus	0.5389345	Sarcoma	0.85177654	Sarcoma	0.7506294	Sarcoma	0.79742575
MO_1286-poly-SI_7678-C33JEACXX	MO_1286	Lung	lymph_node	0.0	Lung	0.49680918	Lung	0.9138554	Lung	0.5430341	Lung	0.7658839	Lung	0.9552948	Lung	0.91136473	Lung	0.87651515	Lung	0.8913258	Lung	0.8770351	Lung	0.94298095	Lung	0.8661446	Lung	0.91808987	Lung	0.91012216	Lung	0.874376	Lung	0.86806476	Lung	0.9973256	Lung	0.60373527	Lung	0.97218984	Lung	0.8431117	Lung	0.8754303	Thymus	0.43256506	Lung	0.8084559	Lung	0.78548855
MO_1287-poly-SI_7679-C33JEACXX	MO_1287	Breast	lymph_node	0.0	Breast	0.9900116	Breast	0.999997	Breast	1.0	Breast	0.9999014	Breast	1.0	Breast	0.9999875	Breast	0.9999972	Breast	0.9999962	Breast	0.99999666	Breast	0.9999964	Breast	0.9999931	Breast	0.9999926	Breast	0.9999876	Breast	0.99999297	Breast	0.99999523	Breast	1.0	Breast	0.998824	Breast	0.9999757	Breast	0.9999993	Breast	0.9999631	Breast	0.9999961	Breast	0.99992925	Breast	0.9999467
MO_1288-poly-SI_7729-C32VAACXX	MO_1288	Breast	liver	0.32893045573714	Liver	0.9865059	Ovary	0.9931711	Liver	0.99998724	Ovary	0.983594	Ovary	0.9993435	Ovary	0.9940415	Ovary	0.9905704	Ovary	0.9940131	Ovary	0.99280554	Liver	0.9965285	Ovary	0.9938178	Ovary	0.9954775	Ovary	0.9933653	Ovary	0.98827916	Ovary	0.9935964	Ovary	0.99957377	Liver	0.9968269	Ovary	0.99812347	Ovary	0.9919912	Ovary	0.9979297	Ovary	0.9917219	Ovary	0.9584519	Ovary	0.9871658
MO_1289-poly-SI_7730-C32VAACXX	MO_1289	Breast	soft_tissue	0.0	Breast	0.9262418	Breast	0.9811331	Breast	0.9999887	Breast	0.98299706	Breast	0.996692	Breast	0.9690352	Breast	0.96788406	Breast	0.97125113	Breast	0.9941282	Breast	0.9698421	Breast	0.948308	Breast	0.9597213	Breast	0.99143744	Breast	0.9715669	Breast	0.9685168	Breast	0.9999995	Breast	0.9243002	Breast	0.9877331	Breast	0.9686834	Breast	0.9514472	Breast	0.9960403	Breast	0.97399336	Breast	0.99416035
MO_1290-poly-SI_7731-C32VAACXX	MO_1290	Bladder	lymph_node	0.0	Cervix	0.4462255	Cervix	0.82269394	Bladder	0.9211891	Cervix	0.8031375	Cervix	0.56706184	Cervix	0.9381447	Cervix	0.7184814	Cervix	0.87906486	Cervix	0.47508875	Cervix	0.9420461	Cervix	0.84182686	Cervix	0.8904162	Cervix	0.92049503	Cervix	0.8758842	Cervix	0.8771236	Cervix	0.669624	Cervix	0.4577703	Cervix	0.51603067	Cervix	0.6631843	Cervix	0.7457173	Ovary	0.48204947	Cervix	0.6517792	Cervix	0.6549557
MO_1292-poly-SI_7732-C32VAACXX	MO_1292	Breast	liver	0.020396736218405393	Breast	0.6377445	Breast	0.9979866	Liver	0.9177811	Breast	0.99713695	Breast	0.9999785	Breast	0.99814767	Breast	0.9973665	Breast	0.9972688	Breast	0.9971739	Breast	0.8271	Breast	0.99693453	Breast	0.9986923	Breast	0.9976039	Breast	0.9973752	Breast	0.9987068	Breast	1.0	Breast	0.49075568	Breast	0.9834641	Breast	0.99765295	Breast	0.9920251	Breast	0.9928054	Breast	0.9971821	Breast	0.99323493
MO_1294-poly-SI_7771-C3L7FACXX	MO_1294	Lung	lymph_node	0.3131641192687024	Lung	0.9198103	Lung	0.99979305	Lung	0.99999684	Lung	0.9968495	Lung	0.999991	Lung	0.99959034	Lung	0.9998023	Lung	0.99976766	Lung	0.99971324	Lung	0.99933887	Lung	0.9998406	Lung	0.9994901	Lung	0.9992403	Lung	0.99810016	Lung	0.999679	Lung	0.99999994	Lung	0.9803213	Lung	0.9994901	Lung	0.9999019	Lung	0.9991094	Lung	0.9996505	Lung	0.99905926	Lung	0.99920976
MO_1295-poly-SI_7851-C4CRLACXX	MO_1295	Sarcoma	soft_tissue	0.01193573619488332	Ovary	0.5580314	Ovary	0.9722608	Ovary	0.98761064	Ovary	0.90168387	Ovary	0.97701585	Ovary	0.94655824	Ovary	0.9819301	Ovary	0.97965103	Ovary	0.97139066	Ovary	0.97514254	Ovary	0.9505062	Ovary	0.96133864	Ovary	0.9555366	Ovary	0.9554686	Ovary	0.9777266	Ovary	0.99993646	Ovary	0.71790063	Ovary	0.91734785	Ovary	0.960985	Ovary	0.9589672	Ovary	0.9726719	Ovary	0.9266937	Ovary	0.8957226
MO_1296-poly-SI_7818-C3Y81ACXX	MO_1296	Biliary	liver	0.01651653173899612	Stomach	0.57207865	Stomach	0.55002004	Biliary	0.986548	Stomach	0.5634949	Stomach	0.5641252	Stomach	0.5994949	Stomach	0.50052685	Esophagus	0.5565199	Stomach	0.5228436	Stomach	0.46182805	Stomach	0.6203522	Stomach	0.54208106	Esophagus	0.51195085	Stomach	0.5793306	Stomach	0.55711275	Stomach	0.9739515	Stomach	0.43268973	Stomach	0.7363295	Stomach	0.60213834	Esophagus	0.66708684	Esophagus	0.7758203	Stomach	0.5259403	Stomach	0.5096043
MO_1297-poly-SI_7819-C3Y81ACXX	MO_1297	Stomach	liver	0.014202745425071443	Pancreas	0.89199	Pancreas	0.99127424	Pancreas	0.7791335	Pancreas	0.9613055	Pancreas	0.99902165	Pancreas	0.9852905	Pancreas	0.9911097	Pancreas	0.9973056	Pancreas	0.998554	Pancreas	0.9805665	Pancreas	0.98889214	Pancreas	0.9913624	Pancreas	0.9918397	Pancreas	0.98991305	Pancreas	0.9906671	Pancreas	0.9999857	Pancreas	0.9917523	Pancreas	0.95306027	Pancreas	0.9959855	Pancreas	0.9575933	Pancreas	0.99617314	Pancreas	0.96318007	Pancreas	0.979409
MO_1298-poly-SI_7820-C3Y81ACXX	MO_1298	Breast	soft_tissue	0.0	Breast	0.9741066	Breast	0.9966503	Breast	0.9102791	Breast	0.99669874	Breast	0.99976635	Breast	0.99890184	Breast	0.9957173	Breast	0.9968873	Breast	0.9975522	Breast	0.99855304	Breast	0.99641234	Breast	0.9986365	Breast	0.9982348	Breast	0.99739695	Breast	0.99709934	Breast	1.0	Breast	0.9681966	Breast	0.9888382	Breast	0.9974261	Breast	0.98998857	Breast	0.9977764	Breast	0.9958859	Breast	0.9965987
MO_1300-poly-SI_7941-C4DCWACXX	MO_1300	Breast	bladder		Breast	0.8595629	Breast	0.99786884	Breast	0.9982431	Breast	0.9906508	Breast	0.99998635	Breast	0.99469906	Breast	0.99745864	Breast	0.9970288	Breast	0.9967661	Breast	0.9970849	Breast	0.99529535	Breast	0.9975657	Breast	0.9961252	Breast	0.9954204	Breast	0.99627715	Breast	1.0	Breast	0.9592904	Breast	0.9958626	Breast	0.9993396	Breast	0.9946668	Breast	0.9984147	Breast	0.99440753	Breast	0.9969171
MO_1301-poly-SI_7880-C4CRLACXX	MO_1301	Breast	brain	0.010049011874095728	Breast	0.8995101	Breast	0.9960945	Breast	0.99924874	Breast	0.99460423	Breast	0.9999566	Breast	0.9971905	Breast	0.99580413	Breast	0.9951203	Breast	0.9960175	Breast	0.9975255	Breast	0.993216	Breast	0.9971726	Breast	0.99654186	Breast	0.9938517	Breast	0.9964386	Breast	1.0	Breast	0.8960246	Breast	0.9840245	Breast	0.99834615	Breast	0.9967694	Breast	0.99748	Breast	0.9955247	Breast	0.9924643
MO_1302-poly-SI_8209-C4L32ACXX	MO_1302	Breast	soft_tissue	0.0	Stomach	0.6248791	Breast	0.9142458	Stomach	0.56267	Breast	0.8670311	Breast	0.9987267	Breast	0.8815314	Breast	0.8067349	Breast	0.85878026	Breast	0.8760287	Breast	0.9418925	Breast	0.8623046	Breast	0.9220719	Breast	0.900897	Breast	0.92856354	Breast	0.8686033	Breast	0.9900323	Stomach	0.7916586	Breast	0.8727874	Breast	0.954387	Breast	0.8367377	Stomach	0.54356015	Breast	0.6352422	Breast	0.74697626
MO_1304-capt-SI_7918-C4CRJACXX	MO_1304	HeadNeck	skin	0.0	HeadNeck	0.64792293	HeadNeck	0.8540051	HeadNeck	0.97768915	HeadNeck	0.8057588	HeadNeck	0.9832352	HeadNeck	0.9106672	HeadNeck	0.89943826	HeadNeck	0.8583494	HeadNeck	0.8926083	HeadNeck	0.86139655	HeadNeck	0.8684753	HeadNeck	0.9189113	HeadNeck	0.90850985	HeadNeck	0.8918893	HeadNeck	0.9294778	Cervix	0.8702368	HeadNeck	0.8438895	HeadNeck	0.7187678	HeadNeck	0.94513166	HeadNeck	0.9368055	HeadNeck	0.9633217	HeadNeck	0.911868	HeadNeck	0.9105193
MO_1305-poly-SI_7882-C4CRLACXX	MO_1305	Breast	liver	0.09085017484010481	Liver	0.9615475	Breast	0.99996966	Liver	0.9994273	Breast	0.9974651	Breast	1.0	Breast	0.9997354	Breast	0.9999638	Breast	0.9999735	Breast	0.99998635	Liver	0.9890195	Breast	0.9999391	Breast	0.9998969	Breast	0.99956304	Breast	0.99987847	Breast	0.99996156	Breast	1.0	Liver	0.99348104	Breast	0.9997627	Breast	0.99999064	Breast	0.9995628	Breast	0.99998736	Breast	0.99971706	Breast	0.9998843
MO_1306-poly-SI_7883-C4CRLACXX	MO_1306	Testis	liver	0.0016275492746150686	Uterus	0.3920796	Stomach	0.38686383	Esophagus	0.5232619	Uterus	0.47482693	Stomach	0.58280796	Uterus	0.56519574	Uterus	0.55754036	Uterus	0.35738838	Stomach	0.32914588	Uterus	0.48285535	Uterus	0.3745176	Testis	0.33686382	Uterus	0.41464666	Uterus	0.4576363	Stomach	0.39237612	Stomach	0.80538064	Stomach	0.34280896	Stomach	0.32611948	Stomach	0.4782287	Uterus	0.66398424	Uterus	0.41404378	Uterus	0.56502056	Stomach	0.39902723
MO_1307-poly-SI_7884-C4CRLACXX	MO_1307	HeadNeck	soft_tissue	0.0	HeadNeck	0.4340358	HeadNeck	0.42812654	HeadNeck	0.98688775	HeadNeck	0.37388223	HeadNeck	0.6387189	HeadNeck	0.35252157	HeadNeck	0.5404521	HeadNeck	0.36375087	HeadNeck	0.42463106	HeadNeck	0.45864996	HeadNeck	0.54490864	HeadNeck	0.28607473	HeadNeck	0.36927631	HeadNeck	0.4144335	HeadNeck	0.36640483	Cervix	0.57469094	HeadNeck	0.6613561	HeadNeck	0.5636273	HeadNeck	0.62104166	HeadNeck	0.23806125	HeadNeck	0.6208587	HeadNeck	0.48624128	HeadNeck	0.5773468
MO_1309-poly-SI_7942-C4DCWACXX	MO_1309	HeadNeck	soft_tissue	0.11562352196311564	HeadNeck	0.9166297	Cervix	0.6861276	HeadNeck	0.9999999	Cervix	0.67971873	HeadNeck	0.8162014	Cervix	0.7411354	Cervix	0.51800364	Cervix	0.6736113	Cervix	0.7656766	Cervix	0.77526784	Cervix	0.7709133	HeadNeck	0.88621193	Cervix	0.62680846	Cervix	0.5467201	Cervix	0.6805649	Cervix	0.9998378	HeadNeck	0.9913858	Cervix	0.590887	HeadNeck	0.5586388	Cervix	0.7620042	HeadNeck	0.9976212	HeadNeck	0.73327893	HeadNeck	0.7244927
MO_1310-poly-SI_7943-C4DCWACXX	MO_1310	Sarcoma	liver	0.6586636676749176	Liver	0.99942523	Liver	0.5711694	Liver	1.0	Sarcoma	0.50421375	Sarcoma	0.5983881	Liver	0.5734561	Liver	0.67042816	Liver	0.6694001	Liver	0.65519476	Liver	0.9999913	Liver	0.49620238	Liver	0.6165497	Liver	0.5256746	Liver	0.51030564	Sarcoma	0.51180804	Liver	0.67200977	Liver	0.9999672	Liver	0.8382269	Liver	0.6262155	Liver	0.7089041	Sarcoma	0.57950664	Liver	0.8160363	Liver	0.98900664
MO_1312-poly-SI_7945-C4CW0ACXX	MO_1312	Biliary	liver	0.0	Stomach	0.7533579	Stomach	0.9304409	Stomach	0.687528	Stomach	0.8058944	Stomach	0.97920495	Stomach	0.8863595	Stomach	0.91320056	Stomach	0.9022233	Stomach	0.9352979	Stomach	0.8078613	Stomach	0.92946285	Stomach	0.86495113	Stomach	0.8892808	Stomach	0.86196625	Stomach	0.94094175	Stomach	0.9999989	Stomach	0.838259	Stomach	0.90173775	Stomach	0.96502346	Stomach	0.92614144	Stomach	0.9381406	Stomach	0.89775336	Stomach	0.8251176
MO_1315-capt-SI_7992-C4CW0ACXX	MO_1315	Lung	lung	0.0	Lung	0.9969781	Lung	0.9999752	Lung	1.0	Lung	0.9994896	Lung	0.9999999	Lung	0.9999557	Lung	0.99998283	Lung	0.99996525	Lung	0.9999726	Lung	0.99996656	Lung	0.9999831	Lung	0.99994355	Lung	0.99994564	Lung	0.99996775	Lung	0.99997383	Lung	1.0	Lung	0.99990666	Lung	0.99989283	Lung	0.9999871	Lung	0.99982363	Lung	0.9999915	Lung	0.9998987	Lung	0.99984956
MO_1316-poly-SI_7956-C4CW0ACXX	MO_1316	Prostate	lymph_node	0.0	Prostate	0.99688464	Prostate	0.99999917	Prostate	1.0	Prostate	0.99998176	Prostate	1.0	Prostate	0.99999815	Prostate	0.9999998	Prostate	0.9999995	Prostate	0.99999875	Prostate	0.99999684	Prostate	0.9999992	Prostate	0.9999988	Prostate	0.99999785	Prostate	0.99999774	Prostate	0.99999934	Prostate	1.0	Prostate	0.9996044	Prostate	0.999995	Prostate	0.9999999	Prostate	0.9999975	Prostate	0.9999992	Prostate	0.99998397	Prostate	0.99990976
MO_1317-poly-SI_7957-C475EANXX	MO_1317	Breast	lymph_node	0.0	Breast	0.9570384	Breast	0.9999745	Breast	1.0	Breast	0.99945134	Breast	1.0	Breast	0.9998911	Breast	0.99997205	Breast	0.9999697	Breast	0.9999777	Breast	0.9999711	Breast	0.99994814	Breast	0.9999603	Breast	0.9999281	Breast	0.99995655	Breast	0.9999624	Breast	1.0	Breast	0.9973901	Breast	0.99989843	Breast	0.99999493	Breast	0.99991333	Breast	0.99997485	Breast	0.9997948	Breast	0.99994415
MO_1318-poly-SI_7958-C4CW0ACXX	MO_1318	Breast	lymph_node	0.0	Breast	0.999432	Breast	1.0	Breast	1.0	Breast	0.99999654	Breast	1.0	Breast	0.9999999	Breast	1.0	Breast	1.0	Breast	1.0	Breast	0.99999994	Breast	0.99999994	Breast	0.99999994	Breast	0.9999999	Breast	0.99999994	Breast	0.99999994	Breast	1.0	Breast	0.999989	Breast	0.9999999	Breast	1.0	Breast	0.99999964	Breast	1.0	Breast	0.9999996	Breast	0.9999999
MO_1319-poly-SI_8076-C4CUUACXX	MO_1319	Stomach	soft_tissue	0.0	Sarcoma	0.98040867	Sarcoma	0.9944037	Sarcoma	0.97483456	Sarcoma	0.9904639	Sarcoma	0.99808383	Sarcoma	0.99473524	Sarcoma	0.9922346	Sarcoma	0.98763996	Sarcoma	0.992878	Sarcoma	0.99598116	Sarcoma	0.9940326	Sarcoma	0.99469876	Sarcoma	0.9969058	Sarcoma	0.9957415	Sarcoma	0.99481475	Sarcoma	0.9999987	Sarcoma	0.9935726	Sarcoma	0.9923831	Sarcoma	0.9847437	Sarcoma	0.9786634	Sarcoma	0.986517	Sarcoma	0.996505	Sarcoma	0.99641716
MO_1320-poly-SI_8077-C4CUUACXX	MO_1320	Breast	skin	0.08067867454855894	Breast	0.9971996	Breast	0.9999688	Breast	1.0	Breast	0.99980116	Breast	0.99999994	Breast	0.9999659	Breast	0.99995816	Breast	0.99995804	Breast	0.9999684	Breast	0.9999639	Breast	0.9999642	Breast	0.9999693	Breast	0.99994254	Breast	0.9999447	Breast	0.99996644	Breast	1.0	Breast	0.9997247	Breast	0.99991035	Breast	0.99998564	Breast	0.99993545	Breast	0.999992	Breast	0.99995035	Breast	0.99994624
MO_1322-capt-SI_8081-C4CUUACXX	MO_1322	Adrenal	lung	0.13442635190456684	Adrenal	0.69546205	Adrenal	0.99914896	Adrenal	0.99873805	Adrenal	0.9961895	Adrenal	0.99998075	Adrenal	0.99860215	Adrenal	0.9994363	Adrenal	0.99992335	Adrenal	0.9989135	Adrenal	0.99855953	Adrenal	0.8548204	Adrenal	0.9989159	Adrenal	0.9984083	Adrenal	0.9986663	Adrenal	0.99911743	Adrenal	0.99810797	Adrenal	0.9459856	Adrenal	0.9975439	Adrenal	0.9995558	Adrenal	0.99883896	Adrenal	0.9999098	Adrenal	0.9925553	Adrenal	0.99515164
MO_1323-poly-SI_8122-C4E6CACXX	MO_1323	Breast	skin	0.0	Breast	0.9961946	Breast	0.9999988	Breast	1.0	Breast	0.9999498	Breast	1.0	Breast	0.9999951	Breast	0.99999917	Breast	0.9999988	Breast	0.99999845	Breast	0.9999978	Breast	0.99999785	Breast	0.99999714	Breast	0.9999957	Breast	0.99999666	Breast	0.999998	Breast	1.0	Breast	0.9998547	Breast	0.99999684	Breast	0.9999998	Breast	0.99998575	Breast	0.99999917	Breast	0.9999899	Breast	0.999997
MO_1324-poly-SI_8123-C4E6CACXX	MO_1324	Breast	liver	0.0021295350453841315	Breast	0.9873925	Breast	0.99970895	Breast	0.99999964	Breast	0.9989867	Breast	0.99999774	Breast	0.9993665	Breast	0.9996886	Breast	0.99968565	Breast	0.99979484	Breast	0.99952435	Breast	0.9994489	Breast	0.9996315	Breast	0.99977326	Breast	0.99943227	Breast	0.9994894	Breast	1.0	Breast	0.9905781	Breast	0.99941605	Breast	0.99989015	Breast	0.9993275	Breast	0.9999249	Breast	0.99862874	Breast	0.99921626
MO_1325-poly-SI_8184-C4JLUACXX	MO_1325	Lung	liver	0.16207251383850502	Liver	0.9552872	Lung	0.99708474	Liver	0.9998297	Lung	0.9612181	Lung	0.99990016	Lung	0.99272984	Lung	0.99554336	Lung	0.9970435	Lung	0.99815434	Liver	0.99788046	Lung	0.99499273	Lung	0.99578756	Lung	0.99437994	Lung	0.9963817	Lung	0.997879	Lung	1.0	Liver	0.9975595	Lung	0.9714413	Lung	0.9987582	Lung	0.9758358	Lung	0.99985546	Lung	0.9939604	Lung	0.99595606
MO_1328-poly-SI_8185-C4JLUACXX	MO_1328	HeadNeck	lymph_node	0.0	HeadNeck	0.4514272	Cervix	0.5274822	HeadNeck	0.99434847	Cervix	0.68713796	HeadNeck	0.6955381	Cervix	0.6236124	Cervix	0.53823435	Cervix	0.54075074	Cervix	0.6141279	Cervix	0.7250789	Cervix	0.5773761	Cervix	0.52397656	Cervix	0.64359534	Cervix	0.60353154	Cervix	0.59141225	Cervix	0.9997216	HeadNeck	0.6256923	Cervix	0.609201	HeadNeck	0.52167094	Cervix	0.5275408	Cervix	0.5885508	HeadNeck	0.36930278	HeadNeck	0.42717764
MO_1329-capt-SI_8189-C4JLUACXX	MO_1329	Sarcoma	soft_tissue	0.07334228499443804	Sarcoma	0.9976676	Sarcoma	0.99949545	Sarcoma	0.99999905	Sarcoma	0.9977237	Sarcoma	0.99983746	Sarcoma	0.9996467	Sarcoma	0.9994768	Sarcoma	0.99895066	Sarcoma	0.9989847	Sarcoma	0.99940765	Sarcoma	0.99898314	Sarcoma	0.9995857	Sarcoma	0.9991306	Sarcoma	0.9992045	Sarcoma	0.99956805	Sarcoma	0.9999974	Sarcoma	0.9994594	Sarcoma	0.9942219	Sarcoma	0.9990595	Sarcoma	0.9963291	Sarcoma	0.99995714	Sarcoma	0.99815637	Sarcoma	0.9977886
MO_1330-poly-SI_8200-C4JLUACXX	MO_1330	Breast	bone_marrow	0.0	Breast	0.93997055	Breast	0.99166244	Breast	0.9998646	Breast	0.98700595	Breast	0.999926	Breast	0.99299276	Breast	0.98954284	Breast	0.98943347	Breast	0.9947136	Breast	0.99240345	Breast	0.9925167	Breast	0.99711967	Breast	0.99205494	Breast	0.98838705	Breast	0.99351853	Breast	0.9999975	Breast	0.93706846	Breast	0.9920708	Breast	0.99390864	Breast	0.9813165	Breast	0.9948119	Breast	0.9948577	Breast	0.9930927
MO_1331-poly-SI_8253-C471RANXX	MO_1331	HeadNeck	lung	0.0017284118105446607	Cervix	0.88704157	Cervix	0.8406849	Cervix	0.8065661	Cervix	0.80092573	Cervix	0.5356057	Cervix	0.84199303	Cervix	0.7649164	Cervix	0.82555014	Cervix	0.9235465	Cervix	0.8627132	Cervix	0.86251116	Cervix	0.82374877	Cervix	0.81123555	Cervix	0.77209973	Cervix	0.8277196	Cervix	0.9999999	Cervix	0.90252906	Cervix	0.96399385	Cervix	0.5457297	Cervix	0.9233444	Cervix	0.8147057	Cervix	0.78403765	Cervix	0.80839133
MO_1333-poly-SI_8254-C471RANXX	MO_1333	Testis	lymph_node	0.0	Testis	0.7694286	Testis	0.95275646	Stomach	0.57851976	Testis	0.9547581	Testis	0.9751849	Testis	0.97777504	Testis	0.96714246	Testis	0.9624513	Testis	0.947263	Testis	0.9678765	Testis	0.95042044	Testis	0.9782526	Testis	0.9790062	Testis	0.9640901	Testis	0.96766746	Stomach	0.9763125	Testis	0.7169602	Testis	0.95174223	Testis	0.9698632	Testis	0.9400636	Testis	0.9596318	Testis	0.9277871	Testis	0.7536592
MO_1335-poly-SI_8255-C471RANXX	MO_1335	Breast	liver	0.008809456054655005	Breast	0.9820975	Breast	0.9999759	Breast	0.9992096	Breast	0.9998266	Breast	0.99999994	Breast	0.99995047	Breast	0.9999717	Breast	0.9999757	Breast	0.9999737	Breast	0.99981797	Breast	0.99995196	Breast	0.9999723	Breast	0.99995476	Breast	0.99997073	Breast	0.9999601	Breast	1.0	Breast	0.9902915	Breast	0.9998711	Breast	0.99998903	Breast	0.99990135	Breast	0.9999857	Breast	0.9999466	Breast	0.9999369
MO_1336-poly-SI_8256-C471RANXX	MO_1336	Prostate	bone_marrow	0.0	Prostate	0.96743715	Prostate	0.9999469	Prostate	0.9999974	Prostate	0.99945253	Prostate	0.99999934	Prostate	0.9998738	Prostate	0.9999846	Prostate	0.999967	Prostate	0.9998686	Prostate	0.9998146	Prostate	0.99995774	Prostate	0.9999201	Prostate	0.9998036	Prostate	0.99990195	Prostate	0.9999623	Prostate	1.0	Prostate	0.986433	Prostate	0.99970007	Prostate	0.99998826	Prostate	0.9998598	Prostate	0.99976134	Prostate	0.9994889	Prostate	0.9963457
MO_1337-poly-SI_8294-C46WVANXX	MO_1337	Prostate	liver	0.004457963635747548	Prostate	0.9249249	Prostate	0.99965346	Prostate	0.9999995	Prostate	0.99835145	Prostate	0.99999505	Prostate	0.9995293	Prostate	0.9998768	Prostate	0.99978215	Prostate	0.99942315	Prostate	0.99807245	Prostate	0.9996796	Prostate	0.9996513	Prostate	0.9993081	Prostate	0.99950004	Prostate	0.99977595	Prostate	1.0	Prostate	0.95663863	Prostate	0.9984804	Prostate	0.99993175	Prostate	0.9985264	Prostate	0.9996822	Prostate	0.99753034	Prostate	0.9911853
MO_1338-poly-SI_8295-C46WVANXX	MO_1338	Biliary	liver	0.024620663596631624	Stomach	0.6730248	Stomach	0.83260757	Biliary	0.9740032	Stomach	0.71138096	Stomach	0.8988324	Stomach	0.76333404	Stomach	0.80856955	Stomach	0.6995237	Stomach	0.8501715	Stomach	0.7335623	Stomach	0.82360834	Stomach	0.7465002	Stomach	0.8811387	Stomach	0.84415543	Stomach	0.89612526	Stomach	0.9889352	Stomach	0.6381131	Stomach	0.77800524	Stomach	0.83341396	Stomach	0.9091654	Stomach	0.90261483	Stomach	0.7696994	Stomach	0.7984479
MO_1339-poly-SI_8296-C46WVANXX	MO_1339	Prostate	lymph_node	0.0	Prostate	0.9933919	Prostate	0.999969	Prostate	1.0	Prostate	0.9998034	Prostate	0.9999997	Prostate	0.9999625	Prostate	0.99999285	Prostate	0.99998546	Prostate	0.99996686	Prostate	0.99990845	Prostate	0.99997944	Prostate	0.9999752	Prostate	0.99994713	Prostate	0.9999371	Prostate	0.99998033	Prostate	1.0	Prostate	0.99830467	Prostate	0.9999258	Prostate	0.9999963	Prostate	0.9996382	Prostate	0.99998915	Prostate	0.9997072	Prostate	0.9984121
MO_1340-poly-SI_8610-C5A4VACXX	MO_1340	Stomach	soft_tissue	0.0	Stomach	0.90956134	Esophagus	0.7007895	Stomach	0.99988186	Esophagus	0.6224144	Esophagus	0.76436853	Esophagus	0.7886522	Esophagus	0.7531729	Esophagus	0.7247848	Esophagus	0.74528444	Esophagus	0.7183133	Esophagus	0.559127	Esophagus	0.633272	Esophagus	0.78232026	Esophagus	0.6662457	Esophagus	0.6183215	Stomach	0.54717726	Stomach	0.91985804	Stomach	0.5239531	Esophagus	0.67899656	Esophagus	0.58884835	Stomach	0.6388655	Esophagus	0.5084028	Stomach	0.7134894
MO_1341-capt-SI_8321-C46WVANXX	MO_1341	Biliary	soft_tissue	0.0	Pancreas	0.70475435	Pancreas	0.855778	Pancreas	0.8363965	Pancreas	0.8031375	Pancreas	0.94124246	Pancreas	0.9040985	Pancreas	0.80773276	Pancreas	0.8449697	Pancreas	0.7642063	Pancreas	0.8653511	Pancreas	0.87603873	Pancreas	0.89447	Pancreas	0.9180134	Pancreas	0.8283078	Pancreas	0.8655319	Stomach	0.99925596	Pancreas	0.7564172	Pancreas	0.72472554	Pancreas	0.77526253	Pancreas	0.8686571	Pancreas	0.86654276	Pancreas	0.78594774	Pancreas	0.8238261
MO_1343-capt-SI_8462-C4L7VACXX	MO_1343	HeadNeck	lung	0.07707049970539624	Esophagus	0.4849757	Esophagus	0.6119519	HeadNeck	0.45322928	Esophagus	0.44379276	Esophagus	0.66398954	Esophagus	0.61057377	Esophagus	0.65146476	Esophagus	0.6273204	Esophagus	0.7077248	Esophagus	0.6442575	Esophagus	0.49680495	Esophagus	0.61633414	Esophagus	0.59738684	Esophagus	0.67985183	Esophagus	0.5518527	Esophagus	0.89230484	Esophagus	0.7525182	Esophagus	0.6288779	Esophagus	0.5940574	Esophagus	0.7598424	Esophagus	0.6727274	Esophagus	0.65239197	Esophagus	0.6304773
MO_1344-poly-SI_8297-C46WVANXX	MO_1344	Sarcoma	soft_tissue	0.0	Sarcoma	0.9993245	Sarcoma	0.99999064	Sarcoma	0.9999926	Sarcoma	0.99990964	Sarcoma	0.99999946	Sarcoma	0.9999972	Sarcoma	0.99998444	Sarcoma	0.999987	Sarcoma	0.999988	Sarcoma	0.999994	Sarcoma	0.9999865	Sarcoma	0.9999932	Sarcoma	0.99999446	Sarcoma	0.9999909	Sarcoma	0.9999868	Sarcoma	1.0	Sarcoma	0.99992424	Sarcoma	0.9999615	Sarcoma	0.99999225	Sarcoma	0.9999656	Sarcoma	0.99999154	Sarcoma	0.9999767	Sarcoma	0.9999759
MO_1345-poly-SI_8298-C46WVANXX	MO_1345	HeadNeck	soft_tissue	0.0	HeadNeck	0.70508176	HeadNeck	0.6893949	HeadNeck	0.9905628	HeadNeck	0.6941472	HeadNeck	0.57745177	HeadNeck	0.7956401	HeadNeck	0.70849156	HeadNeck	0.74897945	HeadNeck	0.7662114	HeadNeck	0.83521044	HeadNeck	0.86596805	HeadNeck	0.73909116	HeadNeck	0.7926849	HeadNeck	0.77956283	HeadNeck	0.76961976	Esophagus	0.9981584	HeadNeck	0.8671421	HeadNeck	0.59752315	HeadNeck	0.72902185	HeadNeck	0.93122447	HeadNeck	0.7049671	HeadNeck	0.7899045	HeadNeck	0.567147
MO_1347-poly-SI_8380-C46LAANXX	MO_1347	Biliary	lymph_node	0.0	Stomach	0.8507554	Stomach	0.9920996	Stomach	0.976708	Stomach	0.9533956	Stomach	0.9960203	Stomach	0.9828583	Stomach	0.9899384	Stomach	0.9861682	Stomach	0.9894292	Stomach	0.98770213	Stomach	0.9862786	Stomach	0.9799933	Stomach	0.9837869	Stomach	0.9864901	Stomach	0.98810893	Stomach	0.9998306	Stomach	0.9370103	Stomach	0.9942218	Stomach	0.9918018	Stomach	0.98118705	Stomach	0.9854857	Stomach	0.9851783	Stomach	0.96523356
MO_1355-poly-SI_8430-C4L7VACXX	MO_1355	Breast	liver	0.0	Breast	0.99791914	Breast	0.9999999	Breast	1.0	Breast	0.99999034	Breast	1.0	Breast	0.9999992	Breast	0.9999999	Breast	0.9999998	Breast	0.99999994	Breast	0.99999887	Breast	0.99999964	Breast	0.9999997	Breast	0.9999993	Breast	0.9999997	Breast	0.99999976	Breast	1.0	Breast	0.99983567	Breast	0.9999993	Breast	0.99999994	Breast	0.99999803	Breast	0.99999994	Breast	0.9999982	Breast	0.9999994
MO_1357-poly-SI_8431-C4L7VACXX	MO_1357	Melanoma	skin	0.0	Sarcoma	0.9152369	Sarcoma	0.5824137	Sarcoma	0.9997534	Sarcoma	0.5180699	Melanoma	0.9534164	Sarcoma	0.6415343	Melanoma	0.6515472	Melanoma	0.5695496	Sarcoma	0.5946169	Sarcoma	0.5280437	Melanoma	0.57996476	Sarcoma	0.6893952	Sarcoma	0.86555487	Melanoma	0.518596	Melanoma	0.5351466	Sarcoma	0.9857912	Sarcoma	0.97513014	Melanoma	0.6488481	Melanoma	0.71961564	Melanoma	0.7696265	Sarcoma	0.9414479	Sarcoma	0.7530346	Sarcoma	0.5057379
MO_1359-poly-SI_8433-C4L7VACXX	MO_1359	Breast	liver	0.02042386791676456	Breast	0.64795506	Breast	0.9891698	Breast	0.575299	Breast	0.9829486	Breast	0.9996588	Breast	0.9858286	Breast	0.98950803	Breast	0.97834486	Breast	0.9870438	Breast	0.83982766	Breast	0.98411703	Breast	0.987373	Breast	0.9799444	Breast	0.98456705	Breast	0.98978925	Breast	0.99999726	Breast	0.57862335	Breast	0.97733885	Breast	0.99050826	Breast	0.8840561	Breast	0.9801475	Breast	0.952769	Breast	0.9677961
MO_1361-poly-SI_8525-C59M2ACXX	MO_1361	Bladder	soft_tissue	0.0	Bladder	0.99537915	Bladder	0.9998697	Bladder	0.99999976	Bladder	0.9992529	Bladder	0.99999654	Bladder	0.99981016	Bladder	0.99995536	Bladder	0.9999089	Bladder	0.9999564	Bladder	0.99992156	Bladder	0.99986327	Bladder	0.99984765	Bladder	0.9999091	Bladder	0.9998792	Bladder	0.99988735	Bladder	0.9999998	Bladder	0.99969596	Bladder	0.9997666	Bladder	0.99994785	Bladder	0.9999754	Bladder	0.99999106	Bladder	0.9999077	Bladder	0.99987984
MO_1364-poly-SI_8568-HAABDADXX	MO_1364	Breast	liver	0.1291086570310204	Liver	0.9511688	Breast	0.9142083	Liver	0.99999404	Breast	0.8425395	Breast	0.99631757	Breast	0.88274485	Breast	0.90492433	Breast	0.8562831	Breast	0.91205645	Liver	0.99760324	Breast	0.9231439	Breast	0.9061287	Breast	0.8222271	Breast	0.90320677	Breast	0.93704575	Breast	0.99807185	Liver	0.98731977	Breast	0.7704432	Breast	0.8333862	Breast	0.47752082	Breast	0.9042188	Breast	0.8978194	Breast	0.8069226
MO_1366-poly-SI_8569-HAA8NADXX	MO_1366	Melanoma	soft_tissue	0.0	Melanoma	0.98990357	Melanoma	0.99999833	Melanoma	0.9996022	Melanoma	0.9999755	Melanoma	1.0	Melanoma	0.9999971	Melanoma	0.9999993	Melanoma	0.9999989	Melanoma	0.9999987	Melanoma	0.9999964	Melanoma	0.99999917	Melanoma	0.9999977	Melanoma	0.99999267	Melanoma	0.99999666	Melanoma	0.99999887	Melanoma	1.0	Melanoma	0.99423164	Melanoma	0.9999979	Melanoma	0.9999998	Melanoma	0.9999996	Melanoma	0.99999684	Melanoma	0.99998873	Melanoma	0.9999766
MO_1367-poly-SI_8570-HAABLADXX	MO_1367	HeadNeck	lymph_node	0.0	HeadNeck	0.9791749	HeadNeck	0.9877835	HeadNeck	0.9999985	HeadNeck	0.9793451	HeadNeck	0.99867386	HeadNeck	0.9913302	HeadNeck	0.99276036	HeadNeck	0.985995	HeadNeck	0.98855937	HeadNeck	0.9916332	HeadNeck	0.9943495	HeadNeck	0.9981895	HeadNeck	0.98908025	HeadNeck	0.9899063	HeadNeck	0.988937	HeadNeck	0.6027273	HeadNeck	0.99794537	HeadNeck	0.9457002	HeadNeck	0.9932937	HeadNeck	0.9869987	HeadNeck	0.99880004	HeadNeck	0.9801314	HeadNeck	0.9821075
MO_1369-poly-SI_8611-HAABFADXX	MO_1369	Biliary	lung	0.03979394335230807	Lung	0.780159	Biliary	0.63673675	Lung	0.95928085	Biliary	0.66106075	Biliary	0.8837737	Biliary	0.73311543	Biliary	0.5733631	Biliary	0.54608715	Biliary	0.54641026	Biliary	0.51709086	Biliary	0.5645143	Biliary	0.67336416	Biliary	0.7022003	Biliary	0.5352894	Biliary	0.6829832	Stomach	0.96507263	Lung	0.8218719	Biliary	0.49564746	Stomach	0.49047425	Biliary	0.75954556	Biliary	0.8207199	Stomach	0.50657284	Stomach	0.5645522
MO_1370-poly-SI_8612-HAAAEADXX	MO_1370	Sarcoma	soft_tissue	0.0	Sarcoma	0.99509484	Sarcoma	0.9998147	Sarcoma	0.9998835	Sarcoma	0.9987187	Sarcoma	0.9999965	Sarcoma	0.9999374	Sarcoma	0.999834	Sarcoma	0.99976015	Sarcoma	0.99972653	Sarcoma	0.99991024	Sarcoma	0.99983346	Sarcoma	0.99984753	Sarcoma	0.9998667	Sarcoma	0.9998294	Sarcoma	0.99982613	Sarcoma	1.0	Sarcoma	0.99895936	Sarcoma	0.9995632	Sarcoma	0.99991435	Sarcoma	0.99980277	Sarcoma	0.999969	Sarcoma	0.99972785	Sarcoma	0.9997397
MO_1373-poly-SI_8640-C59PDACXX	MO_1373	HeadNeck	lung	0.05622888061262914	Lung	0.95078284	Lung	0.6199628	Lung	0.99732023	HeadNeck	0.47708544	Lung	0.7676544	Lung	0.5027575	HeadNeck	0.46965408	HeadNeck	0.47418287	Lung	0.50742924	HeadNeck	0.5172379	Lung	0.9874725	HeadNeck	0.48274675	HeadNeck	0.58186316	HeadNeck	0.6039565	HeadNeck	0.4738348	Stomach	0.69475067	Lung	0.90634674	Lung	0.5730171	Lung	0.5113178	Lung	0.5767811	Lung	0.685202	HeadNeck	0.57154953	HeadNeck	0.49385104
MO_1374-poly-SI_8663-C46V9ANXX	MO_1374	Melanoma	breast		Sarcoma	0.6911499	Melanoma	0.8678666	Sarcoma	0.7056985	Melanoma	0.8640076	Melanoma	0.9899064	Melanoma	0.79056126	Melanoma	0.9215172	Melanoma	0.8590972	Melanoma	0.8434954	Melanoma	0.84929085	Melanoma	0.88232714	Melanoma	0.86147726	Melanoma	0.69218	Melanoma	0.8394082	Melanoma	0.85905385	Sarcoma	0.9704753	Sarcoma	0.8858697	Melanoma	0.81885374	Melanoma	0.9282013	Melanoma	0.72467315	Melanoma	0.75357634	Melanoma	0.5923592	Melanoma	0.5649853
MO_1375-poly-SI_8615-HAAACADXX	MO_1375	Esophagus	liver	0.02587501789042207	Biliary	0.40946218	Pancreas	0.6326946	Biliary	0.99296016	Pancreas	0.46103972	Pancreas	0.8057762	Pancreas	0.69913715	Pancreas	0.5293683	Pancreas	0.6942048	Pancreas	0.5347843	Pancreas	0.7996307	Pancreas	0.7933591	Pancreas	0.6871314	Pancreas	0.66936713	Pancreas	0.72599214	Pancreas	0.7493917	Stomach	0.9459105	Pancreas	0.6551594	Pancreas	0.6112176	Pancreas	0.49744222	Pancreas	0.61107755	Pancreas	0.50260276	Pancreas	0.60295105	Pancreas	0.66617453
MO_1376-poly-SI_8641-HAA98ADXX	MO_1376	Biliary	liver	0.06590759136078447	Liver	0.51956683	Stomach	0.97334605	Biliary	0.9836597	Stomach	0.9241782	Stomach	0.9899172	Stomach	0.9614711	Stomach	0.96991926	Stomach	0.9602344	Stomach	0.9772479	Liver	0.73742133	Stomach	0.9818176	Stomach	0.9528576	Stomach	0.9315788	Stomach	0.97378486	Stomach	0.9767464	Stomach	0.9999871	Liver	0.63341	Stomach	0.9823495	Stomach	0.97515416	Stomach	0.9477786	Stomach	0.9591817	Stomach	0.965819	Stomach	0.96543324
MO_1377-poly-SI_8642-C59PDACXX	MO_1377	Adrenal	liver	0.0009642055696277717	Adrenal	0.99608785	Adrenal	0.99999946	Adrenal	1.0	Adrenal	0.9999838	Adrenal	1.0	Adrenal	0.9999995	Adrenal	0.99999905	Adrenal	0.9999992	Adrenal	0.9999994	Adrenal	0.9999981	Adrenal	0.9999992	Adrenal	0.99999917	Adrenal	0.9999987	Adrenal	0.99999833	Adrenal	0.9999994	Adrenal	1.0	Adrenal	0.99963766	Adrenal	0.9999942	Adrenal	0.99999994	Adrenal	0.99999416	Adrenal	0.9999992	Adrenal	0.99999356	Adrenal	0.9999905
MO_1378-poly-SI_8643-C59PDACXX	MO_1378	Ovary	lymph_node	0.0	Ovary	0.98809564	Ovary	0.9998179	Ovary	0.9997456	Ovary	0.9985694	Ovary	0.99996775	Ovary	0.99980646	Ovary	0.9998532	Ovary	0.9998295	Ovary	0.9997463	Ovary	0.99981064	Ovary	0.9996779	Ovary	0.9996116	Ovary	0.9996245	Ovary	0.9996595	Ovary	0.99976695	Ovary	0.9999934	Ovary	0.997275	Ovary	0.9990475	Ovary	0.9998168	Ovary	0.99972576	Ovary	0.9996603	Ovary	0.9993923	Ovary	0.997724
MO_1380-poly-SI_8665-C46V9ANXX	MO_1380	Esophagus	liver	0.18538354057887704	Liver	0.9799444	Stomach	0.54584634	Liver	0.9995645	Liver	0.5795607	Stomach	0.5548504	Liver	0.59299433	Stomach	0.48787573	Stomach	0.5396505	Stomach	0.5184103	Liver	0.9957549	Liver	0.5015807	Liver	0.6211856	Liver	0.75365865	Liver	0.5555518	Liver	0.46684125	Stomach	0.8213335	Liver	0.9916357	Liver	0.50410503	Stomach	0.5250444	Liver	0.4705531	Stomach	0.71069014	Stomach	0.60256475	Stomach	0.56979257
MO_1381-capt-SI_8697-C46V9ANXX	MO_1381	Sarcoma	lung	0.3101420023975772	Lung	0.59012985	Sarcoma	0.2618182	Lung	0.9981495	Sarcoma	0.26551536	Sarcoma	0.34344974	Sarcoma	0.34295604	Esophagus	0.2652544	Sarcoma	0.21495844	Esophagus	0.3194663	Esophagus	0.29112867	Lung	0.5003134	Sarcoma	0.2564648	Sarcoma	0.21883628	Esophagus	0.3014374	Sarcoma	0.33416086	Ovary	0.9591429	Lung	0.6186565	Ovary	0.25210088	Sarcoma	0.30901653	Mesothelioma	0.39013028	Sarcoma	0.82272744	Sarcoma	0.31741267	Sarcoma	0.42201546
MO_1382-poly-SI_8666-C46V9ANXX	MO_1382	Sarcoma	lung	0.03189725586616116	Sarcoma	0.9910057	Sarcoma	0.9993618	Sarcoma	0.9997367	Sarcoma	0.99803483	Sarcoma	0.9999545	Sarcoma	0.99962646	Sarcoma	0.9992447	Sarcoma	0.9991253	Sarcoma	0.9992791	Sarcoma	0.99960786	Sarcoma	0.99927163	Sarcoma	0.9995217	Sarcoma	0.99971676	Sarcoma	0.99977005	Sarcoma	0.9990437	Sarcoma	0.99999964	Sarcoma	0.9983525	Sarcoma	0.99701536	Sarcoma	0.99944735	Sarcoma	0.9978371	Sarcoma	0.998953	Sarcoma	0.9991282	Sarcoma	0.99938107
MO_1384-poly-SI_8706-C46NFANXX	MO_1384	Breast	bone_marrow	0.02147300056655327	Breast	0.85706574	Breast	0.99656314	Breast	0.9999853	Breast	0.9865151	Breast	0.9999424	Breast	0.99494815	Breast	0.99666494	Breast	0.99720937	Breast	0.9963332	Breast	0.99641734	Breast	0.9927196	Breast	0.9961354	Breast	0.99705637	Breast	0.9942798	Breast	0.9958422	Breast	1.0	Breast	0.92730474	Breast	0.9911837	Breast	0.9979328	Breast	0.97612727	Breast	0.99903584	Breast	0.98979855	Breast	0.9908036
MO_1386-poly-SI_8760-C4733ANXX	MO_1386	Breast	skin	0.15305594945022968	Breast	0.9821212	Breast	0.99188805	Breast	0.9999996	Breast	0.9858753	Breast	0.9992449	Breast	0.9917453	Breast	0.9892469	Breast	0.98820424	Breast	0.99296445	Breast	0.98998106	Breast	0.9917199	Breast	0.9906645	Breast	0.99454916	Breast	0.98822963	Breast	0.99143505	Breast	0.9999999	Breast	0.97799575	Breast	0.9912172	Breast	0.9942205	Breast	0.97931165	Breast	0.99963635	Breast	0.98640907	Breast	0.9902607
MO_1387-capt-SI_8841-C4730ANXX	MO_1387	Breast	bone_marrow	0.031257268537075215	Breast	0.9654555	Breast	0.9978842	Breast	0.99983937	Breast	0.99125	Breast	0.9999575	Breast	0.9975644	Breast	0.99842936	Breast	0.99904263	Breast	0.99937457	Breast	0.9985504	Breast	0.9978705	Breast	0.99841684	Breast	0.99751276	Breast	0.9977908	Breast	0.988979	Breast	1.0	Breast	0.8510592	Breast	0.9975476	Breast	0.99939513	Breast	0.9763524	Breast	0.9987599	Breast	0.99458057	Breast	0.9980646
MO_1388-poly-SI_8818-C4730ANXX	MO_1388	Biliary	brain	0.0	Stomach	0.7207588	Stomach	0.6824902	Stomach	0.96278423	Stomach	0.6250872	Stomach	0.74157023	Stomach	0.56575495	Stomach	0.67262065	Stomach	0.6842619	Stomach	0.4509798	Stomach	0.62271106	Stomach	0.74064714	Stomach	0.5931481	Stomach	0.6471414	Stomach	0.64452094	Stomach	0.59641784	Stomach	0.9987348	Stomach	0.47851387	Stomach	0.6926492	Stomach	0.74154353	Stomach	0.7442551	Stomach	0.6393187	Stomach	0.6304876	Stomach	0.6614676
MO_1391-poly-SI_8819-C4730ANXX	MO_1391	Sarcoma	soft_tissue	0.097063156437998	Sarcoma	0.98812664	Sarcoma	0.9980539	Sarcoma	0.9999924	Sarcoma	0.99188983	Sarcoma	0.99972475	Sarcoma	0.9988497	Sarcoma	0.9965456	Sarcoma	0.99789435	Sarcoma	0.9987395	Sarcoma	0.99789244	Sarcoma	0.9984378	Sarcoma	0.99859756	Sarcoma	0.99836797	Sarcoma	0.99809825	Sarcoma	0.9979326	Sarcoma	0.9999999	Sarcoma	0.99763507	Sarcoma	0.9877829	Sarcoma	0.9975663	Sarcoma	0.97854346	Sarcoma	0.99948627	Sarcoma	0.9952593	Sarcoma	0.9918768
MO_1393-poly-SI_8821-C4730ANXX	MO_1393	Ovary	liver	0.0	Uterus	0.55967015	Kidney	0.4229674	Ovary	0.9922332	Uterus	0.350808	Kidney	0.7432969	Kidney	0.4451717	Kidney	0.519999	Kidney	0.4922173	Ovary	0.42858103	Ovary	0.36579424	Uterus	0.37990865	Kidney	0.4567424	Ovary	0.4105283	Ovary	0.34361264	Kidney	0.4399099	Uterus	0.66596454	Ovary	0.46796626	Kidney	0.43121532	Kidney	0.40571314	Ovary	0.7081364	Ovary	0.5794685	Uterus	0.38225198	Uterus	0.42570478
MO_1394-poly-SI_8822-C4730ANXX	MO_1394	Sarcoma	soft_tissue	0.0	Sarcoma	0.9967469	Sarcoma	0.9992875	Sarcoma	0.9999988	Sarcoma	0.9978353	Sarcoma	0.99980295	Sarcoma	0.9993592	Sarcoma	0.9987768	Sarcoma	0.9989296	Sarcoma	0.998975	Sarcoma	0.9994389	Sarcoma	0.99893564	Sarcoma	0.99950176	Sarcoma	0.9992718	Sarcoma	0.99898815	Sarcoma	0.99931073	Sarcoma	0.9999964	Sarcoma	0.99904054	Sarcoma	0.9983715	Sarcoma	0.99977696	Sarcoma	0.9988049	Sarcoma	0.99992305	Sarcoma	0.9986915	Sarcoma	0.9992727
MO_1395-poly-SI_8823-C472VANXX	MO_1395	Esophagus	liver	0.0029446501964062056	Testis	0.3301924	Testis	0.43453804	Stomach	0.58317554	Testis	0.4857376	Testis	0.43431306	Testis	0.4450531	Testis	0.41630232	Testis	0.4989488	Testis	0.49707773	Testis	0.38180766	Testis	0.5196715	Testis	0.56990063	Testis	0.49972612	Testis	0.44993684	Testis	0.45927897	Stomach	0.9415987	Stomach	0.33524016	Stomach	0.61110747	Testis	0.49955034	Testis	0.55575114	Testis	0.4540875	Stomach	0.4793872	Stomach	0.48238224
MO_1396-capt-SI_8977-C472MANXX	MO_1396	Thyroid	thyroid		Mesothelioma	0.30822527	Stomach	0.41376612	Sarcoma	0.34973967	Stomach	0.28600416	Stomach	0.6472381	Stomach	0.34638876	Stomach	0.50029624	Stomach	0.4081623	Stomach	0.5092124	Stomach	0.3181714	Stomach	0.48188972	Stomach	0.26070616	Stomach	0.19882174	Stomach	0.29361463	Stomach	0.32695636	Stomach	0.991329	Mesothelioma	0.40268597	Stomach	0.4043095	Stomach	0.5623985	Stomach	0.25146088	Sarcoma	0.25431773	Stomach	0.5713197	Stomach	0.3401589
MO_1397-capt-SI_8886-C4739ANXX	MO_1397	Lung	lymph_node	0.044492001232156284	Lung	0.628933	Lung	0.89862216	Lung	0.94300616	Lung	0.70959777	Lung	0.98375595	Lung	0.84639835	Lung	0.92853373	Lung	0.8925484	Lung	0.91759104	Lung	0.8581832	Lung	0.9178532	Lung	0.82440394	Lung	0.8297953	Lung	0.8239707	Lung	0.91079247	Lung	0.9991135	Lung	0.875018	Lung	0.873879	Lung	0.9279428	Lung	0.6961944	Lung	0.94154066	Lung	0.85696	Lung	0.89278764
MO_1399-capt-SI_8888-C470TANXX	MO_1399	Breast	bone_marrow	0.13945416941385516	Breast	0.7450608	Breast	0.9208148	Breast	0.7582054	Breast	0.9087044	Breast	0.9899714	Breast	0.9576242	Breast	0.93575925	Breast	0.931982	Breast	0.95258135	Breast	0.9528873	Breast	0.9199046	Breast	0.96113837	Breast	0.9664602	Breast	0.9242193	Breast	0.9460989	Breast	0.9999856	Breast	0.44354194	Breast	0.9309324	Breast	0.96108854	Breast	0.92750794	Breast	0.9950983	Breast	0.88277376	Breast	0.708887
MO_1400-poly-SI_8861-C470TANXX	MO_1400	HeadNeck	liver	0.0	Esophagus	0.66518706	Esophagus	0.85629094	Esophagus	0.82516325	Esophagus	0.7170909	Esophagus	0.8432491	Esophagus	0.7095206	Esophagus	0.8890777	Esophagus	0.90643096	Esophagus	0.9022544	Esophagus	0.87758183	Esophagus	0.84866095	Esophagus	0.7100705	Esophagus	0.878769	Esophagus	0.7726515	Esophagus	0.8824342	Esophagus	0.95791364	Esophagus	0.70691097	Esophagus	0.83228964	Esophagus	0.94705784	Esophagus	0.94249076	Esophagus	0.8542206	Esophagus	0.86276937	Esophagus	0.88877815
MO_1402-capt-SI_9128-C46PDANXX	MO_1402	Biliary	liver	0.0	Biliary	0.98549485	Biliary	0.9972749	Biliary	0.9998676	Biliary	0.99593717	Biliary	0.9995945	Biliary	0.9988991	Biliary	0.9973332	Biliary	0.99770665	Biliary	0.9974422	Biliary	0.99781555	Biliary	0.99748325	Biliary	0.9983842	Biliary	0.9988651	Biliary	0.99742967	Biliary	0.9986625	Biliary	0.9994594	Biliary	0.99383396	Biliary	0.9969543	Biliary	0.9990501	Biliary	0.9993748	Biliary	0.9965842	Biliary	0.9982793	Biliary	0.99743927
MO_1403-capt-SI_8973-C472MANXX	MO_1403	Sarcoma	soft_tissue	0.029619230816302373	Sarcoma	0.99663424	Sarcoma	0.9999433	Sarcoma	0.9999999	Sarcoma	0.99959373	Sarcoma	0.9999987	Sarcoma	0.9999571	Sarcoma	0.99979657	Sarcoma	0.9999202	Sarcoma	0.9999234	Sarcoma	0.999939	Sarcoma	0.99993557	Sarcoma	0.99990404	Sarcoma	0.99994457	Sarcoma	0.9999399	Sarcoma	0.99995553	Sarcoma	1.0	Sarcoma	0.999602	Sarcoma	0.9999095	Sarcoma	0.9999664	Sarcoma	0.99974364	Sarcoma	0.9999828	Sarcoma	0.999838	Sarcoma	0.9999206
MO_1404-poly-SI_8962-C472MANXX	MO_1404	Sarcoma	soft_tissue	0.006575167615979236	Sarcoma	0.82198167	Sarcoma	0.95527387	Sarcoma	0.9785887	Sarcoma	0.92371917	Sarcoma	0.97800237	Sarcoma	0.9630846	Sarcoma	0.95306367	Sarcoma	0.94541895	Sarcoma	0.93270516	Sarcoma	0.96952176	Sarcoma	0.97553265	Sarcoma	0.96157223	Sarcoma	0.9645034	Sarcoma	0.96546346	Sarcoma	0.9342958	Sarcoma	0.9973956	Sarcoma	0.92082906	Sarcoma	0.93717486	Sarcoma	0.95881253	Sarcoma	0.68456936	Sarcoma	0.9611225	Sarcoma	0.954179	Sarcoma	0.95784575
MO_1410-poly-SI_9074-C46PDANXX	MO_1410	Prostate	liver	0.0	Stomach	0.32231945	Colorectal	0.3652301	Colorectal	0.4853123	Colorectal	0.34443912	Colorectal	0.49244252	Colorectal	0.4562801	Colorectal	0.39360932	Colorectal	0.376716	Colorectal	0.33915767	Colorectal	0.31608567	Colorectal	0.43647408	Colorectal	0.4274354	Colorectal	0.3698825	Colorectal	0.42915303	Colorectal	0.3753272	Colorectal	0.9964298	Stomach	0.40826392	Stomach	0.4777398	Colorectal	0.3016478	Stomach	0.37796554	Stomach	0.45518816	Colorectal	0.4778744	Colorectal	0.44362605
MO_1411-poly-SI_9307-HAKK6ADXX	MO_1411	Breast	soft_tissue	0.16251756023848568	Breast	0.98506176	Breast	0.999811	Breast	0.88959247	Breast	0.99950856	Breast	0.9999995	Breast	0.9996742	Breast	0.9997651	Breast	0.99973166	Breast	0.9998006	Breast	0.99977803	Breast	0.9997625	Breast	0.9995521	Breast	0.9998961	Breast	0.9996581	Breast	0.99972606	Breast	1.0	Breast	0.95116675	Breast	0.99863756	Breast	0.9998643	Breast	0.9995524	Breast	0.99914664	Breast	0.99978995	Breast	0.99976665
MO_1412-poly-SI_9190-C4R00ANXX	MO_1412	Melanoma	lymph_node	0.0	Melanoma	0.9968176	Melanoma	0.99999976	Melanoma	0.9999931	Melanoma	0.9999948	Melanoma	1.0	Melanoma	0.99999946	Melanoma	0.9999998	Melanoma	0.99999964	Melanoma	0.9999997	Melanoma	0.9999997	Melanoma	0.9999998	Melanoma	0.99999946	Melanoma	0.99999875	Melanoma	0.99999964	Melanoma	0.9999999	Melanoma	1.0	Melanoma	0.9993313	Melanoma	0.99999887	Melanoma	0.99999994	Melanoma	0.99999946	Melanoma	0.9999993	Melanoma	0.9999979	Melanoma	0.9999962
MO_1415-poly-SI_9192-C4R00ANXX	MO_1415	Breast	skin	0.8241032097663544	Breast	0.75565296	Breast	0.9031523	Breast	0.9482745	Breast	0.8732038	Breast	0.980083	Breast	0.91246885	Breast	0.86802405	Breast	0.86372745	Breast	0.8872909	Breast	0.93331593	Breast	0.90996295	Breast	0.9441256	Melanoma	0.3433249	Breast	0.9079985	Breast	0.89277744	Breast	0.63471454	Breast	0.44258586	Breast	0.6347678	Breast	0.9143684	Breast	0.86630845	Esophagus	0.46344584	Breast	0.8946267	Breast	0.51907873
MO_1416-poly-SI_9193-C4R00ANXX	MO_1416	Esophagus	liver	0.0	Esophagus	0.6500055	Esophagus	0.971115	Esophagus	0.9881604	Esophagus	0.9131507	Esophagus	0.9909247	Esophagus	0.9275947	Esophagus	0.97542167	Esophagus	0.9751908	Esophagus	0.9599857	Esophagus	0.9623215	Esophagus	0.95496637	Esophagus	0.96336704	Esophagus	0.9661682	Esophagus	0.96278894	Esophagus	0.96594703	Esophagus	0.9953405	Esophagus	0.8182574	Esophagus	0.89361167	Esophagus	0.98174113	Esophagus	0.99226505	Esophagus	0.97639865	Esophagus	0.9392116	Esophagus	0.9458277
MO_1418-poly-SI_9308-HAKJHADXX	MO_1418	Breast	lymph_node	0.05472371277299119	Breast	0.9890739	Breast	0.999389	Breast	0.9999994	Breast	0.99927926	Breast	0.9999954	Breast	0.9994111	Breast	0.99917406	Breast	0.9992782	Breast	0.9993577	Breast	0.99949807	Breast	0.99908376	Breast	0.9995011	Breast	0.9993949	Breast	0.99941814	Breast	0.99942225	Breast	1.0	Breast	0.9930368	Breast	0.99706256	Breast	0.9996118	Breast	0.9984187	Breast	0.99990606	Breast	0.9985618	Breast	0.998774
MO_1420-poly-SI_9309-C5N2AANXX	MO_1420	Prostate	bone_marrow	0.31544637058239877	Prostate	0.94922996	Prostate	0.9997107	Prostate	0.9999994	Prostate	0.99822044	Prostate	0.9999966	Prostate	0.9995426	Prostate	0.99989575	Prostate	0.99980384	Prostate	0.9997196	Prostate	0.999387	Prostate	0.9997591	Prostate	0.9996967	Prostate	0.9994936	Prostate	0.9995693	Prostate	0.99971443	Prostate	1.0	Prostate	0.9268919	Prostate	0.999044	Prostate	0.99993366	Prostate	0.99930775	Prostate	0.9997266	Prostate	0.9980725	Prostate	0.99473965
MO_1421-poly-SI_9310-C5N2AANXX	MO_1421	Prostate	bone_marrow	0.31295419836548916	Prostate	0.36524305	Prostate	0.6626819	Sarcoma	0.5675131	Prostate	0.59428436	Prostate	0.90335596	Prostate	0.6000141	Prostate	0.8201002	Prostate	0.7193284	Prostate	0.57446915	Prostate	0.6214355	Prostate	0.54964787	Prostate	0.6384974	Prostate	0.5319213	Prostate	0.60535365	Prostate	0.66570336	Breast	0.87441576	Sarcoma	0.41961083	Prostate	0.547789	Prostate	0.8349603	Prostate	0.643784	Prostate	0.46573743	Sarcoma	0.54019	Sarcoma	0.5668509
MO_1424-poly-SI_9376-C5N1GANXX	MO_1424	Breast	liver	0.01496921929175945	Breast	0.97377443	Breast	0.9999973	Breast	1.0	Breast	0.99984014	Breast	1.0	Breast	0.99997944	Breast	0.9999968	Breast	0.9999967	Breast	0.99999875	Breast	0.9995314	Breast	0.9999919	Breast	0.9999917	Breast	0.99998003	Breast	0.9999932	Breast	0.99999577	Breast	1.0	Breast	0.983884	Breast	0.99998766	Breast	0.9999991	Breast	0.9999703	Breast	0.99999756	Breast	0.9999595	Breast	0.9999904
MO_1425-poly-SI_9469-C5N19ANXX	MO_1425	Breast	lymph_node	0.0	Breast	0.9979624	Breast	0.99999744	Breast	1.0	Breast	0.99996704	Breast	1.0	Breast	0.99999017	Breast	0.99999785	Breast	0.9999971	Breast	0.9999988	Breast	0.99999464	Breast	0.99999344	Breast	0.99999523	Breast	0.99999475	Breast	0.9999959	Breast	0.99999464	Breast	1.0	Breast	0.9998234	Breast	0.9999954	Breast	0.9999994	Breast	0.99999106	Breast	0.9999994	Breast	0.9999697	Breast	0.99999267
MO_1426-poly-SI_9470-C5N19ANXX	MO_1426	Breast	brain	0.02812868228354795	Breast	0.9211745	Breast	0.98561156	Breast	0.84963536	Breast	0.97419	Breast	0.99969685	Breast	0.9792097	Breast	0.9846507	Breast	0.9835293	Breast	0.9739712	Breast	0.9861492	Breast	0.98106366	Breast	0.9832952	Breast	0.98600954	Breast	0.96391785	Breast	0.98403007	Breast	0.99990207	Breast	0.8998131	Breast	0.9398321	Breast	0.987179	Breast	0.97927123	Breast	0.99718386	Breast	0.98005694	Breast	0.98165256
MO_1427-poly-SI_9471-C5N19ANXX	MO_1427	Breast	soft_tissue	0.004873034750353095	Breast	0.9830934	Breast	0.9994893	Breast	0.99998176	Breast	0.997034	Breast	0.99999714	Breast	0.99893117	Breast	0.9992423	Breast	0.9990727	Breast	0.99917877	Breast	0.99921745	Breast	0.9993535	Breast	0.99928176	Breast	0.99771655	Breast	0.9986714	Breast	0.9990266	Breast	1.0	Breast	0.99454474	Breast	0.9973153	Breast	0.99943507	Breast	0.9968944	Breast	0.99929917	Breast	0.9989665	Breast	0.9989252
MO_1433-poly-SI_9663-C5N0MANXX	MO_1433	Lung	lymph_node	0.003749231592344578	Lung	0.7342906	Lung	0.91602427	Lung	0.8877579	Lung	0.8554649	Lung	0.9208071	Lung	0.9251138	Lung	0.9190211	Lung	0.89256877	Lung	0.89873207	Lung	0.94669104	Lung	0.84750193	Lung	0.9188336	Lung	0.9265546	Lung	0.90246016	Lung	0.9288757	Lung	0.9945544	Lung	0.8496252	Lung	0.9060687	Lung	0.90428656	Lung	0.7458081	Lung	0.931127	Lung	0.88578427	Lung	0.8420286
MO_1434-poly-SI_9664-C5N0MANXX	MO_1434	Adrenal	liver	0.013487324974185835	Adrenal	0.99592996	Adrenal	0.99999994	Adrenal	0.99999106	Adrenal	0.99999785	Adrenal	1.0	Adrenal	0.99999994	Adrenal	0.99999994	Adrenal	1.0	Adrenal	0.99999994	Adrenal	0.999998	Adrenal	0.99999994	Adrenal	0.99999994	Adrenal	0.9999998	Adrenal	0.99999994	Adrenal	0.99999994	Adrenal	1.0	Adrenal	0.99945325	Adrenal	0.9999996	Adrenal	1.0	Adrenal	0.99999976	Adrenal	1.0	Adrenal	0.9999997	Adrenal	0.9999997
MO_1435-poly-SI_9665-C5N0MANXX	MO_1435	Breast	liver	0.040919887312436926	Breast	0.92687154	Breast	0.999995	Breast	0.99997103	Breast	0.99988896	Breast	1.0	Breast	0.9999791	Breast	0.99999535	Breast	0.99999416	Breast	0.9999962	Breast	0.99444497	Breast	0.9999877	Breast	0.9999906	Breast	0.9999815	Breast	0.99999	Breast	0.99999344	Breast	1.0	Breast	0.96536374	Breast	0.99997634	Breast	0.99999833	Breast	0.9999698	Breast	0.99999756	Breast	0.9999582	Breast	0.9999718
MO_1437-poly-SI_9666-C5N0MANXX	MO_1437	Prostate	liver	0.08652828762619967	Liver	0.93995047	Liver	0.8244953	Liver	0.9999055	Liver	0.7341602	Liver	0.84160584	Liver	0.67216414	Liver	0.84986734	Liver	0.762674	Liver	0.48345664	Liver	0.9992816	Liver	0.6248199	Liver	0.5615557	Liver	0.7793769	Liver	0.830776	Liver	0.79764944	Adrenal	0.80123246	Liver	0.96625966	Liver	0.72692025	Liver	0.7576595	Liver	0.8558633	Brain	0.4951933	Liver	0.6819307	Liver	0.47428852
MO_1438-poly-SI_9862-C67VYANXX	MO_1438	Sarcoma	soft_tissue	0.08882516224578349	Sarcoma	0.8561085	Kidney	0.4911362	Sarcoma	0.9999728	Sarcoma	0.39301005	Kidney	0.484844	Sarcoma	0.59606934	Kidney	0.5262889	Kidney	0.631099	Kidney	0.46447822	Sarcoma	0.37089768	Kidney	0.5007128	Sarcoma	0.6718146	Sarcoma	0.39907834	Kidney	0.43234906	Kidney	0.34959686	Sarcoma	0.9751018	Sarcoma	0.93667144	Sarcoma	0.36299774	Adrenal	0.31976122	Kidney	0.66969305	Sarcoma	0.9368329	Sarcoma	0.6152818	Sarcoma	0.50089806
MO_1439-poly-SI_9737-C5N0KANXX	MO_1439	Breast	liver	0.0	Breast	0.5364637	Breast	0.93068796	Esophagus	0.82377774	Breast	0.9381983	Breast	0.9939991	Breast	0.9717113	Breast	0.92534167	Breast	0.9231511	Breast	0.9375603	Breast	0.96408045	Breast	0.8957088	Breast	0.9690676	Breast	0.96753037	Breast	0.94117177	Breast	0.9423099	Breast	0.9999897	Esophagus	0.5281162	Breast	0.73105276	Breast	0.96334285	Breast	0.9195561	Breast	0.9365269	Breast	0.9424121	Breast	0.8720684
MO_1442-poly-SI_9791-C5N31ANXX	MO_1442	Adrenal	soft_tissue	0.0	Adrenal	0.9995418	Adrenal	0.9999999	Adrenal	1.0	Adrenal	0.9999943	Adrenal	1.0	Adrenal	0.99999976	Adrenal	0.9999999	Adrenal	0.99999994	Adrenal	0.9999998	Adrenal	0.9999997	Adrenal	0.9999999	Adrenal	0.9999997	Adrenal	0.9999997	Adrenal	0.99999964	Adrenal	0.9999999	Adrenal	1.0	Adrenal	0.9999229	Adrenal	0.9999994	Adrenal	1.0	Adrenal	0.99999785	Adrenal	0.9999999	Adrenal	0.9999984	Adrenal	0.9999984
MO_1443-capt-SI_9798-C5N31ANXX	MO_1443	Prostate	bone_marrow	0.006715128713236503	Sarcoma	0.53501195	Prostate	0.8538138	Sarcoma	0.9435464	Prostate	0.78469366	Prostate	0.97987723	Prostate	0.6927758	Prostate	0.9399469	Prostate	0.896484	Prostate	0.8898596	Prostate	0.79089284	Prostate	0.8010559	Prostate	0.82415354	Prostate	0.7500944	Prostate	0.83148646	Prostate	0.8498539	Breast	0.6308721	Sarcoma	0.6580847	Prostate	0.8215654	Prostate	0.9566796	Prostate	0.55757236	Prostate	0.64147294	Prostate	0.58193296	Sarcoma	0.46801588
MO_1444-poly-SI_9792-C5N31ANXX	MO_1444	Breast	soft_tissue	0.0063763006813796624	Breast	0.9824215	Breast	0.99999434	Breast	1.0	Breast	0.9998709	Breast	1.0	Breast	0.9999818	Breast	0.99999475	Breast	0.9999952	Breast	0.9999935	Breast	0.99999046	Breast	0.9999896	Breast	0.99998945	Breast	0.99998474	Breast	0.9999855	Breast	0.99999213	Breast	1.0	Breast	0.9988396	Breast	0.9999782	Breast	0.9999983	Breast	0.99998754	Breast	0.9999777	Breast	0.9999539	Breast	0.99999
MO_1446-poly-SI_9863-C67VYANXX	MO_1446	Prostate	bone_marrow	0.05623576048488289	Bladder	0.49378422	Cervix	0.7204119	Cervix	0.5344299	Cervix	0.5835115	Bladder	0.7034473	Cervix	0.6215232	Cervix	0.6831845	Cervix	0.76370686	Cervix	0.79164916	Cervix	0.5925198	Cervix	0.7836432	Cervix	0.73579264	Cervix	0.81928784	Cervix	0.72063065	Cervix	0.79264754	Cervix	0.8602866	Cervix	0.73904175	Cervix	0.82086825	Cervix	0.717896	Cervix	0.98902184	Cervix	0.6046058	Cervix	0.6754737	Cervix	0.61614007
MO_1447-poly-SI_9793-C5N31ANXX	MO_1447	Prostate	lymph_node	0.0	Prostate	0.9918243	Prostate	0.99999154	Prostate	1.0	Prostate	0.9999274	Prostate	0.99999994	Prostate	0.9999873	Prostate	0.9999983	Prostate	0.99999475	Prostate	0.99998623	Prostate	0.9999747	Prostate	0.99999213	Prostate	0.9999925	Prostate	0.99998397	Prostate	0.9999842	Prostate	0.9999946	Prostate	1.0	Prostate	0.99759567	Prostate	0.9999622	Prostate	0.99999875	Prostate	0.99997985	Prostate	0.9999934	Prostate	0.9999088	Prostate	0.9992172
MO_1448-poly-SI_9794-C5N31ANXX	MO_1448	Biliary	liver	0.05855149380250088	Biliary	0.96273124	Biliary	0.9997671	Biliary	0.99994373	Biliary	0.9991892	Biliary	0.99997896	Biliary	0.99983984	Biliary	0.9998586	Biliary	0.9996117	Biliary	0.9997635	Biliary	0.998423	Biliary	0.99957365	Biliary	0.9997464	Biliary	0.99968135	Biliary	0.9996376	Biliary	0.9998589	Biliary	0.999998	Biliary	0.9854962	Biliary	0.99951226	Biliary	0.9998356	Biliary	0.99990416	Biliary	0.9998875	Biliary	0.99956006	Biliary	0.99909097
MO_1449-poly-SI_9795-C5N31ANXX	MO_1449	Sarcoma	lung	0.03191862442589243	Sarcoma	0.98713344	Sarcoma	0.99848485	Sarcoma	0.9998501	Sarcoma	0.9941776	Sarcoma	0.99936324	Sarcoma	0.99914175	Sarcoma	0.9990132	Sarcoma	0.99822944	Sarcoma	0.9985833	Sarcoma	0.9982188	Sarcoma	0.9990908	Sarcoma	0.9995185	Sarcoma	0.9976747	Sarcoma	0.99896276	Sarcoma	0.99897367	Sarcoma	0.9999981	Sarcoma	0.99760395	Sarcoma	0.99156356	Sarcoma	0.99881595	Sarcoma	0.9990245	Sarcoma	0.99970937	Sarcoma	0.99795187	Sarcoma	0.9960194
MO_1452-poly-SI_9864-C67VYANXX	MO_1452	Ovary	lymph_node	0.05334719185118087	Ovary	0.9742183	Ovary	0.99927974	Ovary	0.9999223	Ovary	0.995882	Ovary	0.9999113	Ovary	0.9989489	Ovary	0.9993952	Ovary	0.9994075	Ovary	0.9983755	Ovary	0.9992897	Ovary	0.9982212	Ovary	0.9987111	Ovary	0.99886024	Ovary	0.99891514	Ovary	0.99872786	Ovary	0.99961936	Ovary	0.9722593	Ovary	0.99795634	Ovary	0.99941814	Ovary	0.99933183	Ovary	0.9983383	Ovary	0.99740857	Ovary	0.99673027
MO_1453-poly-SI_9918-C6EJUANXX	MO_1453	HeadNeck	lymph_node	0.0	HeadNeck	0.8885208	Esophagus	0.7900335	HeadNeck	0.99922514	Esophagus	0.60953385	Esophagus	0.7038858	Esophagus	0.70643777	Esophagus	0.76664656	Esophagus	0.8288906	Esophagus	0.8291699	Esophagus	0.7431884	Esophagus	0.6733775	HeadNeck	0.8024867	Esophagus	0.7781976	Esophagus	0.83519685	Esophagus	0.79809946	Esophagus	0.9954965	HeadNeck	0.9070006	Esophagus	0.8483763	Esophagus	0.7643031	Esophagus	0.5903153	HeadNeck	0.83249027	Esophagus	0.6678657	Esophagus	0.63419664
MO_1454-poly-SI_9919-C6EJUANXX	MO_1454	Breast	liver	0.0657206591894683	Liver	0.6806435	Breast	0.9999682	Liver	0.9939891	Breast	0.9984761	Breast	0.99999994	Breast	0.99969536	Breast	0.9999533	Breast	0.9999713	Breast	0.99998546	Liver	0.9541116	Breast	0.99993086	Breast	0.9999003	Breast	0.9997876	Breast	0.9998882	Breast	0.9999558	Breast	1.0	Liver	0.9489116	Breast	0.9997524	Breast	0.99998444	Breast	0.9976149	Breast	0.9999769	Breast	0.9997062	Breast	0.9998805
MO_1455-poly-SI_9985-C6EL5ANXX	MO_1455	Breast	bone_marrow	0.0	Breast	0.9986152	Breast	0.99999946	Breast	1.0	Breast	0.9999814	Breast	1.0	Breast	0.99999833	Breast	0.99999946	Breast	0.9999994	Breast	0.9999998	Breast	0.99999887	Breast	0.99999875	Breast	0.999999	Breast	0.99999905	Breast	0.9999985	Breast	0.9999992	Breast	1.0	Breast	0.999959	Breast	0.99999887	Breast	0.9999999	Breast	0.9999923	Breast	0.99999994	Breast	0.99999744	Breast	0.99999934
MO_1459-poly-SI_9987-C6EL5ANXX	MO_1459	Esophagus	lymph_node	0.005719669864569877	Stomach	0.43349776	Stomach	0.579636	Stomach	0.91938436	Stomach	0.44102067	Stomach	0.54137504	Esophagus	0.41880116	Stomach	0.5845063	Stomach	0.46411386	Stomach	0.5499195	Esophagus	0.44858894	Stomach	0.6234249	Stomach	0.42676786	Esophagus	0.4154431	Stomach	0.47107208	Stomach	0.5575342	Stomach	0.9999472	Stomach	0.47134063	Stomach	0.62344784	Stomach	0.59373987	Esophagus	0.8334473	Esophagus	0.71168905	Stomach	0.589756	Stomach	0.49766874
MO_1460-poly-SI_9988-C6EL5ANXX	MO_1460	Prostate	liver	0.10534569862746546	Liver	0.9576805	Lung	0.7829314	Liver	0.9999914	Lung	0.5050597	Lung	0.9809878	Lung	0.6333008	Lung	0.7935481	Lung	0.8089495	Lung	0.8563151	Liver	0.99939805	Lung	0.661469	Lung	0.81427366	Lung	0.7053911	Lung	0.7026811	Lung	0.76067454	Bladder	0.786802	Liver	0.9852785	Lung	0.9560601	Lung	0.7067983	Lung	0.77997786	Lung	0.8976611	Lung	0.7752384	Lung	0.6745969
MO_1462-poly-SI_10140-C6EHCANXX	MO_1462	Liver	liver	0.18388917240494745	Liver	0.9614355	Liver	0.9991178	Liver	0.9990293	Liver	0.99360013	Liver	0.9999688	Liver	0.99778694	Liver	0.9987877	Liver	0.99844366	Liver	0.99859375	Liver	0.9963557	Liver	0.9988206	Liver	0.9989292	Liver	0.9987499	Liver	0.99834514	Liver	0.9978275	Liver	0.99999577	Liver	0.9660177	Liver	0.99752873	Liver	0.99893445	Liver	0.9884736	Liver	0.9989391	Liver	0.99569964	Liver	0.99604404
MO_1464-poly-SI_10255-HBGT3ADXX	MO_1464	Ovary	lung	0.0028953534647279053	Ovary	0.97498304	Ovary	0.9998434	Ovary	0.99999994	Ovary	0.9993487	Ovary	0.99999213	Ovary	0.99975914	Ovary	0.99973005	Ovary	0.9998238	Ovary	0.9998818	Ovary	0.9997451	Ovary	0.9996225	Ovary	0.9996745	Ovary	0.9998413	Ovary	0.99975634	Ovary	0.9998455	Ovary	0.99995124	Ovary	0.99291134	Ovary	0.99880207	Ovary	0.9998525	Ovary	0.9997219	Ovary	0.9996646	Ovary	0.99804986	Ovary	0.9989556
MO_1465-capt-SI_10326-C6EHAANXX	MO_1465	Brain	brain	0.1871986239865006	Brain	0.9960059	Brain	0.9999917	Brain	1.0	Brain	0.9996698	Brain	1.0	Brain	0.99995667	Brain	0.999991	Brain	0.99998355	Brain	0.99999994	Brain	0.9999653	Brain	0.99998266	Brain	0.999963	Brain	0.99990535	Brain	0.999956	Brain	0.999982	Brain	0.9999998	Brain	0.99987507	Brain	0.9999589	Brain	0.99998385	Brain	0.9999662	Brain	0.99999964	Brain	0.99988806	Brain	0.9999251
MO_1466-poly-SI_10308-C6EHAANXX	MO_1466	Pancreas	liver	0.029669168101093428	Pancreas	0.8430325	Pancreas	0.9337973	Pancreas	0.9751917	Pancreas	0.9193466	Pancreas	0.99625134	Pancreas	0.9476979	Pancreas	0.96912444	Pancreas	0.9751218	Pancreas	0.9903377	Pancreas	0.82981265	Pancreas	0.9381954	Pancreas	0.9412504	Pancreas	0.9683516	Pancreas	0.90784985	Pancreas	0.952922	Pancreas	0.9999995	Pancreas	0.97959334	Pancreas	0.95597494	Pancreas	0.9959206	Pancreas	0.99437416	Pancreas	0.9901911	Pancreas	0.9853886	Pancreas	0.9879543
MO_1469-poly-SI_10311-C6EHAANXX	MO_1469	Prostate	soft_tissue	0.0	Stomach	0.24471352	Esophagus	0.4033429	Stomach	0.8797679	Uterus	0.24850455	Stomach	0.45529667	Esophagus	0.3196575	Esophagus	0.4816048	Esophagus	0.3495418	Esophagus	0.6155675	Esophagus	0.42357025	Stomach	0.31904894	Esophagus	0.35342062	Esophagus	0.25453344	Esophagus	0.34352607	Esophagus	0.40367004	Stomach	0.6150247	Esophagus	0.33780402	Stomach	0.31146526	Stomach	0.48528844	Uterus	0.25866815	Esophagus	0.37496608	Esophagus	0.3412761	Esophagus	0.45061556
MO_1472-poly-SI_10658-C6UPRANXX	MO_1472	Prostate	lymph_node	0.0	Prostate	0.95679986	Prostate	0.9997707	Prostate	0.9999981	Prostate	0.99857086	Prostate	0.9999967	Prostate	0.9996787	Prostate	0.9999258	Prostate	0.99986994	Prostate	0.9997096	Prostate	0.9995757	Prostate	0.99974245	Prostate	0.99975806	Prostate	0.99959105	Prostate	0.99956244	Prostate	0.99985343	Prostate	1.0	Prostate	0.962274	Prostate	0.9986104	Prostate	0.99995166	Prostate	0.9996311	Prostate	0.9997698	Prostate	0.99814904	Prostate	0.9914289
MO_1473-capt-SI_10611-C6JKTANXX	MO_1473	Prostate	bone_marrow	0.00322310479051902	Prostate	0.9893929	Prostate	0.99995637	Prostate	1.0	Prostate	0.9996048	Prostate	0.99999964	Prostate	0.9999288	Prostate	0.99998546	Prostate	0.9999707	Prostate	0.9998834	Prostate	0.9998915	Prostate	0.99996215	Prostate	0.9999617	Prostate	0.9999105	Prostate	0.9999341	Prostate	0.9999691	Prostate	1.0	Prostate	0.9935659	Prostate	0.99982387	Prostate	0.9999913	Prostate	0.99975765	Prostate	0.99996203	Prostate	0.9996014	Prostate	0.9982592
MO_1474-capt-SI_10595-C6JKTANXX	MO_1474	Breast	lung	0.0	Sarcoma	0.5610406	Sarcoma	0.9304942	Lung	0.3294939	Sarcoma	0.8170013	Sarcoma	0.9123533	Sarcoma	0.93405545	Sarcoma	0.9145326	Sarcoma	0.9042529	Sarcoma	0.8975895	Sarcoma	0.91844934	Sarcoma	0.75602925	Sarcoma	0.880712	Sarcoma	0.9368859	Sarcoma	0.94254947	Sarcoma	0.9402241	Breast	0.5051258	Sarcoma	0.66222596	Sarcoma	0.90035504	Sarcoma	0.9391563	Sarcoma	0.7696285	Sarcoma	0.8812509	Sarcoma	0.884472	Sarcoma	0.88978046
MO_1475-capt-SI_10740-C6UUJANXX	MO_1475	Sarcoma	lung	0.3895495427414315	Lung	0.8017574	Lung	0.41669363	Lung	0.9999971	Lung	0.4465373	Lung	0.3736463	Lung	0.51632243	Lung	0.5904046	Lung	0.5314284	Lung	0.68915516	Lung	0.45769876	Mesothelioma	0.6661453	Lung	0.5181395	Lung	0.5456243	Lung	0.5293374	Lung	0.45231086	Lung	0.9438471	Lung	0.97854	Lung	0.5079041	Lung	0.43579054	Mesothelioma	0.4470203	Lung	0.9396623	Lung	0.59971815	Lung	0.5287341
MO_1476-poly-SI_10659-C6UPRANXX	MO_1476	HeadNeck	liver	0.0	Esophagus	0.6577347	Esophagus	0.947967	Bladder	0.9726264	Esophagus	0.88164437	Esophagus	0.83291197	Esophagus	0.95006806	Esophagus	0.96856016	Esophagus	0.9627883	Esophagus	0.95611453	Esophagus	0.9716993	Esophagus	0.95820093	Esophagus	0.926799	Esophagus	0.9564042	Esophagus	0.9504203	Esophagus	0.95045286	Esophagus	0.9969023	Esophagus	0.88445604	Esophagus	0.8546439	Esophagus	0.96286595	Esophagus	0.9799794	Esophagus	0.9647519	Esophagus	0.92398304	Esophagus	0.8545458
MO_1477-poly-SI_10660-C6UPRANXX	MO_1477	Esophagus	liver	0.09251363210573274	Liver	0.92639947	Stomach	0.81789875	Liver	0.9969087	Stomach	0.5670939	Stomach	0.8145023	Stomach	0.7017197	Stomach	0.70405394	Stomach	0.7529077	Stomach	0.6053363	Liver	0.98936886	Stomach	0.70423716	Stomach	0.69014823	Stomach	0.571318	Stomach	0.70737994	Stomach	0.83229417	Uterus	0.55261326	Liver	0.9815436	Stomach	0.36284533	Stomach	0.7355274	Stomach	0.36624146	Stomach	0.37647197	Stomach	0.52163094	Stomach	0.49269876
MO_1478-capt-SI_10741-C6UUJANXX	MO_1478	Pancreas	lymph_node	0.01190131060551876	Liver	0.2338532	Stomach	0.6467184	Stomach	0.5347287	Stomach	0.41593844	Stomach	0.5835125	Stomach	0.5679746	Stomach	0.5430641	Stomach	0.6226749	Stomach	0.67101324	Stomach	0.53192157	Stomach	0.67606443	Stomach	0.47179833	Stomach	0.3897632	Stomach	0.538807	Stomach	0.55958825	Stomach	0.83174187	Biliary	0.2976037	Stomach	0.2969342	Stomach	0.69449914	Stomach	0.39012793	Esophagus	0.4802493	Esophagus	0.4033789	Stomach	0.3845338
MO_1479-poly-SI_10778-C6UV0ANXX	MO_1479	Sarcoma	lung	0.007689454463337562	Sarcoma	0.8421156	Sarcoma	0.98700297	Sarcoma	0.99930793	Sarcoma	0.95875156	Sarcoma	0.99458516	Sarcoma	0.98677677	Sarcoma	0.98732823	Sarcoma	0.9834809	Sarcoma	0.98214126	Sarcoma	0.9866289	Sarcoma	0.9445319	Sarcoma	0.99401647	Sarcoma	0.9898491	Sarcoma	0.98444915	Sarcoma	0.98926735	Sarcoma	0.99775934	Sarcoma	0.9568905	Sarcoma	0.9708385	Sarcoma	0.98636365	Sarcoma	0.94411653	Sarcoma	0.98506737	Sarcoma	0.9748567	Sarcoma	0.97792596
MO_1480-poly-SI_10779-C6UV0ANXX	MO_1480	Esophagus	liver	0.0	Lung	0.45707595	Lung	0.8759592	Cervix	0.5566963	Lung	0.7366117	Lung	0.9911116	Lung	0.8661615	Lung	0.8964358	Lung	0.8977751	Lung	0.8705146	Lung	0.8327881	Lung	0.76667887	Lung	0.8210201	Lung	0.82719237	Lung	0.8471477	Lung	0.9256482	Lung	0.99216825	Lung	0.62655133	Lung	0.8465354	Lung	0.93082964	Lung	0.59108543	Lung	0.95723534	Lung	0.87101144	Lung	0.8241387
MO_1482-poly-SI_11763-C7G8TANXX	MO_1482	Prostate	liver	0.0015825223248889229	Cervix	0.3570395	Cervix	0.79661196	Bladder	0.79547125	Cervix	0.725798	Lung	0.41843814	Cervix	0.8814196	Cervix	0.75067014	Cervix	0.8241871	Cervix	0.6111355	Cervix	0.81586206	Cervix	0.8391955	Cervix	0.8176625	Cervix	0.857866	Cervix	0.8759294	Cervix	0.8351169	Bladder	0.97691625	Cervix	0.64910775	Cervix	0.76125616	Cervix	0.63230443	Cervix	0.80748904	Cervix	0.41064042	Cervix	0.7595742	Cervix	0.7403221
MO_1483-poly-SI_10841-C6URJANXX	MO_1483	Sarcoma	lung	0.0	Sarcoma	0.93022674	Sarcoma	0.99961036	Sarcoma	0.98742306	Sarcoma	0.9978746	Sarcoma	0.99994755	Sarcoma	0.9996159	Sarcoma	0.99950284	Sarcoma	0.99935526	Sarcoma	0.9995519	Sarcoma	0.9996135	Sarcoma	0.99784094	Sarcoma	0.9995134	Sarcoma	0.99948126	Sarcoma	0.9993321	Sarcoma	0.9995044	Sarcoma	0.99999845	Sarcoma	0.98379683	Sarcoma	0.99927235	Sarcoma	0.99978644	Sarcoma	0.9980431	Sarcoma	0.9995745	Sarcoma	0.99948305	Sarcoma	0.99924004
MO_1485-poly-SI_10916-C6V1TANXX	MO_1485	Biliary	liver	0.0	Biliary	0.7929633	Biliary	0.9864994	Lung	0.5216103	Biliary	0.98077404	Biliary	0.9987399	Biliary	0.9915821	Biliary	0.9822929	Biliary	0.97553265	Biliary	0.9752869	Biliary	0.9880909	Biliary	0.98209924	Biliary	0.9894565	Biliary	0.98623407	Biliary	0.98250884	Biliary	0.99191445	Biliary	0.51145506	Biliary	0.70402604	Biliary	0.9608218	Biliary	0.9853956	Biliary	0.98730993	Biliary	0.71121126	Biliary	0.96041036	Biliary	0.9433314
MO_1486-poly-SI_10983-C6UWKANXX	MO_1486	Pancreas	liver	0.0	Lung	0.46640983	Lung	0.93724936	Bladder	0.64080983	Lung	0.9345201	Lung	0.96140486	Lung	0.9283764	Lung	0.8779869	Lung	0.92983246	Lung	0.8349172	Lung	0.96523917	Lung	0.72646207	Lung	0.97129	Lung	0.9807245	Lung	0.9348786	Lung	0.90960294	Lung	0.99600697	Lung	0.4686572	Lung	0.94394857	Lung	0.87139976	Lung	0.9168801	Lung	0.9280104	Lung	0.8900204	Lung	0.7966446
MO_1489-poly-SI_11002-C6T3EANXX	MO_1489	HeadNeck	liver	0.0	Lung	0.752103	Lung	0.9716354	Cervix	0.9236769	Lung	0.93350005	Lung	0.99328935	Lung	0.9718733	Lung	0.9595319	Lung	0.9626798	Lung	0.9486813	Lung	0.97966635	Lung	0.91552866	Lung	0.970287	Lung	0.9484401	Lung	0.95532984	Lung	0.9581344	Lung	0.96005267	Lung	0.7592221	Lung	0.9368236	Lung	0.9134475	Lung	0.9441489	Lung	0.8902414	Lung	0.9056911	Lung	0.8228416
MO_1490-capt-SI_11088-C6PF4ANXX	MO_1490	Prostate	bone_marrow	0.02175075879647203	Prostate	0.97529435	Prostate	0.99984974	Prostate	0.9999998	Prostate	0.9992013	Prostate	0.99999774	Prostate	0.9997556	Prostate	0.9999513	Prostate	0.9999207	Prostate	0.999804	Prostate	0.99971193	Prostate	0.99984455	Prostate	0.9998644	Prostate	0.99970555	Prostate	0.9997639	Prostate	0.99987376	Prostate	1.0	Prostate	0.98144925	Prostate	0.99934036	Prostate	0.9999673	Prostate	0.99918073	Prostate	0.9999396	Prostate	0.99912125	Prostate	0.9959506
MO_1492-poly-SI_11081-HKM5WADXX	MO_1492	Prostate	soft_tissue	0.0	Prostate	0.9848438	Prostate	0.99996066	Prostate	1.0	Prostate	0.99951077	Prostate	0.9999994	Prostate	0.99992114	Prostate	0.9999899	Prostate	0.999975	Prostate	0.99987864	Prostate	0.9998182	Prostate	0.9999647	Prostate	0.99994767	Prostate	0.9998907	Prostate	0.9999357	Prostate	0.99997544	Prostate	1.0	Prostate	0.9898632	Prostate	0.9997999	Prostate	0.9999924	Prostate	0.9994151	Prostate	0.99990726	Prostate	0.99970007	Prostate	0.996478
MO_1493-capt-SI_11089-C6T5LANXX	MO_1493	Esophagus	soft_tissue	0.0016516161152072535	Colorectal	0.8159114	Colorectal	0.95614576	Colorectal	0.99560285	Colorectal	0.9416838	Colorectal	0.9962651	Colorectal	0.9788115	Colorectal	0.9648189	Colorectal	0.9620069	Colorectal	0.9607394	Colorectal	0.9724465	Colorectal	0.96409565	Colorectal	0.9754714	Colorectal	0.9790163	Colorectal	0.96790326	Colorectal	0.96438223	Colorectal	0.99998206	Colorectal	0.8370624	Colorectal	0.9196054	Colorectal	0.96179366	Colorectal	0.80800974	Colorectal	0.95718914	Colorectal	0.9633357	Colorectal	0.9594416
MO_1494-poly-SI_11082-C6PF4ANXX	MO_1494	Pancreas	liver	0.3362630052699878	Liver	0.8364232	Bladder	0.81823266	Liver	0.9956553	Bladder	0.59268963	Bladder	0.6398798	Bladder	0.81928617	Bladder	0.79708874	Bladder	0.75905997	Bladder	0.80413157	Liver	0.9543386	Bladder	0.78872657	Bladder	0.6501966	Bladder	0.6707677	Bladder	0.79945195	Bladder	0.87685055	Lung	0.90525395	Liver	0.94485223	Bladder	0.7809897	Bladder	0.735032	Bladder	0.44486058	Lung	0.51794523	Bladder	0.70292073	Bladder	0.6590203
MO_1495-poly-SI_11204-C6UYMANXX	MO_1495	Breast	liver	0.03302382388944805	Liver	0.96177995	Breast	0.99924946	Liver	0.99995077	Breast	0.99394196	Breast	0.999995	Breast	0.9979983	Breast	0.99899685	Breast	0.99915034	Breast	0.99992055	Liver	0.99908984	Breast	0.99858665	Breast	0.99879193	Breast	0.99702936	Breast	0.997672	Breast	0.9992832	Breast	1.0	Liver	0.99888414	Breast	0.99242026	Breast	0.99955523	Breast	0.9637741	Breast	0.99931127	Breast	0.9963104	Breast	0.9989898
MO_1496-poly-SI_11298-C6V1BANXX	MO_1496	Prostate	lymph_node	0.0	Prostate	0.9908017	Prostate	0.999997	Prostate	1.0	Prostate	0.9999451	Prostate	1.0	Prostate	0.9999944	Prostate	0.99999934	Prostate	0.9999984	Prostate	0.99999267	Prostate	0.9999884	Prostate	0.999997	Prostate	0.9999961	Prostate	0.99999285	Prostate	0.9999933	Prostate	0.999998	Prostate	1.0	Prostate	0.99778193	Prostate	0.9999838	Prostate	0.99999964	Prostate	0.9999981	Prostate	0.99999577	Prostate	0.99996865	Prostate	0.9997332
MO_1499-capt-SI_11315-C6V1BANXX	MO_1499	Prostate	bone_marrow	0.0	Prostate	0.98551756	Prostate	0.9999798	Prostate	0.9999999	Prostate	0.99975055	Prostate	0.9999999	Prostate	0.9999586	Prostate	0.99999326	Prostate	0.9999865	Prostate	0.9999735	Prostate	0.99994767	Prostate	0.99997944	Prostate	0.9999746	Prostate	0.9999479	Prostate	0.9999556	Prostate	0.99998474	Prostate	1.0	Prostate	0.99533653	Prostate	0.9999012	Prostate	0.9999964	Prostate	0.99994004	Prostate	0.9999834	Prostate	0.9998034	Prostate	0.99904287
MO_1500-poly-SI_11299-C6V1BANXX	MO_1500	Esophagus	liver	0.05333540794906857	Biliary	0.47733667	Esophagus	0.6424782	Liver	0.5491108	Esophagus	0.56691176	Esophagus	0.86127573	Esophagus	0.62923676	Esophagus	0.6290114	Esophagus	0.6770013	Esophagus	0.5662829	Liver	0.6355414	Esophagus	0.5455277	Esophagus	0.6668673	Esophagus	0.5198841	Esophagus	0.62913543	Esophagus	0.5526646	Stomach	0.9973379	Biliary	0.47807023	Esophagus	0.48720074	Esophagus	0.6634388	Stomach	0.41036564	Stomach	0.60189146	Esophagus	0.46626768	Esophagus	0.57936525
MO_1503-capt-SI_11316-C6UY8ANXX	MO_1503	Breast	lymph_node	0.0003350959740112721	Breast	0.9652168	Breast	0.9904104	Breast	0.9999863	Breast	0.9850993	Breast	0.99981546	Breast	0.9911614	Breast	0.9872643	Breast	0.9858108	Breast	0.98508793	Breast	0.99063265	Breast	0.99069345	Breast	0.99184215	Breast	0.99514204	Breast	0.9836712	Breast	0.9882439	Breast	0.9999881	Breast	0.9842807	Breast	0.9833521	Breast	0.9949717	Breast	0.99361753	Breast	0.99891746	Breast	0.9928207	Breast	0.9946643
MO_1506-capt-SI_11423-HV75LADXX	MO_1506	Esophagus	lymph_node	0.0	Stomach	0.90978724	Stomach	0.971982	Stomach	0.99954265	Stomach	0.9264649	Stomach	0.98515844	Stomach	0.9795454	Stomach	0.96531475	Stomach	0.9607769	Stomach	0.9496224	Stomach	0.9663542	Stomach	0.9847466	Stomach	0.97568953	Stomach	0.9608313	Stomach	0.9757104	Stomach	0.9756645	Stomach	0.99989045	Stomach	0.97030914	Stomach	0.98339075	Stomach	0.9780978	Stomach	0.9009426	Stomach	0.88233733	Stomach	0.96607184	Stomach	0.94577485
MO_1509-capt-SI_11425-HV7YWADXX	MO_1509	Breast	bone_marrow	0.0	Breast	0.90569884	Breast	0.9744225	Breast	0.99966246	Breast	0.9736326	Breast	0.998292	Breast	0.985832	Breast	0.9691442	Breast	0.9684277	Breast	0.99129266	Breast	0.98671687	Breast	0.9719764	Breast	0.98338133	Breast	0.99527293	Breast	0.9792766	Breast	0.9672936	Breast	0.9999999	Breast	0.9280496	Breast	0.9740638	Breast	0.9609438	Breast	0.84592897	Breast	0.99269384	Breast	0.96116173	Breast	0.984684
MO_1510-poly-SI_11361-C6UVMANXX	MO_1510	Prostate	lymph_node	0.0	Prostate	0.9870686	Prostate	0.9999778	Prostate	1.0	Prostate	0.9997816	Prostate	0.9999998	Prostate	0.99996096	Prostate	0.99999464	Prostate	0.99998736	Prostate	0.9999763	Prostate	0.9999333	Prostate	0.99997777	Prostate	0.99997634	Prostate	0.999951	Prostate	0.9999515	Prostate	0.9999822	Prostate	1.0	Prostate	0.9963035	Prostate	0.9998895	Prostate	0.99999624	Prostate	0.9996456	Prostate	0.9999776	Prostate	0.99976975	Prostate	0.99852806
MO_1511-poly-SI_11362-C6UVMANXX	MO_1511	Prostate	lymph_node	0.0506996358530332	Prostate	0.9780342	Prostate	0.99994135	Prostate	0.99999946	Prostate	0.9995856	Prostate	0.9999993	Prostate	0.9999271	Prostate	0.9999771	Prostate	0.9999656	Prostate	0.999849	Prostate	0.9998755	Prostate	0.99993473	Prostate	0.99994123	Prostate	0.99991435	Prostate	0.9999081	Prostate	0.9999646	Prostate	1.0	Prostate	0.9899161	Prostate	0.99968886	Prostate	0.9999881	Prostate	0.9999642	Prostate	0.99993414	Prostate	0.99937016	Prostate	0.9982391
MO_1513-capt-SI_11383-HVGHMADXX	MO_1513	Breast	liver	0.08857213527731607	Liver	0.9877034	Breast	0.9997646	Liver	0.99999833	Breast	0.98943496	Breast	0.99999887	Breast	0.9983134	Breast	0.9997235	Breast	0.9997403	Breast	0.99986255	Liver	0.99987304	Breast	0.999538	Breast	0.99931204	Breast	0.9979503	Breast	0.99950457	Breast	0.99973303	Breast	1.0	Liver	0.99803174	Breast	0.9986525	Breast	0.9998872	Breast	0.9834984	Breast	0.9995193	Breast	0.99845374	Breast	0.99866426
MO_1514-poly-SI_11363-C6UVMANXX	MO_1514	Prostate	lymph_node	0.06755996809335695	Prostate	0.99006474	Prostate	0.9999977	Prostate	1.0	Prostate	0.9999492	Prostate	1.0	Prostate	0.99999535	Prostate	0.9999995	Prostate	0.9999987	Prostate	0.9999945	Prostate	0.99998784	Prostate	0.9999964	Prostate	0.99999666	Prostate	0.9999935	Prostate	0.9999939	Prostate	0.9999986	Prostate	1.0	Prostate	0.9969733	Prostate	0.99998295	Prostate	0.99999964	Prostate	0.99999094	Prostate	0.99999654	Prostate	0.99994296	Prostate	0.9992378
MO_1515-poly-SI_11431-HVGHMADXX	MO_1515	Breast	liver	0.0	Breast	0.98425984	Breast	0.999987	Breast	0.99999994	Breast	0.99976784	Breast	1.0	Breast	0.9999432	Breast	0.99998724	Breast	0.99998677	Breast	0.99998677	Breast	0.9999587	Breast	0.99994737	Breast	0.9999737	Breast	0.9999496	Breast	0.99996126	Breast	0.99997634	Breast	1.0	Breast	0.99230903	Breast	0.9999397	Breast	0.99999636	Breast	0.9998393	Breast	0.9999819	Breast	0.9998579	Breast	0.9998961
MO_1516-poly-SI_11432-HVGHMADXX	MO_1516	Breast	liver	0.21754480237678675	Liver	0.99228144	Breast	0.9999777	Liver	0.9999999	Breast	0.9983021	Breast	0.99999994	Breast	0.9997703	Breast	0.99995774	Breast	0.999974	Breast	0.99999046	Liver	0.9998761	Breast	0.9999528	Breast	0.99991673	Breast	0.9997756	Breast	0.9999081	Breast	0.99997056	Breast	1.0	Liver	0.99958026	Breast	0.9996205	Breast	0.9999894	Breast	0.99753934	Breast	0.9999896	Breast	0.99979323	Breast	0.9998922
MO_1517-capt-SI_11440-C6UVMANXX	MO_1517	Prostate	adrenal	0.012912048157196177	Prostate	0.9931597	Prostate	0.9999963	Prostate	1.0	Prostate	0.9999553	Prostate	1.0	Prostate	0.9999943	Prostate	0.99999917	Prostate	0.9999979	Prostate	0.9999942	Prostate	0.99998736	Prostate	0.9999971	Prostate	0.9999959	Prostate	0.9999911	Prostate	0.99999136	Prostate	0.99999726	Prostate	1.0	Prostate	0.99873585	Prostate	0.9999829	Prostate	0.9999995	Prostate	0.999993	Prostate	0.99999446	Prostate	0.9999588	Prostate	0.9997271
MO_1520-capt-SI_11518-C7A2UANXX	MO_1520	Esophagus	soft_tissue	0.09524349852012237	Testis	0.34724742	Esophagus	0.47756702	Esophagus	0.576603	Esophagus	0.39299154	Esophagus	0.5397667	Esophagus	0.3845491	Esophagus	0.43028724	Esophagus	0.45559657	Esophagus	0.50822616	Esophagus	0.44534934	Esophagus	0.4362082	Esophagus	0.36363602	Esophagus	0.38793322	Esophagus	0.52601045	Esophagus	0.44581518	Stomach	0.9981622	Uterus	0.40971825	Esophagus	0.59461737	Stomach	0.41794616	Stomach	0.42249405	Esophagus	0.3540628	Esophagus	0.38703433	Stomach	0.36876264
MO_1521-poly-SI_11530-C7GBMANXX	MO_1521	Breast	liver	0.21648631790531903	Liver	0.99960476	Liver	0.99442786	Liver	1.0	Liver	0.9818583	Liver	0.9992643	Liver	0.99344903	Liver	0.99733967	Liver	0.9964103	Liver	0.9979018	Liver	0.999995	Liver	0.99371356	Liver	0.9914599	Liver	0.99483323	Liver	0.9942348	Liver	0.99351656	Liver	0.59551823	Liver	0.99998325	Liver	0.99685	Liver	0.9929676	Liver	0.9962586	Liver	0.9952078	Liver	0.99843687	Liver	0.99966794
MO_1522-poly-SI_11531-C7GBMANXX	MO_1522	Kidney	lymph_node	0.07294067074218762	Uterus	0.42224443	Kidney	0.5454991	Pancreas	0.63783187	Kidney	0.56397766	Kidney	0.7043233	Kidney	0.72570306	Kidney	0.5810936	Kidney	0.5280666	Kidney	0.73155886	Kidney	0.5328441	Kidney	0.5526392	Uterus	0.53560174	Kidney	0.60265476	Kidney	0.496405	Kidney	0.5990333	Kidney	0.48495007	Uterus	0.37009913	Kidney	0.40428382	Kidney	0.5162512	Biliary	0.3912735	Uterus	0.45981398	Kidney	0.49609822	Kidney	0.45582712
MO_1524-capt-SI_11625-C7G67ANXX	MO_1524	Breast	lymph_node	0.0	Breast	0.9838006	Breast	0.98904276	Breast	0.9999981	Breast	0.9880526	Breast	0.99986285	Breast	0.9897186	Breast	0.9867785	Breast	0.9871262	Breast	0.9953453	Breast	0.98838055	Breast	0.9921362	Breast	0.99025106	Breast	0.9946866	Breast	0.9889683	Breast	0.9893937	Breast	0.99992025	Breast	0.99323994	Breast	0.9914502	Breast	0.9957512	Breast	0.9882485	Breast	0.9996148	Breast	0.99287206	Breast	0.9968385
MO_1525-capt-SI_11626-C7G67ANXX	MO_1525	Sarcoma	soft_tissue	0.0953750874630555	Sarcoma	0.97210115	Sarcoma	0.9303741	Sarcoma	0.9999739	Sarcoma	0.9173427	Sarcoma	0.9739082	Sarcoma	0.96073335	Sarcoma	0.94195724	Sarcoma	0.9359996	Sarcoma	0.8712909	Sarcoma	0.92313015	Sarcoma	0.9196791	Sarcoma	0.974044	Sarcoma	0.95403636	Sarcoma	0.9304363	Sarcoma	0.9536759	Sarcoma	0.9562901	Sarcoma	0.9858722	Sarcoma	0.7369391	Sarcoma	0.9050173	Sarcoma	0.86876607	Sarcoma	0.9919477	Sarcoma	0.8947263	Sarcoma	0.84267336
MO_1527-capt-SI_11627-C7G67ANXX	MO_1527	Breast	bone_marrow	0.09692350567014492	Sarcoma	0.4685285	Sarcoma	0.4545315	Sarcoma	0.70608735	Sarcoma	0.5541243	Sarcoma	0.44520733	Sarcoma	0.60777336	Sarcoma	0.5491338	Sarcoma	0.45230663	Sarcoma	0.40130308	Sarcoma	0.47218826	Sarcoma	0.6048949	Sarcoma	0.47018123	Sarcoma	0.56279445	Sarcoma	0.62481064	Sarcoma	0.53960323	Sarcoma	0.741821	Sarcoma	0.37242484	Sarcoma	0.43387738	Sarcoma	0.55571735	Sarcoma	0.35628885	Sarcoma	0.60084397	Sarcoma	0.39810047	Sarcoma	0.53314924
MO_1528-poly-SI_11532-C7GBMANXX	MO_1528	Breast	liver	0.015259459348530607	Breast	0.922201	Breast	0.9999576	Breast	0.95214975	Breast	0.9997121	Breast	0.9999999	Breast	0.9999458	Breast	0.9999475	Breast	0.9999436	Breast	0.9999454	Breast	0.9950934	Breast	0.99991345	Breast	0.9999604	Breast	0.9998851	Breast	0.9999361	Breast	0.9999637	Breast	1.0	Breast	0.90422195	Breast	0.99942356	Breast	0.99996924	Breast	0.9996904	Breast	0.99986076	Breast	0.999897	Breast	0.9997448
MO_1529-poly-SI_11687-C7G60ANXX	MO_1529	Pancreas	liver	0.008725242712903565	Pancreas	0.43074834	Pancreas	0.73319155	Pancreas	0.9713594	Pancreas	0.6611101	Pancreas	0.84105605	Pancreas	0.63196254	Pancreas	0.78191745	Pancreas	0.83068097	Pancreas	0.8999247	Pancreas	0.7380532	Pancreas	0.7170263	Pancreas	0.7570129	Pancreas	0.7786131	Pancreas	0.8455809	Pancreas	0.7443142	Pancreas	0.693834	Pancreas	0.6554534	Pancreas	0.42487496	Pancreas	0.7561185	Esophagus	0.69107634	Pancreas	0.44711107	Pancreas	0.61625683	Pancreas	0.61139613
MO_1530-poly-SI_11688-C7G60ANXX	MO_1530	Kidney	liver	0.49937272407511796	Liver	0.98876005	Liver	0.43237308	Liver	0.99989295	Liver	0.5667521	Kidney	0.53175247	Liver	0.62702453	Liver	0.42376778	Liver	0.46626583	Liver	0.37079886	Liver	0.99957865	Liver	0.51080173	Liver	0.5644924	Liver	0.70951104	Liver	0.52628785	Liver	0.597115	Kidney	0.86302745	Liver	0.9944564	Liver	0.5089514	Kidney	0.58927774	Kidney	0.38124382	Kidney	0.7667117	Liver	0.38184023	Liver	0.3502106
MO_1533-capt-SI_11827-C7F4VANXX	MO_1533	Breast	skin	0.0	Breast	0.93786067	Breast	0.97340125	Breast	0.9999932	Breast	0.94746274	Breast	0.99965096	Breast	0.9785461	Breast	0.95128477	Breast	0.97866154	Breast	0.9911591	Breast	0.9840153	Breast	0.9760276	Breast	0.97919565	Breast	0.95862097	Breast	0.9757483	Breast	0.97116333	Breast	1.0	Breast	0.97442895	Breast	0.96282315	Breast	0.9887691	Breast	0.96734834	Breast	0.99259233	Breast	0.9769721	Breast	0.99060094
MO_1534-capt-SI_11904-C7F4VANXX	MO_1534	Breast	liver	0.0	Breast	0.94000745	Breast	0.99991953	Breast	1.0	Breast	0.999321	Breast	0.9999996	Breast	0.9998463	Breast	0.9999072	Breast	0.9998962	Breast	0.9999378	Breast	0.99990976	Breast	0.9997999	Breast	0.9999042	Breast	0.9997895	Breast	0.99986595	Breast	0.99990326	Breast	1.0	Breast	0.9865362	Breast	0.9995156	Breast	0.9999611	Breast	0.99954736	Breast	0.99975437	Breast	0.99908835	Breast	0.9993673
MO_1536-capt-SI_11944-C7G8DANXX	MO_1536	Breast	liver	0.008051196663821612	Sarcoma	0.84734404	Sarcoma	0.98434347	Sarcoma	0.8431677	Sarcoma	0.98005074	Sarcoma	0.9890969	Sarcoma	0.9731367	Sarcoma	0.9748962	Sarcoma	0.9511129	Sarcoma	0.99287957	Sarcoma	0.9861077	Sarcoma	0.97854435	Sarcoma	0.9853136	Sarcoma	0.9757925	Sarcoma	0.97101897	Sarcoma	0.9665209	Sarcoma	0.9924636	Sarcoma	0.82397246	Sarcoma	0.9773595	Sarcoma	0.9669921	Sarcoma	0.9767824	Sarcoma	0.9944021	Sarcoma	0.94847286	Sarcoma	0.9204499
MO_1537-capt-SI_12026-C7FVYANXX	MO_1537	Breast	lymph_node	0.1879697381061202	Breast	0.9742997	Breast	0.99913377	Breast	0.9997807	Breast	0.9981408	Breast	0.99999416	Breast	0.9994373	Breast	0.9991113	Breast	0.9989058	Breast	0.99911827	Breast	0.9994739	Breast	0.99916726	Breast	0.99963325	Breast	0.9996659	Breast	0.99894905	Breast	0.9992476	Breast	1.0	Breast	0.99081224	Breast	0.99834204	Breast	0.99973136	Breast	0.9985278	Breast	0.99990124	Breast	0.9991875	Breast	0.99924314
MO_1540-capt-SI_12051-H53C5ADXX	MO_1540	Breast	bone_marrow	0.034762691903008174	Breast	0.9579573	Breast	0.9999195	Breast	1.0	Breast	0.9985204	Breast	0.9999999	Breast	0.9997628	Breast	0.99992627	Breast	0.9999331	Breast	0.9999557	Breast	0.99985814	Breast	0.9998465	Breast	0.9998696	Breast	0.99969006	Breast	0.9997946	Breast	0.99985576	Breast	1.0	Breast	0.99693835	Breast	0.9998272	Breast	0.9999781	Breast	0.9992042	Breast	0.9999661	Breast	0.9996787	Breast	0.9998838
MO_1541-capt-SI_12052-H53C5ADXX	MO_1541	Prostate	liver	0.004634208749345132	Prostate	0.59124196	Prostate	0.98077774	Liver	0.92548484	Prostate	0.95642674	Prostate	0.99828655	Prostate	0.97287387	Prostate	0.9913745	Prostate	0.9881745	Prostate	0.9691464	Prostate	0.7318217	Prostate	0.9807746	Prostate	0.9832521	Prostate	0.97145516	Prostate	0.9709287	Prostate	0.9824688	Prostate	0.9999316	Prostate	0.45941126	Prostate	0.9450368	Prostate	0.9946983	Prostate	0.9930406	Prostate	0.9859334	Prostate	0.95643365	Prostate	0.9171116
MO_1543-capt-SI_12054-C7FVAANXX	MO_1543	Prostate	liver	0.00820979496105663	Prostate	0.96501493	Prostate	0.99974	Prostate	0.99999785	Prostate	0.99799216	Prostate	0.99999493	Prostate	0.99962527	Prostate	0.9999143	Prostate	0.9998471	Prostate	0.99954295	Prostate	0.99939865	Prostate	0.9998378	Prostate	0.9997135	Prostate	0.99948686	Prostate	0.99961495	Prostate	0.99982333	Prostate	1.0	Prostate	0.9654905	Prostate	0.99895614	Prostate	0.999944	Prostate	0.9968588	Prostate	0.99968547	Prostate	0.99810326	Prostate	0.9929226
MO_1550-capt-SI_12296-H523KADXX	MO_1550	Biliary	liver	0.1473421601569327	Liver	0.5718544	Biliary	0.6476992	Liver	0.95656484	Biliary	0.6510754	Biliary	0.59880006	Biliary	0.7013159	Biliary	0.806068	Biliary	0.5631621	Biliary	0.6333924	Liver	0.70232356	Biliary	0.6396568	Biliary	0.7449387	Biliary	0.774356	Biliary	0.5684143	Biliary	0.76722336	Lung	0.7741103	Liver	0.68761325	Biliary	0.6247914	Biliary	0.7928029	Biliary	0.8752888	Biliary	0.7228152	Biliary	0.6375501	Biliary	0.5453725
MO_1551-capt-SI_12338-C7FN8ANXX	MO_1551	Breast	liver	0.041159265887571406	Breast	0.7167276	Breast	0.9999803	Breast	0.9999386	Breast	0.99950886	Breast	1.0	Breast	0.9999204	Breast	0.99998015	Breast	0.9999784	Breast	0.9999917	Breast	0.88275915	Breast	0.9999656	Breast	0.99996424	Breast	0.99990624	Breast	0.99995947	Breast	0.99997807	Breast	1.0	Breast	0.543	Breast	0.9999203	Breast	0.9999909	Breast	0.99982136	Breast	0.999992	Breast	0.99988365	Breast	0.9999688
MO_1552-capt-SI_12339-H523TADXX	MO_1552	Biliary	liver	0.037242549437546	Biliary	0.9736379	Biliary	0.99896616	Biliary	0.99829763	Biliary	0.99781305	Biliary	0.9998724	Biliary	0.9992704	Biliary	0.99927163	Biliary	0.9987219	Biliary	0.99867916	Biliary	0.9972728	Biliary	0.9987759	Biliary	0.9990498	Biliary	0.9990322	Biliary	0.99849075	Biliary	0.9993757	Biliary	0.99997103	Biliary	0.97874254	Biliary	0.9970975	Biliary	0.99939376	Biliary	0.9997332	Biliary	0.99961025	Biliary	0.99878764	Biliary	0.9982272
MO_1553-capt-SI_12340-C7FN8ANXX	MO_1553	Prostate	lymph_node	0.0	Prostate	0.99058944	Prostate	0.99999326	Prostate	1.0	Prostate	0.9999074	Prostate	0.99999994	Prostate	0.99998844	Prostate	0.99999845	Prostate	0.9999965	Prostate	0.99999255	Prostate	0.99998087	Prostate	0.9999941	Prostate	0.9999922	Prostate	0.99998367	Prostate	0.99998295	Prostate	0.9999955	Prostate	1.0	Prostate	0.9984346	Prostate	0.9999601	Prostate	0.99999905	Prostate	0.9996102	Prostate	0.99999106	Prostate	0.999925	Prostate	0.9994925
MO_1555-capt-SI_12341-H523TADXX	MO_1555	Sarcoma	skin	0.0	Adrenal	0.5177219	Adrenal	0.9142531	Adrenal	0.80281645	Adrenal	0.8360475	Adrenal	0.98410344	Adrenal	0.9066821	Adrenal	0.8817689	Adrenal	0.83306724	Adrenal	0.81552947	Adrenal	0.8952275	Adrenal	0.9078323	Adrenal	0.90662587	Adrenal	0.9262539	Adrenal	0.91414666	Adrenal	0.9105617	Adrenal	0.9723815	Adrenal	0.5589131	Adrenal	0.7666436	Adrenal	0.93611264	Adrenal	0.6761612	Adrenal	0.81754255	Adrenal	0.8834158	Adrenal	0.91472775
MO_1556-poly-SI_12472-C7G91ANXX	MO_1556	Prostate	lymph_node	0.0	Prostate	0.99733716	Prostate	0.99999917	Prostate	1.0	Prostate	0.9999841	Prostate	1.0	Prostate	0.99999833	Prostate	0.9999998	Prostate	0.99999934	Prostate	0.9999993	Prostate	0.99999636	Prostate	0.9999992	Prostate	0.9999984	Prostate	0.99999756	Prostate	0.99999803	Prostate	0.99999917	Prostate	1.0	Prostate	0.9997453	Prostate	0.9999964	Prostate	0.9999999	Prostate	0.9999993	Prostate	0.9999996	Prostate	0.9999925	Prostate	0.99996096
MO_1557-capt-SI_12474-C7G91ANXX	MO_1557	Breast	lymph_node	0.0	Breast	0.97384393	Breast	0.99981517	Breast	0.9962157	Breast	0.99918574	Breast	0.99999934	Breast	0.9998585	Breast	0.9997935	Breast	0.9998021	Breast	0.9998048	Breast	0.9998911	Breast	0.99977285	Breast	0.99990404	Breast	0.9997813	Breast	0.99966687	Breast	0.99979836	Breast	1.0	Breast	0.9898037	Breast	0.9991787	Breast	0.99990803	Breast	0.9970712	Breast	0.99952126	Breast	0.99967355	Breast	0.9997694
MO_1558-capt-SI_12475-C7G91ANXX	MO_1558	Lung	lymph_node	0.0	Lung	0.9998324	Lung	1.0	Lung	1.0	Lung	0.99999803	Lung	1.0	Lung	1.0	Lung	1.0	Lung	1.0	Lung	1.0	Lung	1.0	Lung	1.0	Lung	0.99999994	Lung	0.99999994	Lung	0.99999994	Lung	1.0	Lung	1.0	Lung	0.9999989	Lung	0.99999994	Lung	1.0	Lung	1.0	Lung	1.0	Lung	0.99999994	Lung	1.0
MO_1562-capt-SI_12573-H3Y7YADXX	MO_1562	Breast	soft_tissue	0.0	Breast	0.99224734	Breast	0.9990213	Breast	0.9999894	Breast	0.9986745	Breast	0.9999942	Breast	0.99927485	Breast	0.9986352	Breast	0.99858123	Breast	0.999861	Breast	0.9991265	Breast	0.99857223	Breast	0.9994595	Breast	0.9991171	Breast	0.99674004	Breast	0.9987856	Breast	1.0	Breast	0.99473304	Breast	0.99787676	Breast	0.999706	Breast	0.99853146	Breast	0.9998335	Breast	0.9974993	Breast	0.9988895
TP_2001-poly-SI_5668-C19FAACXX	TP_2001	Prostate	lymph_node	0.0	Prostate	0.9969449	Prostate	0.99999815	Prostate	1.0	Prostate	0.9999709	Prostate	1.0	Prostate	0.9999962	Prostate	0.9999995	Prostate	0.99999887	Prostate	0.9999972	Prostate	0.99999356	Prostate	0.9999981	Prostate	0.99999756	Prostate	0.9999953	Prostate	0.99999624	Prostate	0.9999986	Prostate	1.0	Prostate	0.99937606	Prostate	0.9999925	Prostate	0.9999997	Prostate	0.99991035	Prostate	0.99999726	Prostate	0.99997324	Prostate	0.9998564
TP_2004-poly-SI_5780-C19GBACXX	TP_2004	Breast	bone_marrow	0.007712965873359841	Breast	0.7771767	Breast	0.9878278	Breast	0.9990891	Breast	0.96827877	Breast	0.9987946	Breast	0.99297136	Breast	0.9903551	Breast	0.993144	Breast	0.9914313	Breast	0.9921923	Breast	0.9808956	Breast	0.99088	Breast	0.9849599	Breast	0.9902988	Breast	0.9877512	Breast	1.0	Breast	0.7307228	Breast	0.9736114	Breast	0.99681425	Breast	0.9797901	Breast	0.9634808	Breast	0.95419455	Breast	0.9709007
TP_2008-capt-SI_5933-D1E1PACXX	TP_2008	Biliary	liver	0.00416500959736929	Biliary	0.6272716	Biliary	0.5543438	Sarcoma	0.570176	Biliary	0.31567293	Biliary	0.48270994	Biliary	0.4201979	Biliary	0.38181418	Biliary	0.65670824	Biliary	0.46871498	Biliary	0.695452	Biliary	0.5065021	Biliary	0.38887632	Biliary	0.44403931	Biliary	0.37209547	Biliary	0.5777863	Myeloid	0.9198172	Biliary	0.6256234	Biliary	0.48797068	Biliary	0.5385792	Biliary	0.40639877	Biliary	0.5603835	Biliary	0.3132542	Biliary	0.50070953
TP_2009-poly-SI_5924-D1E1PACXX	TP_2009	Prostate	bone_marrow	0.09814172384320392	Prostate	0.80705047	Prostate	0.99047667	Prostate	0.9759941	Prostate	0.9677723	Prostate	0.999265	Prostate	0.9850275	Prostate	0.9951281	Prostate	0.9931126	Prostate	0.9810274	Prostate	0.98319477	Prostate	0.9911116	Prostate	0.98777884	Prostate	0.9837725	Prostate	0.98529965	Prostate	0.9918541	Prostate	0.9946843	Prostate	0.6761721	Prostate	0.97772914	Prostate	0.9970521	Prostate	0.8933618	Prostate	0.9735014	Prostate	0.95413876	Prostate	0.8931967
TP_2010-poly-SI_5873-C19L8ACXX	TP_2010	Prostate	lymph_node	0.08270549674444487	Prostate	0.9959563	Prostate	0.9999972	Prostate	1.0	Prostate	0.9999594	Prostate	1.0	Prostate	0.99999464	Prostate	0.9999993	Prostate	0.9999983	Prostate	0.9999967	Prostate	0.9999916	Prostate	0.9999973	Prostate	0.99999624	Prostate	0.9999943	Prostate	0.99999464	Prostate	0.99999774	Prostate	1.0	Prostate	0.999429	Prostate	0.9999896	Prostate	0.9999995	Prostate	0.99991655	Prostate	0.99999774	Prostate	0.99996454	Prostate	0.9998583
TP_2011-poly-SI_5874-C19L8ACXX	TP_2011	Kidney	liver	0.006557039067991226	Kidney	0.98546344	Kidney	0.999996	Kidney	0.9999991	Kidney	0.99987066	Kidney	0.99999994	Kidney	0.99999404	Kidney	0.999998	Kidney	0.99999523	Kidney	0.999995	Kidney	0.9999857	Kidney	0.9999936	Kidney	0.99999565	Kidney	0.99999136	Kidney	0.99999595	Kidney	0.99999744	Kidney	1.0	Kidney	0.99714905	Kidney	0.99997914	Kidney	0.9999989	Kidney	0.9999797	Kidney	0.9999919	Kidney	0.99989706	Kidney	0.99990314
TP_2013-poly-SI_5920-D1E4KACXX	TP_2013	Sarcoma	liver	0.6175780587967935	Liver	0.999197	Liver	0.8126568	Liver	0.99999577	Liver	0.80960006	Liver	0.8810238	Liver	0.8786315	Liver	0.88008654	Liver	0.7974153	Liver	0.8860517	Liver	0.99999565	Liver	0.8691226	Liver	0.8672975	Liver	0.9204522	Liver	0.8969307	Liver	0.8670187	Liver	0.9734759	Liver	0.9998738	Liver	0.81076753	Liver	0.69380015	Liver	0.76217824	Liver	0.85041374	Liver	0.8505671	Liver	0.9770152
TP_2015-capt-SI_6027-D1E7VACXX	TP_2015	Breast	lymph_node	0.0	Kidney	0.4486288	Kidney	0.4182194	Kidney	0.5966276	Kidney	0.36199972	Lung	0.46824327	Breast	0.3817541	Kidney	0.49721763	Kidney	0.43684167	Kidney	0.7239143	Kidney	0.69742566	Brain	0.43135366	Kidney	0.44631988	Lung	0.41031158	Kidney	0.52584505	Lung	0.39366877	Ovary	0.83386576	Kidney	0.9260222	Kidney	0.50880784	Brain	0.37919453	Breast	0.41128924	Kidney	0.8958179	Kidney	0.91344553	Kidney	0.768066
TP_2016-poly-SI_5927-D1E2BACXX	TP_2016	Biliary	lymph_node	0.0	Stomach	0.3404109	Esophagus	0.82429737	Stomach	0.7323926	Esophagus	0.7528818	Esophagus	0.92545104	Esophagus	0.8289857	Esophagus	0.8036816	Esophagus	0.85387516	Esophagus	0.7932409	Esophagus	0.83597934	Esophagus	0.79353756	Esophagus	0.85988104	Esophagus	0.72022825	Esophagus	0.80532473	Esophagus	0.79683536	Stomach	0.9999218	Stomach	0.3364221	Esophagus	0.624793	Esophagus	0.85649395	Esophagus	0.80832857	Esophagus	0.8876237	Esophagus	0.7590607	Esophagus	0.62883675
TP_2017-poly-SI_5921-D1E2BACXX	TP_2017	Colorectal	soft_tissue	0.0	Colorectal	0.76600087	Colorectal	0.95320076	Colorectal	0.98233557	Colorectal	0.96488726	Colorectal	0.97885114	Colorectal	0.9857171	Colorectal	0.9499786	Colorectal	0.968016	Colorectal	0.946504	Colorectal	0.969151	Colorectal	0.96264774	Colorectal	0.9752572	Colorectal	0.9794169	Colorectal	0.96417195	Colorectal	0.96783626	Colorectal	0.9999361	Colorectal	0.82051754	Colorectal	0.9370686	Colorectal	0.9644515	Colorectal	0.9389991	Colorectal	0.8648492	Colorectal	0.9519774	Colorectal	0.9321215
TP_2018-poly-SI_5922-H09HYADXX	TP_2018	HeadNeck	soft_tissue	0.0	HeadNeck	0.7999539	HeadNeck	0.9384126	HeadNeck	0.98775226	HeadNeck	0.9077681	HeadNeck	0.9880628	HeadNeck	0.9564656	HeadNeck	0.9474141	HeadNeck	0.9305543	HeadNeck	0.91298604	HeadNeck	0.9359013	HeadNeck	0.96615773	HeadNeck	0.89517075	HeadNeck	0.9727077	HeadNeck	0.9511987	HeadNeck	0.91347176	Cervix	0.9898924	HeadNeck	0.92540383	HeadNeck	0.9069242	HeadNeck	0.97535926	HeadNeck	0.97020733	HeadNeck	0.9644943	HeadNeck	0.93393856	HeadNeck	0.93381834
TP_2019-poly-SI_5923-D1E2BACXX	TP_2019	Melanoma	skin	0.0	Melanoma	0.9704461	Melanoma	0.99610305	Melanoma	0.99986666	Melanoma	0.985877	Melanoma	0.9999437	Melanoma	0.99308544	Melanoma	0.9965341	Melanoma	0.99628776	Melanoma	0.9949217	Melanoma	0.99377507	Melanoma	0.99479073	Melanoma	0.98858494	Melanoma	0.9947305	Melanoma	0.9937901	Melanoma	0.9963472	Melanoma	0.99999964	Melanoma	0.9765853	Melanoma	0.99503094	Melanoma	0.9972372	Melanoma	0.99852854	Melanoma	0.99707955	Melanoma	0.99639887	Melanoma	0.99420124
TP_2020-poly-SI_6321-C1MM1ACXX	TP_2020	Prostate	bone_marrow	0.03984620143485737	Prostate	0.9717353	Prostate	0.999924	Prostate	0.9999861	Prostate	0.999242	Prostate	0.9999994	Prostate	0.9998317	Prostate	0.9999774	Prostate	0.9999472	Prostate	0.99988025	Prostate	0.99977416	Prostate	0.9999264	Prostate	0.9998774	Prostate	0.9997654	Prostate	0.99985445	Prostate	0.99993175	Prostate	1.0	Prostate	0.98183924	Prostate	0.99964553	Prostate	0.9999846	Prostate	0.99908906	Prostate	0.9997842	Prostate	0.9991957	Prostate	0.99590474
TP_2021-poly-SI_6008-D1EBEACXX	TP_2021	Bladder	lymph_node	0.06517956284508208	Bladder	0.94571567	Bladder	0.99638855	Bladder	0.9946557	Bladder	0.97714394	Bladder	0.9994249	Bladder	0.9946493	Bladder	0.99607885	Bladder	0.9960018	Bladder	0.9973406	Bladder	0.99382824	Bladder	0.9875197	Bladder	0.99186164	Bladder	0.9932327	Bladder	0.992361	Bladder	0.9946977	Bladder	0.9992371	Bladder	0.9805074	Bladder	0.9955865	Bladder	0.9984123	Bladder	0.9894986	Bladder	0.99187624	Bladder	0.9950869	Bladder	0.99567944
TP_2023-poly-SI_6009-D1EBEACXX	TP_2023	Sarcoma	soft_tissue	0.0	Sarcoma	0.8721213	Sarcoma	0.97838074	Sarcoma	0.9429706	Sarcoma	0.9547469	Sarcoma	0.9872835	Sarcoma	0.9917263	Sarcoma	0.9745188	Sarcoma	0.9649382	Sarcoma	0.9575491	Sarcoma	0.98006016	Sarcoma	0.9796502	Sarcoma	0.98462284	Sarcoma	0.98822755	Sarcoma	0.98576576	Sarcoma	0.97685146	Sarcoma	0.9984876	Sarcoma	0.91924393	Sarcoma	0.87184596	Sarcoma	0.9631946	Sarcoma	0.935355	Sarcoma	0.9245632	Sarcoma	0.9198903	Sarcoma	0.928807
TP_2024-poly-SI_6010-D1EBEACXX	TP_2024	Lung	liver	0.10034248118895134	Liver	0.97516257	Brain	0.46957716	Liver	0.9999995	Liver	0.40167877	Lung	0.4315736	Liver	0.38431546	Brain	0.41321975	Brain	0.43659183	Brain	0.54020375	Liver	0.99942833	Brain	0.28128767	Brain	0.31366375	Liver	0.36440566	Brain	0.38415232	Brain	0.3627466	Bladder	0.34451258	Liver	0.9939061	Liver	0.2615113	Brain	0.41967607	Liver	0.3390554	Ovary	0.51395243	Liver	0.23672986	Stomach	0.25000805
TP_2025-poly-SI_6011-D1EBEACXX	TP_2025	Breast	liver	0.01452447729285386	Breast	0.89915127	Breast	0.99985945	Breast	1.0	Breast	0.9975367	Breast	0.99999994	Breast	0.99941593	Breast	0.9998694	Breast	0.99985266	Breast	0.9997087	Breast	0.9983659	Breast	0.9996138	Breast	0.9996919	Breast	0.99965084	Breast	0.99953467	Breast	0.9997921	Breast	1.0	Breast	0.98629814	Breast	0.9995351	Breast	0.9999441	Breast	0.99956024	Breast	0.99990153	Breast	0.9989851	Breast	0.9996825
TP_2027-poly-SI_6066-D1EBTACXX	TP_2027	Melanoma	skin	0.0	Melanoma	0.99781966	Melanoma	0.99999994	Melanoma	0.9999877	Melanoma	0.9999986	Melanoma	1.0	Melanoma	0.9999999	Melanoma	0.99999994	Melanoma	0.9999999	Melanoma	0.99999994	Melanoma	0.9999999	Melanoma	0.99999994	Melanoma	0.9999999	Melanoma	0.9999997	Melanoma	0.9999999	Melanoma	0.99999994	Melanoma	1.0	Melanoma	0.99957705	Melanoma	0.99999976	Melanoma	0.99999994	Melanoma	0.9999999	Melanoma	0.99999946	Melanoma	0.99999946	Melanoma	0.999999
TP_2029-poly-SI_6124-D1RGBACXX	TP_2029	Colorectal	soft_tissue	0.0	Colorectal	0.9604561	Colorectal	0.9906302	Colorectal	0.9984489	Colorectal	0.99126804	Colorectal	0.99956816	Colorectal	0.99639505	Colorectal	0.9933868	Colorectal	0.99296725	Colorectal	0.9932952	Colorectal	0.99546605	Colorectal	0.98933315	Colorectal	0.99618596	Colorectal	0.9948438	Colorectal	0.99219316	Colorectal	0.9923709	Colorectal	0.9999901	Colorectal	0.9657663	Colorectal	0.9878967	Colorectal	0.98539686	Colorectal	0.99682957	Colorectal	0.9923452	Colorectal	0.98877066	Colorectal	0.9864539
TP_2032-poly-SI_6325-C1MM1ACXX	TP_2032	Prostate	soft_tissue	0.0	Prostate	0.9472698	Prostate	0.99981743	Prostate	0.99999064	Prostate	0.9983676	Prostate	0.9999971	Prostate	0.99970734	Prostate	0.9999274	Prostate	0.99988925	Prostate	0.99964094	Prostate	0.9994687	Prostate	0.9998616	Prostate	0.9998168	Prostate	0.9995264	Prostate	0.99967915	Prostate	0.99988574	Prostate	0.9999997	Prostate	0.9841888	Prostate	0.9991356	Prostate	0.9999612	Prostate	0.9956975	Prostate	0.9996349	Prostate	0.99802524	Prostate	0.9945618
TP_2034-capt-SI_6573-D1PYGACXX	TP_2034	Prostate	bone_marrow	0.0020507439091557935	Prostate	0.9412629	Prostate	0.9994619	Prostate	0.99985415	Prostate	0.9972184	Prostate	0.99998695	Prostate	0.99895304	Prostate	0.9997978	Prostate	0.99962693	Prostate	0.9992235	Prostate	0.9989658	Prostate	0.99950135	Prostate	0.99934626	Prostate	0.9987397	Prostate	0.99924767	Prostate	0.9995816	Prostate	1.0	Prostate	0.88406265	Prostate	0.99804074	Prostate	0.9999024	Prostate	0.99724257	Prostate	0.999351	Prostate	0.99650186	Prostate	0.9893632
TP_2037-capt-SI_6791-H77P6ADXX	TP_2037	Prostate	lymph_node	0.11972770156263102	Prostate	0.8027025	Prostate	0.99253803	Prostate	0.8891459	Prostate	0.9807661	Prostate	0.99889463	Prostate	0.99148166	Prostate	0.9964189	Prostate	0.99499816	Prostate	0.9881312	Prostate	0.9886369	Prostate	0.9905355	Prostate	0.99292356	Prostate	0.9916492	Prostate	0.9881885	Prostate	0.9954995	Prostate	0.9449225	Prostate	0.6912244	Prostate	0.9772495	Prostate	0.9967287	Prostate	0.95340884	Prostate	0.98377866	Prostate	0.93328905	Prostate	0.8261724
TP_2038-poly-SI_6696-H0UUFADXX	TP_2038	Biliary	liver	0.006871477760026449	Biliary	0.9631318	Biliary	0.9976524	Biliary	0.99938446	Biliary	0.99473053	Biliary	0.9997683	Biliary	0.9970772	Biliary	0.99583846	Biliary	0.995842	Biliary	0.9975586	Biliary	0.98802584	Biliary	0.9969647	Biliary	0.99676013	Biliary	0.99705124	Biliary	0.99658126	Biliary	0.9980601	Biliary	0.99999905	Biliary	0.9684521	Biliary	0.99744385	Biliary	0.99503666	Biliary	0.9993244	Biliary	0.99666977	Biliary	0.98695564	Biliary	0.9871541
TP_2043-poly-SI_7112-D27KNACXX	TP_2043	Sarcoma	lung	1.0	Mesothelioma	0.6345523	Mesothelioma	0.55992883	Lung	0.97100455	Sarcoma	0.4661003	Mesothelioma	0.5495402	Sarcoma	0.6822524	Sarcoma	0.5785357	Mesothelioma	0.46508113	Sarcoma	0.5623334	Mesothelioma	0.42706835	Mesothelioma	0.8807536	Sarcoma	0.5436308	Mesothelioma	0.45643467	Sarcoma	0.44144884	Mesothelioma	0.45506918	Sarcoma	0.8592535	Mesothelioma	0.6173678	Mesothelioma	0.46787983	Mesothelioma	0.5212187	Mesothelioma	0.7172135	Sarcoma	0.8591982	Sarcoma	0.6136869	Sarcoma	0.45756325
TP_2047-poly-SI_7305-H80YAADXX	TP_2047	Pancreas	lung	0.44782898487257417	Lung	0.9208662	Pancreas	0.75153893	Lung	0.98728883	Pancreas	0.67851365	Pancreas	0.8905887	Pancreas	0.8033006	Pancreas	0.69457304	Pancreas	0.6820503	Pancreas	0.5707755	Pancreas	0.75750595	Lung	0.9253525	Pancreas	0.7936637	Pancreas	0.7695567	Pancreas	0.7423772	Pancreas	0.7185614	Stomach	0.9780764	Lung	0.97482306	Pancreas	0.41057035	Pancreas	0.77328515	Pancreas	0.65956116	Pancreas	0.41278803	Pancreas	0.6236641	Pancreas	0.76218057
TP_2052-poly-SI_7776-C3L7FACXX	TP_2052	Lung	adrenal	0.0	Adrenal	0.52039486	Adrenal	0.9280416	Adrenal	0.6583849	Adrenal	0.80960023	Adrenal	0.9831408	Adrenal	0.83756936	Adrenal	0.9191432	Adrenal	0.955777	Adrenal	0.8828349	Adrenal	0.90926313	Adrenal	0.9299237	Adrenal	0.85831887	Adrenal	0.8745112	Adrenal	0.8940777	Adrenal	0.900422	Adrenal	0.7638581	Adrenal	0.5183492	Adrenal	0.60722905	Adrenal	0.88759047	Adrenal	0.5753511	Adrenal	0.7538558	Adrenal	0.80323726	Adrenal	0.7447916
TP_2054-poly-SI_7821-C3Y81ACXX	TP_2054	Prostate	lymph_node	0.028945592316052402	Prostate	0.8593491	Prostate	0.9945485	Prostate	0.9980288	Prostate	0.9896228	Prostate	0.9996556	Prostate	0.99511427	Prostate	0.99806124	Prostate	0.9956645	Prostate	0.98922426	Prostate	0.99170023	Prostate	0.9945033	Prostate	0.9951393	Prostate	0.9943135	Prostate	0.99379194	Prostate	0.9968121	Prostate	0.9999932	Prostate	0.77009785	Prostate	0.9761332	Prostate	0.99838763	Prostate	0.99128073	Prostate	0.9950278	Prostate	0.9607716	Prostate	0.8770564
TP_2056-poly-SI_8205-C4K88ACXX	TP_2056	Brain	brain	0.030912336089775783	Brain	0.99800247	Brain	0.9999998	Brain	1.0	Brain	0.99997705	Brain	1.0	Brain	0.9999985	Brain	0.9999997	Brain	0.9999996	Brain	1.0	Brain	0.99999946	Brain	0.9999994	Brain	0.9999985	Brain	0.99999774	Brain	0.99999946	Brain	0.99999934	Brain	1.0	Brain	0.99991244	Brain	0.99999905	Brain	0.9999996	Brain	0.9999995	Brain	0.99999964	Brain	0.99999785	Brain	0.9999986
TP_2058-poly-SI_8299-C46WVANXX	TP_2058	Bladder	bladder		Bladder	0.96469414	Bladder	0.997003	Bladder	0.9978695	Bladder	0.98544127	Bladder	0.9994097	Bladder	0.99670684	Bladder	0.99539137	Bladder	0.9968765	Bladder	0.9972792	Bladder	0.9969785	Bladder	0.99576294	Bladder	0.99514085	Bladder	0.993797	Bladder	0.9959203	Bladder	0.99752855	Bladder	0.9485544	Bladder	0.97283566	Bladder	0.9877441	Bladder	0.99628973	Bladder	0.9976463	Bladder	0.9943155	Bladder	0.99685156	Bladder	0.99504113
TP_2060-poly-SI_8407-C4JU8ACXX	TP_2060	Prostate	lymph_node	0.0586300130100261	Prostate	0.7472041	Prostate	0.9635433	Prostate	0.4925527	Prostate	0.92186797	Prostate	0.99666727	Prostate	0.96687394	Prostate	0.9813719	Prostate	0.9775501	Prostate	0.93548185	Prostate	0.95659685	Prostate	0.9706115	Prostate	0.97060645	Prostate	0.95952296	Prostate	0.9541136	Prostate	0.97593045	Prostate	0.9998928	Prostate	0.54074156	Prostate	0.9065216	Prostate	0.98761207	Prostate	0.99281955	Prostate	0.9715038	Prostate	0.892007	Prostate	0.7902739
TP_2061-poly-SI_8408-H9TEBADXX	TP_2061	Prostate	soft_tissue	0.0	Sarcoma	0.36960375	Brain	0.9237851	Brain	0.54040676	Brain	0.52896446	Brain	0.92874813	Brain	0.8840408	Brain	0.95281684	Brain	0.9437422	Brain	0.46975777	Brain	0.90931934	Brain	0.8977121	Brain	0.77862155	Brain	0.83341926	Brain	0.93692935	Brain	0.9478491	Sarcoma	0.97891766	Brain	0.38732237	Brain	0.77730316	Brain	0.88100445	Brain	0.7108394	Brain	0.39304948	Brain	0.8858306	Brain	0.8791866
TP_2064-poly-SI_8527-C59M0ACXX	TP_2064	Prostate	lymph_node	0.0	Prostate	0.9910257	Prostate	0.99999225	Prostate	1.0	Prostate	0.9998945	Prostate	1.0	Prostate	0.99998647	Prostate	0.99999803	Prostate	0.9999955	Prostate	0.9999787	Prostate	0.999975	Prostate	0.9999944	Prostate	0.9999907	Prostate	0.9999832	Prostate	0.9999853	Prostate	0.9999945	Prostate	1.0	Prostate	0.9963351	Prostate	0.9999673	Prostate	0.9999989	Prostate	0.9999683	Prostate	0.999986	Prostate	0.99990153	Prostate	0.9994807
TP_2065-poly-SI_8931-C46BDANXX	TP_2065	Brain	brain	0.06223030802024749	Brain	0.99858105	Brain	0.99999994	Brain	1.0	Brain	0.99999005	Brain	1.0	Brain	0.9999995	Brain	0.99999994	Brain	0.9999999	Brain	1.0	Brain	0.99999976	Brain	0.9999998	Brain	0.9999995	Brain	0.9999993	Brain	0.99999976	Brain	0.9999998	Brain	1.0	Brain	0.9999636	Brain	0.9999997	Brain	0.99999994	Brain	0.99999976	Brain	0.9999998	Brain	0.9999994	Brain	0.9999994
TP_2067-poly-SI_9194-C5N1HANXX	TP_2067	Sarcoma	soft_tissue	0.0	Sarcoma	0.9964759	Sarcoma	0.99973434	Sarcoma	0.9999988	Sarcoma	0.9990597	Sarcoma	0.9999943	Sarcoma	0.9998647	Sarcoma	0.9998536	Sarcoma	0.9995082	Sarcoma	0.9996162	Sarcoma	0.9997953	Sarcoma	0.9997504	Sarcoma	0.99976665	Sarcoma	0.99974746	Sarcoma	0.99970406	Sarcoma	0.99976814	Sarcoma	1.0	Sarcoma	0.9990312	Sarcoma	0.99955475	Sarcoma	0.99980974	Sarcoma	0.9998622	Sarcoma	0.99995846	Sarcoma	0.99975383	Sarcoma	0.99965787
TP_2069-poly-SI_9377-C5N1GANXX	TP_2069	Prostate	lymph_node	0.0	Prostate	0.9441753	Prostate	0.9996422	Prostate	0.99983907	Prostate	0.99800557	Prostate	0.9999937	Prostate	0.99959856	Prostate	0.99987304	Prostate	0.9998332	Prostate	0.9996108	Prostate	0.99942106	Prostate	0.9997936	Prostate	0.9996926	Prostate	0.99944705	Prostate	0.9994181	Prostate	0.99981725	Prostate	1.0	Prostate	0.9325359	Prostate	0.99901384	Prostate	0.99992216	Prostate	0.99994856	Prostate	0.9997265	Prostate	0.9980756	Prostate	0.9875719
TP_2070-poly-SI_9581-C5MGWANXX	TP_2070	Sarcoma	soft_tissue	0.0	Sarcoma	0.99989766	Sarcoma	0.99999946	Sarcoma	1.0	Sarcoma	0.99999446	Sarcoma	1.0	Sarcoma	0.99999964	Sarcoma	0.9999992	Sarcoma	0.9999984	Sarcoma	0.9999994	Sarcoma	0.99999934	Sarcoma	0.99999875	Sarcoma	0.9999988	Sarcoma	0.9999989	Sarcoma	0.99999833	Sarcoma	0.99999905	Sarcoma	1.0	Sarcoma	0.9999801	Sarcoma	0.99999833	Sarcoma	0.99999946	Sarcoma	0.99999374	Sarcoma	0.9999999	Sarcoma	0.999999	Sarcoma	0.99999845
TP_2071-poly-SI_9739-C5N0KANXX	TP_2071	Ovary	soft_tissue	0.0016050854029421077	Uterus	0.8880631	Uterus	0.99588317	Uterus	0.98946023	Uterus	0.9870744	Uterus	0.9996042	Uterus	0.9937381	Uterus	0.99616355	Uterus	0.9937758	Uterus	0.9941112	Uterus	0.996262	Uterus	0.9970415	Uterus	0.9937188	Uterus	0.99402475	Uterus	0.99560213	Uterus	0.9933822	Uterus	0.999997	Uterus	0.9499981	Uterus	0.97770375	Uterus	0.9977101	Uterus	0.99659336	Uterus	0.99804455	Uterus	0.9905159	Uterus	0.98570454
TP_2072-capt-SI_9129-C4NPJANXX	TP_2072	Sarcoma	soft_tissue	0.0	Sarcoma	0.4761893	Ovary	0.85207015	Ovary	0.8804464	Ovary	0.6472604	Ovary	0.6971915	Ovary	0.70110464	Ovary	0.8837083	Ovary	0.6609545	Ovary	0.84771603	Ovary	0.82675445	Ovary	0.8156702	Ovary	0.7820986	Ovary	0.78779656	Ovary	0.6396772	Ovary	0.9095298	Ovary	0.84449506	Sarcoma	0.22826318	Ovary	0.6450787	Ovary	0.8618824	Ovary	0.41977924	Ovary	0.7886417	Ovary	0.9120898	Ovary	0.8082406
TP_2073-poly-SI_9865-C67VYANXX	TP_2073	Lung	lymph_node	0.0	Mesothelioma	0.9985469	Mesothelioma	0.9999999	Mesothelioma	0.9999995	Mesothelioma	0.99999446	Mesothelioma	1.0	Mesothelioma	0.9999995	Mesothelioma	0.9999998	Mesothelioma	0.99999976	Mesothelioma	0.99999976	Mesothelioma	0.9999995	Mesothelioma	0.99999976	Mesothelioma	0.9999996	Mesothelioma	0.9999993	Mesothelioma	0.9999995	Mesothelioma	0.9999998	Mesothelioma	1.0	Mesothelioma	0.99989134	Mesothelioma	0.9999994	Mesothelioma	0.9999999	Mesothelioma	0.9999998	Mesothelioma	0.99999964	Mesothelioma	0.9999961	Mesothelioma	0.9999955
TP_2074-capt-SI_10259-C6EJEANXX	TP_2074	Ovary	lymph_node	0.13120423945236517	Esophagus	0.22119346	Stomach	0.2649294	Esophagus	0.872522	Uterus	0.18323983	Stomach	0.5245408	Stomach	0.33268315	Stomach	0.26803204	Stomach	0.28868872	Esophagus	0.3486941	Esophagus	0.27442893	Esophagus	0.23363271	Stomach	0.2651984	Ovary	0.26855817	Myeloid	0.29697475	Stomach	0.28973716	Esophagus	0.51585853	Esophagus	0.6451587	Stomach	0.27028504	Ovary	0.2498215	Esophagus	0.44188684	Esophagus	0.63804525	Ovary	0.28059223	Esophagus	0.28893986
TP_2075-poly-SI_10280-C6EKHANXX	TP_2075	Sarcoma	skin	0.0028426939107394217	Sarcoma	0.891857	Sarcoma	0.9495709	Sarcoma	0.95956856	Sarcoma	0.9291292	Sarcoma	0.97452664	Sarcoma	0.9783286	Sarcoma	0.9789844	Sarcoma	0.9338284	Sarcoma	0.9479855	Sarcoma	0.95805085	Sarcoma	0.9565559	Sarcoma	0.9641757	Sarcoma	0.94920665	Sarcoma	0.9650421	Sarcoma	0.95416355	Sarcoma	0.99997294	Sarcoma	0.9002829	Sarcoma	0.89786893	Sarcoma	0.97896475	Sarcoma	0.91566664	Sarcoma	0.97832876	Sarcoma	0.93138975	Sarcoma	0.92258126
TP_2077-poly-SI_10142-C6EHCANXX	TP_2077	Prostate	lymph_node	0.0	Prostate	0.99747604	Prostate	0.99999964	Prostate	1.0	Prostate	0.9999928	Prostate	1.0	Prostate	0.9999993	Prostate	0.99999994	Prostate	0.9999998	Prostate	0.99999946	Prostate	0.99999875	Prostate	0.99999964	Prostate	0.9999996	Prostate	0.9999991	Prostate	0.9999991	Prostate	0.99999976	Prostate	1.0	Prostate	0.9997062	Prostate	0.9999972	Prostate	0.99999994	Prostate	0.99999744	Prostate	0.9999997	Prostate	0.99999195	Prostate	0.99993604
TP_2078-poly-SI_10143-C6EHCANXX	TP_2078	Prostate	lymph_node	0.0	Prostate	0.9914406	Prostate	0.99999505	Prostate	1.0	Prostate	0.999932	Prostate	1.0	Prostate	0.99999255	Prostate	0.99999887	Prostate	0.9999975	Prostate	0.99999076	Prostate	0.9999862	Prostate	0.9999964	Prostate	0.99999446	Prostate	0.99998283	Prostate	0.99998873	Prostate	0.9999967	Prostate	1.0	Prostate	0.99849224	Prostate	0.9999758	Prostate	0.99999946	Prostate	0.99996847	Prostate	0.99999493	Prostate	0.99995506	Prostate	0.9997531
TP_2079-capt-SI_10284-C6EKHANXX	TP_2079	Prostate	bone_marrow	0.018851412817250255	Prostate	0.33745146	Ovary	0.7173902	Liver	0.4918192	Uterus	0.3579595	Ovary	0.77476007	Ovary	0.49156618	Ovary	0.65446174	Ovary	0.5536962	Ovary	0.74747145	Ovary	0.5932262	Ovary	0.6892399	Uterus	0.52841073	Ovary	0.50954574	Uterus	0.41934726	Ovary	0.54937685	Uterus	0.98952264	Ovary	0.5642295	Ovary	0.71310085	Ovary	0.52150905	Ovary	0.6412374	Ovary	0.9544009	Ovary	0.8747209	Ovary	0.77208
TP_2080-poly-SI_10281-C6EKHANXX	TP_2080	Prostate	prostate		Prostate	0.9986517	Prostate	0.9999997	Prostate	1.0	Prostate	0.99999166	Prostate	1.0	Prostate	0.9999993	Prostate	0.9999999	Prostate	0.99999976	Prostate	0.9999989	Prostate	0.9999989	Prostate	0.9999997	Prostate	0.9999996	Prostate	0.9999989	Prostate	0.9999992	Prostate	0.9999997	Prostate	1.0	Prostate	0.9998437	Prostate	0.99999905	Prostate	0.99999994	Prostate	0.99994797	Prostate	0.99999964	Prostate	0.9999931	Prostate	0.9999846
TP_2081-poly-SI_10414-C6ET2ANXX	TP_2081	Prostate	bone_marrow	0.0018252921016942854	Prostate	0.96699697	Prostate	0.999859	Prostate	0.9999889	Prostate	0.99895823	Prostate	0.99999845	Prostate	0.9997644	Prostate	0.9999508	Prostate	0.99990416	Prostate	0.99969065	Prostate	0.9997286	Prostate	0.9998714	Prostate	0.99983513	Prostate	0.99973714	Prostate	0.99978906	Prostate	0.99989814	Prostate	1.0	Prostate	0.9806916	Prostate	0.9994367	Prostate	0.9999733	Prostate	0.9990584	Prostate	0.9996846	Prostate	0.9990498	Prostate	0.99667394
TP_2083-poly-SI_10415-C6ET2ANXX	TP_2083	Breast	liver	0.035479876558799577	Breast	0.38534307	Breast	0.99998033	Breast	0.84007984	Breast	0.99929583	Breast	0.99999994	Breast	0.9998797	Breast	0.99997795	Breast	0.9999825	Breast	0.99999046	Breast	0.84560305	Breast	0.9999616	Breast	0.99994165	Breast	0.99989676	Breast	0.99994653	Breast	0.999976	Breast	1.0	Liver	0.5958662	Breast	0.9998093	Breast	0.9999916	Breast	0.99933195	Breast	0.9999829	Breast	0.99985117	Breast	0.99992526
TP_2086-poly-SI_10434-C6ET2ANXX	TP_2086	Pancreas	liver	0.4048449752741319	Biliary	0.6734271	Stomach	0.63640124	Biliary	0.96415997	Stomach	0.35000387	Stomach	0.78294903	Stomach	0.45845768	Stomach	0.4640199	Stomach	0.6066973	Stomach	0.5930192	Liver	0.5126576	Stomach	0.48435423	Stomach	0.33989942	Stomach	0.43958795	Stomach	0.46560866	Stomach	0.45360455	Stomach	0.6679165	Biliary	0.60329187	Stomach	0.50153005	Stomach	0.5894425	Biliary	0.6112372	Stomach	0.35796893	Stomach	0.41438186	Stomach	0.4357859
TP_2087-capt-SI_10562-C6EEUANXX	TP_2087	Ovary	colon_rectum		Kidney	0.88670224	Kidney	0.7507668	Kidney	0.97097236	Kidney	0.7446188	Lung	0.66323364	Kidney	0.7476487	Kidney	0.8928606	Kidney	0.72878224	Kidney	0.91462225	Kidney	0.8913417	Kidney	0.6529798	Kidney	0.8514345	Kidney	0.500226	Kidney	0.81587857	Kidney	0.5526893	Ovary	0.98144126	Kidney	0.9747111	Kidney	0.8693873	Kidney	0.73796093	Kidney	0.70819175	Kidney	0.97758055	Kidney	0.98303443	Kidney	0.9606953
TP_2090-capt-SI_10666-C6UPRANXX	TP_2090	Prostate	bone_marrow	0.05990909517352496	Prostate	0.898319	Prostate	0.997766	Myeloid	0.780258	Prostate	0.99006706	Prostate	0.99994856	Prostate	0.99655586	Prostate	0.9990611	Prostate	0.99858576	Prostate	0.9972075	Prostate	0.9961089	Prostate	0.99801195	Prostate	0.997253	Prostate	0.99640983	Prostate	0.99591285	Prostate	0.9770472	Prostate	1.0	Myeloid	0.76196	Prostate	0.99443364	Prostate	0.9993818	Prostate	0.9434336	Prostate	0.9694998	Prostate	0.97922796	Prostate	0.9476911
TP_2091-poly-SI_10661-C6UPRANXX	TP_2091	Brain	brain	0.0	Brain	0.9992929	Brain	1.0	Brain	1.0	Brain	0.99999416	Brain	1.0	Brain	0.9999999	Brain	1.0	Brain	1.0	Brain	1.0	Brain	0.99999994	Brain	0.99999994	Brain	0.99999976	Brain	0.9999999	Brain	0.99999994	Brain	0.99999994	Brain	1.0	Brain	0.9999837	Brain	0.99999994	Brain	1.0	Brain	0.99999994	Brain	0.99999994	Brain	0.9999999	Brain	0.9999999
TP_2093-poly-SI_10697-C6V2AANXX	TP_2093	Prostate	lymph_node	0.0	Prostate	0.9152698	Prostate	0.9987327	Prostate	0.99998903	Prostate	0.9953753	Prostate	0.9999476	Prostate	0.99873674	Prostate	0.99957633	Prostate	0.9993751	Prostate	0.998173	Prostate	0.9973885	Prostate	0.9989337	Prostate	0.9989035	Prostate	0.9982907	Prostate	0.9982198	Prostate	0.9991654	Prostate	1.0	Prostate	0.9025835	Prostate	0.99682474	Prostate	0.9997976	Prostate	0.99951154	Prostate	0.9989922	Prostate	0.9958018	Prostate	0.9774479
TP_2096-poly-SI_10724-C6UUJANXX	TP_2096	Prostate	lymph_node	0.0	Prostate	0.9906485	Prostate	0.99999243	Prostate	1.0	Prostate	0.99991155	Prostate	1.0	Prostate	0.999985	Prostate	0.9999984	Prostate	0.99999654	Prostate	0.9999888	Prostate	0.99997675	Prostate	0.99999374	Prostate	0.9999913	Prostate	0.999983	Prostate	0.9999856	Prostate	0.99999446	Prostate	1.0	Prostate	0.99767804	Prostate	0.9999731	Prostate	0.99999917	Prostate	0.99998426	Prostate	0.9999964	Prostate	0.999943	Prostate	0.99972934
TP_2100-poly-SI_11003-HK2MMADXX	TP_2100	HeadNeck	liver	0.08226431497202083	Biliary	0.55880105	Bladder	0.94107217	Liver	0.8613064	Bladder	0.83447343	Bladder	0.98394716	Bladder	0.9224176	Bladder	0.92849416	Bladder	0.9345543	Bladder	0.9585575	Bladder	0.47139016	Bladder	0.86916715	Bladder	0.91833013	Bladder	0.9089031	Bladder	0.95021045	Bladder	0.9512718	Cervix	0.6440007	Biliary	0.64270717	Bladder	0.68740785	Bladder	0.930375	Bladder	0.89923334	Bladder	0.897934	Bladder	0.87063783	Bladder	0.92082024
TP_2101-poly-SI_11004-C6T3EANXX	TP_2101	HeadNeck	lung	0.0	Lung	0.9624575	Lung	0.9774609	Lung	0.88861114	Lung	0.9242468	Lung	0.98783773	Lung	0.9697454	Lung	0.95989203	Lung	0.9549568	Lung	0.96389	Lung	0.97539	Lung	0.9932266	Lung	0.977281	Lung	0.9764234	Lung	0.97301894	Lung	0.97314185	Lung	0.9999656	Lung	0.97542435	Lung	0.9629648	Lung	0.93116516	Lung	0.96257454	Lung	0.9875521	Lung	0.9449911	Lung	0.95864475
TP_2102-poly-SI_11147-C6T5LANXX	TP_2102	Sarcoma	soft_tissue	0.0	Sarcoma	0.9785716	Sarcoma	0.98884994	Sarcoma	0.986316	Sarcoma	0.9921702	Sarcoma	0.99602103	Sarcoma	0.99535805	Sarcoma	0.98654604	Sarcoma	0.96861935	Sarcoma	0.9984148	Sarcoma	0.9914856	Sarcoma	0.9883621	Sarcoma	0.9969187	Sarcoma	0.99029577	Sarcoma	0.98328996	Sarcoma	0.9884783	Sarcoma	0.99999714	Sarcoma	0.9842014	Sarcoma	0.9798661	Sarcoma	0.99765	Sarcoma	0.9947792	Sarcoma	0.99870276	Sarcoma	0.9847072	Sarcoma	0.9807206
TP_2106-capt-SI_11224-C6UTYANXX	TP_2106	Pancreas	bone_marrow	0.02605593469042627	Pancreas	0.41728628	Pancreas	0.73047924	Lung	0.5916054	Pancreas	0.6559163	Pancreas	0.8065872	Pancreas	0.704283	Pancreas	0.70665896	Pancreas	0.71956736	Pancreas	0.6632557	Pancreas	0.7961655	Pancreas	0.9056587	Pancreas	0.7117899	Pancreas	0.7117967	Pancreas	0.72078013	Pancreas	0.7215035	Lung	0.59903973	Pancreas	0.44686368	Pancreas	0.5229927	Pancreas	0.7021527	Pancreas	0.93506956	Pancreas	0.48520827	Pancreas	0.46144155	Pancreas	0.47649372
TP_2109-poly-SI_11372-C6UUUANXX	TP_2109	Breast	lymph_node	0.0	Breast	0.9991827	Breast	1.0	Breast	1.0	Breast	0.9999986	Breast	1.0	Breast	0.99999994	Breast	1.0	Breast	1.0	Breast	1.0	Breast	1.0	Breast	0.99999994	Breast	1.0	Breast	0.99999994	Breast	1.0	Breast	1.0	Breast	1.0	Breast	0.99998164	Breast	0.99999994	Breast	1.0	Breast	0.99999934	Breast	1.0	Breast	0.99999976	Breast	0.9999999
TP_2118-capt-SI_11547-C7GBMANXX	TP_2118	Breast	lymph_node	0.0	Breast	0.98847985	Breast	0.9943476	Breast	0.99981695	Breast	0.9929183	Breast	0.9999041	Breast	0.9977814	Breast	0.99428624	Breast	0.9921191	Breast	0.99841845	Breast	0.9969469	Breast	0.995478	Breast	0.9970562	Breast	0.99635607	Breast	0.9921646	Breast	0.9951348	Breast	0.99993634	Breast	0.99637157	Breast	0.9926414	Breast	0.99813205	Breast	0.9992646	Breast	0.9993637	Breast	0.994441	Breast	0.9974358
TP_2119-capt-SI_11548-C7GBMANXX	TP_2119	Sarcoma	liver	0.012155393972188969	Kidney	0.3582119	Brain	0.52692777	Kidney	0.79690516	Sarcoma	0.52094644	Brain	0.7345391	Sarcoma	0.46751356	Brain	0.5821011	Brain	0.7276415	Sarcoma	0.72250754	Brain	0.5166313	Brain	0.49473745	Sarcoma	0.5030391	Brain	0.56905204	Brain	0.6702832	Brain	0.59615624	Sarcoma	0.6633687	Kidney	0.3545949	Sarcoma	0.48952982	Brain	0.58976525	Brain	0.5072508	Sarcoma	0.6553426	Brain	0.6237978	Brain	0.6032133
TP_2120-poly-SI_11533-HV7JLADXX	TP_2120	Brain	brain	0.03949842065293141	Brain	0.999	Brain	0.99999994	Brain	1.0	Brain	0.99998987	Brain	1.0	Brain	0.99999964	Brain	0.99999994	Brain	0.9999999	Brain	1.0	Brain	0.99999976	Brain	0.9999999	Brain	0.9999996	Brain	0.9999995	Brain	0.9999999	Brain	0.9999999	Brain	1.0	Brain	0.99997467	Brain	0.99999976	Brain	0.99999994	Brain	0.9999997	Brain	0.9999999	Brain	0.9999996	Brain	0.99999917
TP_2122-poly-SI_11534-C7GBMANXX	TP_2122	Breast	lymph_node	0.0032440372386093527	Esophagus	0.40329018	Esophagus	0.59729445	Esophagus	0.9122985	Esophagus	0.5369156	Esophagus	0.5357657	Esophagus	0.5960938	Esophagus	0.58505064	Esophagus	0.6847103	Esophagus	0.5940796	Esophagus	0.65916306	Esophagus	0.5179426	Esophagus	0.641252	Esophagus	0.68383956	Esophagus	0.6347332	Esophagus	0.58362824	Esophagus	0.7654122	Esophagus	0.71764165	Esophagus	0.6725843	Esophagus	0.72415423	Esophagus	0.90762246	Esophagus	0.8085341	Esophagus	0.73631054	Esophagus	0.6564315
TP_2130-capt-SI_11905-C7FMDANXX	TP_2130	HeadNeck	head_neck		Lung	0.9036509	Lung	0.99869764	Lung	0.97845274	Lung	0.9932653	Lung	0.9996677	Lung	0.9986132	Lung	0.9973987	Lung	0.99804753	Lung	0.99694246	Lung	0.9987979	Lung	0.9978479	Lung	0.99854857	Lung	0.9991945	Lung	0.99846154	Lung	0.99861383	Lung	0.9998491	Lung	0.9484947	Lung	0.99516904	Lung	0.9981526	Lung	0.99558175	Lung	0.99880725	Lung	0.9947429	Lung	0.99040985
TP_2131-capt-SI_11906-C7F4VANXX	TP_2131	Bladder	liver	0.0	Bladder	0.93203956	Bladder	0.9922074	Bladder	0.99670357	Bladder	0.961295	Bladder	0.999517	Bladder	0.993553	Bladder	0.98859745	Bladder	0.99112314	Bladder	0.9935019	Bladder	0.9918841	Bladder	0.9922081	Bladder	0.9877468	Bladder	0.993088	Bladder	0.99151844	Bladder	0.99484754	Bladder	0.998702	Bladder	0.9817242	Bladder	0.9493863	Bladder	0.9944715	Bladder	0.9732159	Bladder	0.9973233	Bladder	0.9909129	Bladder	0.99529886
TP_2141-capt-SI_12056-H53C5ADXX	TP_2141	Breast	liver	0.0	Breast	0.97491354	Breast	0.9997926	Breast	0.99980253	Breast	0.9988795	Breast	0.99999905	Breast	0.99979734	Breast	0.9997218	Breast	0.9997843	Breast	0.9998598	Breast	0.9997467	Breast	0.9997194	Breast	0.9998505	Breast	0.99988663	Breast	0.9996992	Breast	0.99977493	Breast	1.0	Breast	0.9853938	Breast	0.9988626	Breast	0.99991065	Breast	0.99960595	Breast	0.9999475	Breast	0.99961746	Breast	0.99947727
TP_2156-capt-SI_12477-C7G91ANXX	TP_2156	Prostate	liver	0.0	Lung	0.57166636	Lung	0.88168585	Lung	0.98209345	Lung	0.6785695	Lung	0.99607086	Lung	0.8210539	Lung	0.88553196	Lung	0.878151	Lung	0.88362503	Lung	0.79232186	Lung	0.82324237	Lung	0.79293436	Lung	0.7388348	Lung	0.83328986	Lung	0.8423248	Lung	0.95393074	Lung	0.56891245	Lung	0.8637766	Lung	0.91070163	Lung	0.48625416	Lung	0.9032791	Lung	0.8401493	Lung	0.8674529
