analysis_cohort	cohort	sample_id	patient_id	organ	standard_site	at_risk	in_native	common_label	BASE-Z	SA-Z	SCOPE	SCOPE_class	SCOPE_ns	CUP-AI-Dx	CUP_class
MET500	MET500	ES_5001-capt-SI_5013-C0LAMACXX	ES_5001	Breast	brain	True	False	True	Breast	Breast	Breast	BRCA_TS	False	Breast	BRCA
MET500	MET500	ES_5004-poly-SI_5767-C19KEACXX	ES_5004	Colorectal	soft_tissue	True	False	True	Esophagus	Brain	Pancreas	PAAD_TS	False	Colorectal	COADREAD
MET500	MET500	MO_1001-poly-SI_4110-D0CG3ABXX	MO_1001	Colorectal	liver	True	False	True	Colorectal	Colorectal	Colorectal	COADREAD_TS	False	Colorectal	COADREAD
MET500	MET500	MO_1002-poly-SI_4111-D0CG3ABXX	MO_1002	Melanoma	skin	False	True	True	Melanoma	Melanoma	Melanoma	SKCM_TS	False	Melanoma	SKCM
MET500	MET500	MO_1005-poly-SI_4154-C0282ABXX	MO_1005	Sarcoma	liver	True	False	True	Sarcoma	Mesothelioma	Mesothelioma	MESO_TS	False	Sarcoma	SARC
MET500	MET500	MO_1007-poly-SI_4349-D07RMACXX	MO_1007	Biliary	liver	False	True	True	Uterus	Ovary	Lung	LUSC_TS	False	Uterus	UCEC
MET500	MET500	MO_1008-capt-SI_4519-D0EN5ACXX	MO_1008	Prostate	brain	True	False	True	Prostate	Prostate	Prostate	PRAD_TS	False	Prostate	PRAD
MET500	MET500	MO_1011-poly-SI_4443-C0978ACXX	MO_1011	Sarcoma	soft_tissue	False	True	True	Sarcoma	Sarcoma	Sarcoma	SARC_TS	False	Sarcoma	SARC
MET500	MET500	MO_1012-poly-SI_4444-C0978ACXX	MO_1012	Prostate	skin	True	False	True	Stomach	Stomach	Lung	LUSC_TS	False	HeadNeck	HNSC
MET500	MET500	MO_1013-poly-SI_4538-C0A6EACXX	MO_1013	Prostate	lymph_node	True	False	True	Prostate	Prostate	Prostate	PRAD_TS	False	Prostate	PRAD
MET500	MET500	MO_1014-poly-SI_4539-C0A6EACXX	MO_1014	Prostate	lymph_node	True	False	True	Prostate	Prostate	Prostate	PRAD_TS	False	Prostate	PRAD
MET500	MET500	MO_1015-poly-SI_4599-C07ECACXX	MO_1015	Prostate	lymph_node	True	False	True	Prostate	Prostate	Prostate	PRAD_TS	False	Prostate	PRAD
MET500	MET500	MO_1016-poly-SI_4600-D0GPLACXX	MO_1016	Bladder	lymph_node	True	False	True	Bladder	Bladder	Testis	TGCT_TS	False	Bladder	BLCA
MET500	MET500	MO_1017-poly-SI_4601-D0GPLACXX	MO_1017	Thymus	lymph_node	True	False	True	Thymus	Thymus	Brain	LGG_TS	False	Thymus	THYM
MET500	MET500	MO_1020-poly-SI_4737-D0H01ACXX	MO_1020	Prostate	liver	True	False	True	Prostate	Prostate	Prostate	PRAD_TS	False	Prostate	PRAD
MET500	MET500	MO_1022-poly-SI_4827-D0L3RACXX	MO_1022	Biliary	liver	False	True	True	Biliary	Biliary	Biliary	CHOL_TS	False	Biliary	CHOL
MET500	MET500	MO_1023-poly-SI_4828-D0L3RACXX	MO_1023	Sarcoma	lung	True	False	True	Mesothelioma	Mesothelioma	Lung	LUAD_NS	True	Lung	LUAD
MET500	MET500	MO_1024-poly-SI_4829-D0L3RACXX	MO_1024	Sarcoma	soft_tissue	False	True	True	Sarcoma	Sarcoma	Sarcoma	SARC_TS	False	Sarcoma	SARC
MET500	MET500	MO_1025-poly-SI_4850-C0EMJACXX	MO_1025	Sarcoma	skin	True	False	True	Sarcoma	Sarcoma	Uterus	UCS_TS	False	Sarcoma	SARC
MET500	MET500	MO_1026-poly-SI_4851-C0EMJACXX	MO_1026	Sarcoma	skin	True	False	True	Sarcoma	Sarcoma	Melanoma	SKCM_TS	False	Sarcoma	SARC
MET500	MET500	MO_1027-poly-SI_4852-C0EMJACXX	MO_1027	Biliary	liver	False	True	True	Biliary	Biliary	Kidney	KIRP_TS	False	Biliary	CHOL
MET500	MET500	MO_1028-poly-SI_4924-C0KFGACXX	MO_1028	Adrenal	soft_tissue	True	False	True	Adrenal	Adrenal	Adrenal	ACC_TS	False	Adrenal	ACC
MET500	MET500	MO_1030-capt-SI_5380-D12U3ACXX	MO_1030	Breast	pancreas	True	False	True	Breast	Breast	Breast	BRCA_TS	False	Pancreas	PAAD
MET500	MET500	MO_1031-poly-SI_5256-C0VU9ACXX	MO_1031	Breast	liver	True	False	True	Breast	Breast	Breast	BRCA_TS	False	Breast	BRCA
MET500	MET500	MO_1032-poly-SI_4925-C0KFGACXX	MO_1032	Breast	breast	False	True	True	Breast	Breast	Breast	BRCA_TS	False	Breast	BRCA
MET500	MET500	MO_1033-poly-SI_4926-C0KFGACXX	MO_1033	Colorectal	liver	True	False	True	Cervix	Cervix	Cervix	CESC_SCC_TS	False	Cervix	CESC
MET500	MET500	MO_1034-capt-SI_4976-C0L92ACXX	MO_1034	Lung	lung	False	True	True	Lung	Lung	Lung	LUAD_TS	False	Lung	LUAD
MET500	MET500	MO_1035-capt-SI_5162-C0MHHACXX	MO_1035	Stomach	soft_tissue	True	False	True	Sarcoma	Sarcoma	Lung	LUSC_TS	False	Sarcoma	SARC
MET500	MET500	MO_1036-poly-SI_4963-C0KW0ACXX	MO_1036	Biliary	liver	False	True	True	Biliary	Biliary	Biliary	CHOL_TS	False	Liver	LIHC
MET500	MET500	MO_1037-poly-SI_4964-C0KW0ACXX	MO_1037	Pancreas	liver	True	False	True	Biliary	Ovary	Stomach	STAD_TS	False	Liver	LIHC
MET500	MET500	MO_1038-capt-SI_5040-C0LM6ACXX	MO_1038	Melanoma	lung	True	False	True	Melanoma	Melanoma	Melanoma	SKCM_TS	False	Testis	TGCT
MET500	MET500	MO_1039-poly-SI_4965-C0KRNACXX	MO_1039	Biliary	liver	False	True	True	Biliary	Biliary	Biliary	CHOL_TS	False	Liver	LIHC
MET500	MET500	MO_1040-poly-SI_4966-C0KRNACXX	MO_1040	Prostate	lymph_node	True	False	True	Prostate	Prostate	Prostate	PRAD_TS	False	Prostate	PRAD
MET500	MET500	MO_1042-poly-SI_5026-C0LARACXX	MO_1042	Adrenal	liver	True	False	True	Adrenal	Adrenal	Liver	LIHC_TS	False	Liver	LIHC
MET500	MET500	MO_1045-poly-SI_5090-D0VCEACXX	MO_1045	Pancreas	lymph_node	True	False	True	Pancreas	Pancreas	Bladder	BLCA_TS	False	Pancreas	PAAD
MET500	MET500	MO_1046-poly-SI_5059-D0VDLACXX	MO_1046	HeadNeck	bone_marrow	True	False	True	HeadNeck	Cervix	Cervix	CESC_SCC_TS	False	Bladder	BLCA
MET500	MET500	MO_1047-poly-SI_5045-D0UTEACXX	MO_1047	Sarcoma	soft_tissue	False	True	True	Sarcoma	Sarcoma	Melanoma	SKCM_TS	False	Sarcoma	SARC
MET500	MET500	MO_1048-poly-SI_5046-D0UTEACXX	MO_1048	Colorectal	lymph_node	True	False	True	Stomach	Stomach	Stomach	STAD_TS	False	Stomach	STAD
MET500	MET500	MO_1049-poly-SI_5060-D0VDLACXX	MO_1049	Bladder	lymph_node	True	False	True	Esophagus	Esophagus	Bladder	BLCA_TS	False	Bladder	BLCA
MET500	MET500	MO_1050-poly-SI_5061-D0VDLACXX	MO_1050	Ovary	liver	True	False	True	Ovary	Ovary	Uterus	UCEC_TS	False	Uterus	UCEC
MET500	MET500	MO_1051-poly-SI_5091-D0VCEACXX	MO_1051	Breast	liver	True	False	True	Breast	Breast	Breast	BRCA_TS	False	Liver	LIHC
MET500	MET500	MO_1052-capt-SI_5382-D12U3ACXX	MO_1052	Thyroid	thyroid	False	True	True	Esophagus	Esophagus	Lung	LUAD_TS	False	Thyroid	THCA
MET500	MET500	MO_1053-poly-SI_5062-D0VDLACXX	MO_1053	Adrenal	adrenal	False	True	True	Adrenal	Adrenal	Adrenal	ACC_TS	False	Adrenal	ACC
MET500	MET500	MO_1055-poly-SI_5150-C0MHHACXX	MO_1055	HeadNeck	liver	True	False	True	Esophagus	Cervix	Bladder	BLCA_TS	False	Bladder	BLCA
MET500	MET500	MO_1058-poly-SI_5183-C0VTMACXX	MO_1058	Sarcoma	soft_tissue	False	True	True	Sarcoma	Bladder	Kidney	KIRC_TS	False	Bladder	BLCA
MET500	MET500	MO_1059-poly-SI_5151-C0MHHACXX	MO_1059	Pancreas	liver	True	False	True	Uterus	Uterus	Biliary	CHOL_TS	False	Liver	LIHC
MET500	MET500	MO_1060-poly-SI_5152-C0MHHACXX	MO_1060	Ovary	lymph_node	True	False	True	Ovary	Ovary	Ovary	OV_TS	False	Ovary	OV
MET500	MET500	MO_1061-poly-SI_5153-C0MHHACXX	MO_1061	Thymus	lung	True	False	True	Thymus	Thymus	Thymus	THYM_TS	False	Thymus	THYM
MET500	MET500	MO_1063-poly-SI_5184-C0VTMACXX	MO_1063	Kidney	bone_marrow	True	False	True	Kidney	Kidney	Kidney	KIRC_TS	False	Kidney	KIRC
MET500	MET500	MO_1065-poly-SI_5186-C0VTMACXX	MO_1065	Breast	lymph_node	True	False	True	Breast	Breast	Breast	BRCA_TS	False	Breast	BRCA
MET500	MET500	MO_1066-poly-SI_9578-C5MGWANXX	MO_1066	Prostate	soft_tissue	True	False	True	Prostate	Prostate	Prostate	PRAD_TS	False	Prostate	PRAD
MET500	MET500	MO_1067-poly-SI_5187-C0VTLACXX	MO_1067	Esophagus	head_neck	True	False	True	Esophagus	Esophagus	Esophagus	ESCA_EAC_TS	False	Bladder	BLCA
MET500	MET500	MO_1068-poly-SI_5188-C0VTYACXX	MO_1068	Breast	lymph_node	True	False	True	Breast	Breast	Breast	BRCA_TS	False	Breast	BRCA
MET500	MET500	MO_1069-poly-SI_5257-C0VU9ACXX	MO_1069	Breast	lymph_node	True	False	True	Breast	Breast	Breast	BRCA_TS	False	Breast	BRCA
MET500	MET500	MO_1070-poly-SI_5281-C0VU9ACXX	MO_1070	Melanoma	lymph_node	True	False	True	Melanoma	Melanoma	Melanoma	SKCM_TS	False	Melanoma	SKCM
MET500	MET500	MO_1072-poly-SI_5351-D12MJACXX	MO_1072	HeadNeck	soft_tissue	True	False	True	Lung	Lung	Lung	LUSC_TS	False	HeadNeck	HNSC
MET500	MET500	MO_1073-poly-SI_5409-C0VURACXX	MO_1073	Colorectal	colon_rectum	False	True	True	Colorectal	Colorectal	Colorectal	COADREAD_TS	False	Colorectal	COADREAD
MET500	MET500	MO_1074-poly-SI_5410-C0VYRACXX	MO_1074	Prostate	bone_marrow	True	False	True	Prostate	Prostate	Prostate	PRAD_TS	False	Prostate	PRAD
MET500	MET500	MO_1076-capt-SI_5501-D130HACXX	MO_1076	Sarcoma	lung	True	False	True	Sarcoma	Sarcoma	Melanoma	SKCM_TS	False	Sarcoma	SARC
MET500	MET500	MO_1077-poly-SI_5484-D12YGACXX	MO_1077	Thyroid	thyroid	False	True	True	Thyroid	Thyroid	Thyroid	THCA_TS	False	Thyroid	THCA
MET500	MET500	MO_1080-capt-SI_5560-D131EACXX	MO_1080	Thyroid	thyroid	False	True	True	Sarcoma	Sarcoma	Lung	LUAD_TS	False	Sarcoma	SARC
MET500	MET500	MO_1084-poly-SI_5551-D131EACXX	MO_1084	Prostate	lymph_node	True	False	True	Prostate	Prostate	Prostate	PRAD_TS	False	Prostate	PRAD
MET500	MET500	MO_1085-poly-SI_5552-D131EACXX	MO_1085	Stomach	liver	True	False	True	Sarcoma	Sarcoma	Sarcoma	SARC_TS	False	Liver	LIHC
MET500	MET500	MO_1087-poly-SI_5589-D18NCACXX	MO_1087	Colorectal	liver	True	False	True	Biliary	Colorectal	Colorectal	COADREAD_TS	False	Liver	LIHC
MET500	MET500	MO_1088-capt-SI_5831-C19FGACXX	MO_1088	Sarcoma	lung	True	False	True	Sarcoma	Sarcoma	Lung	LUSC_TS	False	Sarcoma	SARC
MET500	MET500	MO_1089-poly-SI_5593-C147NACXX	MO_1089	Pancreas	soft_tissue	True	False	True	Adrenal	Adrenal	Uterus	UCEC_TS	False	Adrenal	ACC
MET500	MET500	MO_1090-capt-SI_5612-D18NCACXX	MO_1090	Breast	soft_tissue	True	False	True	Breast	Breast	Breast	BRCA_TS	False	Breast	BRCA
MET500	MET500	MO_1091-poly-SI_5769-C19FGACXX	MO_1091	Bladder	soft_tissue	True	False	True	Esophagus	Stomach	Stomach	STAD_TS	False	Bladder	BLCA
MET500	MET500	MO_1093-poly-SI_5664-C19D0ACXX	MO_1093	Prostate	lymph_node	True	False	True	Prostate	Lymphoid	Lymphoid	DLBC_TS	False	Lymphoid	DLBC
MET500	MET500	MO_1094-poly-SI_5594-D133TACXX	MO_1094	Prostate	bone_marrow	True	False	True	Esophagus	Esophagus	Esophagus	ESCA_EAC_TS	False	Colorectal	COADREAD
MET500	MET500	MO_1095-poly-SI_5665-C19D0ACXX	MO_1095	Prostate	lung	True	False	True	Prostate	Prostate	Prostate	PRAD_TS	False	Prostate	PRAD
MET500	MET500	MO_1096-capt-SI_5685-C19D0ACXX	MO_1096	Prostate	bone_marrow	True	False	True	Prostate	Prostate	Prostate	PRAD_TS	False	Prostate	PRAD
MET500	MET500	MO_1097-poly-SI_5666-C19D0ACXX	MO_1097	Bladder	liver	True	False	True	Cervix	Cervix	Cervix	CESC_SCC_TS	False	Cervix	CESC
MET500	MET500	MO_1098-poly-SI_5667-C19D0ACXX	MO_1098	Colorectal	lung	True	False	True	Colorectal	Colorectal	Colorectal	COADREAD_TS	False	Colorectal	COADREAD
MET500	MET500	MO_1099-poly-SI_5765-C19FGACXX	MO_1099	Bladder	liver	True	False	True	Lung	Lung	Lung	LUSC_TS	False	HeadNeck	HNSC
MET500	MET500	MO_1100-poly-SI_7007-D26P3ACXX	MO_1100	Sarcoma	soft_tissue	False	True	True	Sarcoma	Sarcoma	Sarcoma	SARC_TS	False	Sarcoma	SARC
MET500	MET500	MO_1102-poly-SI_5854-C19KEACXX	MO_1102	Thymus	liver	True	False	True	Thymus	Thymus	Lung	LUSC_TS	False	Thymus	THYM
MET500	MET500	MO_1106-poly-SI_5772-C19GBACXX	MO_1106	Melanoma	head_neck	True	False	True	Breast	Breast	Breast	BRCA_TS	False	Breast	BRCA
MET500	MET500	MO_1107-poly-SI_5773-C19M0ACXX	MO_1107	Breast	liver	True	False	True	Breast	Breast	Breast	BRCA_TS	False	Breast	BRCA
MET500	MET500	MO_1108-capt-SI_6356-C1N0NACXX	MO_1108	Lung	lymph_node	True	False	True	Lung	Lung	Lung	LUAD_TS	False	Lung	LUAD
MET500	MET500	MO_1111-poly-SI_5870-D1DPVACXX	MO_1111	Lung	lymph_node	True	False	True	Lung	Lung	Lung	LUAD_TS	False	Lung	LUAD
MET500	MET500	MO_1112-capt-SI_6071-D1EC1ACXX	MO_1112	Prostate	bone_marrow	True	False	True	Prostate	Prostate	Prostate	PRAD_TS	False	Prostate	PRAD
MET500	MET500	MO_1114-poly-SI_6059-D1EBFACXX	MO_1114	Prostate	lymph_node	True	False	True	Prostate	Prostate	Prostate	PRAD_TS	False	Prostate	PRAD
MET500	MET500	MO_1116-poly-SI_6060-D1EBFACXX	MO_1116	Biliary	liver	False	True	True	Liver	Colorectal	Liver	LIHC_TS	False	Liver	LIHC
MET500	MET500	MO_1117-poly-SI_7200-D27AFACXX	MO_1117	Liver	liver	False	True	True	Liver	Liver	Liver	LIHC_TS	False	Liver	LIHC
MET500	MET500	MO_1118-poly-SI_6061-D1EC1ACXX	MO_1118	Prostate	liver	True	False	True	Liver	Lung	Lung	LUAD_TS	False	Biliary	CHOL
MET500	MET500	MO_1119-poly-SI_6062-D1EC1ACXX	MO_1119	Lung	brain	True	False	True	Lung	Lung	Lung	LUAD_TS	False	Lung	LUAD
MET500	MET500	MO_1123-poly-SI_6204-C1MR4ACXX	MO_1123	Pancreas	lung	True	False	True	Lung	Stomach	Stomach	STAD_TS	False	Lung	LUAD
MET500	MET500	MO_1124-poly-SI_6271-C1MP5ACXX	MO_1124	Prostate	bladder	True	False	True	Prostate	Prostate	Prostate	PRAD_TS	False	Prostate	PRAD
MET500	MET500	MO_1125-poly-SI_6206-C1MR4ACXX	MO_1125	Lung	lymph_node	True	False	True	Lung	Lung	Lung	LUSC_TS	False	Stomach	STAD
MET500	MET500	MO_1126-capt-SI_6287-D1RTCACXX	MO_1126	Breast	liver	True	False	True	Breast	Breast	Breast	BRCA_TS	False	Breast	BRCA
MET500	MET500	MO_1128-poly-SI_6209-D1RWDACXX	MO_1128	Prostate	lymph_node	True	False	True	Prostate	Prostate	Prostate	PRAD_TS	False	Prostate	PRAD
MET500	MET500	MO_1129-capt-SI_6222-D1RWDACXX	MO_1129	Breast	liver	True	False	True	Liver	Breast	Liver	LIHC_TS	False	Liver	LIHC
MET500	MET500	MO_1130-capt-SI_6223-D1RWDACXX	MO_1130	Prostate	bone_marrow	True	False	True	Prostate	Prostate	Prostate	PRAD_TS	False	Prostate	PRAD
MET500	MET500	MO_1131-poly-SI_6273-C1MP5ACXX	MO_1131	Melanoma	lymph_node	True	False	True	Melanoma	Melanoma	Melanoma	SKCM_TS	False	Melanoma	SKCM
MET500	MET500	MO_1132-capt-SI_6342-D1R6AACXX	MO_1132	Prostate	bone_marrow	True	False	True	Myeloid	Myeloid	Myeloid	LAML_TS	False	Myeloid	LAML
MET500	MET500	MO_1133-poly-SI_6212-D1RWDACXX	MO_1133	Sarcoma	soft_tissue	False	True	True	Sarcoma	Sarcoma	Sarcoma	SARC_TS	False	Sarcoma	SARC
MET500	MET500	MO_1135-poly-SI_6214-D1RRKACXX	MO_1135	Bladder	soft_tissue	True	False	True	HeadNeck	Esophagus	Lung	LUSC_TS	False	HeadNeck	HNSC
MET500	MET500	MO_1136-poly-SI_6215-D1RRKACXX	MO_1136	Liver	soft_tissue	True	False	True	Liver	Liver	Liver	LIHC_TS	False	Liver	LIHC
MET500	MET500	MO_1137-capt-SI_6232-D1RRKACXX	MO_1137	Sarcoma	lung	True	False	True	Mesothelioma	Sarcoma	Lung	LUAD_TS	False	Mesothelioma	MESO
MET500	MET500	MO_1138-poly-SI_6274-D1RTCACXX	MO_1138	Ovary	bone_marrow	True	False	True	Ovary	Ovary	Ovary	OV_TS	False	Ovary	OV
MET500	MET500	MO_1140-poly-SI_6275-D1RTCACXX	MO_1140	Stomach	soft_tissue	True	False	True	Melanoma	Melanoma	Melanoma	SKCM_TS	False	Melanoma	SKCM
MET500	MET500	MO_1141-poly-SI_6276-D1RTCACXX	MO_1141	HeadNeck	lung	True	False	True	Lung	Lung	Lung	LUSC_TS	False	Lung	LUSC
MET500	MET500	MO_1146-poly-SI_6458-C1M58ACXX	MO_1146	Melanoma	skin	False	True	True	Melanoma	Melanoma	Melanoma	SKCM_TS	False	Melanoma	SKCM
MET500	MET500	MO_1147-poly-SI_6331-C1MY8ACXX	MO_1147	Biliary	liver	False	True	True	Biliary	Biliary	Biliary	CHOL_TS	False	Biliary	CHOL
MET500	MET500	MO_1148-poly-SI_6328-C1MY8ACXX	MO_1148	Sarcoma	soft_tissue	False	True	True	Sarcoma	Sarcoma	Sarcoma	SARC_TS	False	Sarcoma	SARC
MET500	MET500	MO_1149-capt-SI_6357-C1MY8ACXX	MO_1149	Sarcoma	lung	True	False	True	Sarcoma	Sarcoma	Melanoma	SKCM_TS	False	Sarcoma	SARC
MET500	MET500	MO_1152-poly-SI_6453-C1M58ACXX	MO_1152	Biliary	liver	False	True	True	Liver	Biliary	Liver	LIHC_TS	False	Liver	LIHC
MET500	MET500	MO_1153-poly-SI_6454-C1M58ACXX	MO_1153	Bladder	liver	True	False	True	Bladder	Bladder	Bladder	BLCA_TS	False	Bladder	BLCA
MET500	MET500	MO_1157-poly-SI_6456-C1M58ACXX	MO_1157	Sarcoma	soft_tissue	False	True	True	Sarcoma	Sarcoma	Sarcoma	SARC_TS	False	Sarcoma	SARC
MET500	MET500	MO_1158-poly-SI_6553-D1RV8ACXX	MO_1158	Ovary	soft_tissue	True	False	True	Ovary	Ovary	Ovary	OV_TS	False	Ovary	OV
MET500	MET500	MO_1159-poly-SI_6459-C1N0NACXX	MO_1159	Breast	liver	True	False	True	Breast	Breast	Breast	BRCA_TS	False	Breast	BRCA
MET500	MET500	MO_1161-poly-SI_6554-D1RV8ACXX	MO_1161	Prostate	liver	True	False	True	Prostate	Prostate	Prostate	PRAD_TS	False	Prostate	PRAD
MET500	MET500	MO_1162-capt-SI_6567-D1RV8ACXX	MO_1162	Prostate	soft_tissue	True	False	True	Prostate	Prostate	Prostate	PRAD_TS	False	Prostate	PRAD
MET500	MET500	MO_1163-poly-SI_6555-D1RV8ACXX	MO_1163	Lung	liver	True	False	True	Biliary	Lung	Lung	LUAD_TS	False	Liver	LIHC
MET500	MET500	MO_1164-capt-SI_6569-D1RV8ACXX	MO_1164	Kidney	brain	True	False	True	Kidney	Kidney	Kidney	KIRC_TS	False	Kidney	KIRC
MET500	MET500	MO_1165-capt-SI_6570-D1RV8ACXX	MO_1165	Sarcoma	breast	True	False	True	Sarcoma	Sarcoma	Sarcoma	SARC_TS	False	Sarcoma	SARC
MET500	MET500	MO_1166-poly-SI_6556-D1RV8ACXX	MO_1166	Bladder	bone_marrow	True	False	True	Bladder	Bladder	Bladder	BLCA_TS	False	Bladder	BLCA
MET500	MET500	MO_1167-capt-SI_6652-H0V81ADXX	MO_1167	Breast	liver	True	False	True	Breast	Breast	Breast	BRCA_TS	False	Breast	BRCA
MET500	MET500	MO_1168-capt-SI_6557-D1RV8ACXX	MO_1168	Sarcoma	liver	True	False	True	Sarcoma	Sarcoma	Sarcoma	SARC_TS	False	Sarcoma	SARC
MET500	MET500	MO_1170-capt-SI_6653-H0V81ADXX	MO_1170	Biliary	soft_tissue	True	False	True	Pancreas	Pancreas	Pancreas	PAAD_TS	False	Pancreas	PAAD
MET500	MET500	MO_1171-capt-SI_6642-D21U5ACXX	MO_1171	Testis	lymph_node	True	False	True	Adrenal	Brain	Brain	MB-Adult_TS	False	Brain	LGG
MET500	MET500	MO_1172-poly-SI_6627-D21U5ACXX	MO_1172	Pancreas	lung	True	False	True	Lung	Stomach	Lung	LUAD_TS	False	Lung	LUAD
MET500	MET500	MO_1176-poly-SI_6848-H77NYADXX	MO_1176	Prostate	lymph_node	True	False	True	Prostate	Prostate	Prostate	PRAD_TS	False	Prostate	PRAD
MET500	MET500	MO_1177-capt-SI_6699-H0UUFADXX	MO_1177	Lung	soft_tissue	True	False	True	Mesothelioma	Mesothelioma	Mesothelioma	MESO_TS	False	Mesothelioma	MESO
MET500	MET500	MO_1178-poly-SI_6689-H0UUFADXX	MO_1178	Breast	lymph_node	True	False	True	Breast	Breast	Breast	BRCA_TS	False	Breast	BRCA
MET500	MET500	MO_1179-poly-SI_6690-H15U7ADXX	MO_1179	Prostate	bone_marrow	True	False	True	Prostate	Prostate	Prostate	PRAD_TS	False	Prostate	PRAD
MET500	MET500	MO_1180-poly-SI_6691-H15U7ADXX	MO_1180	Sarcoma	soft_tissue	False	True	True	Sarcoma	Sarcoma	Sarcoma	SARC_TS	False	Sarcoma	SARC
MET500	MET500	MO_1181-poly-SI_6692-H77P1ADXX	MO_1181	Sarcoma	soft_tissue	False	True	True	Sarcoma	Sarcoma	Sarcoma	SARC_TS	False	Sarcoma	SARC
MET500	MET500	MO_1182-poly-SI_6693-H77P2ADXX	MO_1182	Sarcoma	soft_tissue	False	True	True	Sarcoma	Sarcoma	Sarcoma	SARC_TS	False	Sarcoma	SARC
MET500	MET500	MO_1183-poly-SI_6694-H77P1ADXX	MO_1183	Melanoma	skin	False	True	True	Sarcoma	Melanoma	Melanoma	SKCM_TS	False	Sarcoma	SARC
MET500	MET500	MO_1184-poly-SI_6695-H77P2ADXX	MO_1184	Prostate	liver	True	False	True	Prostate	Prostate	Prostate	PRAD_TS	False	Prostate	PRAD
MET500	MET500	MO_1185-poly-SI_6764-H77P6ADXX	MO_1185	Breast	soft_tissue	True	False	True	Breast	Breast	Breast	BRCA_TS	False	Breast	BRCA
MET500	MET500	MO_1187-poly-SI_6767-H77P7ADXX	MO_1187	HeadNeck	liver	True	False	True	Esophagus	Esophagus	Lung	LUSC_TS	False	Lung	LUAD
MET500	MET500	MO_1188-poly-SI_6768-H77PAADXX	MO_1188	Breast	lymph_node	True	False	True	Breast	Breast	Breast	BRCA_TS	False	Breast	BRCA
MET500	MET500	MO_1189-poly-SI_6849-H77PAADXX	MO_1189	Lung	lymph_node	True	False	True	Lung	Lung	Lung	LUAD_TS	False	Lung	LUAD
MET500	MET500	MO_1190-poly-SI_6769-H77PEADXX	MO_1190	Breast	bladder	True	False	True	Breast	Breast	Breast	BRCA_TS	False	Breast	BRCA
MET500	MET500	MO_1192-poly-SI_6851-H77PFADXX	MO_1192	Prostate	lymph_node	True	False	True	Prostate	Prostate	Prostate	PRAD_TS	False	Prostate	PRAD
MET500	MET500	MO_1193-poly-SI_6852-H77PPADXX	MO_1193	Ovary	lung	True	False	True	Ovary	Ovary	Ovary	OV_TS	False	Ovary	OV
MET500	MET500	MO_1194-poly-SI_6853-H77PPADXX	MO_1194	Lung	soft_tissue	True	False	True	Lung	Lung	Lung	LUAD_TS	False	Lung	LUAD
MET500	MET500	MO_1195-poly-SI_6854-H77PRADXX	MO_1195	Breast	lymph_node	True	False	True	Breast	Breast	Breast	BRCA_TS	False	Breast	BRCA
MET500	MET500	MO_1196-poly-SI_6880-H77PPADXX	MO_1196	Stomach	liver	True	False	True	Esophagus	Stomach	Liver	LIHC_TS	False	Biliary	CHOL
MET500	MET500	MO_1197-poly-SI_6881-H77T7ADXX	MO_1197	HeadNeck	lymph_node	True	False	True	Esophagus	Esophagus	HeadNeck	HNSC_TS	False	HeadNeck	HNSC
MET500	MET500	MO_1198-poly-SI_6882-H77T9ADXX	MO_1198	Bladder	liver	True	False	True	Liver	Bladder	Liver	LIHC_TS	False	Liver	LIHC
MET500	MET500	MO_1200-poly-SI_6932-C2560ACXX	MO_1200	Prostate	lymph_node	True	False	True	Stomach	Stomach	Lung	LUSC_TS	False	Bladder	BLCA
MET500	MET500	MO_1201-capt-SI_6937-D27KTACXX	MO_1201	Prostate	bone_marrow	True	False	True	Prostate	Prostate	Prostate	PRAD_TS	False	Prostate	PRAD
MET500	MET500	MO_1202-poly-SI_7585-D2GFBACXX	MO_1202	Prostate	liver	True	False	True	Prostate	Prostate	Prostate	PRAD_TS	False	Prostate	PRAD
MET500	MET500	MO_1203-poly-SI_6933-D27KTACXX	MO_1203	Biliary	skin	True	False	True	Biliary	Biliary	Biliary	CHOL_TS	False	Liver	LIHC
MET500	MET500	MO_1204-capt-SI_6939-D27KTACXX	MO_1204	Bladder	skin	True	False	True	Colorectal	Colorectal	Colorectal	COADREAD_TS	False	Colorectal	COADREAD
MET500	MET500	MO_1206-poly-SI_6951-C26D0ACXX	MO_1206	Lung	liver	True	False	True	Esophagus	Esophagus	Lung	LUSC_TS	False	Lung	LUSC
MET500	MET500	MO_1208-poly-SI_6952-C26D0ACXX	MO_1208	Sarcoma	bone_marrow	True	False	True	Sarcoma	Sarcoma	Sarcoma	SARC_TS	False	Sarcoma	SARC
MET500	MET500	MO_1209-poly-SI_6953-C26D0ACXX	MO_1209	Lung	lung	False	True	True	Lung	Lung	Lung	LUAD_TS	False	Lung	LUAD
MET500	MET500	MO_1210-poly-SI_6976-C24VEACXX	MO_1210	Liver	soft_tissue	True	False	True	Liver	Liver	Liver	LIHC_TS	False	Liver	LIHC
MET500	MET500	MO_1211-poly-SI_6977-C24VEACXX	MO_1211	Sarcoma	liver	True	False	True	Liver	Ovary	Stomach	STAD_TS	False	Liver	LIHC
MET500	MET500	MO_1213-poly-SI_7008-C26CMACXX	MO_1213	Breast	liver	True	False	True	Liver	Breast	Lung	LUSC_TS	False	Liver	LIHC
MET500	MET500	MO_1214-poly-SI_7009-C26CMACXX	MO_1214	Kidney	bone_marrow	True	False	True	Kidney	Kidney	Myeloid	LAML_TS	False	Kidney	KIRC
MET500	MET500	MO_1215-poly-SI_7010-C26CMACXX	MO_1215	Prostate	soft_tissue	True	False	True	Lung	Esophagus	Lung	LUSC_TS	False	Lung	LUSC
MET500	MET500	MO_1219-poly-SI_7068-C267GACXX	MO_1219	Prostate	bone_marrow	True	False	True	Prostate	Prostate	Myeloid	LAML_TS	False	Prostate	PRAD
MET500	MET500	MO_1220-poly-SI_7069-C267GACXX	MO_1220	Sarcoma	lymph_node	True	False	True	Ovary	Ovary	Bladder	BLCA_TS	False	Sarcoma	SARC
MET500	MET500	MO_1221-poly-SI_7070-C267GACXX	MO_1221	Prostate	bone_marrow	True	False	True	Prostate	Prostate	Prostate	PRAD_TS	False	Prostate	PRAD
MET500	MET500	MO_1222-poly-SI_7109-C25YLACXX	MO_1222	Sarcoma	soft_tissue	False	True	True	Sarcoma	Sarcoma	Cervix	CESC_SCC_NS	True	Sarcoma	SARC
MET500	MET500	MO_1223-poly-SI_7110-C25YLACXX	MO_1223	HeadNeck	lymph_node	True	False	True	Cervix	Esophagus	Lung	LUSC_TS	False	Cervix	CESC
MET500	MET500	MO_1224-poly-SI_7111-C25YLACXX	MO_1224	Bladder	lymph_node	True	False	True	Bladder	Bladder	Bladder	BLCA_TS	False	Bladder	BLCA
MET500	MET500	MO_1226-poly-SI_7114-C25YLACXX	MO_1226	Sarcoma	soft_tissue	False	True	True	Sarcoma	Ovary	Melanoma	SKCM_TS	False	Sarcoma	SARC
MET500	MET500	MO_1227-poly-SI_7115-C25YLACXX	MO_1227	Breast	bone_marrow	True	False	True	Breast	Breast	Breast	BRCA_TS	False	Breast	BRCA
MET500	MET500	MO_1229-capt-SI_7132-C25UAACXX	MO_1229	Sarcoma	soft_tissue	False	True	True	Sarcoma	Sarcoma	Sarcoma	SARC_TS	False	Sarcoma	SARC
MET500	MET500	MO_1230-poly-SI_7117-C25UAACXX	MO_1230	Breast	liver	True	False	True	Liver	Breast	Liver	LIHC_TS	False	Liver	LIHC
MET500	MET500	MO_1231-poly-SI_7184-D27AFACXX	MO_1231	Stomach	soft_tissue	True	False	True	Stomach	Stomach	Stomach	STAD_TS	False	Stomach	STAD
MET500	MET500	MO_1232-poly-SI_7118-C25UAACXX	MO_1232	Prostate	soft_tissue	True	False	True	Prostate	Prostate	Breast	BRCA_TS	False	Prostate	PRAD
MET500	MET500	MO_1236-poly-SI_7201-C245WACXX	MO_1236	Lung	lymph_node	True	False	True	Lung	Lung	Myeloid	LAML_TS	False	Lung	LUSC
MET500	MET500	MO_1237-poly-SI_7185-C245WACXX	MO_1237	Breast	liver	True	False	True	Liver	Breast	Breast	BRCA_TS	False	Liver	LIHC
MET500	MET500	MO_1239-poly-SI_7202-C245WACXX	MO_1239	Breast	liver	True	False	True	Breast	Breast	Breast	BRCA_TS	False	Breast	BRCA
MET500	MET500	MO_1240-capt-SI_7210-C245WACXX	MO_1240	Prostate	bone_marrow	True	False	True	Prostate	Prostate	Prostate	PRAD_TS	False	Prostate	PRAD
MET500	MET500	MO_1241-poly-SI_7203-C245WACXX	MO_1241	Prostate	liver	True	False	True	Prostate	Prostate	Prostate	PRAD_TS	False	Prostate	PRAD
MET500	MET500	MO_1244-poly-SI_7233-C25YAACXX	MO_1244	Prostate	liver	True	False	True	Prostate	Prostate	Prostate	PRAD_TS	False	Prostate	PRAD
MET500	MET500	MO_1245-poly-SI_7234-C25YAACXX	MO_1245	Sarcoma	lung	True	False	True	Sarcoma	Sarcoma	Sarcoma	SARC_TS	False	Sarcoma	SARC
MET500	MET500	MO_1247-poly-SI_7235-C25YAACXX	MO_1247	Breast	liver	True	False	True	Breast	Breast	Breast	BRCA_TS	False	Liver	LIHC
MET500	MET500	MO_1248-poly-SI_7236-D2GEDACXX	MO_1248	Ovary	soft_tissue	True	False	True	Ovary	Ovary	Ovary	OV_TS	False	Ovary	OV
MET500	MET500	MO_1249-poly-SI_7237-D2GEDACXX	MO_1249	Prostate	lymph_node	True	False	True	Prostate	Prostate	Prostate	PRAD_TS	False	Prostate	PRAD
MET500	MET500	MO_1250-poly-SI_7300-D2GK3ACXX	MO_1250	Lung	lymph_node	True	False	True	Lung	Lung	Lung	LUAD_TS	False	Lung	LUAD
MET500	MET500	MO_1251-poly-SI_7541-C2G8GACXX	MO_1251	Sarcoma	lung	True	False	True	Kidney	Kidney	Kidney	KIRC_TS	False	Kidney	KIRC
MET500	MET500	MO_1252-poly-SI_7301-D2GK3ACXX	MO_1252	Sarcoma	soft_tissue	False	True	True	Sarcoma	Sarcoma	Sarcoma	SARC_TS	False	Sarcoma	SARC
MET500	MET500	MO_1253-poly-SI_8609-C5A4VACXX	MO_1253	Lung	soft_tissue	True	False	True	Lung	Lung	Lung	LUSC_TS	False	Lung	LUAD
MET500	MET500	MO_1256-poly-SI_7396-D2GA6ACXX	MO_1256	Adrenal	lymph_node	True	False	True	Adrenal	Adrenal	Adrenal	ACC_TS	False	Adrenal	ACC
MET500	MET500	MO_1260-poly-SI_7397-D2GA6ACXX	MO_1260	Prostate	lymph_node	True	False	True	Prostate	Prostate	Prostate	PRAD_TS	False	Prostate	PRAD
MET500	MET500	MO_1262-poly-SI_7398-C2GDFACXX	MO_1262	Prostate	lymph_node	True	False	True	Prostate	Prostate	Prostate	PRAD_TS	False	Prostate	PRAD
MET500	MET500	MO_1263-capt-SI_7405-D2GA6ACXX	MO_1263	Prostate	lymph_node	True	False	True	Breast	Prostate	Breast	BRCA_TS	False	Prostate	PRAD
MET500	MET500	MO_1264-poly-SI_7447-C2G6HACXX	MO_1264	Liver	soft_tissue	True	False	True	Liver	Liver	Liver	LIHC_TS	False	Liver	LIHC
MET500	MET500	MO_1265-poly-SI_7542-C2G8GACXX	MO_1265	Colorectal	liver	True	False	True	Colorectal	Colorectal	Colorectal	COADREAD_TS	False	Colorectal	COADREAD
MET500	MET500	MO_1266-poly-SI_7558-C2G8GACXX	MO_1266	Breast	lymph_node	True	False	True	Breast	Breast	Breast	BRCA_TS	False	Breast	BRCA
MET500	MET500	MO_1267-poly-SI_7559-C2GBYACXX	MO_1267	Breast	skin	True	False	True	Breast	Breast	Breast	BRCA_TS	False	Breast	BRCA
MET500	MET500	MO_1269-poly-SI_7561-C2GBYACXX	MO_1269	Breast	bone_marrow	True	False	True	Breast	Breast	Breast	BRCA_TS	False	Breast	BRCA
MET500	MET500	MO_1271-poly-SI_7586-D2GFBACXX	MO_1271	Breast	lymph_node	True	False	True	Breast	Breast	Breast	BRCA_TS	False	Breast	BRCA
MET500	MET500	MO_1272-capt-SI_7740-C32VAACXX	MO_1272	Kidney	lymph_node	True	False	True	Kidney	Kidney	Kidney	KICH_TS	False	Sarcoma	SARC
MET500	MET500	MO_1276-poly-SI_7589-C2G5LACXX	MO_1276	Breast	lung	True	False	True	Breast	Breast	Breast	BRCA_TS	False	Breast	BRCA
MET500	MET500	MO_1277-poly-SI_7590-C2G5LACXX	MO_1277	Prostate	bone_marrow	True	False	True	Prostate	Prostate	Prostate	PRAD_TS	False	Prostate	PRAD
MET500	MET500	MO_1279-capt-SI_7633-C2G5LACXX	MO_1279	Colorectal	lymph_node	True	False	True	Colorectal	Colorectal	Colorectal	COADREAD_TS	False	Colorectal	COADREAD
MET500	MET500	MO_1283-poly-SI_7654-D2GGHACXX	MO_1283	Sarcoma	soft_tissue	False	True	True	Sarcoma	Sarcoma	Uterus	UCS_TS	False	Sarcoma	SARC
MET500	MET500	MO_1286-poly-SI_7678-C33JEACXX	MO_1286	Lung	lymph_node	True	False	True	Lung	Lung	Lung	LUSC_TS	False	Bladder	BLCA
MET500	MET500	MO_1287-poly-SI_7679-C33JEACXX	MO_1287	Breast	lymph_node	True	False	True	Breast	Breast	Breast	BRCA_TS	False	Breast	BRCA
MET500	MET500	MO_1288-poly-SI_7729-C32VAACXX	MO_1288	Breast	liver	True	False	True	Liver	Ovary	Liver	LIHC_TS	False	Liver	LIHC
MET500	MET500	MO_1289-poly-SI_7730-C32VAACXX	MO_1289	Breast	soft_tissue	True	False	True	Breast	Breast	Breast	BRCA_TS	False	Breast	BRCA
MET500	MET500	MO_1290-poly-SI_7731-C32VAACXX	MO_1290	Bladder	lymph_node	True	False	True	Cervix	Cervix	Uterus	UCEC_TS	False	Lung	LUAD
MET500	MET500	MO_1292-poly-SI_7732-C32VAACXX	MO_1292	Breast	liver	True	False	True	Breast	Breast	Breast	BRCA_TS	False	Liver	LIHC
MET500	MET500	MO_1294-poly-SI_7771-C3L7FACXX	MO_1294	Lung	lymph_node	True	False	True	Lung	Lung	Lung	LUAD_TS	False	Lung	LUAD
MET500	MET500	MO_1295-poly-SI_7851-C4CRLACXX	MO_1295	Sarcoma	soft_tissue	False	True	True	Ovary	Ovary	Stomach	STAD_TS	False	Sarcoma	SARC
MET500	MET500	MO_1296-poly-SI_7818-C3Y81ACXX	MO_1296	Biliary	liver	False	True	True	Stomach	Stomach	Lung	LUAD_TS	False	Liver	LIHC
MET500	MET500	MO_1297-poly-SI_7819-C3Y81ACXX	MO_1297	Stomach	liver	True	False	True	Pancreas	Pancreas	Pancreas	PAAD_TS	False	Pancreas	PAAD
MET500	MET500	MO_1298-poly-SI_7820-C3Y81ACXX	MO_1298	Breast	soft_tissue	True	False	True	Breast	Breast	Breast	BRCA_TS	False	Breast	BRCA
MET500	MET500	MO_1300-poly-SI_7941-C4DCWACXX	MO_1300	Breast	bladder	True	False	True	Breast	Breast	Breast	BRCA_TS	False	Breast	BRCA
MET500	MET500	MO_1301-poly-SI_7880-C4CRLACXX	MO_1301	Breast	brain	True	False	True	Breast	Breast	Breast	BRCA_TS	False	Breast	BRCA
MET500	MET500	MO_1302-poly-SI_8209-C4L32ACXX	MO_1302	Breast	soft_tissue	True	False	True	Stomach	Breast	Breast	BRCA_TS	False	Breast	BRCA
MET500	MET500	MO_1304-capt-SI_7918-C4CRJACXX	MO_1304	HeadNeck	skin	True	False	True	HeadNeck	HeadNeck	Lung	LUSC_TS	False	HeadNeck	HNSC
MET500	MET500	MO_1305-poly-SI_7882-C4CRLACXX	MO_1305	Breast	liver	True	False	True	Liver	Breast	Breast	BRCA_TS	False	Liver	LIHC
MET500	MET500	MO_1306-poly-SI_7883-C4CRLACXX	MO_1306	Testis	liver	True	False	True	Uterus	Stomach	Lung	LUSC_TS	False	Uterus	UCS
MET500	MET500	MO_1307-poly-SI_7884-C4CRLACXX	MO_1307	HeadNeck	soft_tissue	True	False	True	HeadNeck	HeadNeck	Cervix	CESC_SCC_TS	False	HeadNeck	HNSC
MET500	MET500	MO_1309-poly-SI_7942-C4DCWACXX	MO_1309	HeadNeck	soft_tissue	True	False	True	HeadNeck	Cervix	Lung	LUSC_TS	False	HeadNeck	HNSC
MET500	MET500	MO_1310-poly-SI_7943-C4DCWACXX	MO_1310	Sarcoma	liver	True	False	True	Liver	Liver	Liver	LIHC_TS	False	Liver	LIHC
MET500	MET500	MO_1312-poly-SI_7945-C4CW0ACXX	MO_1312	Biliary	liver	False	True	True	Stomach	Stomach	Colorectal	COADREAD_TS	False	Pancreas	PAAD
MET500	MET500	MO_1315-capt-SI_7992-C4CW0ACXX	MO_1315	Lung	lung	False	True	True	Lung	Lung	Lung	LUAD_TS	False	Lung	LUAD
MET500	MET500	MO_1316-poly-SI_7956-C4CW0ACXX	MO_1316	Prostate	lymph_node	True	False	True	Prostate	Prostate	Prostate	PRAD_TS	False	Prostate	PRAD
MET500	MET500	MO_1317-poly-SI_7957-C475EANXX	MO_1317	Breast	lymph_node	True	False	True	Breast	Breast	Breast	BRCA_TS	False	Breast	BRCA
MET500	MET500	MO_1318-poly-SI_7958-C4CW0ACXX	MO_1318	Breast	lymph_node	True	False	True	Breast	Breast	Breast	BRCA_TS	False	Breast	BRCA
MET500	MET500	MO_1319-poly-SI_8076-C4CUUACXX	MO_1319	Stomach	soft_tissue	True	False	True	Sarcoma	Sarcoma	Stomach	STAD_TS	False	Sarcoma	SARC
MET500	MET500	MO_1320-poly-SI_8077-C4CUUACXX	MO_1320	Breast	skin	True	False	True	Breast	Breast	Breast	BRCA_TS	False	Breast	BRCA
MET500	MET500	MO_1322-capt-SI_8081-C4CUUACXX	MO_1322	Adrenal	lung	True	False	True	Adrenal	Adrenal	Adrenal	ACC_TS	False	Adrenal	ACC
MET500	MET500	MO_1323-poly-SI_8122-C4E6CACXX	MO_1323	Breast	skin	True	False	True	Breast	Breast	Breast	BRCA_TS	False	Breast	BRCA
MET500	MET500	MO_1324-poly-SI_8123-C4E6CACXX	MO_1324	Breast	liver	True	False	True	Breast	Breast	Breast	BRCA_TS	False	Breast	BRCA
MET500	MET500	MO_1325-poly-SI_8184-C4JLUACXX	MO_1325	Lung	liver	True	False	True	Liver	Lung	Lung	LUAD_TS	False	Liver	LIHC
MET500	MET500	MO_1328-poly-SI_8185-C4JLUACXX	MO_1328	HeadNeck	lymph_node	True	False	True	HeadNeck	Cervix	Cervix	CESC_SCC_TS	False	HeadNeck	HNSC
MET500	MET500	MO_1329-capt-SI_8189-C4JLUACXX	MO_1329	Sarcoma	soft_tissue	False	True	True	Sarcoma	Sarcoma	Sarcoma	SARC_TS	False	Sarcoma	SARC
MET500	MET500	MO_1330-poly-SI_8200-C4JLUACXX	MO_1330	Breast	bone_marrow	True	False	True	Breast	Breast	Breast	BRCA_TS	False	Breast	BRCA
MET500	MET500	MO_1331-poly-SI_8253-C471RANXX	MO_1331	HeadNeck	lung	True	False	True	Cervix	Cervix	Cervix	CESC_SCC_TS	False	Cervix	CESC
MET500	MET500	MO_1333-poly-SI_8254-C471RANXX	MO_1333	Testis	lymph_node	True	False	True	Testis	Testis	Lung	LUSC_TS	False	Testis	TGCT
MET500	MET500	MO_1335-poly-SI_8255-C471RANXX	MO_1335	Breast	liver	True	False	True	Breast	Breast	Breast	BRCA_TS	False	Breast	BRCA
MET500	MET500	MO_1336-poly-SI_8256-C471RANXX	MO_1336	Prostate	bone_marrow	True	False	True	Prostate	Prostate	Prostate	PRAD_TS	False	Prostate	PRAD
MET500	MET500	MO_1337-poly-SI_8294-C46WVANXX	MO_1337	Prostate	liver	True	False	True	Prostate	Prostate	Prostate	PRAD_TS	False	Prostate	PRAD
MET500	MET500	MO_1338-poly-SI_8295-C46WVANXX	MO_1338	Biliary	liver	False	True	True	Stomach	Stomach	Liver	LIHC_TS	False	Liver	LIHC
MET500	MET500	MO_1339-poly-SI_8296-C46WVANXX	MO_1339	Prostate	lymph_node	True	False	True	Prostate	Prostate	Prostate	PRAD_TS	False	Prostate	PRAD
MET500	MET500	MO_1340-poly-SI_8610-C5A4VACXX	MO_1340	Stomach	soft_tissue	True	False	True	Stomach	Esophagus	Stomach	STAD_TS	False	Stomach	STAD
MET500	MET500	MO_1341-capt-SI_8321-C46WVANXX	MO_1341	Biliary	soft_tissue	True	False	True	Pancreas	Pancreas	Lung	LUAD_TS	False	Pancreas	PAAD
MET500	MET500	MO_1343-capt-SI_8462-C4L7VACXX	MO_1343	HeadNeck	lung	True	False	True	Esophagus	Esophagus	Lung	LUSC_TS	False	Bladder	BLCA
MET500	MET500	MO_1344-poly-SI_8297-C46WVANXX	MO_1344	Sarcoma	soft_tissue	False	True	True	Sarcoma	Sarcoma	Sarcoma	SARC_TS	False	Sarcoma	SARC
MET500	MET500	MO_1345-poly-SI_8298-C46WVANXX	MO_1345	HeadNeck	soft_tissue	True	False	True	HeadNeck	HeadNeck	HeadNeck	HNSC_TS	False	HeadNeck	HNSC
MET500	MET500	MO_1347-poly-SI_8380-C46LAANXX	MO_1347	Biliary	lymph_node	True	False	True	Stomach	Stomach	Colorectal	COADREAD_TS	False	Stomach	STAD
MET500	MET500	MO_1355-poly-SI_8430-C4L7VACXX	MO_1355	Breast	liver	True	False	True	Breast	Breast	Breast	BRCA_TS	False	Breast	BRCA
MET500	MET500	MO_1357-poly-SI_8431-C4L7VACXX	MO_1357	Melanoma	skin	False	True	True	Sarcoma	Sarcoma	Melanoma	SKCM_TS	False	Sarcoma	SARC
MET500	MET500	MO_1359-poly-SI_8433-C4L7VACXX	MO_1359	Breast	liver	True	False	True	Breast	Breast	Breast	BRCA_TS	False	Breast	BRCA
MET500	MET500	MO_1361-poly-SI_8525-C59M2ACXX	MO_1361	Bladder	soft_tissue	True	False	True	Bladder	Bladder	Bladder	BLCA_TS	False	Bladder	BLCA
MET500	MET500	MO_1364-poly-SI_8568-HAABDADXX	MO_1364	Breast	liver	True	False	True	Liver	Breast	Liver	LIHC_TS	False	Liver	LIHC
MET500	MET500	MO_1366-poly-SI_8569-HAA8NADXX	MO_1366	Melanoma	soft_tissue	True	False	True	Melanoma	Melanoma	Melanoma	SKCM_TS	False	Melanoma	SKCM
MET500	MET500	MO_1367-poly-SI_8570-HAABLADXX	MO_1367	HeadNeck	lymph_node	True	False	True	HeadNeck	HeadNeck	HeadNeck	HNSC_TS	False	HeadNeck	HNSC
MET500	MET500	MO_1369-poly-SI_8611-HAABFADXX	MO_1369	Biliary	lung	True	False	True	Lung	Biliary	Lung	LUAD_TS	False	Lung	LUAD
MET500	MET500	MO_1370-poly-SI_8612-HAAAEADXX	MO_1370	Sarcoma	soft_tissue	False	True	True	Sarcoma	Sarcoma	Sarcoma	SARC_TS	False	Sarcoma	SARC
MET500	MET500	MO_1373-poly-SI_8640-C59PDACXX	MO_1373	HeadNeck	lung	True	False	True	Lung	Lung	Lung	LUSC_TS	False	Lung	LUSC
MET500	MET500	MO_1374-poly-SI_8663-C46V9ANXX	MO_1374	Melanoma	breast	True	False	True	Sarcoma	Melanoma	Melanoma	SKCM_TS	False	Melanoma	SKCM
MET500	MET500	MO_1375-poly-SI_8615-HAAACADXX	MO_1375	Esophagus	liver	True	False	True	Biliary	Pancreas	Colorectal	COADREAD_TS	False	Pancreas	PAAD
MET500	MET500	MO_1376-poly-SI_8641-HAA98ADXX	MO_1376	Biliary	liver	False	True	True	Liver	Stomach	Liver	LIHC_TS	False	Liver	LIHC
MET500	MET500	MO_1377-poly-SI_8642-C59PDACXX	MO_1377	Adrenal	liver	True	False	True	Adrenal	Adrenal	Adrenal	ACC_TS	False	Adrenal	ACC
MET500	MET500	MO_1378-poly-SI_8643-C59PDACXX	MO_1378	Ovary	lymph_node	True	False	True	Ovary	Ovary	Ovary	OV_TS	False	Ovary	OV
MET500	MET500	MO_1380-poly-SI_8665-C46V9ANXX	MO_1380	Esophagus	liver	True	False	True	Liver	Stomach	Liver	LIHC_TS	False	Liver	LIHC
MET500	MET500	MO_1381-capt-SI_8697-C46V9ANXX	MO_1381	Sarcoma	lung	True	False	True	Lung	Sarcoma	Lung	LUAD_TS	False	Lung	LUAD
MET500	MET500	MO_1382-poly-SI_8666-C46V9ANXX	MO_1382	Sarcoma	lung	True	False	True	Sarcoma	Sarcoma	Sarcoma	SARC_TS	False	Sarcoma	SARC
MET500	MET500	MO_1384-poly-SI_8706-C46NFANXX	MO_1384	Breast	bone_marrow	True	False	True	Breast	Breast	Breast	BRCA_TS	False	Breast	BRCA
MET500	MET500	MO_1386-poly-SI_8760-C4733ANXX	MO_1386	Breast	skin	True	False	True	Breast	Breast	Breast	BRCA_TS	False	Breast	BRCA
MET500	MET500	MO_1387-capt-SI_8841-C4730ANXX	MO_1387	Breast	bone_marrow	True	False	True	Breast	Breast	Breast	BRCA_TS	False	Breast	BRCA
MET500	MET500	MO_1388-poly-SI_8818-C4730ANXX	MO_1388	Biliary	brain	True	False	True	Stomach	Stomach	Pancreas	PAAD_TS	False	Pancreas	PAAD
MET500	MET500	MO_1391-poly-SI_8819-C4730ANXX	MO_1391	Sarcoma	soft_tissue	False	True	True	Sarcoma	Sarcoma	Breast	BRCA_NS	True	Sarcoma	SARC
MET500	MET500	MO_1393-poly-SI_8821-C4730ANXX	MO_1393	Ovary	liver	True	False	True	Uterus	Kidney	Uterus	UCEC_TS	False	Uterus	UCEC
MET500	MET500	MO_1394-poly-SI_8822-C4730ANXX	MO_1394	Sarcoma	soft_tissue	False	True	True	Sarcoma	Sarcoma	Sarcoma	SARC_TS	False	Sarcoma	SARC
MET500	MET500	MO_1395-poly-SI_8823-C472VANXX	MO_1395	Esophagus	liver	True	False	True	Testis	Testis	Lung	LUAD_TS	False	Uterus	UCS
MET500	MET500	MO_1396-capt-SI_8977-C472MANXX	MO_1396	Thyroid	thyroid	False	True	True	Mesothelioma	Stomach	Bladder	BLCA_TS	False	Uterus	UCS
MET500	MET500	MO_1397-capt-SI_8886-C4739ANXX	MO_1397	Lung	lymph_node	True	False	True	Lung	Lung	Lung	LUAD_TS	False	Lung	LUAD
MET500	MET500	MO_1399-capt-SI_8888-C470TANXX	MO_1399	Breast	bone_marrow	True	False	True	Breast	Breast	Breast	BRCA_TS	False	Breast	BRCA
MET500	MET500	MO_1400-poly-SI_8861-C470TANXX	MO_1400	HeadNeck	liver	True	False	True	Esophagus	Esophagus	Lung	LUSC_TS	False	HeadNeck	HNSC
MET500	MET500	MO_1402-capt-SI_9128-C46PDANXX	MO_1402	Biliary	liver	False	True	True	Biliary	Biliary	Biliary	CHOL_TS	False	Liver	LIHC
MET500	MET500	MO_1403-capt-SI_8973-C472MANXX	MO_1403	Sarcoma	soft_tissue	False	True	True	Sarcoma	Sarcoma	Sarcoma	SARC_TS	False	Sarcoma	SARC
MET500	MET500	MO_1404-poly-SI_8962-C472MANXX	MO_1404	Sarcoma	soft_tissue	False	True	True	Sarcoma	Sarcoma	Breast	BRCA_TS	False	Sarcoma	SARC
MET500	MET500	MO_1410-poly-SI_9074-C46PDANXX	MO_1410	Prostate	liver	True	False	True	Stomach	Colorectal	Lung	LUSC_TS	False	Bladder	BLCA
MET500	MET500	MO_1411-poly-SI_9307-HAKK6ADXX	MO_1411	Breast	soft_tissue	True	False	True	Breast	Breast	Breast	BRCA_TS	False	Breast	BRCA
MET500	MET500	MO_1412-poly-SI_9190-C4R00ANXX	MO_1412	Melanoma	lymph_node	True	False	True	Melanoma	Melanoma	Melanoma	SKCM_TS	False	Melanoma	SKCM
MET500	MET500	MO_1415-poly-SI_9192-C4R00ANXX	MO_1415	Breast	skin	True	False	True	Breast	Breast	Breast	BRCA_TS	False	Breast	BRCA
MET500	MET500	MO_1416-poly-SI_9193-C4R00ANXX	MO_1416	Esophagus	liver	True	False	True	Esophagus	Esophagus	Esophagus	ESCA_EAC_TS	False	Stomach	STAD
MET500	MET500	MO_1418-poly-SI_9308-HAKJHADXX	MO_1418	Breast	lymph_node	True	False	True	Breast	Breast	Breast	BRCA_TS	False	Breast	BRCA
MET500	MET500	MO_1420-poly-SI_9309-C5N2AANXX	MO_1420	Prostate	bone_marrow	True	False	True	Prostate	Prostate	Myeloid	LAML_TS	False	Prostate	PRAD
MET500	MET500	MO_1421-poly-SI_9310-C5N2AANXX	MO_1421	Prostate	bone_marrow	True	False	True	Prostate	Prostate	Myeloid	LAML_TS	False	Prostate	PRAD
MET500	MET500	MO_1424-poly-SI_9376-C5N1GANXX	MO_1424	Breast	liver	True	False	True	Breast	Breast	Breast	BRCA_TS	False	Breast	BRCA
MET500	MET500	MO_1425-poly-SI_9469-C5N19ANXX	MO_1425	Breast	lymph_node	True	False	True	Breast	Breast	Breast	BRCA_TS	False	Breast	BRCA
MET500	MET500	MO_1426-poly-SI_9470-C5N19ANXX	MO_1426	Breast	brain	True	False	True	Breast	Breast	Breast	BRCA_TS	False	Breast	BRCA
MET500	MET500	MO_1427-poly-SI_9471-C5N19ANXX	MO_1427	Breast	soft_tissue	True	False	True	Breast	Breast	Breast	BRCA_TS	False	Breast	BRCA
MET500	MET500	MO_1433-poly-SI_9663-C5N0MANXX	MO_1433	Lung	lymph_node	True	False	True	Lung	Lung	Lung	LUAD_TS	False	Lung	LUAD
MET500	MET500	MO_1434-poly-SI_9664-C5N0MANXX	MO_1434	Adrenal	liver	True	False	True	Adrenal	Adrenal	Adrenal	ACC_TS	False	Adrenal	ACC
MET500	MET500	MO_1435-poly-SI_9665-C5N0MANXX	MO_1435	Breast	liver	True	False	True	Breast	Breast	Breast	BRCA_TS	False	Liver	LIHC
MET500	MET500	MO_1437-poly-SI_9666-C5N0MANXX	MO_1437	Prostate	liver	True	False	True	Liver	Liver	Liver	LIHC_TS	False	Liver	LIHC
MET500	MET500	MO_1438-poly-SI_9862-C67VYANXX	MO_1438	Sarcoma	soft_tissue	False	True	True	Sarcoma	Kidney	Kidney	KIRP_TS	False	Sarcoma	SARC
MET500	MET500	MO_1439-poly-SI_9737-C5N0KANXX	MO_1439	Breast	liver	True	False	True	Breast	Breast	Breast	BRCA_TS	False	Breast	BRCA
MET500	MET500	MO_1442-poly-SI_9791-C5N31ANXX	MO_1442	Adrenal	soft_tissue	True	False	True	Adrenal	Adrenal	Adrenal	ACC_TS	False	Adrenal	ACC
MET500	MET500	MO_1443-capt-SI_9798-C5N31ANXX	MO_1443	Prostate	bone_marrow	True	False	True	Sarcoma	Prostate	Prostate	PRAD_TS	False	Prostate	PRAD
MET500	MET500	MO_1444-poly-SI_9792-C5N31ANXX	MO_1444	Breast	soft_tissue	True	False	True	Breast	Breast	Breast	BRCA_TS	False	Breast	BRCA
MET500	MET500	MO_1446-poly-SI_9863-C67VYANXX	MO_1446	Prostate	bone_marrow	True	False	True	Bladder	Cervix	Cervix	CESC_SCC_TS	False	Bladder	BLCA
MET500	MET500	MO_1447-poly-SI_9793-C5N31ANXX	MO_1447	Prostate	lymph_node	True	False	True	Prostate	Prostate	Prostate	PRAD_TS	False	Prostate	PRAD
MET500	MET500	MO_1448-poly-SI_9794-C5N31ANXX	MO_1448	Biliary	liver	False	True	True	Biliary	Biliary	Biliary	CHOL_TS	False	Biliary	CHOL
MET500	MET500	MO_1449-poly-SI_9795-C5N31ANXX	MO_1449	Sarcoma	lung	True	False	True	Sarcoma	Sarcoma	Sarcoma	SARC_TS	False	Sarcoma	SARC
MET500	MET500	MO_1452-poly-SI_9864-C67VYANXX	MO_1452	Ovary	lymph_node	True	False	True	Ovary	Ovary	Ovary	OV_TS	False	Ovary	OV
MET500	MET500	MO_1453-poly-SI_9918-C6EJUANXX	MO_1453	HeadNeck	lymph_node	True	False	True	HeadNeck	Esophagus	Lung	LUSC_TS	False	HeadNeck	HNSC
MET500	MET500	MO_1454-poly-SI_9919-C6EJUANXX	MO_1454	Breast	liver	True	False	True	Liver	Breast	Biliary	CHOL_TS	False	Liver	LIHC
MET500	MET500	MO_1455-poly-SI_9985-C6EL5ANXX	MO_1455	Breast	bone_marrow	True	False	True	Breast	Breast	Breast	BRCA_TS	False	Breast	BRCA
MET500	MET500	MO_1459-poly-SI_9987-C6EL5ANXX	MO_1459	Esophagus	lymph_node	True	False	True	Stomach	Stomach	Lung	LUAD_TS	False	Stomach	STAD
MET500	MET500	MO_1460-poly-SI_9988-C6EL5ANXX	MO_1460	Prostate	liver	True	False	True	Liver	Lung	Lung	LUSC_TS	False	Liver	LIHC
MET500	MET500	MO_1462-poly-SI_10140-C6EHCANXX	MO_1462	Liver	liver	False	True	True	Liver	Liver	Liver	LIHC_TS	False	Liver	LIHC
MET500	MET500	MO_1464-poly-SI_10255-HBGT3ADXX	MO_1464	Ovary	lung	True	False	True	Ovary	Ovary	Uterus	UCEC_TS	False	Ovary	OV
MET500	MET500	MO_1465-capt-SI_10326-C6EHAANXX	MO_1465	Brain	brain	False	True	True	Brain	Brain	Brain	TFRI_GBM_NCL_TS	False	Brain	GBM
MET500	MET500	MO_1466-poly-SI_10308-C6EHAANXX	MO_1466	Pancreas	liver	True	False	True	Pancreas	Pancreas	Pancreas	PAAD_TS	False	Pancreas	PAAD
MET500	MET500	MO_1469-poly-SI_10311-C6EHAANXX	MO_1469	Prostate	soft_tissue	True	False	True	Stomach	Esophagus	Lung	LUSC_TS	False	Colorectal	COADREAD
MET500	MET500	MO_1472-poly-SI_10658-C6UPRANXX	MO_1472	Prostate	lymph_node	True	False	True	Prostate	Prostate	Prostate	PRAD_TS	False	Prostate	PRAD
MET500	MET500	MO_1473-capt-SI_10611-C6JKTANXX	MO_1473	Prostate	bone_marrow	True	False	True	Prostate	Prostate	Prostate	PRAD_TS	False	Prostate	PRAD
MET500	MET500	MO_1474-capt-SI_10595-C6JKTANXX	MO_1474	Breast	lung	True	False	True	Sarcoma	Sarcoma	Breast	BRCA_TS	False	Mesothelioma	MESO
MET500	MET500	MO_1475-capt-SI_10740-C6UUJANXX	MO_1475	Sarcoma	lung	True	False	True	Lung	Lung	Lung	LUAD_TS	False	Lung	LUAD
MET500	MET500	MO_1476-poly-SI_10659-C6UPRANXX	MO_1476	HeadNeck	liver	True	False	True	Esophagus	Esophagus	Lung	LUSC_TS	False	Bladder	BLCA
MET500	MET500	MO_1477-poly-SI_10660-C6UPRANXX	MO_1477	Esophagus	liver	True	False	True	Liver	Stomach	Lung	LUSC_TS	False	Liver	LIHC
MET500	MET500	MO_1478-capt-SI_10741-C6UUJANXX	MO_1478	Pancreas	lymph_node	True	False	True	Liver	Stomach	Liver	LIHC_TS	False	Pancreas	PAAD
MET500	MET500	MO_1479-poly-SI_10778-C6UV0ANXX	MO_1479	Sarcoma	lung	True	False	True	Sarcoma	Sarcoma	Uterus	UCS_TS	False	Lung	LUAD
MET500	MET500	MO_1480-poly-SI_10779-C6UV0ANXX	MO_1480	Esophagus	liver	True	False	True	Lung	Lung	Kidney	KIRC_TS	False	Pancreas	PAAD
MET500	MET500	MO_1482-poly-SI_11763-C7G8TANXX	MO_1482	Prostate	liver	True	False	True	Cervix	Cervix	Breast	BRCA_TS	False	Lung	LUSC
MET500	MET500	MO_1483-poly-SI_10841-C6URJANXX	MO_1483	Sarcoma	lung	True	False	True	Sarcoma	Sarcoma	Melanoma	SKCM_TS	False	Lung	LUAD
MET500	MET500	MO_1485-poly-SI_10916-C6V1TANXX	MO_1485	Biliary	liver	False	True	True	Biliary	Biliary	Biliary	CHOL_TS	False	Biliary	CHOL
MET500	MET500	MO_1486-poly-SI_10983-C6UWKANXX	MO_1486	Pancreas	liver	True	False	True	Lung	Lung	Lung	LUSC_TS	False	Lung	LUSC
MET500	MET500	MO_1489-poly-SI_11002-C6T3EANXX	MO_1489	HeadNeck	liver	True	False	True	Lung	Lung	Lung	LUSC_TS	False	HeadNeck	HNSC
MET500	MET500	MO_1490-capt-SI_11088-C6PF4ANXX	MO_1490	Prostate	bone_marrow	True	False	True	Prostate	Prostate	Prostate	PRAD_TS	False	Prostate	PRAD
MET500	MET500	MO_1492-poly-SI_11081-HKM5WADXX	MO_1492	Prostate	soft_tissue	True	False	True	Prostate	Prostate	Prostate	PRAD_TS	False	Prostate	PRAD
MET500	MET500	MO_1493-capt-SI_11089-C6T5LANXX	MO_1493	Esophagus	soft_tissue	True	False	True	Colorectal	Colorectal	Colorectal	COADREAD_TS	False	Colorectal	COADREAD
MET500	MET500	MO_1494-poly-SI_11082-C6PF4ANXX	MO_1494	Pancreas	liver	True	False	True	Liver	Bladder	Liver	LIHC_TS	False	Liver	LIHC
MET500	MET500	MO_1495-poly-SI_11204-C6UYMANXX	MO_1495	Breast	liver	True	False	True	Liver	Breast	Breast	BRCA_TS	False	Liver	LIHC
MET500	MET500	MO_1496-poly-SI_11298-C6V1BANXX	MO_1496	Prostate	lymph_node	True	False	True	Prostate	Prostate	Prostate	PRAD_TS	False	Prostate	PRAD
MET500	MET500	MO_1499-capt-SI_11315-C6V1BANXX	MO_1499	Prostate	bone_marrow	True	False	True	Prostate	Prostate	Prostate	PRAD_TS	False	Prostate	PRAD
MET500	MET500	MO_1500-poly-SI_11299-C6V1BANXX	MO_1500	Esophagus	liver	True	False	True	Biliary	Esophagus	Liver	LIHC_TS	False	Liver	LIHC
MET500	MET500	MO_1503-capt-SI_11316-C6UY8ANXX	MO_1503	Breast	lymph_node	True	False	True	Breast	Breast	Breast	BRCA_TS	False	Breast	BRCA
MET500	MET500	MO_1506-capt-SI_11423-HV75LADXX	MO_1506	Esophagus	lymph_node	True	False	True	Stomach	Stomach	Stomach	STAD_TS	False	Stomach	STAD
MET500	MET500	MO_1509-capt-SI_11425-HV7YWADXX	MO_1509	Breast	bone_marrow	True	False	True	Breast	Breast	Breast	BRCA_TS	False	Breast	BRCA
MET500	MET500	MO_1510-poly-SI_11361-C6UVMANXX	MO_1510	Prostate	lymph_node	True	False	True	Prostate	Prostate	Prostate	PRAD_TS	False	Prostate	PRAD
MET500	MET500	MO_1511-poly-SI_11362-C6UVMANXX	MO_1511	Prostate	lymph_node	True	False	True	Prostate	Prostate	Prostate	PRAD_TS	False	Prostate	PRAD
MET500	MET500	MO_1513-capt-SI_11383-HVGHMADXX	MO_1513	Breast	liver	True	False	True	Liver	Breast	Liver	LIHC_TS	False	Liver	LIHC
MET500	MET500	MO_1514-poly-SI_11363-C6UVMANXX	MO_1514	Prostate	lymph_node	True	False	True	Prostate	Prostate	Prostate	PRAD_TS	False	Prostate	PRAD
MET500	MET500	MO_1515-poly-SI_11431-HVGHMADXX	MO_1515	Breast	liver	True	False	True	Breast	Breast	Breast	BRCA_TS	False	Breast	BRCA
MET500	MET500	MO_1516-poly-SI_11432-HVGHMADXX	MO_1516	Breast	liver	True	False	True	Liver	Breast	Liver	LIHC_TS	False	Liver	LIHC
MET500	MET500	MO_1517-capt-SI_11440-C6UVMANXX	MO_1517	Prostate	adrenal	True	False	True	Prostate	Prostate	Prostate	PRAD_TS	False	Prostate	PRAD
MET500	MET500	MO_1520-capt-SI_11518-C7A2UANXX	MO_1520	Esophagus	soft_tissue	True	False	True	Testis	Esophagus	Esophagus	ESCA_EAC_TS	False	Stomach	STAD
MET500	MET500	MO_1521-poly-SI_11530-C7GBMANXX	MO_1521	Breast	liver	True	False	True	Liver	Liver	Liver	LIHC_NS	True	Liver	LIHC
MET500	MET500	MO_1522-poly-SI_11531-C7GBMANXX	MO_1522	Kidney	lymph_node	True	False	True	Uterus	Kidney	Colorectal	COADREAD_TS	False	Uterus	UCS
MET500	MET500	MO_1524-capt-SI_11625-C7G67ANXX	MO_1524	Breast	lymph_node	True	False	True	Breast	Breast	Breast	BRCA_TS	False	Breast	BRCA
MET500	MET500	MO_1525-capt-SI_11626-C7G67ANXX	MO_1525	Sarcoma	soft_tissue	False	True	True	Sarcoma	Sarcoma	Sarcoma	SARC_TS	False	Sarcoma	SARC
MET500	MET500	MO_1527-capt-SI_11627-C7G67ANXX	MO_1527	Breast	bone_marrow	True	False	True	Sarcoma	Sarcoma	Myeloid	LAML_TS	False	Sarcoma	SARC
MET500	MET500	MO_1528-poly-SI_11532-C7GBMANXX	MO_1528	Breast	liver	True	False	True	Breast	Breast	Breast	BRCA_TS	False	Liver	LIHC
MET500	MET500	MO_1529-poly-SI_11687-C7G60ANXX	MO_1529	Pancreas	liver	True	False	True	Pancreas	Pancreas	Lung	LUAD_TS	False	Pancreas	PAAD
MET500	MET500	MO_1530-poly-SI_11688-C7G60ANXX	MO_1530	Kidney	liver	True	False	True	Liver	Liver	Liver	LIHC_TS	False	Liver	LIHC
MET500	MET500	MO_1533-capt-SI_11827-C7F4VANXX	MO_1533	Breast	skin	True	False	True	Breast	Breast	Breast	BRCA_TS	False	Breast	BRCA
MET500	MET500	MO_1534-capt-SI_11904-C7F4VANXX	MO_1534	Breast	liver	True	False	True	Breast	Breast	Breast	BRCA_TS	False	Breast	BRCA
MET500	MET500	MO_1536-capt-SI_11944-C7G8DANXX	MO_1536	Breast	liver	True	False	True	Sarcoma	Sarcoma	Liver	LIHC_TS	False	Liver	LIHC
MET500	MET500	MO_1537-capt-SI_12026-C7FVYANXX	MO_1537	Breast	lymph_node	True	False	True	Breast	Breast	Breast	BRCA_TS	False	Breast	BRCA
MET500	MET500	MO_1540-capt-SI_12051-H53C5ADXX	MO_1540	Breast	bone_marrow	True	False	True	Breast	Breast	Breast	BRCA_TS	False	Breast	BRCA
MET500	MET500	MO_1541-capt-SI_12052-H53C5ADXX	MO_1541	Prostate	liver	True	False	True	Prostate	Prostate	Prostate	PRAD_TS	False	Liver	LIHC
MET500	MET500	MO_1543-capt-SI_12054-C7FVAANXX	MO_1543	Prostate	liver	True	False	True	Prostate	Prostate	Prostate	PRAD_TS	False	Prostate	PRAD
MET500	MET500	MO_1550-capt-SI_12296-H523KADXX	MO_1550	Biliary	liver	False	True	True	Liver	Biliary	Liver	LIHC_TS	False	Liver	LIHC
MET500	MET500	MO_1551-capt-SI_12338-C7FN8ANXX	MO_1551	Breast	liver	True	False	True	Breast	Breast	Breast	BRCA_TS	False	Liver	LIHC
MET500	MET500	MO_1552-capt-SI_12339-H523TADXX	MO_1552	Biliary	liver	False	True	True	Biliary	Biliary	Biliary	CHOL_TS	False	Liver	LIHC
MET500	MET500	MO_1553-capt-SI_12340-C7FN8ANXX	MO_1553	Prostate	lymph_node	True	False	True	Prostate	Prostate	Prostate	PRAD_TS	False	Prostate	PRAD
MET500	MET500	MO_1555-capt-SI_12341-H523TADXX	MO_1555	Sarcoma	skin	True	False	True	Adrenal	Adrenal	Lung	LUAD_TS	False	Sarcoma	SARC
MET500	MET500	MO_1556-poly-SI_12472-C7G91ANXX	MO_1556	Prostate	lymph_node	True	False	True	Prostate	Prostate	Prostate	PRAD_TS	False	Prostate	PRAD
MET500	MET500	MO_1557-capt-SI_12474-C7G91ANXX	MO_1557	Breast	lymph_node	True	False	True	Breast	Breast	Breast	BRCA_TS	False	Breast	BRCA
MET500	MET500	MO_1558-capt-SI_12475-C7G91ANXX	MO_1558	Lung	lymph_node	True	False	True	Lung	Lung	Lung	LUAD_TS	False	Lung	LUAD
MET500	MET500	MO_1562-capt-SI_12573-H3Y7YADXX	MO_1562	Breast	soft_tissue	True	False	True	Breast	Breast	Breast	BRCA_TS	False	Breast	BRCA
MET500	MET500	TP_2001-poly-SI_5668-C19FAACXX	TP_2001	Prostate	lymph_node	True	False	True	Prostate	Prostate	Prostate	PRAD_TS	False	Prostate	PRAD
MET500	MET500	TP_2004-poly-SI_5780-C19GBACXX	TP_2004	Breast	bone_marrow	True	False	True	Breast	Breast	Breast	BRCA_TS	False	Breast	BRCA
MET500	MET500	TP_2008-capt-SI_5933-D1E1PACXX	TP_2008	Biliary	liver	False	True	True	Biliary	Biliary	Pancreas	PAAD_NS	True	Biliary	CHOL
MET500	MET500	TP_2009-poly-SI_5924-D1E1PACXX	TP_2009	Prostate	bone_marrow	True	False	True	Prostate	Prostate	Myeloid	LAML_TS	False	Prostate	PRAD
MET500	MET500	TP_2010-poly-SI_5873-C19L8ACXX	TP_2010	Prostate	lymph_node	True	False	True	Prostate	Prostate	Prostate	PRAD_TS	False	Prostate	PRAD
MET500	MET500	TP_2011-poly-SI_5874-C19L8ACXX	TP_2011	Kidney	liver	True	False	True	Kidney	Kidney	Kidney	KIRC_TS	False	Kidney	KIRC
MET500	MET500	TP_2013-poly-SI_5920-D1E4KACXX	TP_2013	Sarcoma	liver	True	False	True	Liver	Liver	Liver	LIHC_TS	False	Liver	LIHC
MET500	MET500	TP_2015-capt-SI_6027-D1E7VACXX	TP_2015	Breast	lymph_node	True	False	True	Kidney	Kidney	Breast	BRCA_TS	False	Breast	BRCA
MET500	MET500	TP_2016-poly-SI_5927-D1E2BACXX	TP_2016	Biliary	lymph_node	True	False	True	Stomach	Esophagus	Bladder	BLCA_TS	False	Pancreas	PAAD
MET500	MET500	TP_2017-poly-SI_5921-D1E2BACXX	TP_2017	Colorectal	soft_tissue	True	False	True	Colorectal	Colorectal	Colorectal	COADREAD_TS	False	Colorectal	COADREAD
MET500	MET500	TP_2018-poly-SI_5922-H09HYADXX	TP_2018	HeadNeck	soft_tissue	True	False	True	HeadNeck	HeadNeck	HeadNeck	HNSC_TS	False	HeadNeck	HNSC
MET500	MET500	TP_2019-poly-SI_5923-D1E2BACXX	TP_2019	Melanoma	skin	False	True	True	Melanoma	Melanoma	Melanoma	SKCM_TS	False	Melanoma	SKCM
MET500	MET500	TP_2020-poly-SI_6321-C1MM1ACXX	TP_2020	Prostate	bone_marrow	True	False	True	Prostate	Prostate	Prostate	PRAD_TS	False	Prostate	PRAD
MET500	MET500	TP_2021-poly-SI_6008-D1EBEACXX	TP_2021	Bladder	lymph_node	True	False	True	Bladder	Bladder	Bladder	BLCA_TS	False	Bladder	BLCA
MET500	MET500	TP_2023-poly-SI_6009-D1EBEACXX	TP_2023	Sarcoma	soft_tissue	False	True	True	Sarcoma	Sarcoma	Uterus	UCS_TS	False	Sarcoma	SARC
MET500	MET500	TP_2024-poly-SI_6010-D1EBEACXX	TP_2024	Lung	liver	True	False	True	Liver	Brain	Liver	LIHC_TS	False	Liver	LIHC
MET500	MET500	TP_2025-poly-SI_6011-D1EBEACXX	TP_2025	Breast	liver	True	False	True	Breast	Breast	Breast	BRCA_TS	False	Breast	BRCA
MET500	MET500	TP_2027-poly-SI_6066-D1EBTACXX	TP_2027	Melanoma	skin	False	True	True	Melanoma	Melanoma	Melanoma	SKCM_TS	False	Melanoma	SKCM
MET500	MET500	TP_2029-poly-SI_6124-D1RGBACXX	TP_2029	Colorectal	soft_tissue	True	False	True	Colorectal	Colorectal	Colorectal	COADREAD_TS	False	Colorectal	COADREAD
MET500	MET500	TP_2032-poly-SI_6325-C1MM1ACXX	TP_2032	Prostate	soft_tissue	True	False	True	Prostate	Prostate	Prostate	PRAD_TS	False	Prostate	PRAD
MET500	MET500	TP_2034-capt-SI_6573-D1PYGACXX	TP_2034	Prostate	bone_marrow	True	False	True	Prostate	Prostate	Prostate	PRAD_TS	False	Prostate	PRAD
MET500	MET500	TP_2037-capt-SI_6791-H77P6ADXX	TP_2037	Prostate	lymph_node	True	False	True	Prostate	Prostate	Prostate	PRAD_TS	False	Prostate	PRAD
MET500	MET500	TP_2038-poly-SI_6696-H0UUFADXX	TP_2038	Biliary	liver	False	True	True	Biliary	Biliary	Biliary	CHOL_TS	False	Biliary	CHOL
MET500	MET500	TP_2043-poly-SI_7112-D27KNACXX	TP_2043	Sarcoma	lung	True	False	True	Mesothelioma	Mesothelioma	Lung	LUAD_NS	True	Lung	LUAD
MET500	MET500	TP_2047-poly-SI_7305-H80YAADXX	TP_2047	Pancreas	lung	True	False	True	Lung	Pancreas	Lung	LUAD_TS	False	Lung	LUAD
MET500	MET500	TP_2052-poly-SI_7776-C3L7FACXX	TP_2052	Lung	adrenal	True	False	True	Adrenal	Adrenal	Lung	LUAD_TS	False	Bladder	BLCA
MET500	MET500	TP_2054-poly-SI_7821-C3Y81ACXX	TP_2054	Prostate	lymph_node	True	False	True	Prostate	Prostate	Prostate	PRAD_TS	False	Prostate	PRAD
MET500	MET500	TP_2056-poly-SI_8205-C4K88ACXX	TP_2056	Brain	brain	False	True	True	Brain	Brain	Brain	LGG_TS	False	Brain	GBM
MET500	MET500	TP_2058-poly-SI_8299-C46WVANXX	TP_2058	Bladder	bladder	False	True	True	Bladder	Bladder	Bladder	BLCA_TS	False	Bladder	BLCA
MET500	MET500	TP_2060-poly-SI_8407-C4JU8ACXX	TP_2060	Prostate	lymph_node	True	False	True	Prostate	Prostate	Prostate	PRAD_TS	False	Prostate	PRAD
MET500	MET500	TP_2061-poly-SI_8408-H9TEBADXX	TP_2061	Prostate	soft_tissue	True	False	True	Sarcoma	Brain	Uterus	UCS_TS	False	Prostate	PRAD
MET500	MET500	TP_2064-poly-SI_8527-C59M0ACXX	TP_2064	Prostate	lymph_node	True	False	True	Prostate	Prostate	Prostate	PRAD_TS	False	Prostate	PRAD
MET500	MET500	TP_2065-poly-SI_8931-C46BDANXX	TP_2065	Brain	brain	False	True	True	Brain	Brain	Brain	LGG_TS	False	Brain	GBM
MET500	MET500	TP_2067-poly-SI_9194-C5N1HANXX	TP_2067	Sarcoma	soft_tissue	False	True	True	Sarcoma	Sarcoma	Sarcoma	SARC_TS	False	Sarcoma	SARC
MET500	MET500	TP_2069-poly-SI_9377-C5N1GANXX	TP_2069	Prostate	lymph_node	True	False	True	Prostate	Prostate	Prostate	PRAD_TS	False	Prostate	PRAD
MET500	MET500	TP_2070-poly-SI_9581-C5MGWANXX	TP_2070	Sarcoma	soft_tissue	False	True	True	Sarcoma	Sarcoma	Sarcoma	SARC_TS	False	Sarcoma	SARC
MET500	MET500	TP_2071-poly-SI_9739-C5N0KANXX	TP_2071	Ovary	soft_tissue	True	False	True	Uterus	Uterus	Uterus	UCEC_TS	False	Uterus	UCEC
MET500	MET500	TP_2072-capt-SI_9129-C4NPJANXX	TP_2072	Sarcoma	soft_tissue	False	True	True	Sarcoma	Ovary	Breast	BRCA_TS	False	Sarcoma	SARC
MET500	MET500	TP_2073-poly-SI_9865-C67VYANXX	TP_2073	Lung	lymph_node	True	False	True	Mesothelioma	Mesothelioma	Mesothelioma	MESO_TS	False	Mesothelioma	MESO
MET500	MET500	TP_2074-capt-SI_10259-C6EJEANXX	TP_2074	Ovary	lymph_node	True	False	True	Esophagus	Stomach	Esophagus	ESCA_TS	False	Uterus	UCEC
MET500	MET500	TP_2075-poly-SI_10280-C6EKHANXX	TP_2075	Sarcoma	skin	True	False	True	Sarcoma	Sarcoma	Uterus	UCS_TS	False	Sarcoma	SARC
MET500	MET500	TP_2077-poly-SI_10142-C6EHCANXX	TP_2077	Prostate	lymph_node	True	False	True	Prostate	Prostate	Prostate	PRAD_TS	False	Prostate	PRAD
MET500	MET500	TP_2078-poly-SI_10143-C6EHCANXX	TP_2078	Prostate	lymph_node	True	False	True	Prostate	Prostate	Prostate	PRAD_TS	False	Prostate	PRAD
MET500	MET500	TP_2079-capt-SI_10284-C6EKHANXX	TP_2079	Prostate	bone_marrow	True	False	True	Prostate	Ovary	Prostate	PRAD_TS	False	Sarcoma	SARC
MET500	MET500	TP_2080-poly-SI_10281-C6EKHANXX	TP_2080	Prostate	prostate	False	True	True	Prostate	Prostate	Prostate	PRAD_TS	False	Prostate	PRAD
MET500	MET500	TP_2081-poly-SI_10414-C6ET2ANXX	TP_2081	Prostate	bone_marrow	True	False	True	Prostate	Prostate	Prostate	PRAD_TS	False	Prostate	PRAD
MET500	MET500	TP_2083-poly-SI_10415-C6ET2ANXX	TP_2083	Breast	liver	True	False	True	Breast	Breast	Breast	BRCA_TS	False	Liver	LIHC
MET500	MET500	TP_2086-poly-SI_10434-C6ET2ANXX	TP_2086	Pancreas	liver	True	False	True	Biliary	Stomach	Liver	LIHC_TS	False	Liver	LIHC
MET500	MET500	TP_2087-capt-SI_10562-C6EEUANXX	TP_2087	Ovary	colon_rectum	True	False	True	Kidney	Kidney	Breast	BRCA_TS	False	Lung	LUAD
MET500	MET500	TP_2090-capt-SI_10666-C6UPRANXX	TP_2090	Prostate	bone_marrow	True	False	True	Prostate	Prostate	Prostate	PRAD_TS	False	Prostate	PRAD
MET500	MET500	TP_2091-poly-SI_10661-C6UPRANXX	TP_2091	Brain	brain	False	True	True	Brain	Brain	Brain	LGG_TS	False	Brain	GBM
MET500	MET500	TP_2093-poly-SI_10697-C6V2AANXX	TP_2093	Prostate	lymph_node	True	False	True	Prostate	Prostate	Prostate	PRAD_TS	False	Prostate	PRAD
MET500	MET500	TP_2096-poly-SI_10724-C6UUJANXX	TP_2096	Prostate	lymph_node	True	False	True	Prostate	Prostate	Prostate	PRAD_TS	False	Prostate	PRAD
MET500	MET500	TP_2100-poly-SI_11003-HK2MMADXX	TP_2100	HeadNeck	liver	True	False	True	Biliary	Bladder	Bladder	BLCA_TS	False	Liver	LIHC
MET500	MET500	TP_2101-poly-SI_11004-C6T3EANXX	TP_2101	HeadNeck	lung	True	False	True	Lung	Lung	Lung	LUSC_TS	False	Lung	LUSC
MET500	MET500	TP_2102-poly-SI_11147-C6T5LANXX	TP_2102	Sarcoma	soft_tissue	False	True	True	Sarcoma	Sarcoma	Sarcoma	SARC_TS	False	Sarcoma	SARC
MET500	MET500	TP_2106-capt-SI_11224-C6UTYANXX	TP_2106	Pancreas	bone_marrow	True	False	True	Pancreas	Pancreas	Lung	LUAD_TS	False	Stomach	STAD
MET500	MET500	TP_2109-poly-SI_11372-C6UUUANXX	TP_2109	Breast	lymph_node	True	False	True	Breast	Breast	Breast	BRCA_TS	False	Breast	BRCA
MET500	MET500	TP_2118-capt-SI_11547-C7GBMANXX	TP_2118	Breast	lymph_node	True	False	True	Breast	Breast	Breast	BRCA_TS	False	Breast	BRCA
MET500	MET500	TP_2119-capt-SI_11548-C7GBMANXX	TP_2119	Sarcoma	liver	True	False	True	Kidney	Brain	Kidney	KIRC_TS	False	Liver	LIHC
MET500	MET500	TP_2120-poly-SI_11533-HV7JLADXX	TP_2120	Brain	brain	False	True	True	Brain	Brain	Brain	LGG_TS	False	Brain	GBM
MET500	MET500	TP_2122-poly-SI_11534-C7GBMANXX	TP_2122	Breast	lymph_node	True	False	True	Esophagus	Esophagus	Lung	LUSC_TS	False	HeadNeck	HNSC
MET500	MET500	TP_2130-capt-SI_11905-C7FMDANXX	TP_2130	HeadNeck	head_neck	False	True	True	Lung	Lung	Lung	LUSC_TS	False	HeadNeck	HNSC
MET500	MET500	TP_2131-capt-SI_11906-C7F4VANXX	TP_2131	Bladder	liver	True	False	True	Bladder	Bladder	Cervix	CESC_SCC_TS	False	Bladder	BLCA
MET500	MET500	TP_2141-capt-SI_12056-H53C5ADXX	TP_2141	Breast	liver	True	False	True	Breast	Breast	Breast	BRCA_TS	False	Breast	BRCA
MET500	MET500	TP_2156-capt-SI_12477-C7G91ANXX	TP_2156	Prostate	liver	True	False	True	Lung	Lung	Cervix	CESC_SCC_TS	False	Lung	LUAD
aux_rnaseq	blca_iatlas_imvigor210_2017	10003	10003	Bladder	bladder	False	True	True	Esophagus	Esophagus	Myeloid	LAML_TS	False	Bladder	BLCA
aux_rnaseq	blca_iatlas_imvigor210_2017	10004	10004	Bladder	bladder	False	True	True	Bladder	Bladder	Esophagus	ESCA_EAC_TS	False	Bladder	BLCA
aux_rnaseq	blca_iatlas_imvigor210_2017	10005	10005	Bladder	bladder	False	True	True	Esophagus	Bladder	Esophagus	ESCA_SCC_TS	False	Bladder	BLCA
aux_rnaseq	blca_iatlas_imvigor210_2017	10006	10006	Bladder	kidney	True	False	True	Esophagus	Esophagus	Esophagus	ESCA_EAC_TS	False	Kidney	KIRP
aux_rnaseq	blca_iatlas_imvigor210_2017	10007	10007	Bladder	kidney	True	False	True	Esophagus	Bladder	Esophagus	ESCA_EAC_TS	False	Bladder	BLCA
aux_rnaseq	blca_iatlas_imvigor210_2017	10010	10010	Bladder	bladder	False	True	True	Esophagus	Esophagus	Esophagus	ESCA_SCC_TS	False	Bladder	BLCA
aux_rnaseq	blca_iatlas_imvigor210_2017	10011	10011	Bladder	bladder	False	True	True	Esophagus	Esophagus	Esophagus	ESCA_SCC_TS	False	Bladder	BLCA
aux_rnaseq	blca_iatlas_imvigor210_2017	10013	10013	Bladder	kidney	True	False	True	Esophagus	Bladder	Esophagus	ESCA_EAC_TS	False	Bladder	BLCA
aux_rnaseq	blca_iatlas_imvigor210_2017	10015	10015	Bladder	bladder	False	True	True	Bladder	Bladder	Esophagus	ESCA_EAC_TS	False	Bladder	BLCA
aux_rnaseq	blca_iatlas_imvigor210_2017	10016	10016	Bladder	bladder	False	True	True	Bladder	Bladder	Esophagus	ESCA_SCC_TS	False	Bladder	BLCA
aux_rnaseq	blca_iatlas_imvigor210_2017	10017	10017	Bladder	bladder	False	True	True	Bladder	Bladder	Esophagus	ESCA_EAC_TS	False	Bladder	BLCA
aux_rnaseq	blca_iatlas_imvigor210_2017	10018	10018	Bladder	bladder	False	True	True	Esophagus	Esophagus	Esophagus	ESCA_EAC_TS	False	Bladder	BLCA
aux_rnaseq	blca_iatlas_imvigor210_2017	10020	10020	Bladder	kidney	True	False	True	Esophagus	Kidney	Esophagus	ESCA_SCC_TS	False	Kidney	KIRC
aux_rnaseq	blca_iatlas_imvigor210_2017	10021	10021	Bladder	bladder	False	True	True	Bladder	Bladder	Myeloid	LAML_TS	False	Bladder	BLCA
aux_rnaseq	blca_iatlas_imvigor210_2017	10022	10022	Bladder	bladder	False	True	True	Esophagus	Esophagus	Esophagus	ESCA_SCC_TS	False	Bladder	BLCA
aux_rnaseq	blca_iatlas_imvigor210_2017	10023	10023	Bladder	bladder	False	True	True	Esophagus	Esophagus	Esophagus	ESCA_SCC_TS	False	Bladder	BLCA
aux_rnaseq	blca_iatlas_imvigor210_2017	10024	10024	Bladder	bladder	False	True	True	Esophagus	Esophagus	Esophagus	ESCA_SCC_TS	False	HeadNeck	HNSC
aux_rnaseq	blca_iatlas_imvigor210_2017	10026	10026	Bladder	kidney	True	False	True	Esophagus	Esophagus	Myeloid	LAML_TS	False	Bladder	BLCA
aux_rnaseq	blca_iatlas_imvigor210_2017	10027	10027	Bladder	bladder	False	True	True	Bladder	Bladder	Esophagus	ESCA_EAC_TS	False	Bladder	BLCA
aux_rnaseq	blca_iatlas_imvigor210_2017	10028	10028	Bladder	kidney	True	False	True	Esophagus	Esophagus	Esophagus	ESCA_SCC_TS	False	Bladder	BLCA
aux_rnaseq	blca_iatlas_imvigor210_2017	10030	10030	Bladder	kidney	True	False	True	Esophagus	Esophagus	Esophagus	ESCA_SCC_TS	False	Bladder	BLCA
aux_rnaseq	blca_iatlas_imvigor210_2017	10033	10033	Bladder	bladder	False	True	True	Esophagus	Esophagus	Esophagus	ESCA_SCC_TS	False	Bladder	BLCA
aux_rnaseq	blca_iatlas_imvigor210_2017	10034	10034	Bladder	bladder	False	True	True	Esophagus	Bladder	Esophagus	ESCA_EAC_TS	False	Bladder	BLCA
aux_rnaseq	blca_iatlas_imvigor210_2017	10035	10035	Bladder	bladder	False	True	True	Esophagus	Esophagus	Esophagus	ESCA_EAC_TS	False	Bladder	BLCA
aux_rnaseq	blca_iatlas_imvigor210_2017	10036	10036	Bladder	bladder	False	True	True	Esophagus	Esophagus	Esophagus	ESCA_SCC_TS	False	Bladder	BLCA
aux_rnaseq	blca_iatlas_imvigor210_2017	10037	10037	Bladder	kidney	True	False	True	Esophagus	Bladder	Esophagus	ESCA_EAC_TS	False	Bladder	BLCA
aux_rnaseq	blca_iatlas_imvigor210_2017	10038	10038	Bladder	kidney	True	False	True	Esophagus	Esophagus	Esophagus	ESCA_EAC_TS	False	Kidney	KIRP
aux_rnaseq	blca_iatlas_imvigor210_2017	10039	10039	Bladder	bladder	False	True	True	Esophagus	Bladder	Esophagus	ESCA_EAC_TS	False	Bladder	BLCA
aux_rnaseq	blca_iatlas_imvigor210_2017	10040	10040	Bladder	bladder	False	True	True	Bladder	Bladder	Esophagus	ESCA_EAC_TS	False	Bladder	BLCA
aux_rnaseq	blca_iatlas_imvigor210_2017	10041	10041	Bladder	bladder	False	True	True	Bladder	Bladder	Esophagus	ESCA_EAC_TS	False	Bladder	BLCA
aux_rnaseq	blca_iatlas_imvigor210_2017	10042	10042	Bladder	bladder	False	True	True	Bladder	Bladder	Esophagus	ESCA_EAC_TS	False	Bladder	BLCA
aux_rnaseq	blca_iatlas_imvigor210_2017	10043	10043	Bladder	bladder	False	True	True	Esophagus	Bladder	Esophagus	ESCA_SCC_TS	False	Bladder	BLCA
aux_rnaseq	blca_iatlas_imvigor210_2017	10044	10044	Bladder	bladder	False	True	True	Esophagus	Esophagus	Esophagus	ESCA_SCC_TS	False	Bladder	BLCA
aux_rnaseq	blca_iatlas_imvigor210_2017	10045	10045	Bladder	kidney	True	False	True	Esophagus	Esophagus	Myeloid	LAML_TS	False	Bladder	BLCA
aux_rnaseq	blca_iatlas_imvigor210_2017	10046	10046	Bladder	bladder	False	True	True	Esophagus	Bladder	Esophagus	ESCA_EAC_TS	False	Bladder	BLCA
aux_rnaseq	blca_iatlas_imvigor210_2017	10047	10047	Bladder	bladder	False	True	True	Esophagus	Esophagus	Esophagus	ESCA_EAC_TS	False	Bladder	BLCA
aux_rnaseq	blca_iatlas_imvigor210_2017	10048	10048	Bladder	bladder	False	True	True	Esophagus	Esophagus	Esophagus	ESCA_EAC_TS	False	Bladder	BLCA
aux_rnaseq	blca_iatlas_imvigor210_2017	10049	10049	Bladder	bladder	False	True	True	Esophagus	Bladder	Myeloid	LAML_TS	False	Bladder	BLCA
aux_rnaseq	blca_iatlas_imvigor210_2017	10050	10050	Bladder	bladder	False	True	True	Bladder	Bladder	Esophagus	ESCA_EAC_TS	False	Bladder	BLCA
aux_rnaseq	blca_iatlas_imvigor210_2017	10052	10052	Bladder	lung	True	False	True	Esophagus	Esophagus	Esophagus	ESCA_EAC_TS	False	Lung	LUAD
aux_rnaseq	blca_iatlas_imvigor210_2017	10055	10055	Bladder	kidney	True	False	True	Esophagus	Esophagus	Esophagus	ESCA_SCC_TS	False	Kidney	KIRP
aux_rnaseq	blca_iatlas_imvigor210_2017	10056	10056	Bladder	kidney	True	False	True	Esophagus	Esophagus	Esophagus	ESCA_SCC_TS	False	Kidney	KIRC
aux_rnaseq	blca_iatlas_imvigor210_2017	10057	10057	Bladder	kidney	True	False	True	Esophagus	Esophagus	Esophagus	ESCA_SCC_TS	False	Bladder	BLCA
aux_rnaseq	blca_iatlas_imvigor210_2017	10058	10058	Bladder	bladder	False	True	True	Esophagus	Bladder	Esophagus	ESCA_EAC_TS	False	Bladder	BLCA
aux_rnaseq	blca_iatlas_imvigor210_2017	10059	10059	Bladder	bladder	False	True	True	Esophagus	Esophagus	Esophagus	ESCA_EAC_TS	False	Bladder	BLCA
aux_rnaseq	blca_iatlas_imvigor210_2017	10060	10060	Bladder	kidney	True	False	True	Esophagus	Esophagus	Myeloid	LAML_TS	False	Kidney	KIRC
aux_rnaseq	blca_iatlas_imvigor210_2017	10063	10063	Bladder	kidney	True	False	True	Esophagus	Bladder	Esophagus	ESCA_EAC_TS	False	Bladder	BLCA
aux_rnaseq	blca_iatlas_imvigor210_2017	10064	10064	Bladder	bladder	False	True	True	Esophagus	Bladder	Esophagus	ESCA_SCC_TS	False	Bladder	BLCA
aux_rnaseq	blca_iatlas_imvigor210_2017	10065	10065	Bladder	bladder	False	True	True	Esophagus	Bladder	Esophagus	ESCA_EAC_TS	False	Bladder	BLCA
aux_rnaseq	blca_iatlas_imvigor210_2017	10068	10068	Bladder	kidney	True	False	True	Bladder	Bladder	Bladder	BLCA_TS	False	Bladder	BLCA
aux_rnaseq	blca_iatlas_imvigor210_2017	10069	10069	Bladder	bladder	False	True	True	Esophagus	Esophagus	Esophagus	ESCA_SCC_TS	False	Bladder	BLCA
aux_rnaseq	blca_iatlas_imvigor210_2017	10071	10071	Bladder	bladder	False	True	True	Esophagus	Bladder	Esophagus	ESCA_SCC_TS	False	Bladder	BLCA
aux_rnaseq	blca_iatlas_imvigor210_2017	10072	10072	Bladder	bladder	False	True	True	Esophagus	Bladder	Esophagus	ESCA_EAC_TS	False	Bladder	BLCA
aux_rnaseq	blca_iatlas_imvigor210_2017	10073	10073	Bladder	bladder	False	True	True	Esophagus	Esophagus	Esophagus	ESCA_SCC_TS	False	Bladder	BLCA
aux_rnaseq	blca_iatlas_imvigor210_2017	10074	10074	Bladder	kidney	True	False	True	Esophagus	Esophagus	Esophagus	ESCA_EAC_TS	False	Kidney	KIRC
aux_rnaseq	blca_iatlas_imvigor210_2017	10076	10076	Bladder	liver	True	False	True	Esophagus	Esophagus	Esophagus	ESCA_SCC_TS	False	Liver	LIHC
aux_rnaseq	blca_iatlas_imvigor210_2017	10078	10078	Bladder	kidney	True	False	True	Esophagus	Bladder	Esophagus	ESCA_EAC_TS	False	Bladder	BLCA
aux_rnaseq	blca_iatlas_imvigor210_2017	10079	10079	Bladder	kidney	True	False	True	Esophagus	Esophagus	Esophagus	ESCA_EAC_TS	False	Bladder	BLCA
aux_rnaseq	blca_iatlas_imvigor210_2017	10080	10080	Bladder	bladder	False	True	True	Esophagus	Esophagus	Esophagus	ESCA_SCC_TS	False	Bladder	BLCA
aux_rnaseq	blca_iatlas_imvigor210_2017	10081	10081	Bladder	bladder	False	True	True	Esophagus	Bladder	Esophagus	ESCA_EAC_TS	False	Bladder	BLCA
aux_rnaseq	blca_iatlas_imvigor210_2017	10082	10082	Bladder	kidney	True	False	True	Esophagus	Esophagus	Esophagus	ESCA_SCC_TS	False	Bladder	BLCA
aux_rnaseq	blca_iatlas_imvigor210_2017	10083	10083	Bladder	bladder	False	True	True	Bladder	Bladder	Myeloid	LAML_TS	False	Bladder	BLCA
aux_rnaseq	blca_iatlas_imvigor210_2017	10084	10084	Bladder	bladder	False	True	True	Esophagus	Prostate	Esophagus	ESCA_EAC_TS	False	Prostate	PRAD
aux_rnaseq	blca_iatlas_imvigor210_2017	10086	10086	Bladder	bladder	False	True	True	Esophagus	Bladder	Esophagus	ESCA_SCC_TS	False	Bladder	BLCA
aux_rnaseq	blca_iatlas_imvigor210_2017	10087	10087	Bladder	bladder	False	True	True	Esophagus	Bladder	Esophagus	ESCA_EAC_TS	False	Bladder	BLCA
aux_rnaseq	blca_iatlas_imvigor210_2017	10088	10088	Bladder	bladder	False	True	True	Esophagus	Esophagus	Esophagus	ESCA_SCC_TS	False	Bladder	BLCA
aux_rnaseq	blca_iatlas_imvigor210_2017	10089	10089	Bladder	bladder	False	True	True	Esophagus	Esophagus	Esophagus	ESCA_SCC_TS	False	Bladder	BLCA
aux_rnaseq	blca_iatlas_imvigor210_2017	10090	10090	Bladder	bladder	False	True	True	Esophagus	Bladder	Esophagus	ESCA_EAC_TS	False	Bladder	BLCA
aux_rnaseq	blca_iatlas_imvigor210_2017	10091	10091	Bladder	bladder	False	True	True	Bladder	Bladder	Bladder	BLCA_TS	False	Bladder	BLCA
aux_rnaseq	blca_iatlas_imvigor210_2017	10092	10092	Bladder	bladder	False	True	True	Esophagus	Esophagus	Esophagus	ESCA_EAC_TS	False	Liver	LIHC
aux_rnaseq	blca_iatlas_imvigor210_2017	10093	10093	Bladder	kidney	True	False	True	Esophagus	Bladder	Esophagus	ESCA_EAC_TS	False	Bladder	BLCA
aux_rnaseq	blca_iatlas_imvigor210_2017	10095	10095	Bladder	bladder	False	True	True	Bladder	Bladder	Esophagus	ESCA_EAC_TS	False	Bladder	BLCA
aux_rnaseq	blca_iatlas_imvigor210_2017	10096	10096	Bladder	bladder	False	True	True	Bladder	Bladder	Esophagus	ESCA_EAC_TS	False	Bladder	BLCA
aux_rnaseq	blca_iatlas_imvigor210_2017	10097	10097	Bladder	bladder	False	True	True	Esophagus	Bladder	Esophagus	ESCA_EAC_TS	False	Bladder	BLCA
aux_rnaseq	blca_iatlas_imvigor210_2017	10098	10098	Bladder	lung	True	False	True	Bladder	Bladder	Esophagus	ESCA_EAC_TS	False	Bladder	BLCA
aux_rnaseq	blca_iatlas_imvigor210_2017	10099	10099	Bladder	bladder	False	True	True	Esophagus	Esophagus	Esophagus	ESCA_SCC_TS	False	Bladder	BLCA
aux_rnaseq	blca_iatlas_imvigor210_2017	10100	10100	Bladder	lung	True	False	True	Esophagus	Bladder	Lung	LUAD_TS	False	Bladder	BLCA
aux_rnaseq	blca_iatlas_imvigor210_2017	10101	10101	Bladder	bladder	False	True	True	Esophagus	Esophagus	Esophagus	ESCA_EAC_TS	False	Bladder	BLCA
aux_rnaseq	blca_iatlas_imvigor210_2017	10102	10102	Bladder	kidney	True	False	True	Esophagus	Bladder	Bladder	BLCA_TS	False	Bladder	BLCA
aux_rnaseq	blca_iatlas_imvigor210_2017	10105	10105	Bladder	bladder	False	True	True	Esophagus	Esophagus	Esophagus	ESCA_SCC_TS	False	Kidney	KIRP
aux_rnaseq	blca_iatlas_imvigor210_2017	10106	10106	Bladder	bladder	False	True	True	Esophagus	Esophagus	Esophagus	ESCA_EAC_TS	False	Bladder	BLCA
aux_rnaseq	blca_iatlas_imvigor210_2017	10108	10108	Bladder	bladder	False	True	True	Esophagus	Bladder	Esophagus	ESCA_EAC_TS	False	Bladder	BLCA
aux_rnaseq	blca_iatlas_imvigor210_2017	10109	10109	Bladder	bladder	False	True	True	Esophagus	Esophagus	Esophagus	ESCA_SCC_TS	False	Bladder	BLCA
aux_rnaseq	blca_iatlas_imvigor210_2017	10111	10111	Bladder	bladder	False	True	True	Bladder	Bladder	Esophagus	ESCA_SCC_TS	False	Bladder	BLCA
aux_rnaseq	blca_iatlas_imvigor210_2017	10112	10112	Bladder	bladder	False	True	True	Esophagus	Bladder	Esophagus	ESCA_SCC_TS	False	Bladder	BLCA
aux_rnaseq	blca_iatlas_imvigor210_2017	10113	10113	Bladder	kidney	True	False	True	Esophagus	Esophagus	Esophagus	ESCA_SCC_TS	False	Bladder	BLCA
aux_rnaseq	blca_iatlas_imvigor210_2017	10115	10115	Bladder	bladder	False	True	True	Esophagus	Esophagus	Esophagus	ESCA_EAC_TS	False	Bladder	BLCA
aux_rnaseq	blca_iatlas_imvigor210_2017	10116	10116	Bladder	bladder	False	True	True	Esophagus	Bladder	Esophagus	ESCA_EAC_TS	False	Bladder	BLCA
aux_rnaseq	blca_iatlas_imvigor210_2017	10117	10117	Bladder	bladder	False	True	True	Esophagus	Bladder	Esophagus	ESCA_SCC_TS	False	Bladder	BLCA
aux_rnaseq	blca_iatlas_imvigor210_2017	10119	10119	Bladder	bladder	False	True	True	Esophagus	Bladder	Esophagus	ESCA_SCC_TS	False	Bladder	BLCA
aux_rnaseq	blca_iatlas_imvigor210_2017	10122	10122	Bladder	bladder	False	True	True	Bladder	Bladder	Esophagus	ESCA_EAC_TS	False	Bladder	BLCA
aux_rnaseq	blca_iatlas_imvigor210_2017	10123	10123	Bladder	kidney	True	False	True	Esophagus	Bladder	Esophagus	ESCA_EAC_TS	False	Bladder	BLCA
aux_rnaseq	blca_iatlas_imvigor210_2017	10125	10125	Bladder	lung	True	False	True	Esophagus	Esophagus	Esophagus	ESCA_EAC_TS	False	Lung	LUSC
aux_rnaseq	blca_iatlas_imvigor210_2017	10127	10127	Bladder	bladder	False	True	True	Bladder	Bladder	Myeloid	LAML_TS	False	Bladder	BLCA
aux_rnaseq	blca_iatlas_imvigor210_2017	10129	10129	Bladder	bladder	False	True	True	Bladder	Bladder	Esophagus	ESCA_EAC_TS	False	Bladder	BLCA
aux_rnaseq	blca_iatlas_imvigor210_2017	10130	10130	Bladder	bladder	False	True	True	Bladder	Bladder	Esophagus	ESCA_EAC_TS	False	Bladder	BLCA
aux_rnaseq	blca_iatlas_imvigor210_2017	10131	10131	Bladder	bladder	False	True	True	Esophagus	Bladder	Esophagus	ESCA_SCC_TS	False	Bladder	BLCA
aux_rnaseq	blca_iatlas_imvigor210_2017	10132	10132	Bladder	bladder	False	True	True	Esophagus	Bladder	Esophagus	ESCA_EAC_TS	False	Bladder	BLCA
aux_rnaseq	blca_iatlas_imvigor210_2017	10134	10134	Bladder	kidney	True	False	True	Esophagus	Esophagus	Esophagus	ESCA_EAC_TS	False	Bladder	BLCA
aux_rnaseq	blca_iatlas_imvigor210_2017	10135	10135	Bladder	kidney	True	False	True	Esophagus	Bladder	Esophagus	ESCA_EAC_TS	False	Bladder	BLCA
aux_rnaseq	blca_iatlas_imvigor210_2017	10136	10136	Bladder	bladder	False	True	True	Esophagus	Bladder	Esophagus	ESCA_EAC_TS	False	Bladder	BLCA
aux_rnaseq	blca_iatlas_imvigor210_2017	10137	10137	Bladder	bladder	False	True	True	Bladder	Bladder	Bladder	BLCA_TS	False	Bladder	BLCA
aux_rnaseq	blca_iatlas_imvigor210_2017	10138	10138	Bladder	bladder	False	True	True	Esophagus	Esophagus	Esophagus	ESCA_SCC_TS	False	Bladder	BLCA
aux_rnaseq	blca_iatlas_imvigor210_2017	10139	10139	Bladder	bladder	False	True	True	Esophagus	Bladder	Esophagus	ESCA_EAC_TS	False	Bladder	BLCA
aux_rnaseq	blca_iatlas_imvigor210_2017	10140	10140	Bladder	bladder	False	True	True	Esophagus	Esophagus	Esophagus	ESCA_EAC_TS	False	Bladder	BLCA
aux_rnaseq	blca_iatlas_imvigor210_2017	10141	10141	Bladder	bladder	False	True	True	Esophagus	Esophagus	Esophagus	ESCA_SCC_TS	False	Bladder	BLCA
aux_rnaseq	blca_iatlas_imvigor210_2017	10142	10142	Bladder	liver	True	False	True	Liver	Esophagus	Esophagus	ESCA_EAC_TS	False	Liver	LIHC
aux_rnaseq	blca_iatlas_imvigor210_2017	10144	10144	Bladder	bladder	False	True	True	Esophagus	Bladder	Esophagus	ESCA_EAC_TS	False	Bladder	BLCA
aux_rnaseq	blca_iatlas_imvigor210_2017	10145	10145	Bladder	bladder	False	True	True	Bladder	Bladder	Esophagus	ESCA_SCC_TS	False	Bladder	BLCA
aux_rnaseq	blca_iatlas_imvigor210_2017	10146	10146	Bladder	bladder	False	True	True	Esophagus	Esophagus	Esophagus	ESCA_SCC_TS	False	Bladder	BLCA
aux_rnaseq	blca_iatlas_imvigor210_2017	10147	10147	Bladder	bladder	False	True	True	Bladder	Bladder	Esophagus	ESCA_EAC_TS	False	Bladder	BLCA
aux_rnaseq	blca_iatlas_imvigor210_2017	10148	10148	Bladder	bladder	False	True	True	Esophagus	Bladder	Esophagus	ESCA_SCC_TS	False	Bladder	BLCA
aux_rnaseq	blca_iatlas_imvigor210_2017	10150	10150	Bladder	bladder	False	True	True	Esophagus	Bladder	Esophagus	ESCA_EAC_TS	False	Bladder	BLCA
aux_rnaseq	blca_iatlas_imvigor210_2017	10151	10151	Bladder	bladder	False	True	True	Esophagus	Bladder	Esophagus	ESCA_EAC_TS	False	Bladder	BLCA
aux_rnaseq	blca_iatlas_imvigor210_2017	10153	10153	Bladder	bladder	False	True	True	Esophagus	Esophagus	Esophagus	ESCA_SCC_TS	False	Bladder	BLCA
aux_rnaseq	blca_iatlas_imvigor210_2017	10154	10154	Bladder	lung	True	False	True	Esophagus	Esophagus	Esophagus	ESCA_EAC_TS	False	Lung	LUSC
aux_rnaseq	blca_iatlas_imvigor210_2017	10156	10156	Bladder	bladder	False	True	True	Bladder	Bladder	Esophagus	ESCA_SCC_TS	False	Bladder	BLCA
aux_rnaseq	blca_iatlas_imvigor210_2017	10157	10157	Bladder	bladder	False	True	True	Bladder	Bladder	Esophagus	ESCA_EAC_TS	False	Bladder	BLCA
aux_rnaseq	blca_iatlas_imvigor210_2017	10160	10160	Bladder	kidney	True	False	True	Esophagus	Esophagus	Esophagus	ESCA_EAC_TS	False	Bladder	BLCA
aux_rnaseq	blca_iatlas_imvigor210_2017	10161	10161	Bladder	bladder	False	True	True	Esophagus	Esophagus	Lung	LUSC_TS	False	Bladder	BLCA
aux_rnaseq	blca_iatlas_imvigor210_2017	10162	10162	Bladder	bladder	False	True	True	Esophagus	Bladder	Bladder	BLCA_TS	False	Bladder	BLCA
aux_rnaseq	blca_iatlas_imvigor210_2017	10164	10164	Bladder	kidney	True	False	True	Esophagus	Bladder	Esophagus	ESCA_EAC_TS	False	Bladder	BLCA
aux_rnaseq	blca_iatlas_imvigor210_2017	10165	10165	Bladder	bladder	False	True	True	Esophagus	Bladder	Esophagus	ESCA_EAC_TS	False	Bladder	BLCA
aux_rnaseq	blca_iatlas_imvigor210_2017	10166	10166	Bladder	bladder	False	True	True	Esophagus	Esophagus	Esophagus	ESCA_EAC_TS	False	Bladder	BLCA
aux_rnaseq	blca_iatlas_imvigor210_2017	10167	10167	Bladder	bladder	False	True	True	Esophagus	Esophagus	Esophagus	ESCA_SCC_TS	False	Bladder	BLCA
aux_rnaseq	blca_iatlas_imvigor210_2017	10170	10170	Bladder	kidney	True	False	True	Esophagus	Esophagus	Esophagus	ESCA_EAC_TS	False	Bladder	BLCA
aux_rnaseq	blca_iatlas_imvigor210_2017	10171	10171	Bladder	kidney	True	False	True	Esophagus	Esophagus	Esophagus	ESCA_EAC_TS	False	Kidney	KIRP
aux_rnaseq	blca_iatlas_imvigor210_2017	10172	10172	Bladder	kidney	True	False	True	Esophagus	Bladder	Esophagus	ESCA_EAC_TS	False	Bladder	BLCA
aux_rnaseq	blca_iatlas_imvigor210_2017	10173	10173	Bladder	bladder	False	True	True	Esophagus	Esophagus	Esophagus	ESCA_EAC_TS	False	Bladder	BLCA
aux_rnaseq	blca_iatlas_imvigor210_2017	10174	10174	Bladder	bladder	False	True	True	Bladder	Bladder	Esophagus	ESCA_EAC_TS	False	Bladder	BLCA
aux_rnaseq	blca_iatlas_imvigor210_2017	10175	10175	Bladder	lung	True	False	True	Esophagus	Esophagus	Myeloid	LAML_TS	False	Lung	LUAD
aux_rnaseq	blca_iatlas_imvigor210_2017	10176	10176	Bladder	liver	True	False	True	Liver	Bladder	Esophagus	ESCA_EAC_TS	False	Liver	LIHC
aux_rnaseq	blca_iatlas_imvigor210_2017	10177	10177	Bladder	kidney	True	False	True	Esophagus	Bladder	Esophagus	ESCA_EAC_TS	False	Bladder	BLCA
aux_rnaseq	blca_iatlas_imvigor210_2017	10178	10178	Bladder	bladder	False	True	True	Esophagus	Bladder	Esophagus	ESCA_EAC_TS	False	Bladder	BLCA
aux_rnaseq	blca_iatlas_imvigor210_2017	10180	10180	Bladder	bladder	False	True	True	Esophagus	Bladder	Esophagus	ESCA_EAC_TS	False	Bladder	BLCA
aux_rnaseq	blca_iatlas_imvigor210_2017	10181	10181	Bladder	kidney	True	False	True	Esophagus	Kidney	Esophagus	ESCA_EAC_TS	False	Kidney	KIRP
aux_rnaseq	blca_iatlas_imvigor210_2017	10182	10182	Bladder	kidney	True	False	True	Esophagus	Bladder	Esophagus	ESCA_SCC_TS	False	Bladder	BLCA
aux_rnaseq	blca_iatlas_imvigor210_2017	10184	10184	Bladder	bladder	False	True	True	Esophagus	Esophagus	Esophagus	ESCA_SCC_TS	False	Bladder	BLCA
aux_rnaseq	blca_iatlas_imvigor210_2017	10185	10185	Bladder	kidney	True	False	True	Esophagus	Esophagus	Esophagus	ESCA_EAC_TS	False	Bladder	BLCA
aux_rnaseq	blca_iatlas_imvigor210_2017	10187	10187	Bladder	bladder	False	True	True	Esophagus	Bladder	Esophagus	ESCA_EAC_TS	False	Bladder	BLCA
aux_rnaseq	blca_iatlas_imvigor210_2017	10188	10188	Bladder	lung	True	False	True	Esophagus	Esophagus	Esophagus	ESCA_SCC_TS	False	Bladder	BLCA
aux_rnaseq	blca_iatlas_imvigor210_2017	10189	10189	Bladder	bladder	False	True	True	Bladder	Bladder	Esophagus	ESCA_SCC_TS	False	Bladder	BLCA
aux_rnaseq	blca_iatlas_imvigor210_2017	10190	10190	Bladder	bladder	False	True	True	Esophagus	Bladder	Esophagus	ESCA_EAC_TS	False	Bladder	BLCA
aux_rnaseq	blca_iatlas_imvigor210_2017	10191	10191	Bladder	bladder	False	True	True	Esophagus	Bladder	Esophagus	ESCA_EAC_TS	False	Bladder	BLCA
aux_rnaseq	blca_iatlas_imvigor210_2017	10192	10192	Bladder	bladder	False	True	True	Esophagus	Bladder	Bladder	BLCA_TS	False	Bladder	BLCA
aux_rnaseq	blca_iatlas_imvigor210_2017	10194	10194	Bladder	bladder	False	True	True	Esophagus	Esophagus	Esophagus	ESCA_SCC_TS	False	Bladder	BLCA
aux_rnaseq	blca_iatlas_imvigor210_2017	10195	10195	Bladder	bladder	False	True	True	Esophagus	Bladder	Esophagus	ESCA_EAC_TS	False	Bladder	BLCA
aux_rnaseq	blca_iatlas_imvigor210_2017	10196	10196	Bladder	bladder	False	True	True	Esophagus	Bladder	Esophagus	ESCA_EAC_TS	False	Bladder	BLCA
aux_rnaseq	blca_iatlas_imvigor210_2017	10198	10198	Bladder	bladder	False	True	True	Esophagus	Bladder	Esophagus	ESCA_SCC_TS	False	Bladder	BLCA
aux_rnaseq	blca_iatlas_imvigor210_2017	10199	10199	Bladder	kidney	True	False	True	Esophagus	Esophagus	Esophagus	ESCA_EAC_TS	False	Bladder	BLCA
aux_rnaseq	blca_iatlas_imvigor210_2017	10200	10200	Bladder	bladder	False	True	True	Esophagus	Bladder	Esophagus	ESCA_EAC_TS	False	Bladder	BLCA
aux_rnaseq	blca_iatlas_imvigor210_2017	10201	10201	Bladder	kidney	True	False	True	Bladder	Bladder	Esophagus	ESCA_EAC_TS	False	Bladder	BLCA
aux_rnaseq	blca_iatlas_imvigor210_2017	10202	10202	Bladder	kidney	True	False	True	Esophagus	Bladder	Esophagus	ESCA_EAC_TS	False	Bladder	BLCA
aux_rnaseq	blca_iatlas_imvigor210_2017	10203	10203	Bladder	bladder	False	True	True	Esophagus	Bladder	Myeloid	LAML_TS	False	Bladder	BLCA
aux_rnaseq	blca_iatlas_imvigor210_2017	10204	10204	Bladder	bladder	False	True	True	Esophagus	Bladder	Esophagus	ESCA_EAC_TS	False	Bladder	BLCA
aux_rnaseq	blca_iatlas_imvigor210_2017	10206	10206	Bladder	bladder	False	True	True	Esophagus	Bladder	Esophagus	ESCA_EAC_TS	False	Bladder	BLCA
aux_rnaseq	blca_iatlas_imvigor210_2017	10207	10207	Bladder	kidney	True	False	True	Esophagus	Esophagus	Esophagus	ESCA_EAC_TS	False	Bladder	BLCA
aux_rnaseq	blca_iatlas_imvigor210_2017	10208	10208	Bladder	bladder	False	True	True	Esophagus	Esophagus	Esophagus	ESCA_SCC_TS	False	Bladder	BLCA
aux_rnaseq	blca_iatlas_imvigor210_2017	10209	10209	Bladder	bladder	False	True	True	Bladder	Bladder	Esophagus	ESCA_EAC_TS	False	Bladder	BLCA
aux_rnaseq	blca_iatlas_imvigor210_2017	10210	10210	Bladder	bladder	False	True	True	Esophagus	Esophagus	Esophagus	ESCA_EAC_TS	False	Bladder	BLCA
aux_rnaseq	blca_iatlas_imvigor210_2017	10212	10212	Bladder	bladder	False	True	True	Esophagus	Esophagus	Esophagus	ESCA_SCC_TS	False	Bladder	BLCA
aux_rnaseq	blca_iatlas_imvigor210_2017	10215	10215	Bladder	bladder	False	True	True	Esophagus	Esophagus	Esophagus	ESCA_EAC_TS	False	Bladder	BLCA
aux_rnaseq	blca_iatlas_imvigor210_2017	10217	10217	Bladder	bladder	False	True	True	Esophagus	Esophagus	Esophagus	ESCA_SCC_TS	False	Bladder	BLCA
aux_rnaseq	blca_iatlas_imvigor210_2017	10220	10220	Bladder	bladder	False	True	True	Esophagus	Esophagus	Esophagus	ESCA_EAC_TS	False	Bladder	BLCA
aux_rnaseq	blca_iatlas_imvigor210_2017	10221	10221	Bladder	bladder	False	True	True	Esophagus	Bladder	Esophagus	ESCA_SCC_TS	False	Bladder	BLCA
aux_rnaseq	blca_iatlas_imvigor210_2017	10222	10222	Bladder	kidney	True	False	True	Esophagus	Esophagus	Esophagus	ESCA_EAC_TS	False	Bladder	BLCA
aux_rnaseq	blca_iatlas_imvigor210_2017	10223	10223	Bladder	bladder	False	True	True	Bladder	Bladder	Esophagus	ESCA_EAC_TS	False	Bladder	BLCA
aux_rnaseq	blca_iatlas_imvigor210_2017	10225	10225	Bladder	bladder	False	True	True	Bladder	Bladder	Myeloid	LAML_TS	False	Bladder	BLCA
aux_rnaseq	blca_iatlas_imvigor210_2017	10226	10226	Bladder	bladder	False	True	True	Esophagus	Bladder	Esophagus	ESCA_EAC_TS	False	Bladder	BLCA
aux_rnaseq	blca_iatlas_imvigor210_2017	10227	10227	Bladder	bladder	False	True	True	Esophagus	Bladder	Esophagus	ESCA_SCC_TS	False	Bladder	BLCA
aux_rnaseq	blca_iatlas_imvigor210_2017	10228	10228	Bladder	lung	True	False	True	Esophagus	Bladder	Esophagus	ESCA_SCC_TS	False	Bladder	BLCA
aux_rnaseq	blca_iatlas_imvigor210_2017	10229	10229	Bladder	lung	True	False	True	Esophagus	Bladder	Esophagus	ESCA_EAC_TS	False	Bladder	BLCA
aux_rnaseq	blca_iatlas_imvigor210_2017	10230	10230	Bladder	kidney	True	False	True	Bladder	Bladder	Esophagus	ESCA_EAC_TS	False	Bladder	BLCA
aux_rnaseq	blca_iatlas_imvigor210_2017	10232	10232	Bladder	bladder	False	True	True	Esophagus	Bladder	Esophagus	ESCA_EAC_TS	False	Bladder	BLCA
aux_rnaseq	blca_iatlas_imvigor210_2017	10233	10233	Bladder	bladder	False	True	True	Esophagus	Bladder	Esophagus	ESCA_EAC_TS	False	Bladder	BLCA
aux_rnaseq	blca_iatlas_imvigor210_2017	10234	10234	Bladder	lung	True	False	True	Bladder	Bladder	Esophagus	ESCA_EAC_TS	False	Bladder	BLCA
aux_rnaseq	blca_iatlas_imvigor210_2017	10235	10235	Bladder	bladder	False	True	True	Esophagus	Bladder	Esophagus	ESCA_SCC_TS	False	Bladder	BLCA
aux_rnaseq	blca_iatlas_imvigor210_2017	10236	10236	Bladder	kidney	True	False	True	Esophagus	Esophagus	Esophagus	ESCA_EAC_TS	False	Kidney	KIRC
aux_rnaseq	blca_iatlas_imvigor210_2017	10238	10238	Bladder	bladder	False	True	True	Esophagus	Bladder	Esophagus	ESCA_EAC_TS	False	Bladder	BLCA
aux_rnaseq	blca_iatlas_imvigor210_2017	10240	10240	Bladder	bladder	False	True	True	Bladder	Bladder	Esophagus	ESCA_SCC_TS	False	Bladder	BLCA
aux_rnaseq	blca_iatlas_imvigor210_2017	10241	10241	Bladder	kidney	True	False	True	Esophagus	Bladder	Esophagus	ESCA_SCC_TS	False	Bladder	BLCA
aux_rnaseq	blca_iatlas_imvigor210_2017	10242	10242	Bladder	bladder	False	True	True	Esophagus	Esophagus	Esophagus	ESCA_EAC_TS	False	Colorectal	COADREAD
aux_rnaseq	blca_iatlas_imvigor210_2017	10244	10244	Bladder	bladder	False	True	True	Esophagus	Bladder	Esophagus	ESCA_EAC_TS	False	Bladder	BLCA
aux_rnaseq	blca_iatlas_imvigor210_2017	10245	10245	Bladder	bladder	False	True	True	Esophagus	Esophagus	Esophagus	ESCA_SCC_TS	False	Bladder	BLCA
aux_rnaseq	blca_iatlas_imvigor210_2017	10247	10247	Bladder	kidney	True	False	True	Esophagus	Bladder	Esophagus	ESCA_EAC_TS	False	Bladder	BLCA
aux_rnaseq	blca_iatlas_imvigor210_2017	10248	10248	Bladder	kidney	True	False	True	Esophagus	Bladder	Esophagus	ESCA_EAC_TS	False	Bladder	BLCA
aux_rnaseq	blca_iatlas_imvigor210_2017	10249	10249	Bladder	bladder	False	True	True	Esophagus	Bladder	Esophagus	ESCA_EAC_TS	False	Bladder	BLCA
aux_rnaseq	blca_iatlas_imvigor210_2017	10251	10251	Bladder	bladder	False	True	True	Bladder	Bladder	Esophagus	ESCA_EAC_TS	False	Bladder	BLCA
aux_rnaseq	blca_iatlas_imvigor210_2017	10252	10252	Bladder	bladder	False	True	True	Esophagus	Bladder	Esophagus	ESCA_EAC_TS	False	Bladder	BLCA
aux_rnaseq	blca_iatlas_imvigor210_2017	10253	10253	Bladder	bladder	False	True	True	Esophagus	Bladder	Esophagus	ESCA_EAC_TS	False	Bladder	BLCA
aux_rnaseq	blca_iatlas_imvigor210_2017	10254	10254	Bladder	bladder	False	True	True	Esophagus	Esophagus	Esophagus	ESCA_SCC_TS	False	Bladder	BLCA
aux_rnaseq	blca_iatlas_imvigor210_2017	10256	10256	Bladder	bladder	False	True	True	Esophagus	Bladder	Esophagus	ESCA_EAC_TS	False	Bladder	BLCA
aux_rnaseq	blca_iatlas_imvigor210_2017	10257	10257	Bladder	bladder	False	True	True	Esophagus	Esophagus	Esophagus	ESCA_SCC_TS	False	Bladder	BLCA
aux_rnaseq	blca_iatlas_imvigor210_2017	10258	10258	Bladder	kidney	True	False	True	Esophagus	Esophagus	Esophagus	ESCA_EAC_TS	False	Bladder	BLCA
aux_rnaseq	blca_iatlas_imvigor210_2017	10259	10259	Bladder	kidney	True	False	True	Bladder	Bladder	Esophagus	ESCA_EAC_TS	False	Bladder	BLCA
aux_rnaseq	blca_iatlas_imvigor210_2017	10260	10260	Bladder	liver	True	False	True	Esophagus	Esophagus	Esophagus	ESCA_EAC_TS	False	Bladder	BLCA
aux_rnaseq	blca_iatlas_imvigor210_2017	10262	10262	Bladder	bladder	False	True	True	Esophagus	Bladder	Esophagus	ESCA_SCC_TS	False	Bladder	BLCA
aux_rnaseq	blca_iatlas_imvigor210_2017	10264	10264	Bladder	bladder	False	True	True	Esophagus	Esophagus	Esophagus	ESCA_SCC_TS	False	Bladder	BLCA
aux_rnaseq	blca_iatlas_imvigor210_2017	10265	10265	Bladder	bladder	False	True	True	Esophagus	Esophagus	Esophagus	ESCA_SCC_TS	False	Bladder	BLCA
aux_rnaseq	blca_iatlas_imvigor210_2017	10266	10266	Bladder	kidney	True	False	True	Bladder	Bladder	Myeloid	LAML_TS	False	Bladder	BLCA
aux_rnaseq	blca_iatlas_imvigor210_2017	10267	10267	Bladder	bladder	False	True	True	Esophagus	Esophagus	Esophagus	ESCA_SCC_TS	False	Bladder	BLCA
aux_rnaseq	blca_iatlas_imvigor210_2017	10269	10269	Bladder	bladder	False	True	True	Esophagus	Bladder	Esophagus	ESCA_EAC_TS	False	Bladder	BLCA
aux_rnaseq	blca_iatlas_imvigor210_2017	10270	10270	Bladder	kidney	True	False	True	Esophagus	Esophagus	Esophagus	ESCA_EAC_TS	False	Kidney	KIRP
aux_rnaseq	blca_iatlas_imvigor210_2017	10271	10271	Bladder	bladder	False	True	True	Bladder	Bladder	Esophagus	ESCA_EAC_TS	False	Bladder	BLCA
aux_rnaseq	blca_iatlas_imvigor210_2017	10272	10272	Bladder	bladder	False	True	True	Esophagus	Bladder	Esophagus	ESCA_EAC_TS	False	Bladder	BLCA
aux_rnaseq	blca_iatlas_imvigor210_2017	10273	10273	Bladder	kidney	True	False	True	Bladder	Bladder	Esophagus	ESCA_EAC_TS	False	Bladder	BLCA
aux_rnaseq	blca_iatlas_imvigor210_2017	10275	10275	Bladder	kidney	True	False	True	Esophagus	Esophagus	Esophagus	ESCA_EAC_TS	False	Bladder	BLCA
aux_rnaseq	blca_iatlas_imvigor210_2017	10277	10277	Bladder	bladder	False	True	True	Esophagus	Esophagus	Esophagus	ESCA_SCC_TS	False	Bladder	BLCA
aux_rnaseq	blca_iatlas_imvigor210_2017	10279	10279	Bladder	bladder	False	True	True	Esophagus	Esophagus	Esophagus	ESCA_SCC_TS	False	Bladder	BLCA
aux_rnaseq	blca_iatlas_imvigor210_2017	10280	10280	Bladder	bladder	False	True	True	Esophagus	Bladder	Esophagus	ESCA_SCC_TS	False	Bladder	BLCA
aux_rnaseq	blca_iatlas_imvigor210_2017	10281	10281	Bladder	bladder	False	True	True	Esophagus	Esophagus	Esophagus	ESCA_EAC_TS	False	Bladder	BLCA
aux_rnaseq	blca_iatlas_imvigor210_2017	10282	10282	Bladder	bladder	False	True	True	Esophagus	Esophagus	Esophagus	ESCA_SCC_TS	False	Bladder	BLCA
aux_rnaseq	blca_iatlas_imvigor210_2017	10284	10284	Bladder	kidney	True	False	True	Esophagus	Esophagus	Esophagus	ESCA_EAC_TS	False	Bladder	BLCA
aux_rnaseq	blca_iatlas_imvigor210_2017	10285	10285	Bladder	bladder	False	True	True	Bladder	Bladder	Esophagus	ESCA_EAC_TS	False	Bladder	BLCA
aux_rnaseq	blca_iatlas_imvigor210_2017	10286	10286	Bladder	bladder	False	True	True	Bladder	Bladder	Esophagus	ESCA_EAC_TS	False	Bladder	BLCA
aux_rnaseq	blca_iatlas_imvigor210_2017	10287	10287	Bladder	bladder	False	True	True	Esophagus	Bladder	Esophagus	ESCA_EAC_TS	False	Bladder	BLCA
aux_rnaseq	blca_iatlas_imvigor210_2017	10289	10289	Bladder	kidney	True	False	True	Esophagus	Esophagus	Esophagus	ESCA_EAC_TS	False	Bladder	BLCA
aux_rnaseq	blca_iatlas_imvigor210_2017	10290	10290	Bladder	kidney	True	False	True	Esophagus	Bladder	Esophagus	ESCA_EAC_TS	False	Bladder	BLCA
aux_rnaseq	blca_iatlas_imvigor210_2017	10292	10292	Bladder	bladder	False	True	True	Bladder	Bladder	Myeloid	LAML_TS	False	Bladder	BLCA
aux_rnaseq	blca_iatlas_imvigor210_2017	10293	10293	Bladder	bladder	False	True	True	Esophagus	Esophagus	Esophagus	ESCA_EAC_TS	False	Esophagus	ESCA
aux_rnaseq	blca_iatlas_imvigor210_2017	10294	10294	Bladder	bladder	False	True	True	Esophagus	Bladder	Esophagus	ESCA_EAC_TS	False	Bladder	BLCA
aux_rnaseq	blca_iatlas_imvigor210_2017	10295	10295	Bladder	bladder	False	True	True	Bladder	Bladder	Esophagus	ESCA_EAC_TS	False	Bladder	BLCA
aux_rnaseq	blca_iatlas_imvigor210_2017	10296	10296	Bladder	bladder	False	True	True	Esophagus	Bladder	Esophagus	ESCA_SCC_TS	False	Bladder	BLCA
aux_rnaseq	blca_iatlas_imvigor210_2017	10297	10297	Bladder	bladder	False	True	True	Esophagus	Bladder	Esophagus	ESCA_EAC_TS	False	Bladder	BLCA
aux_rnaseq	blca_iatlas_imvigor210_2017	10298	10298	Bladder	kidney	True	False	True	Esophagus	Bladder	Esophagus	ESCA_EAC_TS	False	Bladder	BLCA
aux_rnaseq	blca_iatlas_imvigor210_2017	10299	10299	Bladder	bladder	False	True	True	Esophagus	Bladder	Esophagus	ESCA_EAC_TS	False	Bladder	BLCA
aux_rnaseq	blca_iatlas_imvigor210_2017	10300	10300	Bladder	kidney	True	False	True	Esophagus	Esophagus	Esophagus	ESCA_SCC_TS	False	Kidney	KIRP
aux_rnaseq	blca_iatlas_imvigor210_2017	10301	10301	Bladder	liver	True	False	True	Liver	Esophagus	Esophagus	ESCA_EAC_TS	False	Liver	LIHC
aux_rnaseq	blca_iatlas_imvigor210_2017	10302	10302	Bladder	kidney	True	False	True	Esophagus	Esophagus	Myeloid	LAML_TS	False	Bladder	BLCA
aux_rnaseq	blca_iatlas_imvigor210_2017	10303	10303	Bladder	bladder	False	True	True	Bladder	Bladder	Esophagus	ESCA_SCC_TS	False	Bladder	BLCA
aux_rnaseq	blca_iatlas_imvigor210_2017	10304	10304	Bladder	kidney	True	False	True	Esophagus	Bladder	Esophagus	ESCA_EAC_TS	False	Bladder	BLCA
aux_rnaseq	blca_iatlas_imvigor210_2017	10305	10305	Bladder	kidney	True	False	True	Esophagus	Bladder	Esophagus	ESCA_EAC_TS	False	Bladder	BLCA
aux_rnaseq	blca_iatlas_imvigor210_2017	10306	10306	Bladder	bladder	False	True	True	Bladder	Bladder	Bladder	BLCA_TS	False	Bladder	BLCA
aux_rnaseq	blca_iatlas_imvigor210_2017	10307	10307	Bladder	bladder	False	True	True	Bladder	Bladder	Esophagus	ESCA_EAC_TS	False	Bladder	BLCA
aux_rnaseq	blca_iatlas_imvigor210_2017	10308	10308	Bladder	bladder	False	True	True	Esophagus	Bladder	Esophagus	ESCA_EAC_TS	False	Bladder	BLCA
aux_rnaseq	blca_iatlas_imvigor210_2017	10310	10310	Bladder	bladder	False	True	True	Bladder	Bladder	Bladder	BLCA_TS	False	Bladder	BLCA
aux_rnaseq	blca_iatlas_imvigor210_2017	10311	10311	Bladder	bladder	False	True	True	Esophagus	Esophagus	Esophagus	ESCA_EAC_TS	False	Bladder	BLCA
aux_rnaseq	blca_iatlas_imvigor210_2017	10313	10313	Bladder	bladder	False	True	True	Esophagus	Esophagus	Esophagus	ESCA_EAC_TS	False	Bladder	BLCA
aux_rnaseq	blca_iatlas_imvigor210_2017	10315	10315	Bladder	bladder	False	True	True	Esophagus	Bladder	Myeloid	LAML_TS	False	Bladder	BLCA
aux_rnaseq	blca_iatlas_imvigor210_2017	10317	10317	Bladder	bladder	False	True	True	Esophagus	Bladder	Esophagus	ESCA_EAC_TS	False	Bladder	BLCA
aux_rnaseq	blca_iatlas_imvigor210_2017	10321	10321	Bladder	bladder	False	True	True	Esophagus	Bladder	Esophagus	ESCA_EAC_TS	False	Bladder	BLCA
aux_rnaseq	blca_iatlas_imvigor210_2017	10323	10323	Bladder	bladder	False	True	True	Esophagus	Bladder	Esophagus	ESCA_SCC_TS	False	Bladder	BLCA
aux_rnaseq	blca_iatlas_imvigor210_2017	10324	10324	Bladder	bladder	False	True	True	Bladder	Bladder	Esophagus	ESCA_EAC_TS	False	Bladder	BLCA
aux_rnaseq	blca_iatlas_imvigor210_2017	10325	10325	Bladder	kidney	True	False	True	Esophagus	Bladder	Myeloid	LAML_TS	False	Bladder	BLCA
aux_rnaseq	blca_iatlas_imvigor210_2017	10326	10326	Bladder	kidney	True	False	True	Esophagus	Bladder	Testis	TGCT_TS	False	Bladder	BLCA
aux_rnaseq	blca_iatlas_imvigor210_2017	10327	10327	Bladder	bladder	False	True	True	Esophagus	Bladder	Esophagus	ESCA_EAC_TS	False	Bladder	BLCA
aux_rnaseq	blca_iatlas_imvigor210_2017	10328	10328	Bladder	bladder	False	True	True	Esophagus	Bladder	Esophagus	ESCA_SCC_TS	False	Bladder	BLCA
aux_rnaseq	blca_iatlas_imvigor210_2017	10329	10329	Bladder	bladder	False	True	True	Esophagus	Bladder	Esophagus	ESCA_SCC_TS	False	Bladder	BLCA
aux_rnaseq	blca_iatlas_imvigor210_2017	10330	10330	Bladder	bladder	False	True	True	Esophagus	Bladder	Esophagus	ESCA_SCC_TS	False	Bladder	BLCA
aux_rnaseq	blca_iatlas_imvigor210_2017	10332	10332	Bladder	bladder	False	True	True	Esophagus	Myeloid	Myeloid	LAML_TS	False	Bladder	BLCA
aux_rnaseq	blca_iatlas_imvigor210_2017	10333	10333	Bladder	bladder	False	True	True	Esophagus	Esophagus	Esophagus	ESCA_SCC_TS	False	Lung	LUAD
aux_rnaseq	blca_iatlas_imvigor210_2017	10336	10336	Bladder	bladder	False	True	True	Esophagus	Esophagus	Esophagus	ESCA_EAC_TS	False	Bladder	BLCA
aux_rnaseq	blca_iatlas_imvigor210_2017	10339	10339	Bladder	bladder	False	True	True	Bladder	Bladder	Bladder	BLCA_TS	False	Bladder	BLCA
aux_rnaseq	blca_iatlas_imvigor210_2017	10340	10340	Bladder	kidney	True	False	True	Bladder	Bladder	Myeloid	LAML_TS	False	Bladder	BLCA
aux_rnaseq	blca_iatlas_imvigor210_2017	10341	10341	Bladder	bladder	False	True	True	Bladder	Bladder	Esophagus	ESCA_EAC_TS	False	Bladder	BLCA
aux_rnaseq	blca_iatlas_imvigor210_2017	10343	10343	Bladder	bladder	False	True	True	Bladder	Bladder	Esophagus	ESCA_EAC_TS	False	Bladder	BLCA
aux_rnaseq	blca_iatlas_imvigor210_2017	10346	10346	Bladder	bladder	False	True	True	Esophagus	Esophagus	Esophagus	ESCA_SCC_TS	False	Bladder	BLCA
aux_rnaseq	blca_iatlas_imvigor210_2017	10348	10348	Bladder	bladder	False	True	True	Esophagus	Esophagus	Esophagus	ESCA_EAC_TS	False	Bladder	BLCA
aux_rnaseq	blca_iatlas_imvigor210_2017	10349	10349	Bladder	bladder	False	True	True	Esophagus	Bladder	Esophagus	ESCA_EAC_TS	False	Bladder	BLCA
aux_rnaseq	blca_iatlas_imvigor210_2017	10351	10351	Bladder	kidney	True	False	True	Esophagus	Bladder	Esophagus	ESCA_EAC_TS	False	Bladder	BLCA
aux_rnaseq	blca_iatlas_imvigor210_2017	10354	10354	Bladder	bladder	False	True	True	Esophagus	Esophagus	Esophagus	ESCA_EAC_TS	False	Bladder	BLCA
aux_rnaseq	blca_iatlas_imvigor210_2017	10358	10358	Bladder	bladder	False	True	True	Bladder	Bladder	Esophagus	ESCA_SCC_TS	False	Bladder	BLCA
aux_rnaseq	blca_iatlas_imvigor210_2017	10359	10359	Bladder	kidney	True	False	True	Esophagus	Esophagus	Esophagus	ESCA_EAC_TS	False	Kidney	KIRC
aux_rnaseq	blca_iatlas_imvigor210_2017	10360	10360	Bladder	bladder	False	True	True	Esophagus	Esophagus	Esophagus	ESCA_SCC_TS	False	Bladder	BLCA
aux_rnaseq	blca_iatlas_imvigor210_2017	10361	10361	Bladder	kidney	True	False	True	Esophagus	Bladder	Myeloid	LAML_TS	False	Bladder	BLCA
aux_rnaseq	blca_iatlas_imvigor210_2017	10362	10362	Bladder	bladder	False	True	True	Bladder	Bladder	Esophagus	ESCA_EAC_TS	False	Bladder	BLCA
aux_rnaseq	blca_iatlas_imvigor210_2017	10363	10363	Bladder	bladder	False	True	True	Esophagus	Esophagus	Esophagus	ESCA_EAC_TS	False	Bladder	BLCA
aux_rnaseq	blca_iatlas_imvigor210_2017	10365	10365	Bladder	kidney	True	False	True	Bladder	Bladder	Esophagus	ESCA_EAC_TS	False	Bladder	BLCA
aux_rnaseq	blca_iatlas_imvigor210_2017	10366	10366	Bladder	bladder	False	True	True	Esophagus	Bladder	Esophagus	ESCA_EAC_TS	False	Bladder	BLCA
aux_rnaseq	blca_iatlas_imvigor210_2017	10367	10367	Bladder	bladder	False	True	True	Bladder	Bladder	Esophagus	ESCA_EAC_TS	False	Bladder	BLCA
aux_rnaseq	blca_iatlas_imvigor210_2017	10368	10368	Bladder	bladder	False	True	True	Esophagus	Bladder	Esophagus	ESCA_EAC_TS	False	Bladder	BLCA
aux_rnaseq	blca_iatlas_imvigor210_2017	10370	10370	Bladder	bladder	False	True	True	Esophagus	Bladder	Esophagus	ESCA_EAC_TS	False	Bladder	BLCA
aux_rnaseq	blca_iatlas_imvigor210_2017	10371	10371	Bladder	bladder	False	True	True	Bladder	Bladder	Esophagus	ESCA_EAC_TS	False	Bladder	BLCA
aux_rnaseq	blca_iatlas_imvigor210_2017	10372	10372	Bladder	kidney	True	False	True	Esophagus	Bladder	Esophagus	ESCA_EAC_TS	False	Bladder	BLCA
aux_rnaseq	blca_iatlas_imvigor210_2017	10373	10373	Bladder	bladder	False	True	True	Esophagus	Esophagus	Esophagus	ESCA_EAC_TS	False	Bladder	BLCA
aux_rnaseq	blca_iatlas_imvigor210_2017	10375	10375	Bladder	bladder	False	True	True	Bladder	Bladder	Myeloid	LAML_TS	False	Bladder	BLCA
aux_rnaseq	brca_iatlas_anders_2022	101	101	Breast	skin	True	False	True	Esophagus	Esophagus	Esophagus	ESCA_SCC_TS	False	Breast	BRCA
aux_rnaseq	brca_iatlas_anders_2022	102	102	Breast	lymph_node	True	False	True	Esophagus	Esophagus	Esophagus	ESCA_SCC_TS	False	Breast	BRCA
aux_rnaseq	brca_iatlas_anders_2022	103	103	Breast	skin	True	False	True	Esophagus	Esophagus	Esophagus	ESCA_SCC_TS	False	Breast	BRCA
aux_rnaseq	brca_iatlas_anders_2022	105	105	Breast	skin	True	False	True	Esophagus	Esophagus	Esophagus	ESCA_SCC_TS	False	Breast	BRCA
aux_rnaseq	brca_iatlas_anders_2022	106	106	Breast	lymph_node	True	False	True	Esophagus	Esophagus	Esophagus	ESCA_SCC_TS	False	Breast	BRCA
aux_rnaseq	brca_iatlas_anders_2022	108	108	Breast	lymph_node	True	False	True	Esophagus	Esophagus	Esophagus	ESCA_SCC_TS	False	Breast	BRCA
aux_rnaseq	brca_iatlas_anders_2022	109	109	Breast	breast	False	True	True	Esophagus	Breast	Myeloid	LAML_TS	False	Breast	BRCA
aux_rnaseq	brca_iatlas_anders_2022	110	110	Breast	skin	True	False	True	Esophagus	Esophagus	Esophagus	ESCA_SCC_TS	False	Breast	BRCA
aux_rnaseq	brca_iatlas_anders_2022	111	111	Breast	pleura	True	False	True	Esophagus	Esophagus	Esophagus	ESCA_EAC_TS	False	Breast	BRCA
aux_rnaseq	brca_iatlas_anders_2022	112	112	Breast	breast	False	True	True	Esophagus	Esophagus	Breast	BRCA_TS	False	Breast	BRCA
aux_rnaseq	brca_iatlas_anders_2022	113	113	Breast	skin	True	False	True	Breast	Breast	Esophagus	ESCA_SCC_TS	False	Breast	BRCA
aux_rnaseq	brca_iatlas_anders_2022	114	114	Breast	breast	False	True	True	Breast	Breast	Breast	BRCA_TS	False	Breast	BRCA
aux_rnaseq	brca_iatlas_anders_2022	116	116	Breast	breast	False	True	True	Esophagus	Esophagus	Esophagus	ESCA_SCC_TS	False	Breast	BRCA
aux_rnaseq	brca_iatlas_anders_2022	118	118	Breast	skin	True	False	True	Esophagus	Esophagus	Esophagus	ESCA_SCC_TS	False	Breast	BRCA
aux_rnaseq	brca_iatlas_anders_2022	121	121	Breast	lymph_node	True	False	True	Breast	Breast	Breast	BRCA_TS	False	Breast	BRCA
aux_rnaseq	brca_iatlas_anders_2022	123	123	Breast	breast	False	True	True	Esophagus	Esophagus	Breast	BRCA_TS	False	Breast	BRCA
aux_rnaseq	brca_iatlas_anders_2022	125	125	Breast	breast	False	True	True	Breast	Breast	Breast	BRCA_TS	False	Breast	BRCA
aux_rnaseq	brca_iatlas_anders_2022	127	127	Breast	breast	False	True	True	Breast	Breast	Breast	BRCA_TS	False	Breast	BRCA
aux_rnaseq	brca_iatlas_anders_2022	129	129	Breast	breast	False	True	True	Breast	Breast	Breast	BRCA_TS	False	Breast	BRCA
aux_rnaseq	brca_iatlas_anders_2022	133	133	Breast	lung	True	False	True	Esophagus	Esophagus	Myeloid	LAML_TS	False	Breast	BRCA
aux_rnaseq	brca_iatlas_anders_2022	134	134	Breast	breast	False	True	True	Breast	Breast	Esophagus	ESCA_SCC_TS	False	Breast	BRCA
aux_rnaseq	brca_iatlas_anders_2022	136	136	Breast	lymph_node	True	False	True	Breast	Breast	Myeloid	LAML_TS	False	Breast	BRCA
aux_rnaseq	brca_iatlas_anders_2022	137	137	Breast	breast	False	True	True	Breast	Breast	Breast	BRCA_TS	False	Breast	BRCA
aux_rnaseq	brca_iatlas_anders_2022	139	139	Breast	lymph_node	True	False	True	Breast	Breast	Breast	BRCA_TS	False	Breast	BRCA
aux_rnaseq	brca_iatlas_anders_2022	140	140	Breast	breast	False	True	True	Breast	Breast	Esophagus	ESCA_SCC_TS	False	Breast	BRCA
aux_rnaseq	brca_iatlas_anders_2022	141	141	Breast	breast	False	True	True	Breast	Esophagus	Breast	BRCA_TS	False	Breast	BRCA
aux_rnaseq	brca_iatlas_anders_2022	142	142	Breast	thyroid	True	False	True	Esophagus	Esophagus	Thyroid	THCA_NS	True	Thyroid	THCA
aux_rnaseq	brca_iatlas_anders_2022	145	145	Breast	liver	True	False	True	Liver	Esophagus	Liver	LIHC_TS	False	Liver	LIHC
aux_rnaseq	brca_iatlas_anders_2022	148	148	Breast	breast	False	True	True	Esophagus	Esophagus	Esophagus	ESCA_SCC_TS	False	Breast	BRCA
aux_rnaseq	brca_iatlas_anders_2022	149	149	Breast	skin	True	False	True	Esophagus	Esophagus	Esophagus	ESCA_EAC_TS	False	Breast	BRCA
aux_rnaseq	mel_dfci_2019	Sample100	Patient100	Melanoma	skin	False	True	True	Myeloid	Myeloid	Melanoma	SKCM_TS	False	Melanoma	SKCM
aux_rnaseq	mel_dfci_2019	Sample102	Patient102	Melanoma	brain	True	False	True	Melanoma	Melanoma	Melanoma	SKCM_TS	False	Melanoma	SKCM
aux_rnaseq	mel_dfci_2019	Sample105	Patient105	Melanoma	skin	False	True	True	Melanoma	Melanoma	Melanoma	SKCM_TS	False	Melanoma	SKCM
aux_rnaseq	mel_dfci_2019	Sample106	Patient106	Melanoma	skin	False	True	True	Melanoma	Melanoma	Melanoma	SKCM_TS	False	Melanoma	SKCM
aux_rnaseq	mel_dfci_2019	Sample107	Patient107	Melanoma	adrenal	True	False	True	Melanoma	Melanoma	Melanoma	SKCM_TS	False	Melanoma	SKCM
aux_rnaseq	mel_dfci_2019	Sample108	Patient108	Melanoma	lymph_node	True	False	True	Melanoma	Melanoma	Melanoma	SKCM_TS	False	Melanoma	SKCM
aux_rnaseq	mel_dfci_2019	Sample10	Patient10	Melanoma	skin	False	True	True	Melanoma	Melanoma	Breast	BRCA_TS	False	Melanoma	SKCM
aux_rnaseq	mel_dfci_2019	Sample112	Patient112	Melanoma	skin	False	True	True	Melanoma	Melanoma	Melanoma	SKCM_TS	False	Melanoma	SKCM
aux_rnaseq	mel_dfci_2019	Sample116	Patient116	Melanoma	skin	False	True	True	Melanoma	Melanoma	Melanoma	SKCM_TS	False	Melanoma	SKCM
aux_rnaseq	mel_dfci_2019	Sample117	Patient117	Melanoma	soft_tissue	True	False	True	Melanoma	Melanoma	Melanoma	SKCM_TS	False	Melanoma	SKCM
aux_rnaseq	mel_dfci_2019	Sample11	Patient11	Melanoma	skin	False	True	True	Melanoma	Melanoma	Melanoma	SKCM_TS	False	Melanoma	SKCM
aux_rnaseq	mel_dfci_2019	Sample121	Patient121	Melanoma	skin	False	True	True	Melanoma	Melanoma	Melanoma	SKCM_TS	False	Melanoma	SKCM
aux_rnaseq	mel_dfci_2019	Sample125	Patient125	Melanoma	skin	False	True	True	Lymphoid	Myeloid	Melanoma	SKCM_TS	False	Melanoma	SKCM
aux_rnaseq	mel_dfci_2019	Sample126	Patient126	Melanoma	skin	False	True	True	Melanoma	Melanoma	Melanoma	SKCM_TS	False	Melanoma	SKCM
aux_rnaseq	mel_dfci_2019	Sample127	Patient127	Melanoma	stomach	True	False	True	Esophagus	Melanoma	Myeloid	LAML_TS	False	Esophagus	ESCA
aux_rnaseq	mel_dfci_2019	Sample130	Patient130	Melanoma	brain	True	False	True	Melanoma	Melanoma	Melanoma	SKCM_TS	False	Melanoma	SKCM
aux_rnaseq	mel_dfci_2019	Sample131	Patient131	Melanoma	skin	False	True	True	Melanoma	Melanoma	Melanoma	SKCM_TS	False	Melanoma	SKCM
aux_rnaseq	mel_dfci_2019	Sample132	Patient132	Melanoma	lung	True	False	True	Lung	Melanoma	Melanoma	SKCM_TS	False	Lung	LUAD
aux_rnaseq	mel_dfci_2019	Sample133	Patient133	Melanoma	skin	False	True	True	Melanoma	Melanoma	Melanoma	SKCM_TS	False	Melanoma	SKCM
aux_rnaseq	mel_dfci_2019	Sample134	Patient134	Melanoma	skin	False	True	True	Melanoma	Melanoma	Melanoma	SKCM_TS	False	Melanoma	SKCM
aux_rnaseq	mel_dfci_2019	Sample135	Patient135	Melanoma	skin	False	True	True	Melanoma	Melanoma	Melanoma	SKCM_TS	False	Melanoma	SKCM
aux_rnaseq	mel_dfci_2019	Sample137	Patient137	Melanoma	lymph_node	True	False	True	Lymphoid	Myeloid	Melanoma	SKCM_TS	False	Melanoma	SKCM
aux_rnaseq	mel_dfci_2019	Sample13	Patient13	Melanoma	skin	False	True	True	Brain	Myeloid	Melanoma	SKCM_TS	False	Melanoma	SKCM
aux_rnaseq	mel_dfci_2019	Sample140	Patient140	Melanoma	skin	False	True	True	Melanoma	Melanoma	Melanoma	SKCM_TS	False	Melanoma	SKCM
aux_rnaseq	mel_dfci_2019	Sample141	Patient141	Melanoma	skin	False	True	True	Melanoma	Melanoma	Melanoma	SKCM_TS	False	Melanoma	SKCM
aux_rnaseq	mel_dfci_2019	Sample142	Patient142	Melanoma	skin	False	True	True	Melanoma	Melanoma	Melanoma	SKCM_TS	False	Melanoma	SKCM
aux_rnaseq	mel_dfci_2019	Sample143	Patient143	Melanoma	skin	False	True	True	Esophagus	Ovary	Breast	BRCA_TS	False	Melanoma	SKCM
aux_rnaseq	mel_dfci_2019	Sample144	Patient144	Melanoma	skin	False	True	True	Melanoma	Melanoma	Melanoma	SKCM_TS	False	Melanoma	SKCM
aux_rnaseq	mel_dfci_2019	Sample145	Patient145	Melanoma	skin	False	True	True	Melanoma	Melanoma	Melanoma	SKCM_TS	False	Melanoma	SKCM
aux_rnaseq	mel_dfci_2019	Sample146	Patient146	Melanoma	skin	False	True	True	Melanoma	Melanoma	Melanoma	SKCM_TS	False	Melanoma	SKCM
aux_rnaseq	mel_dfci_2019	Sample147	Patient147	Melanoma	skin	False	True	True	Melanoma	Melanoma	Melanoma	SKCM_TS	False	Melanoma	SKCM
aux_rnaseq	mel_dfci_2019	Sample148	Patient148	Melanoma	skin	False	True	True	Melanoma	Melanoma	Melanoma	SKCM_TS	False	Melanoma	SKCM
aux_rnaseq	mel_dfci_2019	Sample149	Patient149	Melanoma	lung	True	False	True	Mesothelioma	Myeloid	Kidney	KIRC_TS	False	Mesothelioma	MESO
aux_rnaseq	mel_dfci_2019	Sample14	Patient14	Melanoma	skin	False	True	True	Melanoma	Melanoma	Myeloid	LAML_TS	False	Melanoma	SKCM
aux_rnaseq	mel_dfci_2019	Sample150	Patient150	Melanoma	liver	True	False	True	Melanoma	Melanoma	Melanoma	SKCM_TS	False	Melanoma	SKCM
aux_rnaseq	mel_dfci_2019	Sample154	Patient154	Melanoma	skin	False	True	True	Melanoma	Melanoma	Melanoma	SKCM_TS	False	Melanoma	SKCM
aux_rnaseq	mel_dfci_2019	Sample155	Patient155	Melanoma	skin	False	True	True	Melanoma	Melanoma	Melanoma	SKCM_TS	False	Melanoma	SKCM
aux_rnaseq	mel_dfci_2019	Sample156	Patient156	Melanoma	skin	False	True	True	Melanoma	Melanoma	Melanoma	SKCM_TS	False	Melanoma	SKCM
aux_rnaseq	mel_dfci_2019	Sample158	Patient158	Melanoma	adrenal	True	False	True	Melanoma	Melanoma	Melanoma	SKCM_TS	False	Melanoma	SKCM
aux_rnaseq	mel_dfci_2019	Sample159	Patient159	Melanoma	other	False	False	True	Melanoma	Melanoma	Melanoma	SKCM_TS	False	Melanoma	SKCM
aux_rnaseq	mel_dfci_2019	Sample15	Patient15	Melanoma	skin	False	True	True	Melanoma	Melanoma	Myeloid	LAML_TS	False	Melanoma	SKCM
aux_rnaseq	mel_dfci_2019	Sample162	Patient162	Melanoma	other	False	False	True	Melanoma	Melanoma	Melanoma	SKCM_TS	False	Melanoma	SKCM
aux_rnaseq	mel_dfci_2019	Sample163	Patient163	Melanoma	lymph_node	True	False	True	Brain	Myeloid	Melanoma	SKCM_TS	False	Melanoma	SKCM
aux_rnaseq	mel_dfci_2019	Sample165	Patient165	Melanoma	soft_tissue	True	False	True	Melanoma	Melanoma	Melanoma	SKCM_TS	False	Melanoma	SKCM
aux_rnaseq	mel_dfci_2019	Sample166	Patient166	Melanoma	soft_tissue	True	False	True	Melanoma	Melanoma	Melanoma	SKCM_TS	False	Melanoma	SKCM
aux_rnaseq	mel_dfci_2019	Sample167	Patient167	Melanoma	brain	True	False	True	Melanoma	Melanoma	Melanoma	SKCM_TS	False	Melanoma	SKCM
aux_rnaseq	mel_dfci_2019	Sample168	Patient168	Melanoma	lymph_node	True	False	True	Melanoma	Melanoma	Melanoma	SKCM_TS	False	Melanoma	SKCM
aux_rnaseq	mel_dfci_2019	Sample169	Patient169	Melanoma	skin	False	True	True	Melanoma	Melanoma	Melanoma	SKCM_TS	False	Melanoma	SKCM
aux_rnaseq	mel_dfci_2019	Sample170	Patient170	Melanoma	skin	False	True	True	Melanoma	Melanoma	Melanoma	SKCM_TS	False	Melanoma	SKCM
aux_rnaseq	mel_dfci_2019	Sample172	Patient172	Melanoma	skin	False	True	True	Melanoma	Melanoma	Melanoma	SKCM_TS	False	Melanoma	SKCM
aux_rnaseq	mel_dfci_2019	Sample173	Patient173	Melanoma	lung	True	False	True	Melanoma	Melanoma	Melanoma	SKCM_TS	False	Melanoma	SKCM
aux_rnaseq	mel_dfci_2019	Sample179	Patient179	Melanoma	lymph_node	True	False	True	Melanoma	Melanoma	Melanoma	SKCM_TS	False	Melanoma	SKCM
aux_rnaseq	mel_dfci_2019	Sample17	Patient17	Melanoma	lymph_node	True	False	True	Melanoma	Melanoma	Melanoma	SKCM_TS	False	Melanoma	SKCM
aux_rnaseq	mel_dfci_2019	Sample181	Patient181	Melanoma	skin	False	True	True	Melanoma	Melanoma	Myeloid	LAML_TS	False	Melanoma	SKCM
aux_rnaseq	mel_dfci_2019	Sample183	Patient183	Melanoma	skin	False	True	True	Melanoma	Melanoma	Myeloid	LAML_TS	False	Melanoma	SKCM
aux_rnaseq	mel_dfci_2019	Sample184	Patient184	Melanoma	skin	False	True	True	Melanoma	Melanoma	Melanoma	SKCM_TS	False	Melanoma	SKCM
aux_rnaseq	mel_dfci_2019	Sample185	Patient185	Melanoma	skin	False	True	True	Melanoma	Melanoma	Melanoma	SKCM_TS	False	Melanoma	SKCM
aux_rnaseq	mel_dfci_2019	Sample187	Patient187	Melanoma	skin	False	True	True	Melanoma	Melanoma	Melanoma	SKCM_TS	False	Melanoma	SKCM
aux_rnaseq	mel_dfci_2019	Sample188	Patient188	Melanoma	skin	False	True	True	Melanoma	Melanoma	Melanoma	SKCM_TS	False	Melanoma	SKCM
aux_rnaseq	mel_dfci_2019	Sample18	Patient18	Melanoma	skin	False	True	True	Melanoma	Melanoma	Melanoma	SKCM_TS	False	Melanoma	SKCM
aux_rnaseq	mel_dfci_2019	Sample1	Patient1	Melanoma	skin	False	True	True	UvealMelanoma	UvealMelanoma	Melanoma	SKCM_TS	False	UvealMelanoma	UVM
aux_rnaseq	mel_dfci_2019	Sample20	Patient20	Melanoma	skin	False	True	True	Kidney	Myeloid	Melanoma	SKCM_TS	False	Brain	GBM
aux_rnaseq	mel_dfci_2019	Sample21	Patient21	Melanoma	skin	False	True	True	Melanoma	Melanoma	Melanoma	SKCM_TS	False	Melanoma	SKCM
aux_rnaseq	mel_dfci_2019	Sample22	Patient22	Melanoma	skin	False	True	True	Melanoma	Melanoma	Melanoma	SKCM_TS	False	Melanoma	SKCM
aux_rnaseq	mel_dfci_2019	Sample23	Patient23	Melanoma	skin	False	True	True	Melanoma	Melanoma	Melanoma	SKCM_TS	False	Melanoma	SKCM
aux_rnaseq	mel_dfci_2019	Sample24	Patient24	Melanoma	skin	False	True	True	Melanoma	Melanoma	Melanoma	SKCM_TS	False	Melanoma	SKCM
aux_rnaseq	mel_dfci_2019	Sample25	Patient25	Melanoma	skin	False	True	True	Melanoma	Melanoma	Melanoma	SKCM_TS	False	Melanoma	SKCM
aux_rnaseq	mel_dfci_2019	Sample27	Patient27	Melanoma	lymph_node	True	False	True	Melanoma	Melanoma	Myeloid	LAML_TS	False	Melanoma	SKCM
aux_rnaseq	mel_dfci_2019	Sample30	Patient30	Melanoma	skin	False	True	True	Melanoma	Melanoma	Myeloid	LAML_TS	False	Melanoma	SKCM
aux_rnaseq	mel_dfci_2019	Sample31	Patient31	Melanoma	skin	False	True	True	Melanoma	Melanoma	Melanoma	SKCM_TS	False	Melanoma	SKCM
aux_rnaseq	mel_dfci_2019	Sample32	Patient32	Melanoma	skin	False	True	True	Melanoma	Melanoma	Myeloid	LAML_TS	False	Melanoma	SKCM
aux_rnaseq	mel_dfci_2019	Sample33	Patient33	Melanoma	skin	False	True	True	Sarcoma	Myeloid	Myeloid	LAML_TS	False	Sarcoma	SARC
aux_rnaseq	mel_dfci_2019	Sample34	Patient34	Melanoma	skin	False	True	True	Sarcoma	Myeloid	Breast	BRCA_NS	True	Sarcoma	SARC
aux_rnaseq	mel_dfci_2019	Sample35	Patient35	Melanoma	skin	False	True	True	UvealMelanoma	UvealMelanoma	UvealMelanoma	UVM_TS	False	UvealMelanoma	UVM
aux_rnaseq	mel_dfci_2019	Sample36	Patient36	Melanoma	lung	True	False	True	Melanoma	Melanoma	Myeloid	LAML_TS	False	Melanoma	SKCM
aux_rnaseq	mel_dfci_2019	Sample37	Patient37	Melanoma	lymph_node	True	False	True	Sarcoma	Myeloid	Breast	BRCA_TS	False	Esophagus	ESCA
aux_rnaseq	mel_dfci_2019	Sample38	Patient38	Melanoma	colon_rectum	True	False	True	Melanoma	Melanoma	Melanoma	SKCM_TS	False	Melanoma	SKCM
aux_rnaseq	mel_dfci_2019	Sample40	Patient40	Melanoma	liver	True	False	True	Melanoma	Melanoma	Melanoma	SKCM_TS	False	Melanoma	SKCM
aux_rnaseq	mel_dfci_2019	Sample42	Patient42	Melanoma	skin	False	True	True	Melanoma	Melanoma	Melanoma	SKCM_TS	False	Melanoma	SKCM
aux_rnaseq	mel_dfci_2019	Sample44	Patient44	Melanoma	soft_tissue	True	False	True	Melanoma	Melanoma	Melanoma	SKCM_TS	False	Melanoma	SKCM
aux_rnaseq	mel_dfci_2019	Sample45	Patient45	Melanoma	skin	False	True	True	Melanoma	Melanoma	Melanoma	SKCM_TS	False	Melanoma	SKCM
aux_rnaseq	mel_dfci_2019	Sample47	Patient47	Melanoma	skin	False	True	True	Melanoma	Melanoma	Melanoma	SKCM_TS	False	Melanoma	SKCM
aux_rnaseq	mel_dfci_2019	Sample48	Patient48	Melanoma	skin	False	True	True	UvealMelanoma	UvealMelanoma	UvealMelanoma	UVM_TS	False	Melanoma	SKCM
aux_rnaseq	mel_dfci_2019	Sample4	Patient4	Melanoma	skin	False	True	True	Melanoma	Melanoma	Melanoma	SKCM_TS	False	Melanoma	SKCM
aux_rnaseq	mel_dfci_2019	Sample51	Patient51	Melanoma	skin	False	True	True	Melanoma	Melanoma	Melanoma	SKCM_TS	False	Melanoma	SKCM
aux_rnaseq	mel_dfci_2019	Sample58	Patient58	Melanoma	skin	False	True	True	Melanoma	Melanoma	Melanoma	SKCM_TS	False	Melanoma	SKCM
aux_rnaseq	mel_dfci_2019	Sample61	Patient61	Melanoma	skin	False	True	True	Kidney	Melanoma	Myeloid	LAML_TS	False	Melanoma	SKCM
aux_rnaseq	mel_dfci_2019	Sample62	Patient62	Melanoma	skin	False	True	True	Sarcoma	Melanoma	Melanoma	SKCM_TS	False	Melanoma	SKCM
aux_rnaseq	mel_dfci_2019	Sample63	Patient63	Melanoma	skin	False	True	True	Melanoma	Melanoma	Melanoma	SKCM_TS	False	Melanoma	SKCM
aux_rnaseq	mel_dfci_2019	Sample67	Patient67	Melanoma	skin	False	True	True	Melanoma	Melanoma	Melanoma	SKCM_TS	False	Melanoma	SKCM
aux_rnaseq	mel_dfci_2019	Sample6	Patient6	Melanoma	skin	False	True	True	Melanoma	Melanoma	Melanoma	SKCM_TS	False	Melanoma	SKCM
aux_rnaseq	mel_dfci_2019	Sample72	Patient72	Melanoma	skin	False	True	True	Melanoma	Melanoma	Melanoma	SKCM_TS	False	Melanoma	SKCM
aux_rnaseq	mel_dfci_2019	Sample73	Patient73	Melanoma	skin	False	True	True	Melanoma	Melanoma	Melanoma	SKCM_TS	False	Melanoma	SKCM
aux_rnaseq	mel_dfci_2019	Sample75	Patient75	Melanoma	skin	False	True	True	Melanoma	Melanoma	Melanoma	SKCM_TS	False	Melanoma	SKCM
aux_rnaseq	mel_dfci_2019	Sample77	Patient77	Melanoma	lung	True	False	True	Melanoma	Melanoma	Melanoma	SKCM_TS	False	Melanoma	SKCM
aux_rnaseq	mel_dfci_2019	Sample78	Patient78	Melanoma	skin	False	True	True	Melanoma	Melanoma	Melanoma	SKCM_TS	False	Melanoma	SKCM
aux_rnaseq	mel_dfci_2019	Sample79	Patient79	Melanoma	brain	True	False	True	Melanoma	Melanoma	Melanoma	SKCM_TS	False	Melanoma	SKCM
aux_rnaseq	mel_dfci_2019	Sample7	Patient7	Melanoma	skin	False	True	True	Melanoma	Melanoma	Melanoma	SKCM_TS	False	Melanoma	SKCM
aux_rnaseq	mel_dfci_2019	Sample82	Patient82	Melanoma	brain	True	False	True	Melanoma	Melanoma	Melanoma	SKCM_TS	False	Melanoma	SKCM
aux_rnaseq	mel_dfci_2019	Sample83	Patient83	Melanoma	skin	False	True	True	Melanoma	Melanoma	Melanoma	SKCM_TS	False	Melanoma	SKCM
aux_rnaseq	mel_dfci_2019	Sample86	Patient86	Melanoma	lymph_node	True	False	True	Sarcoma	Melanoma	Melanoma	SKCM_TS	False	Melanoma	SKCM
aux_rnaseq	mel_dfci_2019	Sample87	Patient87	Melanoma	skin	False	True	True	Myeloid	Melanoma	Melanoma	SKCM_TS	False	Melanoma	SKCM
aux_rnaseq	mel_dfci_2019	Sample8	Patient8	Melanoma	skin	False	True	True	Melanoma	Melanoma	Melanoma	SKCM_TS	False	Melanoma	SKCM
aux_rnaseq	mel_dfci_2019	Sample94	Patient94	Melanoma	skin	False	True	True	Melanoma	Melanoma	Melanoma	SKCM_TS	False	Melanoma	SKCM
aux_rnaseq	mel_dfci_2019	Sample96	Patient96	Melanoma	pancreas	True	False	True	Melanoma	Melanoma	Myeloid	LAML_TS	False	Melanoma	SKCM
aux_rnaseq	mel_dfci_2019	Sample98	Patient98	Melanoma	lung	True	False	True	Lung	Melanoma	Melanoma	SKCM_TS	False	Lung	LUAD
aux_rnaseq	mel_dfci_2019	Sample99	Patient99	Melanoma	soft_tissue	True	False	True	Melanoma	Melanoma	Melanoma	SKCM_TS	False	Melanoma	SKCM
aux_rnaseq	mel_dfci_2019	Sample9	Patient9	Melanoma	skin	False	True	True	Melanoma	Melanoma	Melanoma	SKCM_TS	False	Melanoma	SKCM
aux_rnaseq	mel_dfci_2019	Sample56	Patient56	Melanoma	skin	False	True	True	Melanoma	Melanoma	Breast	BRCA_TS	False	Melanoma	SKCM
aux_rnaseq	mel_dfci_2019	Sample191	Patient191	Melanoma	skin	False	True	True	Melanoma	Melanoma	Melanoma	SKCM_TS	False	Melanoma	SKCM
aux_rnaseq	mel_dfci_2019	Sample189	Patient189	Melanoma	skin	False	True	True	Melanoma	Melanoma	Melanoma	SKCM_TS	False	Melanoma	SKCM
aux_rnaseq	mel_dfci_2019	Sample200	Patient200	Melanoma	brain	True	False	True	Brain	Melanoma	Melanoma	SKCM_TS	False	Brain	GBM
aux_rnaseq	mel_dfci_2019	Sample201	Patient201	Melanoma	other	False	False	True	Melanoma	Melanoma	Melanoma	SKCM_TS	False	Melanoma	SKCM
aux_rnaseq	mel_dfci_2019	Sample203	Patient203	Melanoma	skin	False	True	True	Melanoma	Melanoma	Melanoma	SKCM_TS	False	Melanoma	SKCM
aux_rnaseq	mel_dfci_2019	Sample193	Patient193	Melanoma	skin	False	True	True	Melanoma	Melanoma	Melanoma	SKCM_TS	False	Melanoma	SKCM
aux_rnaseq	mel_dfci_2019	Sample195	Patient195	Melanoma	skin	False	True	True	Melanoma	Melanoma	Melanoma	SKCM_TS	False	Melanoma	SKCM
aux_rnaseq	mel_dfci_2019	Sample196	Patient196	Melanoma	brain	True	False	True	Melanoma	Melanoma	Melanoma	SKCM_TS	False	Melanoma	SKCM
aux_rnaseq	mel_dfci_2019	Sample197	Patient197	Melanoma	brain	True	False	True	Melanoma	Melanoma	Melanoma	SKCM_TS	False	Melanoma	SKCM
aux_rnaseq	mel_dfci_2019	Sample204	Patient204	Melanoma	skin	False	True	True	Melanoma	Melanoma	Melanoma	SKCM_TS	False	Melanoma	SKCM
aux_rnaseq	mel_dfci_2019	Sample205	Patient205	Melanoma	skin	False	True	True	Melanoma	Melanoma	Melanoma	SKCM_TS	False	Melanoma	SKCM
aux_rnaseq	mel_dfci_2019	Sample206	Patient206	Melanoma	skin	False	True	True	Sarcoma	Myeloid	Melanoma	SKCM_TS	False	Melanoma	SKCM
aux_rnaseq	paad_iatlas_prince_2022	K00882FP02_SL10	Prince_8	Pancreas	liver	True	False	True	Liver	Esophagus	Esophagus	ESCA_EAC_TS	False	Liver	LIHC
aux_rnaseq	paad_iatlas_prince_2022	BK00286BL01-8	Prince_9	Pancreas	liver	True	False	True	Liver	Esophagus	Colorectal	COADREAD_TS	False	Biliary	CHOL
aux_rnaseq	paad_iatlas_prince_2022	BK00309BL01-8	Prince_11	Pancreas	liver	True	False	True	Liver	Esophagus	Colorectal	COADREAD_TS	False	Liver	LIHC
aux_rnaseq	paad_iatlas_prince_2022	BK01234BL01-7	Prince_14	Pancreas	other	False	False	True	Esophagus	Esophagus	Esophagus	ESCA_EAC_TS	False	Pancreas	PAAD
aux_rnaseq	paad_iatlas_prince_2022	BK00496TS11	Prince_15	Pancreas	liver	True	False	True	Biliary	Esophagus	Esophagus	ESCA_EAC_TS	False	Liver	LIHC
aux_rnaseq	paad_iatlas_prince_2022	BK00529BL01-11	Prince_16	Pancreas	liver	True	False	True	Liver	Esophagus	Liver	LIHC_TS	False	Liver	LIHC
aux_rnaseq	paad_iatlas_prince_2022	BK01236BL01-9	Prince_18	Pancreas	liver	True	False	True	Liver	Liver	Liver	LIHC_TS	False	Liver	LIHC
aux_rnaseq	paad_iatlas_prince_2022	BK02569BL01-6	Prince_20	Pancreas	liver	True	False	True	Liver	Esophagus	Liver	LIHC_TS	False	Liver	LIHC
aux_rnaseq	paad_iatlas_prince_2022	BK02577TS01-1	Prince_21	Pancreas	lung	True	False	True	Lung	Esophagus	Lung	LUAD_TS	False	Lung	LUAD
aux_rnaseq	paad_iatlas_prince_2022	BK02568BL01-10	Prince_22	Pancreas	liver	True	False	True	Liver	Esophagus	Liver	LIHC_TS	False	Liver	LIHC
aux_rnaseq	paad_iatlas_prince_2022	A982BR646-001	Prince_26	Pancreas	liver	True	False	True	Biliary	Esophagus	Esophagus	ESCA_EAC_TS	False	Liver	LIHC
aux_rnaseq	paad_iatlas_prince_2022	A686BN846-001	Prince_28	Pancreas	lung	True	False	True	Pancreas	Pancreas	Pancreas	PAAD_TS	False	Pancreas	PAAD
aux_rnaseq	paad_iatlas_prince_2022	BK00167BL01-7	Prince_29	Pancreas	lung	True	False	True	Lung	Esophagus	Lung	LUAD_TS	False	Lung	LUAD
aux_rnaseq	paad_iatlas_prince_2022	BK00528BL01-8	Prince_30	Pancreas	liver	True	False	True	Pancreas	Esophagus	Lung	LUAD_TS	False	Pancreas	PAAD
aux_rnaseq	paad_iatlas_prince_2022	BK00287BL01-1	Prince_34	Pancreas	liver	True	False	True	Esophagus	Esophagus	Esophagus	ESCA_EAC_TS	False	Pancreas	PAAD
aux_rnaseq	paad_iatlas_prince_2022	BK00594BL01-2	Prince_35	Pancreas	liver	True	False	True	Liver	Esophagus	Liver	LIHC_TS	False	Liver	LIHC
aux_rnaseq	paad_iatlas_prince_2022	BK00573BL01-9	Prince_36	Pancreas	liver	True	False	True	Biliary	Esophagus	Lung	LUAD_TS	False	Liver	LIHC
aux_rnaseq	paad_iatlas_prince_2022	BK00595TS01	Prince_38	Pancreas	liver	True	False	True	Biliary	Esophagus	Esophagus	ESCA_EAC_TS	False	Liver	LIHC
aux_rnaseq	paad_iatlas_prince_2022	BK00177TS04	Prince_39	Pancreas	liver	True	False	True	Esophagus	Esophagus	Esophagus	ESCA_SCC_TS	False	Bladder	BLCA
aux_rnaseq	paad_iatlas_prince_2022	BK02573TS06	Prince_41	Pancreas	liver	True	False	True	Liver	Esophagus	Liver	LIHC_TS	False	Liver	LIHC
aux_rnaseq	paad_iatlas_prince_2022	BK02560TS05	Prince_42	Pancreas	liver	True	False	True	Liver	Esophagus	Liver	LIHC_TS	False	Liver	LIHC
aux_rnaseq	paad_iatlas_prince_2022	BK02574TS04	Prince_43	Pancreas	liver	True	False	True	Biliary	Esophagus	Esophagus	ESCA_EAC_TS	False	Liver	LIHC
aux_rnaseq	paad_iatlas_prince_2022	BK02563TS01	Prince_44	Pancreas	lung	True	False	True	Lung	Esophagus	Lung	LUAD_TS	False	Lung	LUAD
aux_rnaseq	paad_iatlas_prince_2022	BK02571TS06	Prince_45	Pancreas	liver	True	False	True	Liver	Liver	Liver	LIHC_TS	False	Liver	LIHC
aux_rnaseq	paad_iatlas_prince_2022	BK02564TS03	Prince_46	Pancreas	liver	True	False	True	Liver	Esophagus	Liver	LIHC_TS	False	Liver	LIHC
aux_rnaseq	paad_iatlas_prince_2022	BK00451BL02_SL11	Prince_47	Pancreas	liver	True	False	True	Esophagus	Esophagus	Esophagus	ESCA_EAC_TS	False	Biliary	CHOL
aux_rnaseq	paad_iatlas_prince_2022	BK00452BL01-6	Prince_48	Pancreas	liver	True	False	True	Biliary	Esophagus	Liver	LIHC_TS	False	Liver	LIHC
aux_rnaseq	paad_iatlas_prince_2022	BK00440BL01-6	Prince_51	Pancreas	liver	True	False	True	Liver	Liver	Liver	LIHC_TS	False	Liver	LIHC
aux_rnaseq	paad_iatlas_prince_2022	BK00419BL01-4	Prince_52	Pancreas	liver	True	False	True	Liver	Esophagus	Liver	LIHC_TS	False	Liver	LIHC
aux_rnaseq	paad_iatlas_prince_2022	BK00418BL01-7	Prince_54	Pancreas	liver	True	False	True	Esophagus	Esophagus	Esophagus	ESCA_EAC_TS	False	Bladder	BLCA
aux_rnaseq	paad_iatlas_prince_2022	BK02589BL01-1	Prince_56	Pancreas	liver	True	False	True	Liver	Esophagus	Liver	LIHC_TS	False	Liver	LIHC
aux_rnaseq	paad_iatlas_prince_2022	BK01180BL01-6	Prince_58	Pancreas	liver	True	False	True	Liver	Esophagus	Liver	LIHC_TS	False	Liver	LIHC
aux_rnaseq	paad_iatlas_prince_2022	BK02583BL01-6	Prince_61	Pancreas	liver	True	False	True	Biliary	Esophagus	Esophagus	ESCA_EAC_TS	False	Biliary	CHOL
aux_rnaseq	paad_iatlas_prince_2022	K01119FP01-9	Prince_64	Pancreas	liver	True	False	True	Liver	Esophagus	Liver	LIHC_TS	False	Liver	LIHC
aux_rnaseq	paad_iatlas_prince_2022	BK00231BL01-4	Prince_68	Pancreas	liver	True	False	True	Biliary	Esophagus	Esophagus	ESCA_EAC_TS	False	Liver	LIHC
aux_rnaseq	paad_iatlas_prince_2022	BK00430TS10	Prince_69	Pancreas	liver	True	False	True	Biliary	Esophagus	Esophagus	ESCA_EAC_TS	False	Biliary	CHOL
aux_rnaseq	paad_iatlas_prince_2022	BK01182BL01-6	Prince_72	Pancreas	liver	True	False	True	Esophagus	Esophagus	Esophagus	ESCA_EAC_TS	False	Biliary	CHOL
aux_rnaseq	paad_iatlas_prince_2022	BK00550BL01-10	Prince_73	Pancreas	liver	True	False	True	Liver	Esophagus	Liver	LIHC_TS	False	Liver	LIHC
aux_rnaseq	paad_iatlas_prince_2022	BK02610TS05	Prince_76	Pancreas	liver	True	False	True	Liver	Liver	Liver	LIHC_NS	True	Liver	LIHC
aux_rnaseq	paad_iatlas_prince_2022	K00047FP01-6	Prince_81	Pancreas	liver	True	False	True	Liver	Liver	Liver	LIHC_TS	False	Liver	LIHC
aux_rnaseq	paad_iatlas_prince_2022	A983BR141-001	Prince_83	Pancreas	liver	True	False	True	Esophagus	Esophagus	Esophagus	ESCA_EAC_TS	False	Liver	LIHC
aux_rnaseq	paad_iatlas_prince_2022	A982BR648-001	Prince_85	Pancreas	liver	True	False	True	Liver	Liver	Liver	LIHC_TS	False	Liver	LIHC
aux_rnaseq	paad_iatlas_prince_2022	K02123FP01-4	Prince_88	Pancreas	liver	True	False	True	Esophagus	Esophagus	Esophagus	ESCA_EAC_TS	False	Colorectal	COADREAD
aux_rnaseq	paad_iatlas_prince_2022	A839BQ243-001	Prince_89	Pancreas	liver	True	False	True	Biliary	Biliary	Lymphoid	NCI_GPH_DLBCL_TS	False	Lymphoid	DLBC
aux_rnaseq	paad_iatlas_prince_2022	BK00078BL01-4	Prince_90	Pancreas	liver	True	False	True	Biliary	Esophagus	Liver	LIHC_TS	False	Liver	LIHC
aux_rnaseq	paad_iatlas_prince_2022	BK02630BL01-11	Prince_98	Pancreas	liver	True	False	True	Liver	Esophagus	Liver	LIHC_TS	False	Liver	LIHC
aux_rnaseq	paad_iatlas_prince_2022	K02145FP01-2	Prince_102	Pancreas	liver	True	False	True	Liver	Liver	Liver	LIHC_TS	False	Liver	LIHC
aux_rnaseq	paad_iatlas_prince_2022	BK02594BL01-9	Prince_104	Pancreas	liver	True	False	True	Liver	Esophagus	Esophagus	ESCA_EAC_TS	False	Liver	LIHC
aux_rnaseq	paad_iatlas_prince_2022	BK02608BL01-8	Prince_109	Pancreas	liver	True	False	True	Biliary	Esophagus	Esophagus	ESCA_EAC_TS	False	Liver	LIHC
aux_rnaseq	paad_iatlas_prince_2022	11217-052_1_1-11	Prince_114	Pancreas	liver	True	False	True	Liver	Liver	Liver	LIHC_TS	False	Liver	LIHC
aux_rnaseq	paad_iatlas_prince_2022	BK00540BL01-3	Prince_116	Pancreas	liver	True	False	True	Biliary	Esophagus	Esophagus	ESCA_EAC_TS	False	Biliary	CHOL
aux_rnaseq	paad_iatlas_prince_2022	PS-19-00036411-A-26	Prince_117	Pancreas	liver	True	False	True	Liver	Esophagus	Liver	LIHC_TS	False	Liver	LIHC
aux_rnaseq	paad_iatlas_prince_2022	A222BO400-001	Prince_120	Pancreas	lung	True	False	True	Lung	Esophagus	Lung	LUAD_TS	False	Lung	LUAD
aux_rnaseq	paad_iatlas_prince_2022	BK00473BL02-11	Prince_121	Pancreas	liver	True	False	True	Liver	Liver	Liver	LIHC_TS	False	Liver	LIHC
aux_rnaseq	paad_iatlas_prince_2022	BK00485BL01-7	Prince_123	Pancreas	liver	True	False	True	Liver	Esophagus	Liver	LIHC_TS	False	Liver	LIHC
aux_rnaseq	paad_iatlas_prince_2022	BK00374BL01-10	Prince_125	Pancreas	liver	True	False	True	Liver	Esophagus	Liver	LIHC_TS	False	Liver	LIHC
aux_rnaseq	paad_iatlas_prince_2022	BK02587TS10	Prince_127	Pancreas	lung	True	False	True	Lung	Esophagus	Lung	LUAD_TS	False	Lung	LUAD
aux_rnaseq	paad_iatlas_prince_2022	BK02593BL02-6	Prince_129	Pancreas	other	False	False	True	Esophagus	Esophagus	Esophagus	ESCA_EAC_TS	False	Pancreas	PAAD
aux_rnaseq	GSE50760	AMC_2.1_FPKM	AMC_2	Colorectal	colon_rectum	False	True	True	Colorectal	Colorectal	Colorectal	COADREAD_TS	False	Colorectal	COADREAD
aux_rnaseq	GSE50760	AMC_3.1_FPKM	AMC_3	Colorectal	colon_rectum	False	True	True	Colorectal	Colorectal	Colorectal	COADREAD_TS	False	Colorectal	COADREAD
aux_rnaseq	GSE50760	AMC_5.1_FPKM	AMC_5	Colorectal	colon_rectum	False	True	True	Colorectal	Colorectal	Colorectal	COADREAD_NS	True	Colorectal	COADREAD
aux_rnaseq	GSE50760	AMC_6.1_FPKM	AMC_6	Colorectal	colon_rectum	False	True	True	Colorectal	Colorectal	Colorectal	COADREAD_TS	False	Colorectal	COADREAD
aux_rnaseq	GSE50760	AMC_7.1_FPKM	AMC_7	Colorectal	colon_rectum	False	True	True	Colorectal	Colorectal	Colorectal	COADREAD_TS	False	Colorectal	COADREAD
aux_rnaseq	GSE50760	AMC_8.1_FPKM	AMC_8	Colorectal	colon_rectum	False	True	True	Colorectal	Colorectal	Colorectal	COADREAD_NS	True	Colorectal	COADREAD
aux_rnaseq	GSE50760	AMC_9.1_FPKM	AMC_9	Colorectal	colon_rectum	False	True	True	Sarcoma	Sarcoma	Breast	BRCA_TS	False	Colorectal	COADREAD
aux_rnaseq	GSE50760	AMC_10.1_FPKM	AMC_10	Colorectal	colon_rectum	False	True	True	Colorectal	Colorectal	Colorectal	COADREAD_TS	False	Colorectal	COADREAD
aux_rnaseq	GSE50760	AMC_12.1_FPKM	AMC_12	Colorectal	colon_rectum	False	True	True	Colorectal	Colorectal	Colorectal	COADREAD_TS	False	Colorectal	COADREAD
aux_rnaseq	GSE50760	AMC_13.1_FPKM	AMC_13	Colorectal	colon_rectum	False	True	True	Colorectal	Colorectal	Colorectal	COADREAD_TS	False	Colorectal	COADREAD
aux_rnaseq	GSE50760	AMC_17.1_FPKM	AMC_17	Colorectal	colon_rectum	False	True	True	Colorectal	Colorectal	Colorectal	COADREAD_NS	True	Colorectal	COADREAD
aux_rnaseq	GSE50760	AMC_18.1_FPKM	AMC_18	Colorectal	colon_rectum	False	True	True	Colorectal	Colorectal	Colorectal	COADREAD_TS	False	Colorectal	COADREAD
aux_rnaseq	GSE50760	AMC_19.1_FPKM	AMC_19	Colorectal	colon_rectum	False	True	True	Colorectal	Colorectal	Colorectal	COADREAD_NS	True	Colorectal	COADREAD
aux_rnaseq	GSE50760	AMC_20.1_FPKM	AMC_20	Colorectal	colon_rectum	False	True	True	Colorectal	Colorectal	Colorectal	COADREAD_TS	False	Colorectal	COADREAD
aux_rnaseq	GSE50760	AMC_21.1_FPKM	AMC_21	Colorectal	colon_rectum	False	True	True	Colorectal	Colorectal	Colorectal	COADREAD_TS	False	Colorectal	COADREAD
aux_rnaseq	GSE50760	AMC_22.1_FPKM	AMC_22	Colorectal	colon_rectum	False	True	True	Colorectal	Colorectal	Colorectal	COADREAD_TS	False	Colorectal	COADREAD
aux_rnaseq	GSE50760	AMC_23.1_FPKM	AMC_23	Colorectal	colon_rectum	False	True	True	Colorectal	Colorectal	Colorectal	COADREAD_TS	False	Colorectal	COADREAD
aux_rnaseq	GSE50760	AMC_24.1_FPKM	AMC_24	Colorectal	colon_rectum	False	True	True	Colorectal	Colorectal	Colorectal	COADREAD_TS	False	Colorectal	COADREAD
aux_rnaseq	GSE50760	AMC_2.3_FPKM	AMC_2	Colorectal	liver	True	False	True	Liver	Colorectal	Colorectal	COADREAD_TS	False	Liver	LIHC
aux_rnaseq	GSE50760	AMC_3.3_FPKM	AMC_3	Colorectal	liver	True	False	True	Colorectal	Colorectal	Colorectal	COADREAD_NS	True	Colorectal	COADREAD
aux_rnaseq	GSE50760	AMC_5.3_FPKM	AMC_5	Colorectal	liver	True	False	True	Colorectal	Colorectal	Colorectal	COADREAD_TS	False	Liver	LIHC
aux_rnaseq	GSE50760	AMC_6.3_FPKM	AMC_6	Colorectal	liver	True	False	True	Colorectal	Colorectal	Colorectal	COADREAD_TS	False	Liver	LIHC
aux_rnaseq	GSE50760	AMC_7.3_FPKM	AMC_7	Colorectal	liver	True	False	True	Liver	Colorectal	Colorectal	COADREAD_TS	False	Liver	LIHC
aux_rnaseq	GSE50760	AMC_8.3_FPKM	AMC_8	Colorectal	liver	True	False	True	Liver	Colorectal	Colorectal	COADREAD_TS	False	Liver	LIHC
aux_rnaseq	GSE50760	AMC_9.3_FPKM	AMC_9	Colorectal	liver	True	False	True	Colorectal	Colorectal	Colorectal	COADREAD_TS	False	Liver	LIHC
aux_rnaseq	GSE50760	AMC_10.3_FPKM	AMC_10	Colorectal	liver	True	False	True	Liver	Liver	Liver	LIHC_TS	False	Liver	LIHC
aux_rnaseq	GSE50760	AMC_12.3_FPKM	AMC_12	Colorectal	liver	True	False	True	Colorectal	Colorectal	Colorectal	COADREAD_TS	False	Liver	LIHC
aux_rnaseq	GSE50760	AMC_13.3_FPKM	AMC_13	Colorectal	liver	True	False	True	Colorectal	Colorectal	Colorectal	COADREAD_TS	False	Colorectal	COADREAD
aux_rnaseq	GSE50760	AMC_17.3_FPKM	AMC_17	Colorectal	liver	True	False	True	Colorectal	Colorectal	Colorectal	COADREAD_TS	False	Liver	LIHC
aux_rnaseq	GSE50760	AMC_18.3_FPKM	AMC_18	Colorectal	liver	True	False	True	Colorectal	Colorectal	Colorectal	COADREAD_TS	False	Liver	LIHC
aux_rnaseq	GSE50760	AMC_19.3_FPKM	AMC_19	Colorectal	liver	True	False	True	Colorectal	Colorectal	Colorectal	COADREAD_TS	False	Colorectal	COADREAD
aux_rnaseq	GSE50760	AMC_20.3_FPKM	AMC_20	Colorectal	liver	True	False	True	Colorectal	Colorectal	Colorectal	COADREAD_TS	False	Liver	LIHC
aux_rnaseq	GSE50760	AMC_21.3_FPKM	AMC_21	Colorectal	liver	True	False	True	Liver	Colorectal	Colorectal	COADREAD_TS	False	Liver	LIHC
aux_rnaseq	GSE50760	AMC_22.3_FPKM	AMC_22	Colorectal	liver	True	False	True	Colorectal	Colorectal	Colorectal	COADREAD_TS	False	Colorectal	COADREAD
aux_rnaseq	GSE50760	AMC_23.3_FPKM	AMC_23	Colorectal	liver	True	False	True	Liver	Colorectal	Colorectal	COADREAD_TS	False	Liver	LIHC
aux_rnaseq	GSE50760	AMC_24.3_FPKM	AMC_24	Colorectal	liver	True	False	True	Liver	Colorectal	Colorectal	COADREAD_TS	False	Liver	LIHC
aux_rnaseq	prad_su2c_2019	SC_9056_T	9115108	Prostate	bone	True	False	True	Prostate	Prostate	Prostate	PRAD_TS	False	Prostate	PRAD
aux_rnaseq	prad_su2c_2019	SC_9137_Tumor	9115422	Prostate	bone	True	False	True	Prostate	Prostate	Prostate	PRAD_TS	False	Prostate	PRAD
aux_rnaseq	prad_su2c_2019	SC_9139_Tumor	97115374	Prostate	soft_tissue	True	False	True	Prostate	Prostate	Prostate	PRAD_TS	False	Prostate	PRAD
aux_rnaseq	prad_su2c_2019	SC_9140_Tumor	97115375	Prostate	liver	True	False	True	Prostate	Prostate	Prostate	PRAD_TS	False	Prostate	PRAD
aux_rnaseq	prad_su2c_2019	SC_9142_Tumor	13115379	Prostate	lymph_node	True	False	True	Breast	Breast	Breast	BRCA_TS	False	Prostate	PRAD
aux_rnaseq	prad_su2c_2019	SC_9074_T	9115184	Prostate	lymph_node	True	False	True	Prostate	Prostate	Prostate	PRAD_TS	False	Prostate	PRAD
aux_rnaseq	prad_su2c_2019	SC_9145_Tumor	9115516	Prostate	liver	True	False	True	Prostate	Prostate	Prostate	PRAD_TS	False	Prostate	PRAD
aux_rnaseq	prad_su2c_2019	SC_9148_Tumor	9115515	Prostate	lymph_node	True	False	True	Prostate	Prostate	Prostate	PRAD_TS	False	Prostate	PRAD
aux_rnaseq	prad_su2c_2019	SC_9153_Tumor	9115519	Prostate	liver	True	False	True	Prostate	Prostate	Prostate	PRAD_TS	False	Prostate	PRAD
aux_rnaseq	prad_su2c_2019	SC_9156_Tumor	97115447	Prostate	soft_tissue	True	False	True	Prostate	Prostate	Prostate	PRAD_TS	False	Prostate	PRAD
aux_rnaseq	prad_su2c_2019	SC_9162_Tumor	97115453	Prostate	liver	True	False	True	Liver	Prostate	Liver	LIHC_TS	False	Liver	LIHC
aux_rnaseq	prad_su2c_2019	SC_9163_Tumor	97115454	Prostate	lymph_node	True	False	True	Prostate	Prostate	Prostate	PRAD_TS	False	Prostate	PRAD
aux_rnaseq	prad_su2c_2019	SC_9027_T	9115059	Prostate	bone	True	False	True	Prostate	Prostate	Prostate	PRAD_TS	False	Prostate	PRAD
aux_rnaseq	prad_su2c_2019	SC_9175_T	9115524	Prostate	lymph_node	True	False	True	Prostate	Prostate	Prostate	PRAD_TS	False	Prostate	PRAD
aux_rnaseq	prad_su2c_2019	SC_9176_T	9115539	Prostate	lymph_node	True	False	True	Prostate	Prostate	Prostate	PRAD_TS	False	Prostate	PRAD
aux_rnaseq	prad_su2c_2019	SC_9178_T	9115541	Prostate	lymph_node	True	False	True	Prostate	Prostate	Breast	BRCA_TS	False	Prostate	PRAD
aux_rnaseq	prad_su2c_2019	SC_9146_T	9115517	Prostate	prostate	False	True	True	Bladder	Lung	Lung	LUSC_TS	False	Bladder	BLCA
aux_rnaseq	prad_su2c_2019	SC_9181_T	9115551	Prostate	lymph_node	True	False	True	Prostate	Prostate	Prostate	PRAD_TS	False	Prostate	PRAD
aux_rnaseq	prad_su2c_2019	SC_9183_T	9115552	Prostate	lymph_node	True	False	True	Prostate	Prostate	Prostate	PRAD_TS	False	Prostate	PRAD
aux_rnaseq	prad_su2c_2019	SC_9184_T	97115558	Prostate	liver	True	False	True	Liver	Prostate	Liver	LIHC_TS	False	Liver	LIHC
aux_rnaseq	prad_su2c_2019	SC_9186_T	97115560	Prostate	lymph_node	True	False	True	Prostate	Prostate	Prostate	PRAD_TS	False	Prostate	PRAD
aux_rnaseq	prad_su2c_2019	SC_9187_T	97115561	Prostate	liver	True	False	True	Prostate	Prostate	Lung	LUSC_TS	False	Prostate	PRAD
aux_rnaseq	prad_su2c_2019	SC_9189_T	97115563	Prostate	lymph_node	True	False	True	Prostate	Prostate	Prostate	PRAD_TS	False	Prostate	PRAD
aux_rnaseq	prad_su2c_2019	SC_9190_T	97115564	Prostate	bone	True	False	True	Prostate	Prostate	Prostate	PRAD_TS	False	Prostate	PRAD
aux_rnaseq	prad_su2c_2019	SC_9192_T	9115553	Prostate	bone	True	False	True	Prostate	Prostate	Prostate	PRAD_TS	False	Prostate	PRAD
aux_rnaseq	prad_su2c_2019	SC_9194_T	9115568	Prostate	lymph_node	True	False	True	Prostate	Prostate	Prostate	PRAD_TS	False	Prostate	PRAD
aux_rnaseq	prad_su2c_2019	SC_9069_T	9115171	Prostate	bone	True	False	True	Prostate	Prostate	Prostate	PRAD_TS	False	Prostate	PRAD
aux_rnaseq	prad_su2c_2019	MO_1054-Tumor	5115027	Prostate	prostate	False	True	True	Prostate	Prostate	Prostate	PRAD_TS	False	Prostate	PRAD
aux_rnaseq	prad_su2c_2019	MO_1071-Tumor	5115028	Prostate	prostate	False	True	True	Prostate	Prostate	Prostate	PRAD_TS	False	Prostate	PRAD
aux_rnaseq	prad_su2c_2019	SC_9007-Tumor	9115042	Prostate	lymph_node	True	False	True	Prostate	Prostate	Prostate	PRAD_TS	False	Prostate	PRAD
aux_rnaseq	prad_su2c_2019	SC_9012-Tumor	9115046	Prostate	liver	True	False	True	Liver	Prostate	Liver	LIHC_TS	False	Liver	LIHC
aux_rnaseq	prad_su2c_2019	SC_9016-Tumor	9115050	Prostate	lymph_node	True	False	True	Prostate	Prostate	Prostate	PRAD_TS	False	Prostate	PRAD
aux_rnaseq	prad_su2c_2019	SC_9017-Tumor	9115055	Prostate	liver	True	False	True	Liver	Prostate	Liver	LIHC_TS	False	Liver	LIHC
aux_rnaseq	prad_su2c_2019	SC_9019-Tumor	9115045	Prostate	bone	True	False	True	Prostate	Prostate	Prostate	PRAD_TS	False	Prostate	PRAD
aux_rnaseq	prad_su2c_2019	SC_9022-Tumor	97115001	Prostate	soft_tissue	True	False	True	Prostate	Prostate	Prostate	PRAD_TS	False	HeadNeck	HNSC
aux_rnaseq	prad_su2c_2019	SC_9023-Tumor	97115002	Prostate	bone	True	False	True	Prostate	Prostate	Prostate	PRAD_TS	False	Prostate	PRAD
aux_rnaseq	prad_su2c_2019	SC_9026-Tumor	9115060	Prostate	bone	True	False	True	Prostate	Prostate	Prostate	PRAD_TS	False	Prostate	PRAD
aux_rnaseq	prad_su2c_2019	SC_9028-Tumor	9115061	Prostate	prostate	False	True	True	Prostate	Prostate	Prostate	PRAD_TS	False	Prostate	PRAD
aux_rnaseq	prad_su2c_2019	SC_9029-Tumor	9115062	Prostate	soft_tissue	True	False	True	Prostate	Prostate	Prostate	PRAD_TS	False	Prostate	PRAD
aux_rnaseq	prad_su2c_2019	SC_9030-Tumor	97115005	Prostate	soft_tissue	True	False	True	Prostate	Prostate	Prostate	PRAD_TS	False	Prostate	PRAD
aux_rnaseq	prad_su2c_2019	SC_9032-Tumor	9115063	Prostate	lymph_node	True	False	True	Prostate	Prostate	Prostate	PRAD_TS	False	Prostate	PRAD
aux_rnaseq	prad_su2c_2019	SC_9034-Tumor	9115066	Prostate	bone	True	False	True	Prostate	Prostate	Prostate	PRAD_TS	False	Prostate	PRAD
aux_rnaseq	prad_su2c_2019	SC_9036-Tumor	9115067	Prostate	lymph_node	True	False	True	Prostate	Prostate	Prostate	PRAD_TS	False	Prostate	PRAD
aux_rnaseq	prad_su2c_2019	SC_9037-Tumor	9115069	Prostate	liver	True	False	True	Liver	Prostate	Liver	LIHC_TS	False	Liver	LIHC
aux_rnaseq	prad_su2c_2019	SC_9018-Tumor	9115052	Prostate	bone	True	False	True	Prostate	Prostate	Prostate	PRAD_TS	False	Prostate	PRAD
aux_rnaseq	prad_su2c_2019	SC_9043-Tumor	9115102	Prostate	bone	True	False	True	Prostate	Prostate	Prostate	PRAD_TS	False	Prostate	PRAD
aux_rnaseq	prad_su2c_2019	SC_9046-Tumor	97115007	Prostate	liver	True	False	True	Liver	Prostate	Prostate	PRAD_TS	False	Liver	LIHC
aux_rnaseq	prad_su2c_2019	SC_9047-Tumor	97115009	Prostate	bone	True	False	True	Prostate	Prostate	Myeloid	LAML_TS	False	Prostate	PRAD
aux_rnaseq	prad_su2c_2019	SC_9048-Tumor	97115071	Prostate	bone	True	False	True	Prostate	Prostate	Prostate	PRAD_TS	False	Prostate	PRAD
aux_rnaseq	prad_su2c_2019	SC_9049-Tumor	97115074	Prostate	bone	True	False	True	Prostate	Prostate	Prostate	PRAD_TS	False	Prostate	PRAD
aux_rnaseq	prad_su2c_2019	SC_9054-Tumor	9115107	Prostate	lymph_node	True	False	True	Prostate	Prostate	Prostate	PRAD_TS	False	Prostate	PRAD
aux_rnaseq	prad_su2c_2019	SC_9050-Tumor	9115104	Prostate	lymph_node	True	False	True	Prostate	Prostate	Prostate	PRAD_TS	False	Prostate	PRAD
aux_rnaseq	prad_su2c_2019	SC_9038-Tumor	9115068	Prostate	lymph_node	True	False	True	Prostate	Prostate	Prostate	PRAD_TS	False	Prostate	PRAD
aux_rnaseq	prad_su2c_2019	SC_9055-Tumor	9115109	Prostate	lymph_node	True	False	True	Prostate	Prostate	Prostate	PRAD_TS	False	Prostate	PRAD
aux_rnaseq	prad_su2c_2019	SC_9057-Tumor	97115125	Prostate	soft_tissue	True	False	True	Prostate	Prostate	Prostate	PRAD_TS	False	HeadNeck	HNSC
aux_rnaseq	prad_su2c_2019	SC_9058-Tumor	97115079	Prostate	lymph_node	True	False	True	Prostate	Prostate	Prostate	PRAD_TS	False	Prostate	PRAD
aux_rnaseq	prad_su2c_2019	SC_9059-Tumor	97115131	Prostate	lymph_node	True	False	True	Prostate	Prostate	Prostate	PRAD_TS	False	Prostate	PRAD
aux_rnaseq	prad_su2c_2019	SC_9060-Tumor	97115095	Prostate	liver	True	False	True	Liver	Prostate	Liver	LIHC_TS	False	Liver	LIHC
aux_rnaseq	prad_su2c_2019	SC_9061-Tumor	97115147	Prostate	bone	True	False	True	Prostate	Prostate	Prostate	PRAD_TS	False	Prostate	PRAD
aux_rnaseq	prad_su2c_2019	SC_9062-Tumor	97115148	Prostate	lymph_node	True	False	True	Prostate	Prostate	Prostate	PRAD_TS	False	Prostate	PRAD
aux_rnaseq	prad_su2c_2019	SC_9063-Tumor	97115151	Prostate	lymph_node	True	False	True	Prostate	Prostate	Prostate	PRAD_TS	False	Prostate	PRAD
aux_rnaseq	prad_su2c_2019	SC_9068-Tumor	9115175	Prostate	lymph_node	True	False	True	Prostate	Prostate	Prostate	PRAD_TS	False	Prostate	PRAD
aux_rnaseq	prad_su2c_2019	SC_9071-TM	97115166	Prostate	bone	True	False	True	Prostate	Prostate	Prostate	PRAD_TS	False	Prostate	PRAD
aux_rnaseq	prad_su2c_2019	SC_9072-TM	97115167	Prostate	bone	True	False	True	Prostate	Prostate	Prostate	PRAD_TS	False	Prostate	PRAD
aux_rnaseq	prad_su2c_2019	SC_9073-TM	9115185	Prostate	lymph_node	True	False	True	Prostate	Prostate	Prostate	PRAD_TS	False	Prostate	PRAD
aux_rnaseq	prad_su2c_2019	SC_9080-TM	9115111	Prostate	lymph_node	True	False	True	Prostate	Prostate	Prostate	PRAD_TS	False	Prostate	PRAD
aux_rnaseq	prad_su2c_2019	SC_9081-TM	9115181	Prostate	lymph_node	True	False	True	Prostate	Prostate	Prostate	PRAD_TS	False	Prostate	PRAD
aux_rnaseq	prad_su2c_2019	SC_9065-TM-Tumor2	9115174	Prostate	bone	True	False	True	Prostate	Prostate	Prostate	PRAD_TS	False	Prostate	PRAD
aux_rnaseq	prad_su2c_2019	SC_9083-TM	9115338	Prostate	bone	True	False	True	Prostate	Prostate	Prostate	PRAD_TS	False	Prostate	PRAD
aux_rnaseq	prad_su2c_2019	SC_9031-TM	97115006	Prostate	liver	True	False	True	Liver	Liver	Liver	LIHC_TS	False	Liver	LIHC
aux_rnaseq	prad_su2c_2019	SC_9086-TM	9115341	Prostate	bone	True	False	True	Prostate	Prostate	Prostate	PRAD_TS	False	Prostate	PRAD
aux_rnaseq	prad_su2c_2019	SC_9091-TM	13115262	Prostate	bone	True	False	True	Prostate	Prostate	Prostate	PRAD_TS	False	Prostate	PRAD
aux_rnaseq	prad_su2c_2019	SC_9092-TM	9115339	Prostate	bone	True	False	True	Prostate	Prostate	Prostate	PRAD_TS	False	Prostate	PRAD
aux_rnaseq	prad_su2c_2019	SC_9093-TM	13115277	Prostate	soft_tissue	True	False	True	Prostate	Prostate	Prostate	PRAD_TS	False	Prostate	PRAD
aux_rnaseq	prad_su2c_2019	SC_9097-TM	97115281	Prostate	lymph_node	True	False	True	Prostate	Prostate	Prostate	PRAD_TS	False	Prostate	PRAD
aux_rnaseq	prad_su2c_2019	SC_9094-Tumor	97115278	Prostate	bone	True	False	True	Prostate	Prostate	Myeloid	LAML_TS	False	Prostate	PRAD
aux_rnaseq	prad_su2c_2019	SC_9099-Tumor	97115315	Prostate	lymph_node	True	False	True	Prostate	Prostate	Prostate	PRAD_TS	False	Prostate	PRAD
aux_rnaseq	prad_su2c_2019	SC_9100-Tumor	97115316	Prostate	bone	True	False	True	Prostate	Prostate	Myeloid	LAML_TS	False	Prostate	PRAD
aux_rnaseq	prad_su2c_2019	SC_9035_T	9115065	Prostate	adrenal	True	False	True	Prostate	Prostate	Prostate	PRAD_TS	False	Prostate	PRAD
aux_rnaseq	prad_su2c_2019	SC_9103-Tumor	97115330	Prostate	bone	True	False	True	Prostate	Prostate	Prostate	PRAD_TS	False	Prostate	PRAD
aux_rnaseq	prad_su2c_2019	SC_9104-Tumor	97115331	Prostate	lymph_node	True	False	True	Prostate	Prostate	Prostate	PRAD_TS	False	Prostate	PRAD
aux_rnaseq	prad_su2c_2019	SC_9107-Tumor	97115335	Prostate	liver	True	False	True	Liver	Prostate	Liver	LIHC_TS	False	Liver	LIHC
aux_rnaseq	prad_su2c_2019	SC_9109-Tumor	97115337	Prostate	lymph_node	True	False	True	Prostate	Prostate	Prostate	PRAD_TS	False	Prostate	PRAD
aux_rnaseq	prad_su2c_2019	SC_9105_Tumor	97115333	Prostate	prostate	False	True	True	Prostate	Prostate	Prostate	PRAD_TS	False	Prostate	PRAD
aux_rnaseq	prad_su2c_2019	SC_9118_Tumor	97115358	Prostate	lymph_node	True	False	True	Prostate	Prostate	Prostate	PRAD_TS	False	Prostate	PRAD
aux_rnaseq	prad_su2c_2019	SC_9123_Tumor	9115418	Prostate	lymph_node	True	False	True	Prostate	Prostate	Prostate	PRAD_TS	False	Prostate	PRAD
aux_rnaseq	prad_su2c_2019	SC_9124_Tumor	97115363	Prostate	lymph_node	True	False	True	Prostate	Prostate	Prostate	PRAD_TS	False	Prostate	PRAD
aux_rnaseq	prad_su2c_2019	SC_9129_Tumor	97115368	Prostate	lymph_node	True	False	True	Prostate	Prostate	Prostate	PRAD_TS	False	Prostate	PRAD
aux_rnaseq	prad_su2c_2019	SC_9132_Tumor	9115420	Prostate	lymph_node	True	False	True	Prostate	Prostate	Prostate	PRAD_TS	False	Prostate	PRAD
aux_rnaseq	prad_su2c_2019	DFCI.11-104.13-Tumor	1115020	Prostate	lymph_node	True	False	True	Prostate	Prostate	Prostate	PRAD_TS	False	Prostate	PRAD
aux_rnaseq	prad_su2c_2019	PRAD-DFCI.11-104.15-Tumor-SM-3S2HH	1115021	Prostate	lymph_node	True	False	True	Prostate	Prostate	Prostate	PRAD_TS	False	Prostate	PRAD
aux_rnaseq	prad_su2c_2019	PROS10448-1115150-Tumor-SM-5EEBK	1115150	Prostate	bone	True	False	True	Myeloid	Myeloid	Myeloid	LAML_TS	False	Myeloid	LAML
aux_rnaseq	prad_su2c_2019	PROS10448-1115153-Tumor-SM-5EEBL	1115153	Prostate	bone	True	False	True	Prostate	Prostate	Prostate	PRAD_TS	False	Prostate	PRAD
aux_rnaseq	prad_su2c_2019	PROS10448-1115154-Tumor-SM-5EEBM	1115154	Prostate	lymph_node	True	False	True	Prostate	Prostate	Prostate	PRAD_TS	False	Prostate	PRAD
aux_rnaseq	prad_su2c_2019	PROS10448-1115156-Tumor-SM-5EEBN	1115156	Prostate	lymph_node	True	False	True	Prostate	Prostate	Prostate	PRAD_TS	False	Prostate	PRAD
aux_rnaseq	prad_su2c_2019	PROS10448-1115157-Tumor-SM-5EEBO	1115157	Prostate	lymph_node	True	False	True	Prostate	Prostate	Prostate	PRAD_TS	False	Prostate	PRAD
aux_rnaseq	prad_su2c_2019	PROS01448-1115161-Tumor-SM-5SGU1	1115161	Prostate	lymph_node	True	False	True	Prostate	Prostate	Prostate	PRAD_TS	False	Prostate	PRAD
aux_rnaseq	prad_su2c_2019	PROS01448-1115183-Tumor-SM-5SGU3	1115183	Prostate	bone	True	False	True	Prostate	Prostate	Prostate	PRAD_TS	False	Prostate	PRAD
aux_rnaseq	prad_su2c_2019	PROS10448-01115200-Tumor-SM-7LYLF	1115200	Prostate	bone	True	False	True	Myeloid	Myeloid	Myeloid	LAML_TS	False	Myeloid	LAML
aux_rnaseq	prad_su2c_2019	PROS01448-1115202-Tumor-SM-5SGU5	1115202	Prostate	lymph_node	True	False	True	Prostate	Prostate	Prostate	PRAD_TS	False	Prostate	PRAD
aux_rnaseq	prad_su2c_2019	PROS01448-1115244-Tumor-SM-5SGU6	1115244	Prostate	bone	True	False	True	Prostate	Prostate	Prostate	PRAD_TS	False	Prostate	PRAD
aux_rnaseq	prad_su2c_2019	PRAD-01115362-Tumor-SM-7A15P	1115362	Prostate	lymph_node	True	False	True	Prostate	Prostate	Prostate	PRAD_TS	False	Prostate	PRAD
aux_rnaseq	prad_su2c_2019	PRAD-01115444-Tumor-SM-6B2K9	1115444	Prostate	bone	True	False	True	Prostate	Prostate	Prostate	PRAD_TS	False	Prostate	PRAD
aux_rnaseq	prad_su2c_2019	PRAD-01115467-Tumor-SM-6B2KD	1115467	Prostate	bone	True	False	True	Myeloid	Myeloid	Myeloid	LAML_TS	False	Myeloid	LAML
aux_rnaseq	prad_su2c_2019	PRAD-01115468-Tumor-SM-6B2KE	1115468	Prostate	soft_tissue	True	False	True	Prostate	Prostate	Breast	BRCA_TS	False	Prostate	PRAD
aux_rnaseq	prad_su2c_2019	PROS10448-01115374-Tumor-SM-7LYLG	1115503	Prostate	lymph_node	True	False	True	Prostate	Prostate	Prostate	PRAD_TS	False	Prostate	PRAD
aux_rnaseq	prad_su2c_2019	PRAD-01115525-Tumor-SM-A4KNC	1115525	Prostate	soft_tissue	True	False	True	Prostate	Prostate	Prostate	PRAD_TS	False	Prostate	PRAD
aux_rnaseq	prad_su2c_2019	PRAD-01115526-Tumor-SM-A4KND	1115526	Prostate	lymph_node	True	False	True	HeadNeck	Testis	Myeloid	LAML_TS	False	HeadNeck	HNSC
aux_rnaseq	prad_su2c_2019	PRAD-01115527-Tumor-SM-A4KNE	1115527	Prostate	bone	True	False	True	Myeloid	Myeloid	Myeloid	LAML_TS	False	Myeloid	LAML
aux_rnaseq	prad_su2c_2019	PRAD-01115531-Tumor-SM-A4KNG	1115531	Prostate	bone	True	False	True	Prostate	Prostate	Prostate	PRAD_TS	False	Prostate	PRAD
aux_rnaseq	prad_su2c_2019	PRAD-01115528-Tumor-SM-A4KNF	1115544	Prostate	bone	True	False	True	Prostate	Prostate	Breast	BRCA_TS	False	HeadNeck	HNSC
aux_rnaseq	prad_su2c_2019	PRAD-01115549-Tumor-SM-A4KNH	1115549	Prostate	bone	True	False	True	Prostate	Prostate	Prostate	PRAD_TS	False	Prostate	PRAD
aux_rnaseq	prad_su2c_2019	PRAD-01115550-Tumor-SM-A4KNI	1115550	Prostate	bone	True	False	True	Prostate	Prostate	Breast	BRCA_TS	False	Prostate	PRAD
aux_rnaseq	prad_su2c_2019	PRAD-01115554-Tumor-SM-A56E4	1115554	Prostate	bone	True	False	True	Prostate	Prostate	Prostate	PRAD_TS	False	Prostate	PRAD
aux_rnaseq	prad_su2c_2019	PRAD-01115556-Tumor-SM-A56E5	1115556	Prostate	soft_tissue	True	False	True	Prostate	Prostate	Prostate	PRAD_TS	False	Prostate	PRAD
aux_rnaseq	prad_su2c_2019	PRAD-01115569-Tumor-SM-A56E6	1115569	Prostate	bone	True	False	True	Prostate	Prostate	Prostate	PRAD_TS	False	Prostate	PRAD
aux_rnaseq	prad_su2c_2019	PRAD-01115574-Tumor-SM-A56E7	1115574	Prostate	lymph_node	True	False	True	Prostate	Prostate	Prostate	PRAD_TS	False	Prostate	PRAD
aux_rnaseq	prad_su2c_2019	PRAD-01115576-Tumor-SM-A56E8	1115576	Prostate	liver	True	False	True	Breast	Lung	Breast	BRCA_TS	False	Bladder	BLCA
aux_rnaseq	prad_su2c_2019	PRAD-01115577-Tumor-SM-A56E9	1115577	Prostate	bone	True	False	True	Breast	Sarcoma	Breast	BRCA_TS	False	Prostate	PRAD
aux_rnaseq	prad_su2c_2019	PRAD-01115578-Tumor-SM-A56EA	1115578	Prostate	bone	True	False	True	Prostate	Prostate	Breast	BRCA_TS	False	Prostate	PRAD
aux_rnaseq	prad_su2c_2019	PRAD-01115581-Tumor-SM-A56EB	1115581	Prostate	bone	True	False	True	Prostate	Prostate	Myeloid	LAML_TS	False	Myeloid	LAML
aux_rnaseq	prad_su2c_2019	PROS12319B-SU2C-06115115-Tumor-SM-4W2NA	6115115	Prostate	lymph_node	True	False	True	Prostate	Prostate	Breast	BRCA_TS	False	Prostate	PRAD
aux_rnaseq	prad_su2c_2019	PROS12319B-SU2C-06115117-Tumor-SM-4W2NC	6115117	Prostate	soft_tissue	True	False	True	Prostate	Prostate	Prostate	PRAD_TS	False	Prostate	PRAD
aux_rnaseq	prad_su2c_2019	PROS12319B-SU2C-06115118-Tumor-SM-4W2ND	6115118	Prostate	bone	True	False	True	Prostate	Prostate	Prostate	PRAD_TS	False	Prostate	PRAD
aux_rnaseq	prad_su2c_2019	PROS12319B-SU2C-06115119-Tumor-SM-4W2NE	6115119	Prostate	liver	True	False	True	Liver	Liver	Liver	LIHC_TS	False	Liver	LIHC
aux_rnaseq	prad_su2c_2019	PROS12319B-SU2C-06115122-Tumor-SM-4W2NH	6115122	Prostate	lymph_node	True	False	True	Prostate	Prostate	Breast	BRCA_TS	False	Prostate	PRAD
aux_rnaseq	prad_su2c_2019	PROS12319B-SU2C-06115123-Tumor-SM-4W2NI	6115123	Prostate	lymph_node	True	False	True	Prostate	Prostate	Prostate	PRAD_TS	False	Prostate	PRAD
aux_rnaseq	prad_su2c_2019	PRAD-06115124-Tumor-SM-7LGU1	6115124	Prostate	soft_tissue	True	False	True	Prostate	Prostate	Breast	BRCA_TS	False	Prostate	PRAD
aux_rnaseq	prad_su2c_2019	PROS01448-6115219-Tumor-SM-67ERS	6115219	Prostate	soft_tissue	True	False	True	Prostate	Prostate	Prostate	PRAD_TS	False	Prostate	PRAD
aux_rnaseq	prad_su2c_2019	PROS01448-6115224-Tumor-SM-67ERT	6115224	Prostate	bone	True	False	True	Prostate	Prostate	Prostate	PRAD_TS	False	Prostate	PRAD
aux_rnaseq	prad_su2c_2019	PROS01448-6115227-Tumor-SM-67ERU	6115227	Prostate	soft_tissue	True	False	True	Prostate	Prostate	Prostate	PRAD_TS	False	Prostate	PRAD
aux_rnaseq	prad_su2c_2019	PROS01448-6115233-Tumor-SM-67ERW	6115233	Prostate	lymph_node	True	False	True	Prostate	Prostate	Prostate	PRAD_TS	False	Prostate	PRAD
aux_rnaseq	prad_su2c_2019	PROS01448-6115234-Tumor-SM-67ERX	6115234	Prostate	lymph_node	True	False	True	Prostate	Prostate	Prostate	PRAD_TS	False	Prostate	PRAD
aux_rnaseq	prad_su2c_2019	PROS01448-6115235-Tumor-SM-67ERY	6115235	Prostate	lymph_node	True	False	True	Prostate	Prostate	Prostate	PRAD_TS	False	Prostate	PRAD
aux_rnaseq	prad_su2c_2019	PROS01448-6115242-Tumor-SM-67ES1	6115242	Prostate	bone	True	False	True	Prostate	Prostate	Prostate	PRAD_TS	False	Prostate	PRAD
aux_rnaseq	prad_su2c_2019	PROS01448-6115247-Tumor-SM-67ES2	6115247	Prostate	lymph_node	True	False	True	Prostate	Prostate	Prostate	PRAD_TS	False	Prostate	PRAD
aux_rnaseq	prad_su2c_2019	PRAD-6115250.0-Tumor-SM-B2XRX	6115250	Prostate	lymph_node	True	False	True	Prostate	Prostate	Prostate	PRAD_TS	False	Prostate	PRAD
aux_rnaseq	prad_su2c_2019	PROS01448-6115251-Tumor-SM-67ES6	6115251	Prostate	lymph_node	True	False	True	Prostate	Prostate	Prostate	PRAD_TS	False	Prostate	PRAD
aux_rnaseq	prad_su2c_2019	PRAD-6115382.0-Tumor-SM-7LGU5	6115382	Prostate	lung	True	False	True	Lung	Lung	Lung	LUAD_TS	False	Lung	LUAD
aux_rnaseq	prad_su2c_2019	PRAD-6115385.0-Tumor-SM-7LGU7	6115385	Prostate	lymph_node	True	False	True	Prostate	Prostate	Prostate	PRAD_TS	False	Prostate	PRAD
aux_rnaseq	prad_su2c_2019	PRAD-6115390.0-Tumor-SM-7LGUC	6115390	Prostate	liver	True	False	True	Liver	Brain	Liver	LIHC_TS	False	Liver	LIHC
aux_rnaseq	prad_su2c_2019	PRAD-6115391.0-Tumor-SM-7LGUD	6115391	Prostate	lymph_node	True	False	True	Prostate	Prostate	Prostate	PRAD_TS	False	Prostate	PRAD
aux_rnaseq	prad_su2c_2019	PRAD-6115392.0-Tumor-SM-B2XRZ	6115392	Prostate	lymph_node	True	False	True	Esophagus	Esophagus	Lung	LUSC_TS	False	Prostate	PRAD
aux_rnaseq	prad_su2c_2019	PRAD-6115395.0-Tumor-SM-7LGUH	6115395	Prostate	bone	True	False	True	Prostate	Prostate	Prostate	PRAD_TS	False	Prostate	PRAD
aux_rnaseq	prad_su2c_2019	PRAD-6115396.0-Tumor-SM-7LGUI	6115396	Prostate	lymph_node	True	False	True	Prostate	Prostate	Myeloid	LAML_TS	False	Prostate	PRAD
aux_rnaseq	prad_su2c_2019	PRAD-6115397.0-Tumor-SM-7LGUJ	6115397	Prostate	liver	True	False	True	Liver	Prostate	Liver	LIHC_TS	False	Liver	LIHC
aux_rnaseq	prad_su2c_2019	PRAD-6115398.0-Tumor-SM-7LGUK	6115398	Prostate	lymph_node	True	False	True	Prostate	Prostate	Prostate	PRAD_TS	False	Prostate	PRAD
aux_rnaseq	prad_su2c_2019	PRAD-6115399.0-Tumor-SM-7LGUL	6115399	Prostate	lymph_node	True	False	True	Prostate	Prostate	Prostate	PRAD_TS	False	Prostate	PRAD
aux_rnaseq	prad_su2c_2019	PRAD-6115400.0-Tumor-SM-7LGUM	6115400	Prostate	lymph_node	True	False	True	Prostate	Prostate	Prostate	PRAD_TS	False	Prostate	PRAD
aux_rnaseq	prad_su2c_2019	PRAD-6115402.0-Tumor-SM-7LGUP	6115402	Prostate	lymph_node	True	False	True	Prostate	Prostate	Prostate	PRAD_TS	False	Prostate	PRAD
aux_rnaseq	prad_su2c_2019	PRAD-6115427.0-Tumor-SM-B2XRT	6115427	Prostate	bone	True	False	True	Prostate	Prostate	Prostate	PRAD_TS	False	Prostate	PRAD
aux_rnaseq	prad_su2c_2019	PRAD-6115590.0-Tumor-SM-B2XRS	6115590	Prostate	lung	True	False	True	Prostate	Prostate	Breast	BRCA_TS	False	Prostate	PRAD
aux_rnaseq	prad_su2c_2019	PRAD-6115592.0-Tumor-SM-B2XRU	6115592	Prostate	liver	True	False	True	Liver	Liver	Liver	LIHC_TS	False	Liver	LIHC
aux_rnaseq	prad_su2c_2019	PRAD-6115593.0-Tumor-SM-B2XRV	6115593	Prostate	liver	True	False	True	Prostate	Prostate	Prostate	PRAD_TS	False	Liver	LIHC
aux_rnaseq	prad_su2c_2019	PRAD-6115594.0-Tumor-SM-B2XRW	6115594	Prostate	lymph_node	True	False	True	Prostate	Prostate	Prostate	PRAD_TS	False	Prostate	PRAD
aux_rnaseq	prad_su2c_2019	PRAD-6115595.0-Tumor-SM-B2XRY	6115595	Prostate	lymph_node	True	False	True	Prostate	Prostate	Prostate	PRAD_TS	False	Prostate	PRAD
aux_rnaseq	prad_su2c_2019	PRAD-6115596.0-Tumor-SM-B2XS1	6115596	Prostate	lung	True	False	True	Prostate	Prostate	Breast	BRCA_TS	False	Prostate	PRAD
aux_rnaseq	prad_su2c_2019	PRAD-6115597.0-Tumor-SM-B2XS5	6115597	Prostate	lymph_node	True	False	True	Prostate	Prostate	Prostate	PRAD_TS	False	Prostate	PRAD
aux_rnaseq	prad_su2c_2019	PRAD-6115598.0-Tumor-SM-B2XS3	6115598	Prostate	lymph_node	True	False	True	Prostate	Prostate	Prostate	PRAD_TS	False	Prostate	PRAD
aux_rnaseq	prad_su2c_2019	PRAD-6115599.0-Tumor-SM-B2XS4	6115599	Prostate	lymph_node	True	False	True	Prostate	Prostate	Prostate	PRAD_TS	False	Prostate	PRAD
aux_rnaseq	prad_su2c_2019	PRAD-6115600.0-Tumor-SM-B2XS6	6115600	Prostate	lymph_node	True	False	True	Prostate	Prostate	Prostate	PRAD_TS	False	Prostate	PRAD
aux_rnaseq	prad_su2c_2019	PRAD-6115601.0-Tumor-SM-B2XS7	6115601	Prostate	lymph_node	True	False	True	Prostate	Prostate	Prostate	PRAD_TS	False	Prostate	PRAD
aux_rnaseq	prad_su2c_2019	PRAD-6115603.0-Tumor-SM-B2XS8	6115603	Prostate	bone	True	False	True	Prostate	Prostate	Prostate	PRAD_TS	False	Prostate	PRAD
aux_rnaseq	prad_su2c_2019	PRAD-6115604.0-Tumor-SM-B2XS9	6115604	Prostate	lung	True	False	True	Prostate	Prostate	Prostate	PRAD_TS	False	Prostate	PRAD
aux_rnaseq	prad_su2c_2019	PM14-TM	96115135	Prostate	prostate	False	True	True	Prostate	Prostate	Prostate	PRAD_TS	False	Prostate	PRAD
aux_rnaseq	prad_su2c_2019	PM2-TM	96115137	Prostate	lymph_node	True	False	True	Prostate	Prostate	Prostate	PRAD_TS	False	Prostate	PRAD
aux_rnaseq	prad_su2c_2019	WCM91_Z1	96115138	Prostate	prostate	False	True	True	Prostate	Prostate	Prostate	PRAD_TS	False	Prostate	PRAD
aux_rnaseq	prad_su2c_2019	PM90-TM	96115139	Prostate	liver	True	False	True	Liver	Esophagus	Liver	LIHC_TS	False	Liver	LIHC
aux_rnaseq	prad_su2c_2019	PM119-TM	96115141	Prostate	lymph_node	True	False	True	Prostate	Prostate	Prostate	PRAD_TS	False	Prostate	PRAD
aux_rnaseq	prad_su2c_2019	PM139-TM	96115204	Prostate	bone	True	False	True	Prostate	Prostate	Myeloid	LAML_TS	False	Prostate	PRAD
aux_rnaseq	prad_su2c_2019	PM158-TM	96115207	Prostate	bone	True	False	True	Myeloid	Myeloid	Myeloid	LAML_TS	False	Myeloid	LAML
aux_rnaseq	prad_su2c_2019	PM159-TM	96115208	Prostate	lung	True	False	True	Prostate	Prostate	Prostate	PRAD_TS	False	Prostate	PRAD
aux_rnaseq	prad_su2c_2019	PM170-TM	96115211	Prostate	bone	True	False	True	Myeloid	Myeloid	Myeloid	LAML_TS	False	Myeloid	LAML
aux_rnaseq	prad_su2c_2019	PM172-TM	96115213	Prostate	bone	True	False	True	Myeloid	Prostate	Myeloid	LAML_TS	False	Bladder	BLCA
aux_rnaseq	prad_su2c_2019	PM189-TM	96115214	Prostate	lymph_node	True	False	True	Prostate	Prostate	Prostate	PRAD_TS	False	Lymphoid	DLBC
aux_rnaseq	prad_su2c_2019	WCM4_X1	96115266	Prostate	bone	True	False	True	Prostate	Prostate	Prostate	PRAD_TS	False	Prostate	PRAD
aux_rnaseq	prad_su2c_2019	WCM218_Z3	96115269	Prostate	bone	True	False	True	Myeloid	Myeloid	Myeloid	LAML_TS	False	Myeloid	LAML
aux_rnaseq	prad_su2c_2019	WCM209_Z2	96115273	Prostate	lymph_node	True	False	True	Prostate	Prostate	Prostate	PRAD_TS	False	Prostate	PRAD
aux_rnaseq	prad_su2c_2019	WCM335_X1	96115473	Prostate	bone	True	False	True	Prostate	Prostate	Myeloid	LAML_TS	False	Prostate	PRAD
aux_rnaseq	prad_su2c_2019	WCM258_Z2	96115474	Prostate	lymph_node	True	False	True	Prostate	Prostate	Prostate	PRAD_TS	False	Prostate	PRAD
aux_rnaseq	prad_su2c_2019	WCM89_X1	96115494	Prostate	lymph_node	True	False	True	Prostate	Prostate	Prostate	PRAD_TS	False	Prostate	PRAD
aux_rnaseq	prad_su2c_2019	WCM393_Z3	96115496	Prostate	bone	True	False	True	Prostate	Prostate	Myeloid	LAML_TS	False	Prostate	PRAD
aux_rnaseq	prad_su2c_2019	SC_9136_Tumor	9115180	Prostate	bone	True	False	True	Prostate	Prostate	Myeloid	LAML_TS	False	Bladder	BLCA
aux_rnaseq	prad_su2c_2019	SC_9138_Tumor	9115423	Prostate	lymph_node	True	False	True	Prostate	Prostate	Prostate	PRAD_TS	False	Prostate	PRAD
aux_rnaseq	prad_su2c_2019	SC_9141_Tumor	97115376	Prostate	lymph_node	True	False	True	Prostate	Prostate	Prostate	PRAD_TS	False	Prostate	PRAD
aux_rnaseq	prad_su2c_2019	SC_9144_Tumor	9115425	Prostate	bone	True	False	True	Prostate	Prostate	Prostate	PRAD_TS	False	Prostate	PRAD
aux_rnaseq	prad_su2c_2019	SC_9150_Tumor	13115404	Prostate	bone	True	False	True	Prostate	Prostate	Prostate	PRAD_TS	False	Prostate	PRAD
aux_rnaseq	prad_su2c_2019	SC_9151_Tumor	13115443	Prostate	bone	True	False	True	Prostate	Prostate	Prostate	PRAD_TS	False	Prostate	PRAD
aux_rnaseq	prad_su2c_2019	SC_9152_Tumor	9115520	Prostate	bone	True	False	True	Prostate	Prostate	Prostate	PRAD_TS	False	Prostate	PRAD
aux_rnaseq	prad_su2c_2019	SC_9158_Tumor	97115449	Prostate	bone	True	False	True	Prostate	Prostate	Lung	LUSC_TS	False	Prostate	PRAD
aux_rnaseq	prad_su2c_2019	SC_9170_Tumor	13115464	Prostate	bone	True	False	True	Prostate	Prostate	Prostate	PRAD_TS	False	Prostate	PRAD
aux_rnaseq	prad_su2c_2019	SC_9171_Tumor	13115465	Prostate	bone	True	False	True	Prostate	Prostate	Prostate	PRAD_TS	False	Prostate	PRAD
aux_rnaseq	prad_su2c_2019	SC_9172_Tumor	9115521	Prostate	bone	True	False	True	Prostate	Prostate	Prostate	PRAD_TS	False	Prostate	PRAD
aux_rnaseq	prad_su2c_2019	SC_9173_Tumor	9115522	Prostate	bone	True	False	True	Prostate	Prostate	Prostate	PRAD_TS	False	Prostate	PRAD
aux_rnaseq	prad_su2c_2019	SC_9177_T	9115538	Prostate	lymph_node	True	False	True	Prostate	Prostate	Prostate	PRAD_TS	False	Prostate	PRAD
aux_rnaseq	prad_su2c_2019	SC_9179_T	9115540	Prostate	bone	True	False	True	Prostate	Prostate	Breast	BRCA_TS	False	Prostate	PRAD
aux_rnaseq	prad_su2c_2019	SC_9182_T	9115555	Prostate	bone	True	False	True	Prostate	Prostate	Prostate	PRAD_TS	False	Prostate	PRAD
aux_rnaseq	prad_su2c_2019	SC_9033_T	9115064	Prostate	bone	True	False	True	Prostate	Prostate	Prostate	PRAD_TS	False	Prostate	PRAD
aux_rnaseq	prad_su2c_2019	SC_9193_T	9115567	Prostate	bone	True	False	True	Prostate	Prostate	Prostate	PRAD_TS	False	Prostate	PRAD
aux_rnaseq	prad_su2c_2019	SC_9195_T	9115566	Prostate	bone	True	False	True	Prostate	Prostate	Prostate	PRAD_TS	False	Prostate	PRAD
aux_rnaseq	prad_su2c_2019	SC_9120_T	9115415	Prostate	bone	True	False	True	Prostate	Prostate	Prostate	PRAD_TS	False	Prostate	PRAD
aux_rnaseq	prad_su2c_2019	SC_9196_T	9115571	Prostate	bone	True	False	True	Prostate	Prostate	Myeloid	LAML_TS	False	Prostate	PRAD
aux_rnaseq	prad_su2c_2019	SC_9197_T	9115572	Prostate	lymph_node	True	False	True	Prostate	Prostate	Prostate	PRAD_TS	False	Prostate	PRAD
aux_rnaseq	prad_su2c_2019	SC_9199_T	9115575	Prostate	lymph_node	True	False	True	Prostate	Prostate	Prostate	PRAD_TS	False	Prostate	PRAD
aux_rnaseq	prad_su2c_2019	SC_9201_T	9115580	Prostate	lymph_node	True	False	True	Prostate	Prostate	Prostate	PRAD_TS	False	Prostate	PRAD
aux_rnaseq	prad_su2c_2019	SC_9200_T	9115570	Prostate	bone	True	False	True	Prostate	Prostate	Prostate	PRAD_TS	False	Prostate	PRAD
aux_rnaseq	prad_su2c_2019	SC_9203_T	9115586	Prostate	bone	True	False	True	Prostate	Prostate	Prostate	PRAD_TS	False	Prostate	PRAD
aux_rnaseq	prad_su2c_2019	SC_9204_T	9115585	Prostate	bone	True	False	True	Prostate	Prostate	Prostate	PRAD_TS	False	Prostate	PRAD
aux_rnaseq	prad_su2c_2019	MO_1008-Tumor_Dura	5115022	Prostate	bone	True	False	True	Prostate	Prostate	Prostate	PRAD_TS	False	Prostate	PRAD
aux_rnaseq	prad_su2c_2019	SC_9001-Tumor_Liver1	9115040	Prostate	liver	True	False	True	Biliary	Bladder	Lung	LUSC_TS	False	Biliary	CHOL
aux_rnaseq	prad_su2c_2019	SC_9003-Tumor	9115041	Prostate	bone	True	False	True	Prostate	Prostate	Prostate	PRAD_TS	False	Prostate	PRAD
aux_rnaseq	prad_su2c_2019	SC_9005-Tumor	9115051	Prostate	bone	True	False	True	Prostate	Prostate	Prostate	PRAD_TS	False	Prostate	PRAD
aux_rnaseq	prad_su2c_2019	SC_9011-Tumor	9115047	Prostate	lymph_node	True	False	True	Prostate	Prostate	Prostate	PRAD_TS	False	Prostate	PRAD
aux_rnaseq	prad_su2c_2019	SC_9020-Tumor	9115048	Prostate	lymph_node	True	False	True	Prostate	Prostate	Prostate	PRAD_TS	False	Prostate	PRAD
aux_rnaseq	prad_su2c_2019	SC_9021-Tumor	9115049	Prostate	lymph_node	True	False	True	Prostate	Prostate	Prostate	PRAD_TS	False	Prostate	PRAD
aux_rnaseq	prad_su2c_2019	SC_9024-Tumor	97115003	Prostate	lymph_node	True	False	True	Prostate	Prostate	Prostate	PRAD_TS	False	Prostate	PRAD
aux_rnaseq	prad_su2c_2019	SC_9039-Tumor	9115070	Prostate	lymph_node	True	False	True	Prostate	Prostate	Prostate	PRAD_TS	False	Prostate	PRAD
aux_rnaseq	prad_su2c_2019	SC_9066-Tumor	9115173	Prostate	bone	True	False	True	Prostate	Prostate	Breast	BRCA_TS	False	Sarcoma	SARC
aux_rnaseq	prad_su2c_2019	TP_2034-Tumor-Bone-Block-3B	5115199	Prostate	bone	True	False	True	Prostate	Prostate	Prostate	PRAD_TS	False	Prostate	PRAD
aux_rnaseq	prad_su2c_2019	SC_9076-TM	97115188	Prostate	lymph_node	True	False	True	Prostate	Prostate	Prostate	PRAD_TS	False	Prostate	PRAD
aux_rnaseq	prad_su2c_2019	SC_9082-TM	9115182	Prostate	bone	True	False	True	Prostate	Prostate	Pancreas	PAAD_NS	True	Sarcoma	SARC
aux_rnaseq	prad_su2c_2019	SC_9084-TM	9115340	Prostate	lymph_node	True	False	True	Prostate	Prostate	Prostate	PRAD_TS	False	Prostate	PRAD
aux_rnaseq	prad_su2c_2019	SC_9089-TM	9115325	Prostate	lymph_node	True	False	True	Prostate	Prostate	Prostate	PRAD_TS	False	Prostate	PRAD
aux_rnaseq	prad_su2c_2019	SC_9090_T	9115324	Prostate	bone	True	False	True	Prostate	Prostate	Prostate	PRAD_TS	False	Prostate	PRAD
aux_rnaseq	prad_su2c_2019	SC_9096-Tumor	97115280	Prostate	bone	True	False	True	Prostate	Prostate	Breast	BRCA_TS	False	Sarcoma	SARC
aux_rnaseq	prad_su2c_2019	SC_9121_Tumor	9115416	Prostate	bone	True	False	True	Prostate	Prostate	Prostate	PRAD_TS	False	Prostate	PRAD
