fact_id	source_file	selector	column	transform	decimals	format	status	cohort	method	metric	set	meaning	note	approx
H1_n	results/stage4/confirm/primary.tsv	hypothesis == 'H1'	n	none	0	num	preregistered	POG570	HostMix-TOO	host-attraction rate	at risk	H1, POG570, host-attraction rate, at risk set, n	A14 fact	
H1_diff	results/stage4/confirm/primary.tsv	hypothesis == 'H1'	diff	none	3	num	preregistered	POG570	HostMix-TOO	host-attraction rate	at risk	H1, POG570, host-attraction rate, at risk set, difference	A14 fact	
H1_ci_low	results/stage4/confirm/primary.tsv	hypothesis == 'H1'	ci_low	none	3	num	preregistered	POG570	HostMix-TOO	host-attraction rate	at risk	H1, POG570, host-attraction rate, at risk set, 95% CI lower end	A14 fact	
H1_ci_high	results/stage4/confirm/primary.tsv	hypothesis == 'H1'	ci_high	none	3	num	preregistered	POG570	HostMix-TOO	host-attraction rate	at risk	H1, POG570, host-attraction rate, at risk set, 95% CI upper end	A14 fact	
H1_n_favor	results/stage4/confirm/primary.tsv	hypothesis == 'H1'	n_favor	none	0	num	preregistered	POG570	HostMix-TOO	host-attraction rate	at risk	H1, POG570, host-attraction rate, at risk set, discordant pairs in favor	A14 fact	
H1_n_against	results/stage4/confirm/primary.tsv	hypothesis == 'H1'	n_against	none	0	num	preregistered	POG570	HostMix-TOO	host-attraction rate	at risk	H1, POG570, host-attraction rate, at risk set, discordant pairs against	A14 fact	
H1_p	results/stage4/confirm/primary.tsv	hypothesis == 'H1'	p_one_sided	none	0	p	preregistered	POG570	HostMix-TOO	host-attraction rate	at risk	H1, POG570, host-attraction rate, at risk set, one-sided exact McNemar p	A14 fact	
H2_n	results/stage4/confirm/primary.tsv	hypothesis == 'H2'	n	none	0	num	preregistered	POG570	HostMix-TOO	top-1 accuracy	evaluation	H2, POG570, top-1 accuracy, evaluation set, n	A14 fact	
H2_diff	results/stage4/confirm/primary.tsv	hypothesis == 'H2'	diff	none	3	num	preregistered	POG570	HostMix-TOO	top-1 accuracy	evaluation	H2, POG570, top-1 accuracy, evaluation set, difference	A14 fact	
H2_ci_low	results/stage4/confirm/primary.tsv	hypothesis == 'H2'	ci_low	none	3	num	preregistered	POG570	HostMix-TOO	top-1 accuracy	evaluation	H2, POG570, top-1 accuracy, evaluation set, 95% CI lower end	A14 fact	
H2_ci_high	results/stage4/confirm/primary.tsv	hypothesis == 'H2'	ci_high	none	3	num	preregistered	POG570	HostMix-TOO	top-1 accuracy	evaluation	H2, POG570, top-1 accuracy, evaluation set, 95% CI upper end	A14 fact	
H2_n_favor	results/stage4/confirm/primary.tsv	hypothesis == 'H2'	n_favor	none	0	num	preregistered	POG570	HostMix-TOO	top-1 accuracy	evaluation	H2, POG570, top-1 accuracy, evaluation set, discordant pairs in favor	A14 fact	
H2_n_against	results/stage4/confirm/primary.tsv	hypothesis == 'H2'	n_against	none	0	num	preregistered	POG570	HostMix-TOO	top-1 accuracy	evaluation	H2, POG570, top-1 accuracy, evaluation set, discordant pairs against	A14 fact	
H2_p	results/stage4/confirm/primary.tsv	hypothesis == 'H2'	p_one_sided	none	0	p	preregistered	POG570	HostMix-TOO	top-1 accuracy	evaluation	H2, POG570, top-1 accuracy, evaluation set, one-sided exact McNemar p	A14 fact	
H3_n	results/stage4/confirm/primary.tsv	hypothesis == 'H3'	n	none	0	num	preregistered	POG570	HostMix-TOO	top-1 accuracy	native truth	H3, POG570, top-1 accuracy, native truth set, n	A14 fact	
H3_diff	results/stage4/confirm/primary.tsv	hypothesis == 'H3'	diff	none	3	num	preregistered	POG570	HostMix-TOO	top-1 accuracy	native truth	H3, POG570, top-1 accuracy, native truth set, difference	A14 fact	
H3_ci_low	results/stage4/confirm/primary.tsv	hypothesis == 'H3'	ci_low	none	3	num	preregistered	POG570	HostMix-TOO	top-1 accuracy	native truth	H3, POG570, top-1 accuracy, native truth set, 95% CI lower end	A14 fact	
H3_ci_high	results/stage4/confirm/primary.tsv	hypothesis == 'H3'	ci_high	none	3	num	preregistered	POG570	HostMix-TOO	top-1 accuracy	native truth	H3, POG570, top-1 accuracy, native truth set, 95% CI upper end	A14 fact	
H3_bound	results/stage4/confirm/primary.tsv	hypothesis == 'H3'	onesided_low	none	3	num	preregistered	POG570	HostMix-TOO	top-1 accuracy	native truth	H3, POG570, top-1 accuracy, native truth set, one-sided 95% lower bound	A14 fact	
AH1_n	results/stage7/confirm/tables/hypothesis_primary.tsv	hypothesis == 'AH1'	n	none	0	num	preregistered	aux	HostMix-TOO	host-attraction rate	at risk	AH1, aux, host-attraction rate, at risk set, n	A14 fact	
AH1_diff	results/stage7/confirm/tables/hypothesis_primary.tsv	hypothesis == 'AH1'	diff_sa_minus_comparator	none	3	num	preregistered	aux	HostMix-TOO	host-attraction rate	at risk	AH1, aux, host-attraction rate, at risk set, difference	A14 fact	
AH1_low	results/stage7/confirm/tables/hypothesis_primary.tsv	hypothesis == 'AH1'	ci_low	none	3	num	preregistered	aux	HostMix-TOO	host-attraction rate	at risk	AH1, aux, host-attraction rate, at risk set, 95% CI lower end	A14 fact	
AH1_high	results/stage7/confirm/tables/hypothesis_primary.tsv	hypothesis == 'AH1'	ci_high	none	3	num	preregistered	aux	HostMix-TOO	host-attraction rate	at risk	AH1, aux, host-attraction rate, at risk set, 95% CI upper end	A14 fact	
AH1_p	results/stage7/confirm/tables/hypothesis_primary.tsv	hypothesis == 'AH1'	p	none	0	p	preregistered	aux	HostMix-TOO	host-attraction rate	at risk	AH1, aux, host-attraction rate, at risk set, one-sided exact McNemar p	A14 fact	
AH2_n	results/stage7/confirm/tables/hypothesis_primary.tsv	hypothesis == 'AH2'	n	none	0	num	preregistered	aux	HostMix-TOO	top-1 accuracy	evaluation	AH2, aux, top-1 accuracy, evaluation set, n	A14 fact	
AH2_diff	results/stage7/confirm/tables/hypothesis_primary.tsv	hypothesis == 'AH2'	diff_sa_minus_comparator	none	3	num	preregistered	aux	HostMix-TOO	top-1 accuracy	evaluation	AH2, aux, top-1 accuracy, evaluation set, difference	A14 fact	
AH2_low	results/stage7/confirm/tables/hypothesis_primary.tsv	hypothesis == 'AH2'	ci_low	none	3	num	preregistered	aux	HostMix-TOO	top-1 accuracy	evaluation	AH2, aux, top-1 accuracy, evaluation set, 95% CI lower end	A14 fact	
AH2_high	results/stage7/confirm/tables/hypothesis_primary.tsv	hypothesis == 'AH2'	ci_high	none	3	num	preregistered	aux	HostMix-TOO	top-1 accuracy	evaluation	AH2, aux, top-1 accuracy, evaluation set, 95% CI upper end	A14 fact	
AH2_p	results/stage7/confirm/tables/hypothesis_primary.tsv	hypothesis == 'AH2'	p	none	0	p	preregistered	aux	HostMix-TOO	top-1 accuracy	evaluation	AH2, aux, top-1 accuracy, evaluation set, one-sided exact McNemar p	A14 fact	
AH3_n	results/stage7/confirm/tables/hypothesis_primary.tsv	hypothesis == 'AH3'	n	none	0	num	preregistered	aux	HostMix-TOO	top-1 accuracy	native truth	AH3, aux, top-1 accuracy, native truth set, n	A14 fact	
AH3_diff	results/stage7/confirm/tables/hypothesis_primary.tsv	hypothesis == 'AH3'	diff_sa_minus_comparator	none	3	num	preregistered	aux	HostMix-TOO	top-1 accuracy	native truth	AH3, aux, top-1 accuracy, native truth set, difference	A14 fact	
AH3_low	results/stage7/confirm/tables/hypothesis_primary.tsv	hypothesis == 'AH3'	ci_low	none	3	num	preregistered	aux	HostMix-TOO	top-1 accuracy	native truth	AH3, aux, top-1 accuracy, native truth set, 95% CI lower end	A14 fact	
AH3_high	results/stage7/confirm/tables/hypothesis_primary.tsv	hypothesis == 'AH3'	ci_high	none	3	num	preregistered	aux	HostMix-TOO	top-1 accuracy	native truth	AH3, aux, top-1 accuracy, native truth set, 95% CI upper end	A14 fact	
AH3_bound	results/stage7/confirm/tables/hypothesis_primary.tsv	hypothesis == 'AH3'	onesided_low	none	3	num	preregistered	aux	HostMix-TOO	top-1 accuracy	native truth	AH3, aux, top-1 accuracy, native truth set, one-sided 95% lower bound	A14 fact	
AS1_n	results/stage7/confirm/tables/hypothesis_secondary.tsv	hypothesis == 'AS1'	n	none	0	num	preregistered	aux	gated	top-1 accuracy	native truth	AS1, aux, top-1 accuracy, native truth set, n	A14 fact	
AS1_diff	results/stage7/confirm/tables/hypothesis_secondary.tsv	hypothesis == 'AS1'	diff	none	3	num	preregistered	aux	gated	top-1 accuracy	native truth	AS1, aux, top-1 accuracy, native truth set, difference	A14 fact	
AS1_low	results/stage7/confirm/tables/hypothesis_secondary.tsv	hypothesis == 'AS1'	ci_low	none	3	num	preregistered	aux	gated	top-1 accuracy	native truth	AS1, aux, top-1 accuracy, native truth set, 95% CI lower end	A14 fact	
AS1_high	results/stage7/confirm/tables/hypothesis_secondary.tsv	hypothesis == 'AS1'	ci_high	none	3	num	preregistered	aux	gated	top-1 accuracy	native truth	AS1, aux, top-1 accuracy, native truth set, 95% CI upper end	A14 fact	
AS1_p	results/stage7/confirm/tables/hypothesis_secondary.tsv	hypothesis == 'AS1'	p	none	0	p	preregistered	aux	gated	top-1 accuracy	native truth	AS1, aux, top-1 accuracy, native truth set, one-sided exact McNemar p	A14 fact	
AS2_n	results/stage7/confirm/tables/hypothesis_secondary.tsv	hypothesis == 'AS2'	n	none	0	num	preregistered	aux	22-tissue	host-attraction rate	pool-out at risk	AS2, aux, host-attraction rate, pool-out at risk set, n	A14 fact	
AS2_diff	results/stage7/confirm/tables/hypothesis_secondary.tsv	hypothesis == 'AS2'	diff	none	3	num	preregistered	aux	22-tissue	host-attraction rate	pool-out at risk	AS2, aux, host-attraction rate, pool-out at risk set, difference	A14 fact	
AS2_low	results/stage7/confirm/tables/hypothesis_secondary.tsv	hypothesis == 'AS2'	ci_low	none	3	num	preregistered	aux	22-tissue	host-attraction rate	pool-out at risk	AS2, aux, host-attraction rate, pool-out at risk set, 95% CI lower end	A14 fact	
AS2_high	results/stage7/confirm/tables/hypothesis_secondary.tsv	hypothesis == 'AS2'	ci_high	none	3	num	preregistered	aux	22-tissue	host-attraction rate	pool-out at risk	AS2, aux, host-attraction rate, pool-out at risk set, 95% CI upper end	A14 fact	
AS2_p	results/stage7/confirm/tables/hypothesis_secondary.tsv	hypothesis == 'AS2'	p	none	0	p	preregistered	aux	22-tissue	host-attraction rate	pool-out at risk	AS2, aux, host-attraction rate, pool-out at risk set, one-sided exact McNemar p	A14 fact	
AS3_n	results/stage7/confirm/tables/hypothesis_secondary.tsv	hypothesis == 'AS3'	n	none	0	num	preregistered	aux	gated	top-1 accuracy	evaluation	AS3, aux, top-1 accuracy, evaluation set, n	A14 fact	
AS3_diff	results/stage7/confirm/tables/hypothesis_secondary.tsv	hypothesis == 'AS3'	diff	none	3	num	preregistered	aux	gated	top-1 accuracy	evaluation	AS3, aux, top-1 accuracy, evaluation set, difference	A14 fact	
AS3_low	results/stage7/confirm/tables/hypothesis_secondary.tsv	hypothesis == 'AS3'	ci_low	none	3	num	preregistered	aux	gated	top-1 accuracy	evaluation	AS3, aux, top-1 accuracy, evaluation set, 95% CI lower end	A14 fact	
AS3_high	results/stage7/confirm/tables/hypothesis_secondary.tsv	hypothesis == 'AS3'	ci_high	none	3	num	preregistered	aux	gated	top-1 accuracy	evaluation	AS3, aux, top-1 accuracy, evaluation set, 95% CI upper end	A14 fact	
AS3_p	results/stage7/confirm/tables/hypothesis_secondary.tsv	hypothesis == 'AS3'	p	none	0	p	preregistered	aux	gated	top-1 accuracy	evaluation	AS3, aux, top-1 accuracy, evaluation set, one-sided exact McNemar p	A14 fact	
pog_base_top1	results/stage4/confirm/secondary_overall.tsv	method == 'BASE-Z'	top1	none	3	num	preregistered	POG570	baseline	top-1 accuracy	evaluation	POG570, baseline, top-1 accuracy, evaluation set	A14 fact	
pog_base_host	results/stage4/confirm/secondary_overall.tsv	method == 'BASE-Z'	host_rate	none	3	num	preregistered	POG570	baseline	host-attraction rate	at risk	POG570, baseline, host-attraction rate, at risk set	A14 fact	
pog_base_native	results/stage4/confirm/secondary_overall.tsv	method == 'BASE-Z'	native_truth_top1	none	3	num	preregistered	POG570	baseline	top-1 accuracy	native truth	POG570, baseline, top-1 accuracy, native truth set	A14 fact	
pog_base_n	results/stage4/confirm/secondary_overall.tsv	method == 'BASE-Z'	n	none	0	num	preregistered	POG570		n	evaluation	POG570, baseline, n, evaluation set	A14 fact	
pog_base_nrisk	results/stage4/confirm/secondary_overall.tsv	method == 'BASE-Z'	n_at_risk	none	0	num	preregistered	POG570		n	at risk	POG570, baseline, n, at risk set	A14 fact	
pog_base_nnative	results/stage4/confirm/secondary_overall.tsv	method == 'BASE-Z'	n_native_truth	none	0	num	preregistered	POG570		n	native truth	POG570, baseline, n, native truth set	A14 fact	
pog_sa_top1	results/stage4/confirm/secondary_overall.tsv	method == 'SA-Z'	top1	none	3	num	preregistered	POG570	HostMix-TOO	top-1 accuracy	evaluation	POG570, HostMix-TOO, top-1 accuracy, evaluation set	A14 fact	
pog_sa_host	results/stage4/confirm/secondary_overall.tsv	method == 'SA-Z'	host_rate	none	3	num	preregistered	POG570	HostMix-TOO	host-attraction rate	at risk	POG570, HostMix-TOO, host-attraction rate, at risk set	A14 fact	
pog_sa_native	results/stage4/confirm/secondary_overall.tsv	method == 'SA-Z'	native_truth_top1	none	3	num	preregistered	POG570	HostMix-TOO	top-1 accuracy	native truth	POG570, HostMix-TOO, top-1 accuracy, native truth set	A14 fact	
pog_sa_n	results/stage4/confirm/secondary_overall.tsv	method == 'SA-Z'	n	none	0	num	preregistered	POG570		n	evaluation	POG570, HostMix-TOO, n, evaluation set	A14 fact	
pog_sa_nrisk	results/stage4/confirm/secondary_overall.tsv	method == 'SA-Z'	n_at_risk	none	0	num	preregistered	POG570		n	at risk	POG570, HostMix-TOO, n, at risk set	A14 fact	
pog_sa_nnative	results/stage4/confirm/secondary_overall.tsv	method == 'SA-Z'	n_native_truth	none	0	num	preregistered	POG570		n	native truth	POG570, HostMix-TOO, n, native truth set	A14 fact	
ext_MET500_base_top1	results/stage8/external/tables/metrics.tsv	subset == 'common_label' and analysis_cohort == 'MET500' and method == 'BASE-Z'	top1	none	3	num	pre-specified descriptive	MET500	baseline	top-1 accuracy	evaluation	MET500, baseline, top-1 accuracy, evaluation set (pre-specified comparison)	A14 fact	
ext_MET500_base_host	results/stage8/external/tables/metrics.tsv	subset == 'common_label' and analysis_cohort == 'MET500' and method == 'BASE-Z'	host_rate	none	3	num	pre-specified descriptive	MET500	baseline	host-attraction rate	at risk	MET500, baseline, host-attraction rate, at risk set (pre-specified comparison)	A14 fact	
ext_MET500_base_n	results/stage8/external/tables/metrics.tsv	subset == 'common_label' and analysis_cohort == 'MET500' and method == 'BASE-Z'	n	none	0	num	pre-specified descriptive	MET500		n	evaluation	MET500, baseline, n, evaluation set (pre-specified comparison)	A14 fact	
ext_MET500_base_nrisk	results/stage8/external/tables/metrics.tsv	subset == 'common_label' and analysis_cohort == 'MET500' and method == 'BASE-Z'	n_at_risk	none	0	num	pre-specified descriptive	MET500		n	at risk	MET500, baseline, n, at risk set (pre-specified comparison)	A14 fact	
ext_MET500_sa_top1	results/stage8/external/tables/metrics.tsv	subset == 'common_label' and analysis_cohort == 'MET500' and method == 'SA-Z'	top1	none	3	num	pre-specified descriptive	MET500	HostMix-TOO	top-1 accuracy	evaluation	MET500, HostMix-TOO, top-1 accuracy, evaluation set (pre-specified comparison)	A14 fact	
ext_MET500_sa_host	results/stage8/external/tables/metrics.tsv	subset == 'common_label' and analysis_cohort == 'MET500' and method == 'SA-Z'	host_rate	none	3	num	pre-specified descriptive	MET500	HostMix-TOO	host-attraction rate	at risk	MET500, HostMix-TOO, host-attraction rate, at risk set (pre-specified comparison)	A14 fact	
ext_MET500_sa_n	results/stage8/external/tables/metrics.tsv	subset == 'common_label' and analysis_cohort == 'MET500' and method == 'SA-Z'	n	none	0	num	pre-specified descriptive	MET500		n	evaluation	MET500, HostMix-TOO, n, evaluation set (pre-specified comparison)	A14 fact	
ext_MET500_sa_nrisk	results/stage8/external/tables/metrics.tsv	subset == 'common_label' and analysis_cohort == 'MET500' and method == 'SA-Z'	n_at_risk	none	0	num	pre-specified descriptive	MET500		n	at risk	MET500, HostMix-TOO, n, at risk set (pre-specified comparison)	A14 fact	
ext_MET500_scope_top1	results/stage8/external/tables/metrics.tsv	subset == 'common_label' and analysis_cohort == 'MET500' and method == 'SCOPE'	top1	none	3	num	pre-specified descriptive	MET500	SCOPE	top-1 accuracy	evaluation	MET500, SCOPE, top-1 accuracy, evaluation set (pre-specified comparison)	A14 fact	
ext_MET500_scope_host	results/stage8/external/tables/metrics.tsv	subset == 'common_label' and analysis_cohort == 'MET500' and method == 'SCOPE'	host_rate	none	3	num	pre-specified descriptive	MET500	SCOPE	host-attraction rate	at risk	MET500, SCOPE, host-attraction rate, at risk set (pre-specified comparison)	A14 fact	
ext_MET500_scope_n	results/stage8/external/tables/metrics.tsv	subset == 'common_label' and analysis_cohort == 'MET500' and method == 'SCOPE'	n	none	0	num	pre-specified descriptive	MET500		n	evaluation	MET500, SCOPE, n, evaluation set (pre-specified comparison)	A14 fact	
ext_MET500_scope_nrisk	results/stage8/external/tables/metrics.tsv	subset == 'common_label' and analysis_cohort == 'MET500' and method == 'SCOPE'	n_at_risk	none	0	num	pre-specified descriptive	MET500		n	at risk	MET500, SCOPE, n, at risk set (pre-specified comparison)	A14 fact	
ext_MET500_cup_top1	results/stage8/external/tables/metrics.tsv	subset == 'common_label' and analysis_cohort == 'MET500' and method == 'CUP-AI-Dx'	top1	none	3	num	pre-specified descriptive	MET500	CUP-AI-Dx	top-1 accuracy	evaluation	MET500, CUP-AI-Dx, top-1 accuracy, evaluation set (pre-specified comparison)	A14 fact	
ext_MET500_cup_host	results/stage8/external/tables/metrics.tsv	subset == 'common_label' and analysis_cohort == 'MET500' and method == 'CUP-AI-Dx'	host_rate	none	3	num	pre-specified descriptive	MET500	CUP-AI-Dx	host-attraction rate	at risk	MET500, CUP-AI-Dx, host-attraction rate, at risk set (pre-specified comparison)	A14 fact	
ext_MET500_cup_n	results/stage8/external/tables/metrics.tsv	subset == 'common_label' and analysis_cohort == 'MET500' and method == 'CUP-AI-Dx'	n	none	0	num	pre-specified descriptive	MET500		n	evaluation	MET500, CUP-AI-Dx, n, evaluation set (pre-specified comparison)	A14 fact	
ext_MET500_cup_nrisk	results/stage8/external/tables/metrics.tsv	subset == 'common_label' and analysis_cohort == 'MET500' and method == 'CUP-AI-Dx'	n_at_risk	none	0	num	pre-specified descriptive	MET500		n	at risk	MET500, CUP-AI-Dx, n, at risk set (pre-specified comparison)	A14 fact	
ext_POG570_base_top1	results/stage8/external/tables/metrics.tsv	subset == 'common_label' and analysis_cohort == 'POG570' and method == 'BASE-Z'	top1	none	3	num	preregistered	POG570	baseline	top-1 accuracy	evaluation	POG570, baseline, top-1 accuracy, evaluation set (pre-specified comparison)	A14 fact	
ext_POG570_base_host	results/stage8/external/tables/metrics.tsv	subset == 'common_label' and analysis_cohort == 'POG570' and method == 'BASE-Z'	host_rate	none	3	num	preregistered	POG570	baseline	host-attraction rate	at risk	POG570, baseline, host-attraction rate, at risk set (pre-specified comparison)	A14 fact	
ext_POG570_base_n	results/stage8/external/tables/metrics.tsv	subset == 'common_label' and analysis_cohort == 'POG570' and method == 'BASE-Z'	n	none	0	num	preregistered	POG570		n	evaluation	POG570, baseline, n, evaluation set (pre-specified comparison)	A14 fact	
ext_POG570_base_nrisk	results/stage8/external/tables/metrics.tsv	subset == 'common_label' and analysis_cohort == 'POG570' and method == 'BASE-Z'	n_at_risk	none	0	num	preregistered	POG570		n	at risk	POG570, baseline, n, at risk set (pre-specified comparison)	A14 fact	
ext_POG570_sa_top1	results/stage8/external/tables/metrics.tsv	subset == 'common_label' and analysis_cohort == 'POG570' and method == 'SA-Z'	top1	none	3	num	preregistered	POG570	HostMix-TOO	top-1 accuracy	evaluation	POG570, HostMix-TOO, top-1 accuracy, evaluation set (pre-specified comparison)	A14 fact	
ext_POG570_sa_host	results/stage8/external/tables/metrics.tsv	subset == 'common_label' and analysis_cohort == 'POG570' and method == 'SA-Z'	host_rate	none	3	num	preregistered	POG570	HostMix-TOO	host-attraction rate	at risk	POG570, HostMix-TOO, host-attraction rate, at risk set (pre-specified comparison)	A14 fact	
ext_POG570_sa_n	results/stage8/external/tables/metrics.tsv	subset == 'common_label' and analysis_cohort == 'POG570' and method == 'SA-Z'	n	none	0	num	preregistered	POG570		n	evaluation	POG570, HostMix-TOO, n, evaluation set (pre-specified comparison)	A14 fact	
ext_POG570_sa_nrisk	results/stage8/external/tables/metrics.tsv	subset == 'common_label' and analysis_cohort == 'POG570' and method == 'SA-Z'	n_at_risk	none	0	num	preregistered	POG570		n	at risk	POG570, HostMix-TOO, n, at risk set (pre-specified comparison)	A14 fact	
ext_POG570_scope_top1	results/stage8/external/tables/metrics.tsv	subset == 'common_label' and analysis_cohort == 'POG570' and method == 'SCOPE'	top1	none	3	num	pre-specified descriptive	POG570	SCOPE	top-1 accuracy	evaluation	POG570, SCOPE, top-1 accuracy, evaluation set (pre-specified comparison)	A14 fact	
ext_POG570_scope_host	results/stage8/external/tables/metrics.tsv	subset == 'common_label' and analysis_cohort == 'POG570' and method == 'SCOPE'	host_rate	none	3	num	pre-specified descriptive	POG570	SCOPE	host-attraction rate	at risk	POG570, SCOPE, host-attraction rate, at risk set (pre-specified comparison)	A14 fact	
ext_POG570_scope_n	results/stage8/external/tables/metrics.tsv	subset == 'common_label' and analysis_cohort == 'POG570' and method == 'SCOPE'	n	none	0	num	pre-specified descriptive	POG570		n	evaluation	POG570, SCOPE, n, evaluation set (pre-specified comparison)	A14 fact	
ext_POG570_scope_nrisk	results/stage8/external/tables/metrics.tsv	subset == 'common_label' and analysis_cohort == 'POG570' and method == 'SCOPE'	n_at_risk	none	0	num	pre-specified descriptive	POG570		n	at risk	POG570, SCOPE, n, at risk set (pre-specified comparison)	A14 fact	
ext_POG570_cup_top1	results/stage8/external/tables/metrics.tsv	subset == 'common_label' and analysis_cohort == 'POG570' and method == 'CUP-AI-Dx'	top1	none	3	num	pre-specified descriptive	POG570	CUP-AI-Dx	top-1 accuracy	evaluation	POG570, CUP-AI-Dx, top-1 accuracy, evaluation set (pre-specified comparison)	A14 fact	
ext_POG570_cup_host	results/stage8/external/tables/metrics.tsv	subset == 'common_label' and analysis_cohort == 'POG570' and method == 'CUP-AI-Dx'	host_rate	none	3	num	pre-specified descriptive	POG570	CUP-AI-Dx	host-attraction rate	at risk	POG570, CUP-AI-Dx, host-attraction rate, at risk set (pre-specified comparison)	A14 fact	
ext_POG570_cup_n	results/stage8/external/tables/metrics.tsv	subset == 'common_label' and analysis_cohort == 'POG570' and method == 'CUP-AI-Dx'	n	none	0	num	pre-specified descriptive	POG570		n	evaluation	POG570, CUP-AI-Dx, n, evaluation set (pre-specified comparison)	A14 fact	
ext_POG570_cup_nrisk	results/stage8/external/tables/metrics.tsv	subset == 'common_label' and analysis_cohort == 'POG570' and method == 'CUP-AI-Dx'	n_at_risk	none	0	num	pre-specified descriptive	POG570		n	at risk	POG570, CUP-AI-Dx, n, at risk set (pre-specified comparison)	A14 fact	
ext_aux_rnaseq_base_top1	results/stage8/external/tables/metrics.tsv	subset == 'common_label' and analysis_cohort == 'aux_rnaseq' and method == 'BASE-Z'	top1	none	3	num	preregistered	aux	baseline	top-1 accuracy	evaluation	aux, baseline, top-1 accuracy, evaluation set (pre-specified comparison)	A14 fact	
ext_aux_rnaseq_base_host	results/stage8/external/tables/metrics.tsv	subset == 'common_label' and analysis_cohort == 'aux_rnaseq' and method == 'BASE-Z'	host_rate	none	3	num	preregistered	aux	baseline	host-attraction rate	at risk	aux, baseline, host-attraction rate, at risk set (pre-specified comparison)	A14 fact	
ext_aux_rnaseq_base_n	results/stage8/external/tables/metrics.tsv	subset == 'common_label' and analysis_cohort == 'aux_rnaseq' and method == 'BASE-Z'	n	none	0	num	preregistered	aux		n	evaluation	aux, baseline, n, evaluation set (pre-specified comparison)	A14 fact	
ext_aux_rnaseq_base_nrisk	results/stage8/external/tables/metrics.tsv	subset == 'common_label' and analysis_cohort == 'aux_rnaseq' and method == 'BASE-Z'	n_at_risk	none	0	num	preregistered	aux		n	at risk	aux, baseline, n, at risk set (pre-specified comparison)	A14 fact	
ext_aux_rnaseq_sa_top1	results/stage8/external/tables/metrics.tsv	subset == 'common_label' and analysis_cohort == 'aux_rnaseq' and method == 'SA-Z'	top1	none	3	num	preregistered	aux	HostMix-TOO	top-1 accuracy	evaluation	aux, HostMix-TOO, top-1 accuracy, evaluation set (pre-specified comparison)	A14 fact	
ext_aux_rnaseq_sa_host	results/stage8/external/tables/metrics.tsv	subset == 'common_label' and analysis_cohort == 'aux_rnaseq' and method == 'SA-Z'	host_rate	none	3	num	preregistered	aux	HostMix-TOO	host-attraction rate	at risk	aux, HostMix-TOO, host-attraction rate, at risk set (pre-specified comparison)	A14 fact	
ext_aux_rnaseq_sa_n	results/stage8/external/tables/metrics.tsv	subset == 'common_label' and analysis_cohort == 'aux_rnaseq' and method == 'SA-Z'	n	none	0	num	preregistered	aux		n	evaluation	aux, HostMix-TOO, n, evaluation set (pre-specified comparison)	A14 fact	
ext_aux_rnaseq_sa_nrisk	results/stage8/external/tables/metrics.tsv	subset == 'common_label' and analysis_cohort == 'aux_rnaseq' and method == 'SA-Z'	n_at_risk	none	0	num	preregistered	aux		n	at risk	aux, HostMix-TOO, n, at risk set (pre-specified comparison)	A14 fact	
ext_aux_rnaseq_scope_top1	results/stage8/external/tables/metrics.tsv	subset == 'common_label' and analysis_cohort == 'aux_rnaseq' and method == 'SCOPE'	top1	none	3	num	pre-specified descriptive	aux	SCOPE	top-1 accuracy	evaluation	aux, SCOPE, top-1 accuracy, evaluation set (pre-specified comparison)	A14 fact	
ext_aux_rnaseq_scope_host	results/stage8/external/tables/metrics.tsv	subset == 'common_label' and analysis_cohort == 'aux_rnaseq' and method == 'SCOPE'	host_rate	none	3	num	pre-specified descriptive	aux	SCOPE	host-attraction rate	at risk	aux, SCOPE, host-attraction rate, at risk set (pre-specified comparison)	A14 fact	
ext_aux_rnaseq_scope_n	results/stage8/external/tables/metrics.tsv	subset == 'common_label' and analysis_cohort == 'aux_rnaseq' and method == 'SCOPE'	n	none	0	num	pre-specified descriptive	aux		n	evaluation	aux, SCOPE, n, evaluation set (pre-specified comparison)	A14 fact	
ext_aux_rnaseq_scope_nrisk	results/stage8/external/tables/metrics.tsv	subset == 'common_label' and analysis_cohort == 'aux_rnaseq' and method == 'SCOPE'	n_at_risk	none	0	num	pre-specified descriptive	aux		n	at risk	aux, SCOPE, n, at risk set (pre-specified comparison)	A14 fact	
ext_aux_rnaseq_cup_top1	results/stage8/external/tables/metrics.tsv	subset == 'common_label' and analysis_cohort == 'aux_rnaseq' and method == 'CUP-AI-Dx'	top1	none	3	num	pre-specified descriptive	aux	CUP-AI-Dx	top-1 accuracy	evaluation	aux, CUP-AI-Dx, top-1 accuracy, evaluation set (pre-specified comparison)	A14 fact	
ext_aux_rnaseq_cup_host	results/stage8/external/tables/metrics.tsv	subset == 'common_label' and analysis_cohort == 'aux_rnaseq' and method == 'CUP-AI-Dx'	host_rate	none	3	num	pre-specified descriptive	aux	CUP-AI-Dx	host-attraction rate	at risk	aux, CUP-AI-Dx, host-attraction rate, at risk set (pre-specified comparison)	A14 fact	
ext_aux_rnaseq_cup_n	results/stage8/external/tables/metrics.tsv	subset == 'common_label' and analysis_cohort == 'aux_rnaseq' and method == 'CUP-AI-Dx'	n	none	0	num	pre-specified descriptive	aux		n	evaluation	aux, CUP-AI-Dx, n, evaluation set (pre-specified comparison)	A14 fact	
ext_aux_rnaseq_cup_nrisk	results/stage8/external/tables/metrics.tsv	subset == 'common_label' and analysis_cohort == 'aux_rnaseq' and method == 'CUP-AI-Dx'	n_at_risk	none	0	num	pre-specified descriptive	aux		n	at risk	aux, CUP-AI-Dx, n, at risk set (pre-specified comparison)	A14 fact	
abl_MET500_base_top1	results/stage9/ablation/metrics.tsv	cohort == 'MET500' and method == 'BASE-Z'	top1	none	3	num	post hoc	MET500	baseline	top-1 accuracy	evaluation	MET500, baseline, top-1 accuracy, evaluation set (post hoc ablation)	A14 fact	
abl_MET500_base_host	results/stage9/ablation/metrics.tsv	cohort == 'MET500' and method == 'BASE-Z'	host_rate	none	3	num	post hoc	MET500	baseline	host-attraction rate	at risk	MET500, baseline, host-attraction rate, at risk set (post hoc ablation)	A14 fact	
abl_MET500_base_native	results/stage9/ablation/metrics.tsv	cohort == 'MET500' and method == 'BASE-Z'	native_truth_top1	none	3	num	post hoc	MET500	baseline	top-1 accuracy	native truth	MET500, baseline, top-1 accuracy, native truth set (post hoc ablation)	A14 fact	
abl_MET500_base_n	results/stage9/ablation/metrics.tsv	cohort == 'MET500' and method == 'BASE-Z'	n	none	0	num	post hoc	MET500		n	evaluation	MET500, baseline, n, evaluation set (post hoc ablation)	A14 fact	
abl_MET500_base_nrisk	results/stage9/ablation/metrics.tsv	cohort == 'MET500' and method == 'BASE-Z'	n_at_risk	none	0	num	post hoc	MET500		n	at risk	MET500, baseline, n, at risk set (post hoc ablation)	A14 fact	
abl_MET500_base_nnative	results/stage9/ablation/metrics.tsv	cohort == 'MET500' and method == 'BASE-Z'	n_native_truth	none	0	num	post hoc	MET500		n	native truth	MET500, baseline, n, native truth set (post hoc ablation)	A14 fact	
abl_MET500_pure03_top1	results/stage9/ablation/metrics.tsv	cohort == 'MET500' and method == 'PURE-Zs'	top1	none	3	num	post hoc	MET500	pure C=0.03	top-1 accuracy	evaluation	MET500, pure C=0.03, top-1 accuracy, evaluation set (post hoc ablation)	A14 fact	
abl_MET500_pure03_host	results/stage9/ablation/metrics.tsv	cohort == 'MET500' and method == 'PURE-Zs'	host_rate	none	3	num	post hoc	MET500	pure C=0.03	host-attraction rate	at risk	MET500, pure C=0.03, host-attraction rate, at risk set (post hoc ablation)	A14 fact	
abl_MET500_pure03_native	results/stage9/ablation/metrics.tsv	cohort == 'MET500' and method == 'PURE-Zs'	native_truth_top1	none	3	num	post hoc	MET500	pure C=0.03	top-1 accuracy	native truth	MET500, pure C=0.03, top-1 accuracy, native truth set (post hoc ablation)	A14 fact	
abl_MET500_pure03_n	results/stage9/ablation/metrics.tsv	cohort == 'MET500' and method == 'PURE-Zs'	n	none	0	num	post hoc	MET500		n	evaluation	MET500, pure C=0.03, n, evaluation set (post hoc ablation)	A14 fact	
abl_MET500_pure03_nrisk	results/stage9/ablation/metrics.tsv	cohort == 'MET500' and method == 'PURE-Zs'	n_at_risk	none	0	num	post hoc	MET500		n	at risk	MET500, pure C=0.03, n, at risk set (post hoc ablation)	A14 fact	
abl_MET500_pure03_nnative	results/stage9/ablation/metrics.tsv	cohort == 'MET500' and method == 'PURE-Zs'	n_native_truth	none	0	num	post hoc	MET500		n	native truth	MET500, pure C=0.03, n, native truth set (post hoc ablation)	A14 fact	
abl_MET500_pure15_top1	results/stage9/ablation/metrics.tsv	cohort == 'MET500' and method == 'PURE-Zs-w'	top1	none	3	num	post hoc	MET500	pure C=0.15	top-1 accuracy	evaluation	MET500, pure C=0.15, top-1 accuracy, evaluation set (post hoc ablation)	A14 fact	
abl_MET500_pure15_host	results/stage9/ablation/metrics.tsv	cohort == 'MET500' and method == 'PURE-Zs-w'	host_rate	none	3	num	post hoc	MET500	pure C=0.15	host-attraction rate	at risk	MET500, pure C=0.15, host-attraction rate, at risk set (post hoc ablation)	A14 fact	
abl_MET500_pure15_native	results/stage9/ablation/metrics.tsv	cohort == 'MET500' and method == 'PURE-Zs-w'	native_truth_top1	none	3	num	post hoc	MET500	pure C=0.15	top-1 accuracy	native truth	MET500, pure C=0.15, top-1 accuracy, native truth set (post hoc ablation)	A14 fact	
abl_MET500_pure15_n	results/stage9/ablation/metrics.tsv	cohort == 'MET500' and method == 'PURE-Zs-w'	n	none	0	num	post hoc	MET500		n	evaluation	MET500, pure C=0.15, n, evaluation set (post hoc ablation)	A14 fact	
abl_MET500_pure15_nrisk	results/stage9/ablation/metrics.tsv	cohort == 'MET500' and method == 'PURE-Zs-w'	n_at_risk	none	0	num	post hoc	MET500		n	at risk	MET500, pure C=0.15, n, at risk set (post hoc ablation)	A14 fact	
abl_MET500_pure15_nnative	results/stage9/ablation/metrics.tsv	cohort == 'MET500' and method == 'PURE-Zs-w'	n_native_truth	none	0	num	post hoc	MET500		n	native truth	MET500, pure C=0.15, n, native truth set (post hoc ablation)	A14 fact	
abl_MET500_mix_top1	results/stage9/ablation/metrics.tsv	cohort == 'MET500' and method == 'MIX-Z0'	top1	none	3	num	post hoc	MET500	mixture model	top-1 accuracy	evaluation	MET500, mixture model, top-1 accuracy, evaluation set (post hoc ablation)	A14 fact	
abl_MET500_mix_host	results/stage9/ablation/metrics.tsv	cohort == 'MET500' and method == 'MIX-Z0'	host_rate	none	3	num	post hoc	MET500	mixture model	host-attraction rate	at risk	MET500, mixture model, host-attraction rate, at risk set (post hoc ablation)	A14 fact	
abl_MET500_mix_native	results/stage9/ablation/metrics.tsv	cohort == 'MET500' and method == 'MIX-Z0'	native_truth_top1	none	3	num	post hoc	MET500	mixture model	top-1 accuracy	native truth	MET500, mixture model, top-1 accuracy, native truth set (post hoc ablation)	A14 fact	
abl_MET500_mix_n	results/stage9/ablation/metrics.tsv	cohort == 'MET500' and method == 'MIX-Z0'	n	none	0	num	post hoc	MET500		n	evaluation	MET500, mixture model, n, evaluation set (post hoc ablation)	A14 fact	
abl_MET500_mix_nrisk	results/stage9/ablation/metrics.tsv	cohort == 'MET500' and method == 'MIX-Z0'	n_at_risk	none	0	num	post hoc	MET500		n	at risk	MET500, mixture model, n, at risk set (post hoc ablation)	A14 fact	
abl_MET500_mix_nnative	results/stage9/ablation/metrics.tsv	cohort == 'MET500' and method == 'MIX-Z0'	n_native_truth	none	0	num	post hoc	MET500		n	native truth	MET500, mixture model, n, native truth set (post hoc ablation)	A14 fact	
abl_MET500_sa_top1	results/stage9/ablation/metrics.tsv	cohort == 'MET500' and method == 'SA-Z'	top1	none	3	num	post hoc	MET500	HostMix-TOO	top-1 accuracy	evaluation	MET500, HostMix-TOO, top-1 accuracy, evaluation set (post hoc ablation)	A14 fact	
abl_MET500_sa_host	results/stage9/ablation/metrics.tsv	cohort == 'MET500' and method == 'SA-Z'	host_rate	none	3	num	post hoc	MET500	HostMix-TOO	host-attraction rate	at risk	MET500, HostMix-TOO, host-attraction rate, at risk set (post hoc ablation)	A14 fact	
abl_MET500_sa_native	results/stage9/ablation/metrics.tsv	cohort == 'MET500' and method == 'SA-Z'	native_truth_top1	none	3	num	post hoc	MET500	HostMix-TOO	top-1 accuracy	native truth	MET500, HostMix-TOO, top-1 accuracy, native truth set (post hoc ablation)	A14 fact	
abl_MET500_sa_n	results/stage9/ablation/metrics.tsv	cohort == 'MET500' and method == 'SA-Z'	n	none	0	num	post hoc	MET500		n	evaluation	MET500, HostMix-TOO, n, evaluation set (post hoc ablation)	A14 fact	
abl_MET500_sa_nrisk	results/stage9/ablation/metrics.tsv	cohort == 'MET500' and method == 'SA-Z'	n_at_risk	none	0	num	post hoc	MET500		n	at risk	MET500, HostMix-TOO, n, at risk set (post hoc ablation)	A14 fact	
abl_MET500_sa_nnative	results/stage9/ablation/metrics.tsv	cohort == 'MET500' and method == 'SA-Z'	n_native_truth	none	0	num	post hoc	MET500		n	native truth	MET500, HostMix-TOO, n, native truth set (post hoc ablation)	A14 fact	
abl_POG570_base_top1	results/stage9/ablation/metrics.tsv	cohort == 'POG570' and method == 'BASE-Z'	top1	none	3	num	post hoc	POG570	baseline	top-1 accuracy	evaluation	POG570, baseline, top-1 accuracy, evaluation set (post hoc ablation)	A14 fact	
abl_POG570_base_host	results/stage9/ablation/metrics.tsv	cohort == 'POG570' and method == 'BASE-Z'	host_rate	none	3	num	post hoc	POG570	baseline	host-attraction rate	at risk	POG570, baseline, host-attraction rate, at risk set (post hoc ablation)	A14 fact	
abl_POG570_base_native	results/stage9/ablation/metrics.tsv	cohort == 'POG570' and method == 'BASE-Z'	native_truth_top1	none	3	num	post hoc	POG570	baseline	top-1 accuracy	native truth	POG570, baseline, top-1 accuracy, native truth set (post hoc ablation)	A14 fact	
abl_POG570_base_n	results/stage9/ablation/metrics.tsv	cohort == 'POG570' and method == 'BASE-Z'	n	none	0	num	post hoc	POG570		n	evaluation	POG570, baseline, n, evaluation set (post hoc ablation)	A14 fact	
abl_POG570_base_nrisk	results/stage9/ablation/metrics.tsv	cohort == 'POG570' and method == 'BASE-Z'	n_at_risk	none	0	num	post hoc	POG570		n	at risk	POG570, baseline, n, at risk set (post hoc ablation)	A14 fact	
abl_POG570_base_nnative	results/stage9/ablation/metrics.tsv	cohort == 'POG570' and method == 'BASE-Z'	n_native_truth	none	0	num	post hoc	POG570		n	native truth	POG570, baseline, n, native truth set (post hoc ablation)	A14 fact	
abl_POG570_pure03_top1	results/stage9/ablation/metrics.tsv	cohort == 'POG570' and method == 'PURE-Zs'	top1	none	3	num	post hoc	POG570	pure C=0.03	top-1 accuracy	evaluation	POG570, pure C=0.03, top-1 accuracy, evaluation set (post hoc ablation)	A14 fact	
abl_POG570_pure03_host	results/stage9/ablation/metrics.tsv	cohort == 'POG570' and method == 'PURE-Zs'	host_rate	none	3	num	post hoc	POG570	pure C=0.03	host-attraction rate	at risk	POG570, pure C=0.03, host-attraction rate, at risk set (post hoc ablation)	A14 fact	
abl_POG570_pure03_native	results/stage9/ablation/metrics.tsv	cohort == 'POG570' and method == 'PURE-Zs'	native_truth_top1	none	3	num	post hoc	POG570	pure C=0.03	top-1 accuracy	native truth	POG570, pure C=0.03, top-1 accuracy, native truth set (post hoc ablation)	A14 fact	
abl_POG570_pure03_n	results/stage9/ablation/metrics.tsv	cohort == 'POG570' and method == 'PURE-Zs'	n	none	0	num	post hoc	POG570		n	evaluation	POG570, pure C=0.03, n, evaluation set (post hoc ablation)	A14 fact	
abl_POG570_pure03_nrisk	results/stage9/ablation/metrics.tsv	cohort == 'POG570' and method == 'PURE-Zs'	n_at_risk	none	0	num	post hoc	POG570		n	at risk	POG570, pure C=0.03, n, at risk set (post hoc ablation)	A14 fact	
abl_POG570_pure03_nnative	results/stage9/ablation/metrics.tsv	cohort == 'POG570' and method == 'PURE-Zs'	n_native_truth	none	0	num	post hoc	POG570		n	native truth	POG570, pure C=0.03, n, native truth set (post hoc ablation)	A14 fact	
abl_POG570_pure15_top1	results/stage9/ablation/metrics.tsv	cohort == 'POG570' and method == 'PURE-Zs-w'	top1	none	3	num	post hoc	POG570	pure C=0.15	top-1 accuracy	evaluation	POG570, pure C=0.15, top-1 accuracy, evaluation set (post hoc ablation)	A14 fact	
abl_POG570_pure15_host	results/stage9/ablation/metrics.tsv	cohort == 'POG570' and method == 'PURE-Zs-w'	host_rate	none	3	num	post hoc	POG570	pure C=0.15	host-attraction rate	at risk	POG570, pure C=0.15, host-attraction rate, at risk set (post hoc ablation)	A14 fact	
abl_POG570_pure15_native	results/stage9/ablation/metrics.tsv	cohort == 'POG570' and method == 'PURE-Zs-w'	native_truth_top1	none	3	num	post hoc	POG570	pure C=0.15	top-1 accuracy	native truth	POG570, pure C=0.15, top-1 accuracy, native truth set (post hoc ablation)	A14 fact	
abl_POG570_pure15_n	results/stage9/ablation/metrics.tsv	cohort == 'POG570' and method == 'PURE-Zs-w'	n	none	0	num	post hoc	POG570		n	evaluation	POG570, pure C=0.15, n, evaluation set (post hoc ablation)	A14 fact	
abl_POG570_pure15_nrisk	results/stage9/ablation/metrics.tsv	cohort == 'POG570' and method == 'PURE-Zs-w'	n_at_risk	none	0	num	post hoc	POG570		n	at risk	POG570, pure C=0.15, n, at risk set (post hoc ablation)	A14 fact	
abl_POG570_pure15_nnative	results/stage9/ablation/metrics.tsv	cohort == 'POG570' and method == 'PURE-Zs-w'	n_native_truth	none	0	num	post hoc	POG570		n	native truth	POG570, pure C=0.15, n, native truth set (post hoc ablation)	A14 fact	
abl_POG570_mix_top1	results/stage9/ablation/metrics.tsv	cohort == 'POG570' and method == 'MIX-Z0'	top1	none	3	num	post hoc	POG570	mixture model	top-1 accuracy	evaluation	POG570, mixture model, top-1 accuracy, evaluation set (post hoc ablation)	A14 fact	
abl_POG570_mix_host	results/stage9/ablation/metrics.tsv	cohort == 'POG570' and method == 'MIX-Z0'	host_rate	none	3	num	post hoc	POG570	mixture model	host-attraction rate	at risk	POG570, mixture model, host-attraction rate, at risk set (post hoc ablation)	A14 fact	
abl_POG570_mix_native	results/stage9/ablation/metrics.tsv	cohort == 'POG570' and method == 'MIX-Z0'	native_truth_top1	none	3	num	post hoc	POG570	mixture model	top-1 accuracy	native truth	POG570, mixture model, top-1 accuracy, native truth set (post hoc ablation)	A14 fact	
abl_POG570_mix_n	results/stage9/ablation/metrics.tsv	cohort == 'POG570' and method == 'MIX-Z0'	n	none	0	num	post hoc	POG570		n	evaluation	POG570, mixture model, n, evaluation set (post hoc ablation)	A14 fact	
abl_POG570_mix_nrisk	results/stage9/ablation/metrics.tsv	cohort == 'POG570' and method == 'MIX-Z0'	n_at_risk	none	0	num	post hoc	POG570		n	at risk	POG570, mixture model, n, at risk set (post hoc ablation)	A14 fact	
abl_POG570_mix_nnative	results/stage9/ablation/metrics.tsv	cohort == 'POG570' and method == 'MIX-Z0'	n_native_truth	none	0	num	post hoc	POG570		n	native truth	POG570, mixture model, n, native truth set (post hoc ablation)	A14 fact	
abl_POG570_sa_top1	results/stage9/ablation/metrics.tsv	cohort == 'POG570' and method == 'SA-Z'	top1	none	3	num	post hoc	POG570	HostMix-TOO	top-1 accuracy	evaluation	POG570, HostMix-TOO, top-1 accuracy, evaluation set (post hoc ablation)	A14 fact	
abl_POG570_sa_host	results/stage9/ablation/metrics.tsv	cohort == 'POG570' and method == 'SA-Z'	host_rate	none	3	num	post hoc	POG570	HostMix-TOO	host-attraction rate	at risk	POG570, HostMix-TOO, host-attraction rate, at risk set (post hoc ablation)	A14 fact	
abl_POG570_sa_native	results/stage9/ablation/metrics.tsv	cohort == 'POG570' and method == 'SA-Z'	native_truth_top1	none	3	num	post hoc	POG570	HostMix-TOO	top-1 accuracy	native truth	POG570, HostMix-TOO, top-1 accuracy, native truth set (post hoc ablation)	A14 fact	
abl_POG570_sa_n	results/stage9/ablation/metrics.tsv	cohort == 'POG570' and method == 'SA-Z'	n	none	0	num	post hoc	POG570		n	evaluation	POG570, HostMix-TOO, n, evaluation set (post hoc ablation)	A14 fact	
abl_POG570_sa_nrisk	results/stage9/ablation/metrics.tsv	cohort == 'POG570' and method == 'SA-Z'	n_at_risk	none	0	num	post hoc	POG570		n	at risk	POG570, HostMix-TOO, n, at risk set (post hoc ablation)	A14 fact	
abl_POG570_sa_nnative	results/stage9/ablation/metrics.tsv	cohort == 'POG570' and method == 'SA-Z'	n_native_truth	none	0	num	post hoc	POG570		n	native truth	POG570, HostMix-TOO, n, native truth set (post hoc ablation)	A14 fact	
abl_aux_rnaseq_base_top1	results/stage9/ablation/metrics.tsv	cohort == 'aux_rnaseq' and method == 'BASE-Z'	top1	none	3	num	post hoc	aux	baseline	top-1 accuracy	evaluation	aux, baseline, top-1 accuracy, evaluation set (post hoc ablation)	A14 fact	
abl_aux_rnaseq_base_host	results/stage9/ablation/metrics.tsv	cohort == 'aux_rnaseq' and method == 'BASE-Z'	host_rate	none	3	num	post hoc	aux	baseline	host-attraction rate	at risk	aux, baseline, host-attraction rate, at risk set (post hoc ablation)	A14 fact	
abl_aux_rnaseq_base_native	results/stage9/ablation/metrics.tsv	cohort == 'aux_rnaseq' and method == 'BASE-Z'	native_truth_top1	none	3	num	post hoc	aux	baseline	top-1 accuracy	native truth	aux, baseline, top-1 accuracy, native truth set (post hoc ablation)	A14 fact	
abl_aux_rnaseq_base_n	results/stage9/ablation/metrics.tsv	cohort == 'aux_rnaseq' and method == 'BASE-Z'	n	none	0	num	post hoc	aux		n	evaluation	aux, baseline, n, evaluation set (post hoc ablation)	A14 fact	
abl_aux_rnaseq_base_nrisk	results/stage9/ablation/metrics.tsv	cohort == 'aux_rnaseq' and method == 'BASE-Z'	n_at_risk	none	0	num	post hoc	aux		n	at risk	aux, baseline, n, at risk set (post hoc ablation)	A14 fact	
abl_aux_rnaseq_base_nnative	results/stage9/ablation/metrics.tsv	cohort == 'aux_rnaseq' and method == 'BASE-Z'	n_native_truth	none	0	num	post hoc	aux		n	native truth	aux, baseline, n, native truth set (post hoc ablation)	A14 fact	
abl_aux_rnaseq_pure03_top1	results/stage9/ablation/metrics.tsv	cohort == 'aux_rnaseq' and method == 'PURE-Zs'	top1	none	3	num	post hoc	aux	pure C=0.03	top-1 accuracy	evaluation	aux, pure C=0.03, top-1 accuracy, evaluation set (post hoc ablation)	A14 fact	
abl_aux_rnaseq_pure03_host	results/stage9/ablation/metrics.tsv	cohort == 'aux_rnaseq' and method == 'PURE-Zs'	host_rate	none	3	num	post hoc	aux	pure C=0.03	host-attraction rate	at risk	aux, pure C=0.03, host-attraction rate, at risk set (post hoc ablation)	A14 fact	
abl_aux_rnaseq_pure03_native	results/stage9/ablation/metrics.tsv	cohort == 'aux_rnaseq' and method == 'PURE-Zs'	native_truth_top1	none	3	num	post hoc	aux	pure C=0.03	top-1 accuracy	native truth	aux, pure C=0.03, top-1 accuracy, native truth set (post hoc ablation)	A14 fact	
abl_aux_rnaseq_pure03_n	results/stage9/ablation/metrics.tsv	cohort == 'aux_rnaseq' and method == 'PURE-Zs'	n	none	0	num	post hoc	aux		n	evaluation	aux, pure C=0.03, n, evaluation set (post hoc ablation)	A14 fact	
abl_aux_rnaseq_pure03_nrisk	results/stage9/ablation/metrics.tsv	cohort == 'aux_rnaseq' and method == 'PURE-Zs'	n_at_risk	none	0	num	post hoc	aux		n	at risk	aux, pure C=0.03, n, at risk set (post hoc ablation)	A14 fact	
abl_aux_rnaseq_pure03_nnative	results/stage9/ablation/metrics.tsv	cohort == 'aux_rnaseq' and method == 'PURE-Zs'	n_native_truth	none	0	num	post hoc	aux		n	native truth	aux, pure C=0.03, n, native truth set (post hoc ablation)	A14 fact	
abl_aux_rnaseq_pure15_top1	results/stage9/ablation/metrics.tsv	cohort == 'aux_rnaseq' and method == 'PURE-Zs-w'	top1	none	3	num	post hoc	aux	pure C=0.15	top-1 accuracy	evaluation	aux, pure C=0.15, top-1 accuracy, evaluation set (post hoc ablation)	A14 fact	
abl_aux_rnaseq_pure15_host	results/stage9/ablation/metrics.tsv	cohort == 'aux_rnaseq' and method == 'PURE-Zs-w'	host_rate	none	3	num	post hoc	aux	pure C=0.15	host-attraction rate	at risk	aux, pure C=0.15, host-attraction rate, at risk set (post hoc ablation)	A14 fact	
abl_aux_rnaseq_pure15_native	results/stage9/ablation/metrics.tsv	cohort == 'aux_rnaseq' and method == 'PURE-Zs-w'	native_truth_top1	none	3	num	post hoc	aux	pure C=0.15	top-1 accuracy	native truth	aux, pure C=0.15, top-1 accuracy, native truth set (post hoc ablation)	A14 fact	
abl_aux_rnaseq_pure15_n	results/stage9/ablation/metrics.tsv	cohort == 'aux_rnaseq' and method == 'PURE-Zs-w'	n	none	0	num	post hoc	aux		n	evaluation	aux, pure C=0.15, n, evaluation set (post hoc ablation)	A14 fact	
abl_aux_rnaseq_pure15_nrisk	results/stage9/ablation/metrics.tsv	cohort == 'aux_rnaseq' and method == 'PURE-Zs-w'	n_at_risk	none	0	num	post hoc	aux		n	at risk	aux, pure C=0.15, n, at risk set (post hoc ablation)	A14 fact	
abl_aux_rnaseq_pure15_nnative	results/stage9/ablation/metrics.tsv	cohort == 'aux_rnaseq' and method == 'PURE-Zs-w'	n_native_truth	none	0	num	post hoc	aux		n	native truth	aux, pure C=0.15, n, native truth set (post hoc ablation)	A14 fact	
abl_aux_rnaseq_mix_top1	results/stage9/ablation/metrics.tsv	cohort == 'aux_rnaseq' and method == 'MIX-Z0'	top1	none	3	num	post hoc	aux	mixture model	top-1 accuracy	evaluation	aux, mixture model, top-1 accuracy, evaluation set (post hoc ablation)	A14 fact	
abl_aux_rnaseq_mix_host	results/stage9/ablation/metrics.tsv	cohort == 'aux_rnaseq' and method == 'MIX-Z0'	host_rate	none	3	num	post hoc	aux	mixture model	host-attraction rate	at risk	aux, mixture model, host-attraction rate, at risk set (post hoc ablation)	A14 fact	
abl_aux_rnaseq_mix_native	results/stage9/ablation/metrics.tsv	cohort == 'aux_rnaseq' and method == 'MIX-Z0'	native_truth_top1	none	3	num	post hoc	aux	mixture model	top-1 accuracy	native truth	aux, mixture model, top-1 accuracy, native truth set (post hoc ablation)	A14 fact	
abl_aux_rnaseq_mix_n	results/stage9/ablation/metrics.tsv	cohort == 'aux_rnaseq' and method == 'MIX-Z0'	n	none	0	num	post hoc	aux		n	evaluation	aux, mixture model, n, evaluation set (post hoc ablation)	A14 fact	
abl_aux_rnaseq_mix_nrisk	results/stage9/ablation/metrics.tsv	cohort == 'aux_rnaseq' and method == 'MIX-Z0'	n_at_risk	none	0	num	post hoc	aux		n	at risk	aux, mixture model, n, at risk set (post hoc ablation)	A14 fact	
abl_aux_rnaseq_mix_nnative	results/stage9/ablation/metrics.tsv	cohort == 'aux_rnaseq' and method == 'MIX-Z0'	n_native_truth	none	0	num	post hoc	aux		n	native truth	aux, mixture model, n, native truth set (post hoc ablation)	A14 fact	
abl_aux_rnaseq_sa_top1	results/stage9/ablation/metrics.tsv	cohort == 'aux_rnaseq' and method == 'SA-Z'	top1	none	3	num	post hoc	aux	HostMix-TOO	top-1 accuracy	evaluation	aux, HostMix-TOO, top-1 accuracy, evaluation set (post hoc ablation)	A14 fact	
abl_aux_rnaseq_sa_host	results/stage9/ablation/metrics.tsv	cohort == 'aux_rnaseq' and method == 'SA-Z'	host_rate	none	3	num	post hoc	aux	HostMix-TOO	host-attraction rate	at risk	aux, HostMix-TOO, host-attraction rate, at risk set (post hoc ablation)	A14 fact	
abl_aux_rnaseq_sa_native	results/stage9/ablation/metrics.tsv	cohort == 'aux_rnaseq' and method == 'SA-Z'	native_truth_top1	none	3	num	post hoc	aux	HostMix-TOO	top-1 accuracy	native truth	aux, HostMix-TOO, top-1 accuracy, native truth set (post hoc ablation)	A14 fact	
abl_aux_rnaseq_sa_n	results/stage9/ablation/metrics.tsv	cohort == 'aux_rnaseq' and method == 'SA-Z'	n	none	0	num	post hoc	aux		n	evaluation	aux, HostMix-TOO, n, evaluation set (post hoc ablation)	A14 fact	
abl_aux_rnaseq_sa_nrisk	results/stage9/ablation/metrics.tsv	cohort == 'aux_rnaseq' and method == 'SA-Z'	n_at_risk	none	0	num	post hoc	aux		n	at risk	aux, HostMix-TOO, n, at risk set (post hoc ablation)	A14 fact	
abl_aux_rnaseq_sa_nnative	results/stage9/ablation/metrics.tsv	cohort == 'aux_rnaseq' and method == 'SA-Z'	n_native_truth	none	0	num	post hoc	aux		n	native truth	aux, HostMix-TOO, n, native truth set (post hoc ablation)	A14 fact	
loho_liver	results/stage5/sim_ext/full.tsv	tissue == 'Liver' and rho == 0.6 and method == 'SA-LOHO-Liver'	host_rate	none	3	num	exploratory	sim	leave-one-host-out	host-attraction rate	liver, rho 0.6	simulation, liver mixtures at rho 0.6, leave-one-host-out, host-attraction rate	A14 fact	
base_liver	results/stage5/sim_ext/full.tsv	tissue == 'Liver' and rho == 0.6 and method == 'BASE-Z'	host_rate	none	3	num	exploratory	sim	baseline	host-attraction rate	liver, rho 0.6	simulation, liver mixtures at rho 0.6, baseline, host-attraction rate	A14 fact	
H1_diff_pct	results/stage4/confirm/primary.tsv	hypothesis == 'H1'	diff	x100	1	num	preregistered	POG570	HostMix-TOO	host-attraction rate	at risk	H1, POG570, host-attraction rate, at risk set, difference (percentage points)		
H1_ci_low_pct	results/stage4/confirm/primary.tsv	hypothesis == 'H1'	ci_low	x100	1	num	preregistered	POG570	HostMix-TOO	host-attraction rate	at risk	H1, POG570, host-attraction rate, at risk set, 95% CI lower end (percentage points)		
H1_ci_high_pct	results/stage4/confirm/primary.tsv	hypothesis == 'H1'	ci_high	x100	1	num	preregistered	POG570	HostMix-TOO	host-attraction rate	at risk	H1, POG570, host-attraction rate, at risk set, 95% CI upper end (percentage points)		
H2_diff_pct	results/stage4/confirm/primary.tsv	hypothesis == 'H2'	diff	x100	1	num	preregistered	POG570	HostMix-TOO	top-1 accuracy	evaluation	H2, POG570, top-1 accuracy, evaluation set, difference (percentage points)		
H2_ci_low_pct	results/stage4/confirm/primary.tsv	hypothesis == 'H2'	ci_low	x100	1	num	preregistered	POG570	HostMix-TOO	top-1 accuracy	evaluation	H2, POG570, top-1 accuracy, evaluation set, 95% CI lower end (percentage points)		
H2_ci_high_pct	results/stage4/confirm/primary.tsv	hypothesis == 'H2'	ci_high	x100	1	num	preregistered	POG570	HostMix-TOO	top-1 accuracy	evaluation	H2, POG570, top-1 accuracy, evaluation set, 95% CI upper end (percentage points)		
H3_diff_pct	results/stage4/confirm/primary.tsv	hypothesis == 'H3'	diff	x100	1	num	preregistered	POG570	HostMix-TOO	top-1 accuracy	native truth	H3, POG570, top-1 accuracy, native truth set, difference (percentage points)		
H3_ci_low_pct	results/stage4/confirm/primary.tsv	hypothesis == 'H3'	ci_low	x100	1	num	preregistered	POG570	HostMix-TOO	top-1 accuracy	native truth	H3, POG570, top-1 accuracy, native truth set, 95% CI lower end (percentage points)		
H3_ci_high_pct	results/stage4/confirm/primary.tsv	hypothesis == 'H3'	ci_high	x100	1	num	preregistered	POG570	HostMix-TOO	top-1 accuracy	native truth	H3, POG570, top-1 accuracy, native truth set, 95% CI upper end (percentage points)		
H3_bound_pct	results/stage4/confirm/primary.tsv	hypothesis == 'H3'	onesided_low	x100	1	num	preregistered	POG570	HostMix-TOO	top-1 accuracy	native truth	H3, POG570, top-1 accuracy, native truth set, one-sided 95% lower bound (percentage points)		
pog_base_top1_pct	results/stage4/confirm/secondary_overall.tsv	method == 'BASE-Z'	top1	x100	1	num	preregistered	POG570	baseline	top-1 accuracy	evaluation	POG570, baseline, top-1 accuracy, evaluation set (percent)		
pog_sa_top1_pct	results/stage4/confirm/secondary_overall.tsv	method == 'SA-Z'	top1	x100	1	num	preregistered	POG570	HostMix-TOO	top-1 accuracy	evaluation	POG570, HostMix-TOO, top-1 accuracy, evaluation set (percent)		
pog_base_host_pct	results/stage4/confirm/secondary_overall.tsv	method == 'BASE-Z'	host_rate	x100	1	num	preregistered	POG570	baseline	host-attraction rate	at risk	POG570, baseline, host-attraction rate, at risk set (percent)		
pog_sa_host_pct	results/stage4/confirm/secondary_overall.tsv	method == 'SA-Z'	host_rate	x100	1	num	preregistered	POG570	HostMix-TOO	host-attraction rate	at risk	POG570, HostMix-TOO, host-attraction rate, at risk set (percent)		
pog_base_native_pct	results/stage4/confirm/secondary_overall.tsv	method == 'BASE-Z'	native_truth_top1	x100	1	num	preregistered	POG570	baseline	top-1 accuracy	native truth	POG570, baseline, top-1 accuracy, native truth set (percent)		
pog_sa_native_pct	results/stage4/confirm/secondary_overall.tsv	method == 'SA-Z'	native_truth_top1	x100	1	num	preregistered	POG570	HostMix-TOO	top-1 accuracy	native truth	POG570, HostMix-TOO, top-1 accuracy, native truth set (percent)		
pog_basek_top1	results/stage4/confirm/secondary_overall.tsv	method == 'BASE-K'	top1	none	3	num	pre-specified descriptive	POG570	gene sets	top-1 accuracy	evaluation	POG570 confirmation, gene sets, top-1 accuracy, evaluation set		
pog_basek_host	results/stage4/confirm/secondary_overall.tsv	method == 'BASE-K'	host_rate	none	3	num	pre-specified descriptive	POG570	gene sets	host-attraction rate	at risk	POG570 confirmation, gene sets, host-attraction rate, at risk set		
pog_basek_native	results/stage4/confirm/secondary_overall.tsv	method == 'BASE-K'	native_truth_top1	none	3	num	pre-specified descriptive	POG570	gene sets	top-1 accuracy	native truth	POG570 confirmation, gene sets, top-1 accuracy, native truth set		
pog_basek_n	results/stage4/confirm/secondary_overall.tsv	method == 'BASE-K'	n	none	0	num	pre-specified descriptive	POG570		n	evaluation	POG570 confirmation, n, evaluation set		
pog_basek_nrisk	results/stage4/confirm/secondary_overall.tsv	method == 'BASE-K'	n_at_risk	none	0	num	pre-specified descriptive	POG570		n	at risk	POG570 confirmation, n, at risk set		
pog_basek_nnative	results/stage4/confirm/secondary_overall.tsv	method == 'BASE-K'	n_native_truth	none	0	num	pre-specified descriptive	POG570		n	native truth	POG570 confirmation, n, native truth set		
pog_sc_top1	results/stage4/confirm/secondary_overall.tsv	method == 'SC-Z'	top1	none	3	num	pre-specified descriptive	POG570	site-specific	top-1 accuracy	evaluation	POG570 confirmation, site-specific, top-1 accuracy, evaluation set		
pog_sc_host	results/stage4/confirm/secondary_overall.tsv	method == 'SC-Z'	host_rate	none	3	num	pre-specified descriptive	POG570	site-specific	host-attraction rate	at risk	POG570 confirmation, site-specific, host-attraction rate, at risk set		
pog_sc_native	results/stage4/confirm/secondary_overall.tsv	method == 'SC-Z'	native_truth_top1	none	3	num	pre-specified descriptive	POG570	site-specific	top-1 accuracy	native truth	POG570 confirmation, site-specific, top-1 accuracy, native truth set		
pog_sc_n	results/stage4/confirm/secondary_overall.tsv	method == 'SC-Z'	n	none	0	num	pre-specified descriptive	POG570		n	evaluation	POG570 confirmation, n, evaluation set		
pog_sc_nrisk	results/stage4/confirm/secondary_overall.tsv	method == 'SC-Z'	n_at_risk	none	0	num	pre-specified descriptive	POG570		n	at risk	POG570 confirmation, n, at risk set		
pog_sc_nnative	results/stage4/confirm/secondary_overall.tsv	method == 'SC-Z'	n_native_truth	none	0	num	pre-specified descriptive	POG570		n	native truth	POG570 confirmation, n, native truth set		
pog_ld_top1	results/stage4/confirm/secondary_overall.tsv	method == 'LD-Z'	top1	none	3	num	pre-specified descriptive	POG570	deconvolution	top-1 accuracy	evaluation	POG570 confirmation, deconvolution, top-1 accuracy, evaluation set		
pog_ld_host	results/stage4/confirm/secondary_overall.tsv	method == 'LD-Z'	host_rate	none	3	num	pre-specified descriptive	POG570	deconvolution	host-attraction rate	at risk	POG570 confirmation, deconvolution, host-attraction rate, at risk set		
pog_ld_native	results/stage4/confirm/secondary_overall.tsv	method == 'LD-Z'	native_truth_top1	none	3	num	pre-specified descriptive	POG570	deconvolution	top-1 accuracy	native truth	POG570 confirmation, deconvolution, top-1 accuracy, native truth set		
pog_ld_n	results/stage4/confirm/secondary_overall.tsv	method == 'LD-Z'	n	none	0	num	pre-specified descriptive	POG570		n	evaluation	POG570 confirmation, n, evaluation set		
pog_ld_nrisk	results/stage4/confirm/secondary_overall.tsv	method == 'LD-Z'	n_at_risk	none	0	num	pre-specified descriptive	POG570		n	at risk	POG570 confirmation, n, at risk set		
pog_ld_nnative	results/stage4/confirm/secondary_overall.tsv	method == 'LD-Z'	n_native_truth	none	0	num	pre-specified descriptive	POG570		n	native truth	POG570 confirmation, n, native truth set		
pog_nc_top1	results/stage4/confirm/secondary_overall.tsv	method == 'NC-Z'	top1	none	3	num	pre-specified descriptive	POG570	normal classes	top-1 accuracy	evaluation	POG570 confirmation, normal classes, top-1 accuracy, evaluation set		
pog_nc_host	results/stage4/confirm/secondary_overall.tsv	method == 'NC-Z'	host_rate	none	3	num	pre-specified descriptive	POG570	normal classes	host-attraction rate	at risk	POG570 confirmation, normal classes, host-attraction rate, at risk set		
pog_nc_native	results/stage4/confirm/secondary_overall.tsv	method == 'NC-Z'	native_truth_top1	none	3	num	pre-specified descriptive	POG570	normal classes	top-1 accuracy	native truth	POG570 confirmation, normal classes, top-1 accuracy, native truth set		
pog_nc_n	results/stage4/confirm/secondary_overall.tsv	method == 'NC-Z'	n	none	0	num	pre-specified descriptive	POG570		n	evaluation	POG570 confirmation, n, evaluation set		
pog_nc_nrisk	results/stage4/confirm/secondary_overall.tsv	method == 'NC-Z'	n_at_risk	none	0	num	pre-specified descriptive	POG570		n	at risk	POG570 confirmation, n, at risk set		
pog_nc_nnative	results/stage4/confirm/secondary_overall.tsv	method == 'NC-Z'	n_native_truth	none	0	num	pre-specified descriptive	POG570		n	native truth	POG570 confirmation, n, native truth set		
pog_m1_top1	results/stage4/confirm/secondary_overall.tsv	method == 'M1-Z'	top1	none	3	num	pre-specified descriptive	POG570	masking	top-1 accuracy	evaluation	POG570 confirmation, masking, top-1 accuracy, evaluation set		
pog_m1_host	results/stage4/confirm/secondary_overall.tsv	method == 'M1-Z'	host_rate	none	3	num	pre-specified descriptive	POG570	masking	host-attraction rate	at risk	POG570 confirmation, masking, host-attraction rate, at risk set		
pog_m1_native	results/stage4/confirm/secondary_overall.tsv	method == 'M1-Z'	native_truth_top1	none	3	num	pre-specified descriptive	POG570	masking	top-1 accuracy	native truth	POG570 confirmation, masking, top-1 accuracy, native truth set		
pog_m1_n	results/stage4/confirm/secondary_overall.tsv	method == 'M1-Z'	n	none	0	num	pre-specified descriptive	POG570		n	evaluation	POG570 confirmation, n, evaluation set		
pog_m1_nrisk	results/stage4/confirm/secondary_overall.tsv	method == 'M1-Z'	n_at_risk	none	0	num	pre-specified descriptive	POG570		n	at risk	POG570 confirmation, n, at risk set		
pog_m1_nnative	results/stage4/confirm/secondary_overall.tsv	method == 'M1-Z'	n_native_truth	none	0	num	pre-specified descriptive	POG570		n	native truth	POG570 confirmation, n, native truth set		
pog_sak_top1	results/stage4/confirm/secondary_overall.tsv	method == 'SA-K'	top1	none	3	num	pre-specified descriptive	POG570	gene sets	top-1 accuracy	evaluation	POG570 confirmation, gene sets, top-1 accuracy, evaluation set		
pog_sak_host	results/stage4/confirm/secondary_overall.tsv	method == 'SA-K'	host_rate	none	3	num	pre-specified descriptive	POG570	gene sets	host-attraction rate	at risk	POG570 confirmation, gene sets, host-attraction rate, at risk set		
pog_sak_native	results/stage4/confirm/secondary_overall.tsv	method == 'SA-K'	native_truth_top1	none	3	num	pre-specified descriptive	POG570	gene sets	top-1 accuracy	native truth	POG570 confirmation, gene sets, top-1 accuracy, native truth set		
pog_sak_n	results/stage4/confirm/secondary_overall.tsv	method == 'SA-K'	n	none	0	num	pre-specified descriptive	POG570		n	evaluation	POG570 confirmation, n, evaluation set		
pog_sak_nrisk	results/stage4/confirm/secondary_overall.tsv	method == 'SA-K'	n_at_risk	none	0	num	pre-specified descriptive	POG570		n	at risk	POG570 confirmation, n, at risk set		
pog_sak_nnative	results/stage4/confirm/secondary_overall.tsv	method == 'SA-K'	n_native_truth	none	0	num	pre-specified descriptive	POG570		n	native truth	POG570 confirmation, n, native truth set		
pog_v0k_top1	results/stage4/confirm/secondary_overall.tsv	method == 'V0-K'	top1	none	3	num	pre-specified descriptive	POG570	gene sets	top-1 accuracy	evaluation	POG570 confirmation, gene sets, top-1 accuracy, evaluation set		
pog_v0k_host	results/stage4/confirm/secondary_overall.tsv	method == 'V0-K'	host_rate	none	3	num	pre-specified descriptive	POG570	gene sets	host-attraction rate	at risk	POG570 confirmation, gene sets, host-attraction rate, at risk set		
pog_v0k_native	results/stage4/confirm/secondary_overall.tsv	method == 'V0-K'	native_truth_top1	none	3	num	pre-specified descriptive	POG570	gene sets	top-1 accuracy	native truth	POG570 confirmation, gene sets, top-1 accuracy, native truth set		
pog_v0k_n	results/stage4/confirm/secondary_overall.tsv	method == 'V0-K'	n	none	0	num	pre-specified descriptive	POG570		n	evaluation	POG570 confirmation, n, evaluation set		
pog_v0k_nrisk	results/stage4/confirm/secondary_overall.tsv	method == 'V0-K'	n_at_risk	none	0	num	pre-specified descriptive	POG570		n	at risk	POG570 confirmation, n, at risk set		
pog_v0k_nnative	results/stage4/confirm/secondary_overall.tsv	method == 'V0-K'	n_native_truth	none	0	num	pre-specified descriptive	POG570		n	native truth	POG570 confirmation, n, native truth set		
pogsite_liver_base_top1	results/stage4/confirm/secondary_by_site.tsv	method == 'BASE-Z' and site_group == 'liver'	top1	none	3	num	pre-specified descriptive	POG570	baseline	top-1 accuracy	evaluation	POG570 liver biopsies, baseline, top-1 accuracy, evaluation set		
pogsite_liver_base_host	results/stage4/confirm/secondary_by_site.tsv	method == 'BASE-Z' and site_group == 'liver'	host_rate	none	3	num	pre-specified descriptive	POG570	baseline	host-attraction rate	at risk	POG570 liver biopsies, baseline, host-attraction rate, at risk set		
pogsite_liver_base_native	results/stage4/confirm/secondary_by_site.tsv	method == 'BASE-Z' and site_group == 'liver'	native_truth_top1	none	3	num	pre-specified descriptive	POG570	baseline	top-1 accuracy	native truth	POG570 liver biopsies, baseline, top-1 accuracy, native truth set		
pogsite_liver_base_n	results/stage4/confirm/secondary_by_site.tsv	method == 'BASE-Z' and site_group == 'liver'	n	none	0	num	pre-specified descriptive	POG570		n	evaluation	POG570 liver biopsies, n, evaluation set		
pogsite_liver_base_nrisk	results/stage4/confirm/secondary_by_site.tsv	method == 'BASE-Z' and site_group == 'liver'	n_at_risk	none	0	num	pre-specified descriptive	POG570		n	at risk	POG570 liver biopsies, n, at risk set		
pogsite_liver_base_nnative	results/stage4/confirm/secondary_by_site.tsv	method == 'BASE-Z' and site_group == 'liver'	n_native_truth	none	0	num	pre-specified descriptive	POG570		n	native truth	POG570 liver biopsies, n, native truth set		
pogsite_lung_base_top1	results/stage4/confirm/secondary_by_site.tsv	method == 'BASE-Z' and site_group == 'lung'	top1	none	3	num	pre-specified descriptive	POG570	baseline	top-1 accuracy	evaluation	POG570 lung biopsies, baseline, top-1 accuracy, evaluation set		
pogsite_lung_base_host	results/stage4/confirm/secondary_by_site.tsv	method == 'BASE-Z' and site_group == 'lung'	host_rate	none	3	num	pre-specified descriptive	POG570	baseline	host-attraction rate	at risk	POG570 lung biopsies, baseline, host-attraction rate, at risk set		
pogsite_lung_base_native	results/stage4/confirm/secondary_by_site.tsv	method == 'BASE-Z' and site_group == 'lung'	native_truth_top1	none	3	num	pre-specified descriptive	POG570	baseline	top-1 accuracy	native truth	POG570 lung biopsies, baseline, top-1 accuracy, native truth set		
pogsite_lung_base_n	results/stage4/confirm/secondary_by_site.tsv	method == 'BASE-Z' and site_group == 'lung'	n	none	0	num	pre-specified descriptive	POG570		n	evaluation	POG570 lung biopsies, n, evaluation set		
pogsite_lung_base_nrisk	results/stage4/confirm/secondary_by_site.tsv	method == 'BASE-Z' and site_group == 'lung'	n_at_risk	none	0	num	pre-specified descriptive	POG570		n	at risk	POG570 lung biopsies, n, at risk set		
pogsite_lung_base_nnative	results/stage4/confirm/secondary_by_site.tsv	method == 'BASE-Z' and site_group == 'lung'	n_native_truth	none	0	num	pre-specified descriptive	POG570		n	native truth	POG570 lung biopsies, n, native truth set		
pogsite_lymph_node_base_top1	results/stage4/confirm/secondary_by_site.tsv	method == 'BASE-Z' and site_group == 'lymph_node'	top1	none	3	num	pre-specified descriptive	POG570	baseline	top-1 accuracy	evaluation	POG570 lymph_node biopsies, baseline, top-1 accuracy, evaluation set		
pogsite_lymph_node_base_host	results/stage4/confirm/secondary_by_site.tsv	method == 'BASE-Z' and site_group == 'lymph_node'	host_rate	none	3	num	pre-specified descriptive	POG570	baseline	host-attraction rate	at risk	POG570 lymph_node biopsies, baseline, host-attraction rate, at risk set		
pogsite_lymph_node_base_native	results/stage4/confirm/secondary_by_site.tsv	method == 'BASE-Z' and site_group == 'lymph_node'	native_truth_top1	none	3	num	pre-specified descriptive	POG570	baseline	top-1 accuracy	native truth	POG570 lymph_node biopsies, baseline, top-1 accuracy, native truth set		
pogsite_lymph_node_base_n	results/stage4/confirm/secondary_by_site.tsv	method == 'BASE-Z' and site_group == 'lymph_node'	n	none	0	num	pre-specified descriptive	POG570		n	evaluation	POG570 lymph_node biopsies, n, evaluation set		
pogsite_lymph_node_base_nrisk	results/stage4/confirm/secondary_by_site.tsv	method == 'BASE-Z' and site_group == 'lymph_node'	n_at_risk	none	0	num	pre-specified descriptive	POG570		n	at risk	POG570 lymph_node biopsies, n, at risk set		
pogsite_lymph_node_base_nnative	results/stage4/confirm/secondary_by_site.tsv	method == 'BASE-Z' and site_group == 'lymph_node'	n_native_truth	none	0	num	pre-specified descriptive	POG570		n	native truth	POG570 lymph_node biopsies, n, native truth set		
pogsite_remainder_base_top1	results/stage4/confirm/secondary_by_site.tsv	method == 'BASE-Z' and site_group == 'remainder'	top1	none	3	num	pre-specified descriptive	POG570	baseline	top-1 accuracy	evaluation	POG570 remainder biopsies, baseline, top-1 accuracy, evaluation set		
pogsite_remainder_base_host	results/stage4/confirm/secondary_by_site.tsv	method == 'BASE-Z' and site_group == 'remainder'	host_rate	none	3	num	pre-specified descriptive	POG570	baseline	host-attraction rate	at risk	POG570 remainder biopsies, baseline, host-attraction rate, at risk set		
pogsite_remainder_base_native	results/stage4/confirm/secondary_by_site.tsv	method == 'BASE-Z' and site_group == 'remainder'	native_truth_top1	none	3	num	pre-specified descriptive	POG570	baseline	top-1 accuracy	native truth	POG570 remainder biopsies, baseline, top-1 accuracy, native truth set		
pogsite_remainder_base_n	results/stage4/confirm/secondary_by_site.tsv	method == 'BASE-Z' and site_group == 'remainder'	n	none	0	num	pre-specified descriptive	POG570		n	evaluation	POG570 remainder biopsies, n, evaluation set		
pogsite_remainder_base_nrisk	results/stage4/confirm/secondary_by_site.tsv	method == 'BASE-Z' and site_group == 'remainder'	n_at_risk	none	0	num	pre-specified descriptive	POG570		n	at risk	POG570 remainder biopsies, n, at risk set		
pogsite_remainder_base_nnative	results/stage4/confirm/secondary_by_site.tsv	method == 'BASE-Z' and site_group == 'remainder'	n_native_truth	none	0	num	pre-specified descriptive	POG570		n	native truth	POG570 remainder biopsies, n, native truth set		
pogsite_soft_tissue_base_top1	results/stage4/confirm/secondary_by_site.tsv	method == 'BASE-Z' and site_group == 'soft_tissue'	top1	none	3	num	pre-specified descriptive	POG570	baseline	top-1 accuracy	evaluation	POG570 soft_tissue biopsies, baseline, top-1 accuracy, evaluation set		
pogsite_soft_tissue_base_host	results/stage4/confirm/secondary_by_site.tsv	method == 'BASE-Z' and site_group == 'soft_tissue'	host_rate	none	3	num	pre-specified descriptive	POG570	baseline	host-attraction rate	at risk	POG570 soft_tissue biopsies, baseline, host-attraction rate, at risk set		
pogsite_soft_tissue_base_native	results/stage4/confirm/secondary_by_site.tsv	method == 'BASE-Z' and site_group == 'soft_tissue'	native_truth_top1	none	3	num	pre-specified descriptive	POG570	baseline	top-1 accuracy	native truth	POG570 soft_tissue biopsies, baseline, top-1 accuracy, native truth set		
pogsite_soft_tissue_base_n	results/stage4/confirm/secondary_by_site.tsv	method == 'BASE-Z' and site_group == 'soft_tissue'	n	none	0	num	pre-specified descriptive	POG570		n	evaluation	POG570 soft_tissue biopsies, n, evaluation set		
pogsite_soft_tissue_base_nrisk	results/stage4/confirm/secondary_by_site.tsv	method == 'BASE-Z' and site_group == 'soft_tissue'	n_at_risk	none	0	num	pre-specified descriptive	POG570		n	at risk	POG570 soft_tissue biopsies, n, at risk set		
pogsite_soft_tissue_base_nnative	results/stage4/confirm/secondary_by_site.tsv	method == 'BASE-Z' and site_group == 'soft_tissue'	n_native_truth	none	0	num	pre-specified descriptive	POG570		n	native truth	POG570 soft_tissue biopsies, n, native truth set		
pogsite_liver_basek_top1	results/stage4/confirm/secondary_by_site.tsv	method == 'BASE-K' and site_group == 'liver'	top1	none	3	num	pre-specified descriptive	POG570	gene sets	top-1 accuracy	evaluation	POG570 liver biopsies, gene sets, top-1 accuracy, evaluation set		
pogsite_liver_basek_host	results/stage4/confirm/secondary_by_site.tsv	method == 'BASE-K' and site_group == 'liver'	host_rate	none	3	num	pre-specified descriptive	POG570	gene sets	host-attraction rate	at risk	POG570 liver biopsies, gene sets, host-attraction rate, at risk set		
pogsite_liver_basek_native	results/stage4/confirm/secondary_by_site.tsv	method == 'BASE-K' and site_group == 'liver'	native_truth_top1	none	3	num	pre-specified descriptive	POG570	gene sets	top-1 accuracy	native truth	POG570 liver biopsies, gene sets, top-1 accuracy, native truth set		
pogsite_liver_basek_n	results/stage4/confirm/secondary_by_site.tsv	method == 'BASE-K' and site_group == 'liver'	n	none	0	num	pre-specified descriptive	POG570		n	evaluation	POG570 liver biopsies, n, evaluation set		
pogsite_liver_basek_nrisk	results/stage4/confirm/secondary_by_site.tsv	method == 'BASE-K' and site_group == 'liver'	n_at_risk	none	0	num	pre-specified descriptive	POG570		n	at risk	POG570 liver biopsies, n, at risk set		
pogsite_liver_basek_nnative	results/stage4/confirm/secondary_by_site.tsv	method == 'BASE-K' and site_group == 'liver'	n_native_truth	none	0	num	pre-specified descriptive	POG570		n	native truth	POG570 liver biopsies, n, native truth set		
pogsite_lung_basek_top1	results/stage4/confirm/secondary_by_site.tsv	method == 'BASE-K' and site_group == 'lung'	top1	none	3	num	pre-specified descriptive	POG570	gene sets	top-1 accuracy	evaluation	POG570 lung biopsies, gene sets, top-1 accuracy, evaluation set		
pogsite_lung_basek_host	results/stage4/confirm/secondary_by_site.tsv	method == 'BASE-K' and site_group == 'lung'	host_rate	none	3	num	pre-specified descriptive	POG570	gene sets	host-attraction rate	at risk	POG570 lung biopsies, gene sets, host-attraction rate, at risk set		
pogsite_lung_basek_native	results/stage4/confirm/secondary_by_site.tsv	method == 'BASE-K' and site_group == 'lung'	native_truth_top1	none	3	num	pre-specified descriptive	POG570	gene sets	top-1 accuracy	native truth	POG570 lung biopsies, gene sets, top-1 accuracy, native truth set		
pogsite_lung_basek_n	results/stage4/confirm/secondary_by_site.tsv	method == 'BASE-K' and site_group == 'lung'	n	none	0	num	pre-specified descriptive	POG570		n	evaluation	POG570 lung biopsies, n, evaluation set		
pogsite_lung_basek_nrisk	results/stage4/confirm/secondary_by_site.tsv	method == 'BASE-K' and site_group == 'lung'	n_at_risk	none	0	num	pre-specified descriptive	POG570		n	at risk	POG570 lung biopsies, n, at risk set		
pogsite_lung_basek_nnative	results/stage4/confirm/secondary_by_site.tsv	method == 'BASE-K' and site_group == 'lung'	n_native_truth	none	0	num	pre-specified descriptive	POG570		n	native truth	POG570 lung biopsies, n, native truth set		
pogsite_lymph_node_basek_top1	results/stage4/confirm/secondary_by_site.tsv	method == 'BASE-K' and site_group == 'lymph_node'	top1	none	3	num	pre-specified descriptive	POG570	gene sets	top-1 accuracy	evaluation	POG570 lymph_node biopsies, gene sets, top-1 accuracy, evaluation set		
pogsite_lymph_node_basek_host	results/stage4/confirm/secondary_by_site.tsv	method == 'BASE-K' and site_group == 'lymph_node'	host_rate	none	3	num	pre-specified descriptive	POG570	gene sets	host-attraction rate	at risk	POG570 lymph_node biopsies, gene sets, host-attraction rate, at risk set		
pogsite_lymph_node_basek_native	results/stage4/confirm/secondary_by_site.tsv	method == 'BASE-K' and site_group == 'lymph_node'	native_truth_top1	none	3	num	pre-specified descriptive	POG570	gene sets	top-1 accuracy	native truth	POG570 lymph_node biopsies, gene sets, top-1 accuracy, native truth set		
pogsite_lymph_node_basek_n	results/stage4/confirm/secondary_by_site.tsv	method == 'BASE-K' and site_group == 'lymph_node'	n	none	0	num	pre-specified descriptive	POG570		n	evaluation	POG570 lymph_node biopsies, n, evaluation set		
pogsite_lymph_node_basek_nrisk	results/stage4/confirm/secondary_by_site.tsv	method == 'BASE-K' and site_group == 'lymph_node'	n_at_risk	none	0	num	pre-specified descriptive	POG570		n	at risk	POG570 lymph_node biopsies, n, at risk set		
pogsite_lymph_node_basek_nnative	results/stage4/confirm/secondary_by_site.tsv	method == 'BASE-K' and site_group == 'lymph_node'	n_native_truth	none	0	num	pre-specified descriptive	POG570		n	native truth	POG570 lymph_node biopsies, n, native truth set		
pogsite_remainder_basek_top1	results/stage4/confirm/secondary_by_site.tsv	method == 'BASE-K' and site_group == 'remainder'	top1	none	3	num	pre-specified descriptive	POG570	gene sets	top-1 accuracy	evaluation	POG570 remainder biopsies, gene sets, top-1 accuracy, evaluation set		
pogsite_remainder_basek_host	results/stage4/confirm/secondary_by_site.tsv	method == 'BASE-K' and site_group == 'remainder'	host_rate	none	3	num	pre-specified descriptive	POG570	gene sets	host-attraction rate	at risk	POG570 remainder biopsies, gene sets, host-attraction rate, at risk set		
pogsite_remainder_basek_native	results/stage4/confirm/secondary_by_site.tsv	method == 'BASE-K' and site_group == 'remainder'	native_truth_top1	none	3	num	pre-specified descriptive	POG570	gene sets	top-1 accuracy	native truth	POG570 remainder biopsies, gene sets, top-1 accuracy, native truth set		
pogsite_remainder_basek_n	results/stage4/confirm/secondary_by_site.tsv	method == 'BASE-K' and site_group == 'remainder'	n	none	0	num	pre-specified descriptive	POG570		n	evaluation	POG570 remainder biopsies, n, evaluation set		
pogsite_remainder_basek_nrisk	results/stage4/confirm/secondary_by_site.tsv	method == 'BASE-K' and site_group == 'remainder'	n_at_risk	none	0	num	pre-specified descriptive	POG570		n	at risk	POG570 remainder biopsies, n, at risk set		
pogsite_remainder_basek_nnative	results/stage4/confirm/secondary_by_site.tsv	method == 'BASE-K' and site_group == 'remainder'	n_native_truth	none	0	num	pre-specified descriptive	POG570		n	native truth	POG570 remainder biopsies, n, native truth set		
pogsite_soft_tissue_basek_top1	results/stage4/confirm/secondary_by_site.tsv	method == 'BASE-K' and site_group == 'soft_tissue'	top1	none	3	num	pre-specified descriptive	POG570	gene sets	top-1 accuracy	evaluation	POG570 soft_tissue biopsies, gene sets, top-1 accuracy, evaluation set		
pogsite_soft_tissue_basek_host	results/stage4/confirm/secondary_by_site.tsv	method == 'BASE-K' and site_group == 'soft_tissue'	host_rate	none	3	num	pre-specified descriptive	POG570	gene sets	host-attraction rate	at risk	POG570 soft_tissue biopsies, gene sets, host-attraction rate, at risk set		
pogsite_soft_tissue_basek_native	results/stage4/confirm/secondary_by_site.tsv	method == 'BASE-K' and site_group == 'soft_tissue'	native_truth_top1	none	3	num	pre-specified descriptive	POG570	gene sets	top-1 accuracy	native truth	POG570 soft_tissue biopsies, gene sets, top-1 accuracy, native truth set		
pogsite_soft_tissue_basek_n	results/stage4/confirm/secondary_by_site.tsv	method == 'BASE-K' and site_group == 'soft_tissue'	n	none	0	num	pre-specified descriptive	POG570		n	evaluation	POG570 soft_tissue biopsies, n, evaluation set		
pogsite_soft_tissue_basek_nrisk	results/stage4/confirm/secondary_by_site.tsv	method == 'BASE-K' and site_group == 'soft_tissue'	n_at_risk	none	0	num	pre-specified descriptive	POG570		n	at risk	POG570 soft_tissue biopsies, n, at risk set		
pogsite_soft_tissue_basek_nnative	results/stage4/confirm/secondary_by_site.tsv	method == 'BASE-K' and site_group == 'soft_tissue'	n_native_truth	none	0	num	pre-specified descriptive	POG570		n	native truth	POG570 soft_tissue biopsies, n, native truth set		
pogsite_liver_sa_top1	results/stage4/confirm/secondary_by_site.tsv	method == 'SA-Z' and site_group == 'liver'	top1	none	3	num	pre-specified descriptive	POG570	HostMix-TOO	top-1 accuracy	evaluation	POG570 liver biopsies, HostMix-TOO, top-1 accuracy, evaluation set		
pogsite_liver_sa_host	results/stage4/confirm/secondary_by_site.tsv	method == 'SA-Z' and site_group == 'liver'	host_rate	none	3	num	pre-specified descriptive	POG570	HostMix-TOO	host-attraction rate	at risk	POG570 liver biopsies, HostMix-TOO, host-attraction rate, at risk set		
pogsite_liver_sa_native	results/stage4/confirm/secondary_by_site.tsv	method == 'SA-Z' and site_group == 'liver'	native_truth_top1	none	3	num	pre-specified descriptive	POG570	HostMix-TOO	top-1 accuracy	native truth	POG570 liver biopsies, HostMix-TOO, top-1 accuracy, native truth set		
pogsite_liver_sa_n	results/stage4/confirm/secondary_by_site.tsv	method == 'SA-Z' and site_group == 'liver'	n	none	0	num	pre-specified descriptive	POG570		n	evaluation	POG570 liver biopsies, n, evaluation set		
pogsite_liver_sa_nrisk	results/stage4/confirm/secondary_by_site.tsv	method == 'SA-Z' and site_group == 'liver'	n_at_risk	none	0	num	pre-specified descriptive	POG570		n	at risk	POG570 liver biopsies, n, at risk set		
pogsite_liver_sa_nnative	results/stage4/confirm/secondary_by_site.tsv	method == 'SA-Z' and site_group == 'liver'	n_native_truth	none	0	num	pre-specified descriptive	POG570		n	native truth	POG570 liver biopsies, n, native truth set		
pogsite_lung_sa_top1	results/stage4/confirm/secondary_by_site.tsv	method == 'SA-Z' and site_group == 'lung'	top1	none	3	num	pre-specified descriptive	POG570	HostMix-TOO	top-1 accuracy	evaluation	POG570 lung biopsies, HostMix-TOO, top-1 accuracy, evaluation set		
pogsite_lung_sa_host	results/stage4/confirm/secondary_by_site.tsv	method == 'SA-Z' and site_group == 'lung'	host_rate	none	3	num	pre-specified descriptive	POG570	HostMix-TOO	host-attraction rate	at risk	POG570 lung biopsies, HostMix-TOO, host-attraction rate, at risk set		
pogsite_lung_sa_native	results/stage4/confirm/secondary_by_site.tsv	method == 'SA-Z' and site_group == 'lung'	native_truth_top1	none	3	num	pre-specified descriptive	POG570	HostMix-TOO	top-1 accuracy	native truth	POG570 lung biopsies, HostMix-TOO, top-1 accuracy, native truth set		
pogsite_lung_sa_n	results/stage4/confirm/secondary_by_site.tsv	method == 'SA-Z' and site_group == 'lung'	n	none	0	num	pre-specified descriptive	POG570		n	evaluation	POG570 lung biopsies, n, evaluation set		
pogsite_lung_sa_nrisk	results/stage4/confirm/secondary_by_site.tsv	method == 'SA-Z' and site_group == 'lung'	n_at_risk	none	0	num	pre-specified descriptive	POG570		n	at risk	POG570 lung biopsies, n, at risk set		
pogsite_lung_sa_nnative	results/stage4/confirm/secondary_by_site.tsv	method == 'SA-Z' and site_group == 'lung'	n_native_truth	none	0	num	pre-specified descriptive	POG570		n	native truth	POG570 lung biopsies, n, native truth set		
pogsite_lymph_node_sa_top1	results/stage4/confirm/secondary_by_site.tsv	method == 'SA-Z' and site_group == 'lymph_node'	top1	none	3	num	pre-specified descriptive	POG570	HostMix-TOO	top-1 accuracy	evaluation	POG570 lymph_node biopsies, HostMix-TOO, top-1 accuracy, evaluation set		
pogsite_lymph_node_sa_host	results/stage4/confirm/secondary_by_site.tsv	method == 'SA-Z' and site_group == 'lymph_node'	host_rate	none	3	num	pre-specified descriptive	POG570	HostMix-TOO	host-attraction rate	at risk	POG570 lymph_node biopsies, HostMix-TOO, host-attraction rate, at risk set		
pogsite_lymph_node_sa_native	results/stage4/confirm/secondary_by_site.tsv	method == 'SA-Z' and site_group == 'lymph_node'	native_truth_top1	none	3	num	pre-specified descriptive	POG570	HostMix-TOO	top-1 accuracy	native truth	POG570 lymph_node biopsies, HostMix-TOO, top-1 accuracy, native truth set		
pogsite_lymph_node_sa_n	results/stage4/confirm/secondary_by_site.tsv	method == 'SA-Z' and site_group == 'lymph_node'	n	none	0	num	pre-specified descriptive	POG570		n	evaluation	POG570 lymph_node biopsies, n, evaluation set		
pogsite_lymph_node_sa_nrisk	results/stage4/confirm/secondary_by_site.tsv	method == 'SA-Z' and site_group == 'lymph_node'	n_at_risk	none	0	num	pre-specified descriptive	POG570		n	at risk	POG570 lymph_node biopsies, n, at risk set		
pogsite_lymph_node_sa_nnative	results/stage4/confirm/secondary_by_site.tsv	method == 'SA-Z' and site_group == 'lymph_node'	n_native_truth	none	0	num	pre-specified descriptive	POG570		n	native truth	POG570 lymph_node biopsies, n, native truth set		
pogsite_remainder_sa_top1	results/stage4/confirm/secondary_by_site.tsv	method == 'SA-Z' and site_group == 'remainder'	top1	none	3	num	pre-specified descriptive	POG570	HostMix-TOO	top-1 accuracy	evaluation	POG570 remainder biopsies, HostMix-TOO, top-1 accuracy, evaluation set		
pogsite_remainder_sa_host	results/stage4/confirm/secondary_by_site.tsv	method == 'SA-Z' and site_group == 'remainder'	host_rate	none	3	num	pre-specified descriptive	POG570	HostMix-TOO	host-attraction rate	at risk	POG570 remainder biopsies, HostMix-TOO, host-attraction rate, at risk set		
pogsite_remainder_sa_native	results/stage4/confirm/secondary_by_site.tsv	method == 'SA-Z' and site_group == 'remainder'	native_truth_top1	none	3	num	pre-specified descriptive	POG570	HostMix-TOO	top-1 accuracy	native truth	POG570 remainder biopsies, HostMix-TOO, top-1 accuracy, native truth set		
pogsite_remainder_sa_n	results/stage4/confirm/secondary_by_site.tsv	method == 'SA-Z' and site_group == 'remainder'	n	none	0	num	pre-specified descriptive	POG570		n	evaluation	POG570 remainder biopsies, n, evaluation set		
pogsite_remainder_sa_nrisk	results/stage4/confirm/secondary_by_site.tsv	method == 'SA-Z' and site_group == 'remainder'	n_at_risk	none	0	num	pre-specified descriptive	POG570		n	at risk	POG570 remainder biopsies, n, at risk set		
pogsite_remainder_sa_nnative	results/stage4/confirm/secondary_by_site.tsv	method == 'SA-Z' and site_group == 'remainder'	n_native_truth	none	0	num	pre-specified descriptive	POG570		n	native truth	POG570 remainder biopsies, n, native truth set		
pogsite_soft_tissue_sa_top1	results/stage4/confirm/secondary_by_site.tsv	method == 'SA-Z' and site_group == 'soft_tissue'	top1	none	3	num	pre-specified descriptive	POG570	HostMix-TOO	top-1 accuracy	evaluation	POG570 soft_tissue biopsies, HostMix-TOO, top-1 accuracy, evaluation set		
pogsite_soft_tissue_sa_host	results/stage4/confirm/secondary_by_site.tsv	method == 'SA-Z' and site_group == 'soft_tissue'	host_rate	none	3	num	pre-specified descriptive	POG570	HostMix-TOO	host-attraction rate	at risk	POG570 soft_tissue biopsies, HostMix-TOO, host-attraction rate, at risk set		
pogsite_soft_tissue_sa_native	results/stage4/confirm/secondary_by_site.tsv	method == 'SA-Z' and site_group == 'soft_tissue'	native_truth_top1	none	3	num	pre-specified descriptive	POG570	HostMix-TOO	top-1 accuracy	native truth	POG570 soft_tissue biopsies, HostMix-TOO, top-1 accuracy, native truth set		
pogsite_soft_tissue_sa_n	results/stage4/confirm/secondary_by_site.tsv	method == 'SA-Z' and site_group == 'soft_tissue'	n	none	0	num	pre-specified descriptive	POG570		n	evaluation	POG570 soft_tissue biopsies, n, evaluation set		
pogsite_soft_tissue_sa_nrisk	results/stage4/confirm/secondary_by_site.tsv	method == 'SA-Z' and site_group == 'soft_tissue'	n_at_risk	none	0	num	pre-specified descriptive	POG570		n	at risk	POG570 soft_tissue biopsies, n, at risk set		
pogsite_soft_tissue_sa_nnative	results/stage4/confirm/secondary_by_site.tsv	method == 'SA-Z' and site_group == 'soft_tissue'	n_native_truth	none	0	num	pre-specified descriptive	POG570		n	native truth	POG570 soft_tissue biopsies, n, native truth set		
pogsite_liver_sc_top1	results/stage4/confirm/secondary_by_site.tsv	method == 'SC-Z' and site_group == 'liver'	top1	none	3	num	pre-specified descriptive	POG570	site-specific	top-1 accuracy	evaluation	POG570 liver biopsies, site-specific, top-1 accuracy, evaluation set		
pogsite_liver_sc_host	results/stage4/confirm/secondary_by_site.tsv	method == 'SC-Z' and site_group == 'liver'	host_rate	none	3	num	pre-specified descriptive	POG570	site-specific	host-attraction rate	at risk	POG570 liver biopsies, site-specific, host-attraction rate, at risk set		
pogsite_liver_sc_native	results/stage4/confirm/secondary_by_site.tsv	method == 'SC-Z' and site_group == 'liver'	native_truth_top1	none	3	num	pre-specified descriptive	POG570	site-specific	top-1 accuracy	native truth	POG570 liver biopsies, site-specific, top-1 accuracy, native truth set		
pogsite_liver_sc_n	results/stage4/confirm/secondary_by_site.tsv	method == 'SC-Z' and site_group == 'liver'	n	none	0	num	pre-specified descriptive	POG570		n	evaluation	POG570 liver biopsies, n, evaluation set		
pogsite_liver_sc_nrisk	results/stage4/confirm/secondary_by_site.tsv	method == 'SC-Z' and site_group == 'liver'	n_at_risk	none	0	num	pre-specified descriptive	POG570		n	at risk	POG570 liver biopsies, n, at risk set		
pogsite_liver_sc_nnative	results/stage4/confirm/secondary_by_site.tsv	method == 'SC-Z' and site_group == 'liver'	n_native_truth	none	0	num	pre-specified descriptive	POG570		n	native truth	POG570 liver biopsies, n, native truth set		
pogsite_lung_sc_top1	results/stage4/confirm/secondary_by_site.tsv	method == 'SC-Z' and site_group == 'lung'	top1	none	3	num	pre-specified descriptive	POG570	site-specific	top-1 accuracy	evaluation	POG570 lung biopsies, site-specific, top-1 accuracy, evaluation set		
pogsite_lung_sc_host	results/stage4/confirm/secondary_by_site.tsv	method == 'SC-Z' and site_group == 'lung'	host_rate	none	3	num	pre-specified descriptive	POG570	site-specific	host-attraction rate	at risk	POG570 lung biopsies, site-specific, host-attraction rate, at risk set		
pogsite_lung_sc_native	results/stage4/confirm/secondary_by_site.tsv	method == 'SC-Z' and site_group == 'lung'	native_truth_top1	none	3	num	pre-specified descriptive	POG570	site-specific	top-1 accuracy	native truth	POG570 lung biopsies, site-specific, top-1 accuracy, native truth set		
pogsite_lung_sc_n	results/stage4/confirm/secondary_by_site.tsv	method == 'SC-Z' and site_group == 'lung'	n	none	0	num	pre-specified descriptive	POG570		n	evaluation	POG570 lung biopsies, n, evaluation set		
pogsite_lung_sc_nrisk	results/stage4/confirm/secondary_by_site.tsv	method == 'SC-Z' and site_group == 'lung'	n_at_risk	none	0	num	pre-specified descriptive	POG570		n	at risk	POG570 lung biopsies, n, at risk set		
pogsite_lung_sc_nnative	results/stage4/confirm/secondary_by_site.tsv	method == 'SC-Z' and site_group == 'lung'	n_native_truth	none	0	num	pre-specified descriptive	POG570		n	native truth	POG570 lung biopsies, n, native truth set		
pogsite_lymph_node_sc_top1	results/stage4/confirm/secondary_by_site.tsv	method == 'SC-Z' and site_group == 'lymph_node'	top1	none	3	num	pre-specified descriptive	POG570	site-specific	top-1 accuracy	evaluation	POG570 lymph_node biopsies, site-specific, top-1 accuracy, evaluation set		
pogsite_lymph_node_sc_host	results/stage4/confirm/secondary_by_site.tsv	method == 'SC-Z' and site_group == 'lymph_node'	host_rate	none	3	num	pre-specified descriptive	POG570	site-specific	host-attraction rate	at risk	POG570 lymph_node biopsies, site-specific, host-attraction rate, at risk set		
pogsite_lymph_node_sc_native	results/stage4/confirm/secondary_by_site.tsv	method == 'SC-Z' and site_group == 'lymph_node'	native_truth_top1	none	3	num	pre-specified descriptive	POG570	site-specific	top-1 accuracy	native truth	POG570 lymph_node biopsies, site-specific, top-1 accuracy, native truth set		
pogsite_lymph_node_sc_n	results/stage4/confirm/secondary_by_site.tsv	method == 'SC-Z' and site_group == 'lymph_node'	n	none	0	num	pre-specified descriptive	POG570		n	evaluation	POG570 lymph_node biopsies, n, evaluation set		
pogsite_lymph_node_sc_nrisk	results/stage4/confirm/secondary_by_site.tsv	method == 'SC-Z' and site_group == 'lymph_node'	n_at_risk	none	0	num	pre-specified descriptive	POG570		n	at risk	POG570 lymph_node biopsies, n, at risk set		
pogsite_lymph_node_sc_nnative	results/stage4/confirm/secondary_by_site.tsv	method == 'SC-Z' and site_group == 'lymph_node'	n_native_truth	none	0	num	pre-specified descriptive	POG570		n	native truth	POG570 lymph_node biopsies, n, native truth set		
pogsite_remainder_sc_top1	results/stage4/confirm/secondary_by_site.tsv	method == 'SC-Z' and site_group == 'remainder'	top1	none	3	num	pre-specified descriptive	POG570	site-specific	top-1 accuracy	evaluation	POG570 remainder biopsies, site-specific, top-1 accuracy, evaluation set		
pogsite_remainder_sc_host	results/stage4/confirm/secondary_by_site.tsv	method == 'SC-Z' and site_group == 'remainder'	host_rate	none	3	num	pre-specified descriptive	POG570	site-specific	host-attraction rate	at risk	POG570 remainder biopsies, site-specific, host-attraction rate, at risk set		
pogsite_remainder_sc_native	results/stage4/confirm/secondary_by_site.tsv	method == 'SC-Z' and site_group == 'remainder'	native_truth_top1	none	3	num	pre-specified descriptive	POG570	site-specific	top-1 accuracy	native truth	POG570 remainder biopsies, site-specific, top-1 accuracy, native truth set		
pogsite_remainder_sc_n	results/stage4/confirm/secondary_by_site.tsv	method == 'SC-Z' and site_group == 'remainder'	n	none	0	num	pre-specified descriptive	POG570		n	evaluation	POG570 remainder biopsies, n, evaluation set		
pogsite_remainder_sc_nrisk	results/stage4/confirm/secondary_by_site.tsv	method == 'SC-Z' and site_group == 'remainder'	n_at_risk	none	0	num	pre-specified descriptive	POG570		n	at risk	POG570 remainder biopsies, n, at risk set		
pogsite_remainder_sc_nnative	results/stage4/confirm/secondary_by_site.tsv	method == 'SC-Z' and site_group == 'remainder'	n_native_truth	none	0	num	pre-specified descriptive	POG570		n	native truth	POG570 remainder biopsies, n, native truth set		
pogsite_soft_tissue_sc_top1	results/stage4/confirm/secondary_by_site.tsv	method == 'SC-Z' and site_group == 'soft_tissue'	top1	none	3	num	pre-specified descriptive	POG570	site-specific	top-1 accuracy	evaluation	POG570 soft_tissue biopsies, site-specific, top-1 accuracy, evaluation set		
pogsite_soft_tissue_sc_host	results/stage4/confirm/secondary_by_site.tsv	method == 'SC-Z' and site_group == 'soft_tissue'	host_rate	none	3	num	pre-specified descriptive	POG570	site-specific	host-attraction rate	at risk	POG570 soft_tissue biopsies, site-specific, host-attraction rate, at risk set		
pogsite_soft_tissue_sc_native	results/stage4/confirm/secondary_by_site.tsv	method == 'SC-Z' and site_group == 'soft_tissue'	native_truth_top1	none	3	num	pre-specified descriptive	POG570	site-specific	top-1 accuracy	native truth	POG570 soft_tissue biopsies, site-specific, top-1 accuracy, native truth set		
pogsite_soft_tissue_sc_n	results/stage4/confirm/secondary_by_site.tsv	method == 'SC-Z' and site_group == 'soft_tissue'	n	none	0	num	pre-specified descriptive	POG570		n	evaluation	POG570 soft_tissue biopsies, n, evaluation set		
pogsite_soft_tissue_sc_nrisk	results/stage4/confirm/secondary_by_site.tsv	method == 'SC-Z' and site_group == 'soft_tissue'	n_at_risk	none	0	num	pre-specified descriptive	POG570		n	at risk	POG570 soft_tissue biopsies, n, at risk set		
pogsite_soft_tissue_sc_nnative	results/stage4/confirm/secondary_by_site.tsv	method == 'SC-Z' and site_group == 'soft_tissue'	n_native_truth	none	0	num	pre-specified descriptive	POG570		n	native truth	POG570 soft_tissue biopsies, n, native truth set		
pogsite_liver_ld_top1	results/stage4/confirm/secondary_by_site.tsv	method == 'LD-Z' and site_group == 'liver'	top1	none	3	num	pre-specified descriptive	POG570	deconvolution	top-1 accuracy	evaluation	POG570 liver biopsies, deconvolution, top-1 accuracy, evaluation set		
pogsite_liver_ld_host	results/stage4/confirm/secondary_by_site.tsv	method == 'LD-Z' and site_group == 'liver'	host_rate	none	3	num	pre-specified descriptive	POG570	deconvolution	host-attraction rate	at risk	POG570 liver biopsies, deconvolution, host-attraction rate, at risk set		
pogsite_liver_ld_native	results/stage4/confirm/secondary_by_site.tsv	method == 'LD-Z' and site_group == 'liver'	native_truth_top1	none	3	num	pre-specified descriptive	POG570	deconvolution	top-1 accuracy	native truth	POG570 liver biopsies, deconvolution, top-1 accuracy, native truth set		
pogsite_liver_ld_n	results/stage4/confirm/secondary_by_site.tsv	method == 'LD-Z' and site_group == 'liver'	n	none	0	num	pre-specified descriptive	POG570		n	evaluation	POG570 liver biopsies, n, evaluation set		
pogsite_liver_ld_nrisk	results/stage4/confirm/secondary_by_site.tsv	method == 'LD-Z' and site_group == 'liver'	n_at_risk	none	0	num	pre-specified descriptive	POG570		n	at risk	POG570 liver biopsies, n, at risk set		
pogsite_liver_ld_nnative	results/stage4/confirm/secondary_by_site.tsv	method == 'LD-Z' and site_group == 'liver'	n_native_truth	none	0	num	pre-specified descriptive	POG570		n	native truth	POG570 liver biopsies, n, native truth set		
pogsite_lung_ld_top1	results/stage4/confirm/secondary_by_site.tsv	method == 'LD-Z' and site_group == 'lung'	top1	none	3	num	pre-specified descriptive	POG570	deconvolution	top-1 accuracy	evaluation	POG570 lung biopsies, deconvolution, top-1 accuracy, evaluation set		
pogsite_lung_ld_host	results/stage4/confirm/secondary_by_site.tsv	method == 'LD-Z' and site_group == 'lung'	host_rate	none	3	num	pre-specified descriptive	POG570	deconvolution	host-attraction rate	at risk	POG570 lung biopsies, deconvolution, host-attraction rate, at risk set		
pogsite_lung_ld_native	results/stage4/confirm/secondary_by_site.tsv	method == 'LD-Z' and site_group == 'lung'	native_truth_top1	none	3	num	pre-specified descriptive	POG570	deconvolution	top-1 accuracy	native truth	POG570 lung biopsies, deconvolution, top-1 accuracy, native truth set		
pogsite_lung_ld_n	results/stage4/confirm/secondary_by_site.tsv	method == 'LD-Z' and site_group == 'lung'	n	none	0	num	pre-specified descriptive	POG570		n	evaluation	POG570 lung biopsies, n, evaluation set		
pogsite_lung_ld_nrisk	results/stage4/confirm/secondary_by_site.tsv	method == 'LD-Z' and site_group == 'lung'	n_at_risk	none	0	num	pre-specified descriptive	POG570		n	at risk	POG570 lung biopsies, n, at risk set		
pogsite_lung_ld_nnative	results/stage4/confirm/secondary_by_site.tsv	method == 'LD-Z' and site_group == 'lung'	n_native_truth	none	0	num	pre-specified descriptive	POG570		n	native truth	POG570 lung biopsies, n, native truth set		
pogsite_lymph_node_ld_top1	results/stage4/confirm/secondary_by_site.tsv	method == 'LD-Z' and site_group == 'lymph_node'	top1	none	3	num	pre-specified descriptive	POG570	deconvolution	top-1 accuracy	evaluation	POG570 lymph_node biopsies, deconvolution, top-1 accuracy, evaluation set		
pogsite_lymph_node_ld_host	results/stage4/confirm/secondary_by_site.tsv	method == 'LD-Z' and site_group == 'lymph_node'	host_rate	none	3	num	pre-specified descriptive	POG570	deconvolution	host-attraction rate	at risk	POG570 lymph_node biopsies, deconvolution, host-attraction rate, at risk set		
pogsite_lymph_node_ld_native	results/stage4/confirm/secondary_by_site.tsv	method == 'LD-Z' and site_group == 'lymph_node'	native_truth_top1	none	3	num	pre-specified descriptive	POG570	deconvolution	top-1 accuracy	native truth	POG570 lymph_node biopsies, deconvolution, top-1 accuracy, native truth set		
pogsite_lymph_node_ld_n	results/stage4/confirm/secondary_by_site.tsv	method == 'LD-Z' and site_group == 'lymph_node'	n	none	0	num	pre-specified descriptive	POG570		n	evaluation	POG570 lymph_node biopsies, n, evaluation set		
pogsite_lymph_node_ld_nrisk	results/stage4/confirm/secondary_by_site.tsv	method == 'LD-Z' and site_group == 'lymph_node'	n_at_risk	none	0	num	pre-specified descriptive	POG570		n	at risk	POG570 lymph_node biopsies, n, at risk set		
pogsite_lymph_node_ld_nnative	results/stage4/confirm/secondary_by_site.tsv	method == 'LD-Z' and site_group == 'lymph_node'	n_native_truth	none	0	num	pre-specified descriptive	POG570		n	native truth	POG570 lymph_node biopsies, n, native truth set		
pogsite_remainder_ld_top1	results/stage4/confirm/secondary_by_site.tsv	method == 'LD-Z' and site_group == 'remainder'	top1	none	3	num	pre-specified descriptive	POG570	deconvolution	top-1 accuracy	evaluation	POG570 remainder biopsies, deconvolution, top-1 accuracy, evaluation set		
pogsite_remainder_ld_host	results/stage4/confirm/secondary_by_site.tsv	method == 'LD-Z' and site_group == 'remainder'	host_rate	none	3	num	pre-specified descriptive	POG570	deconvolution	host-attraction rate	at risk	POG570 remainder biopsies, deconvolution, host-attraction rate, at risk set		
pogsite_remainder_ld_native	results/stage4/confirm/secondary_by_site.tsv	method == 'LD-Z' and site_group == 'remainder'	native_truth_top1	none	3	num	pre-specified descriptive	POG570	deconvolution	top-1 accuracy	native truth	POG570 remainder biopsies, deconvolution, top-1 accuracy, native truth set		
pogsite_remainder_ld_n	results/stage4/confirm/secondary_by_site.tsv	method == 'LD-Z' and site_group == 'remainder'	n	none	0	num	pre-specified descriptive	POG570		n	evaluation	POG570 remainder biopsies, n, evaluation set		
pogsite_remainder_ld_nrisk	results/stage4/confirm/secondary_by_site.tsv	method == 'LD-Z' and site_group == 'remainder'	n_at_risk	none	0	num	pre-specified descriptive	POG570		n	at risk	POG570 remainder biopsies, n, at risk set		
pogsite_remainder_ld_nnative	results/stage4/confirm/secondary_by_site.tsv	method == 'LD-Z' and site_group == 'remainder'	n_native_truth	none	0	num	pre-specified descriptive	POG570		n	native truth	POG570 remainder biopsies, n, native truth set		
pogsite_soft_tissue_ld_top1	results/stage4/confirm/secondary_by_site.tsv	method == 'LD-Z' and site_group == 'soft_tissue'	top1	none	3	num	pre-specified descriptive	POG570	deconvolution	top-1 accuracy	evaluation	POG570 soft_tissue biopsies, deconvolution, top-1 accuracy, evaluation set		
pogsite_soft_tissue_ld_host	results/stage4/confirm/secondary_by_site.tsv	method == 'LD-Z' and site_group == 'soft_tissue'	host_rate	none	3	num	pre-specified descriptive	POG570	deconvolution	host-attraction rate	at risk	POG570 soft_tissue biopsies, deconvolution, host-attraction rate, at risk set		
pogsite_soft_tissue_ld_native	results/stage4/confirm/secondary_by_site.tsv	method == 'LD-Z' and site_group == 'soft_tissue'	native_truth_top1	none	3	num	pre-specified descriptive	POG570	deconvolution	top-1 accuracy	native truth	POG570 soft_tissue biopsies, deconvolution, top-1 accuracy, native truth set		
pogsite_soft_tissue_ld_n	results/stage4/confirm/secondary_by_site.tsv	method == 'LD-Z' and site_group == 'soft_tissue'	n	none	0	num	pre-specified descriptive	POG570		n	evaluation	POG570 soft_tissue biopsies, n, evaluation set		
pogsite_soft_tissue_ld_nrisk	results/stage4/confirm/secondary_by_site.tsv	method == 'LD-Z' and site_group == 'soft_tissue'	n_at_risk	none	0	num	pre-specified descriptive	POG570		n	at risk	POG570 soft_tissue biopsies, n, at risk set		
pogsite_soft_tissue_ld_nnative	results/stage4/confirm/secondary_by_site.tsv	method == 'LD-Z' and site_group == 'soft_tissue'	n_native_truth	none	0	num	pre-specified descriptive	POG570		n	native truth	POG570 soft_tissue biopsies, n, native truth set		
pogsite_liver_nc_top1	results/stage4/confirm/secondary_by_site.tsv	method == 'NC-Z' and site_group == 'liver'	top1	none	3	num	pre-specified descriptive	POG570	normal classes	top-1 accuracy	evaluation	POG570 liver biopsies, normal classes, top-1 accuracy, evaluation set		
pogsite_liver_nc_host	results/stage4/confirm/secondary_by_site.tsv	method == 'NC-Z' and site_group == 'liver'	host_rate	none	3	num	pre-specified descriptive	POG570	normal classes	host-attraction rate	at risk	POG570 liver biopsies, normal classes, host-attraction rate, at risk set		
pogsite_liver_nc_native	results/stage4/confirm/secondary_by_site.tsv	method == 'NC-Z' and site_group == 'liver'	native_truth_top1	none	3	num	pre-specified descriptive	POG570	normal classes	top-1 accuracy	native truth	POG570 liver biopsies, normal classes, top-1 accuracy, native truth set		
pogsite_liver_nc_n	results/stage4/confirm/secondary_by_site.tsv	method == 'NC-Z' and site_group == 'liver'	n	none	0	num	pre-specified descriptive	POG570		n	evaluation	POG570 liver biopsies, n, evaluation set		
pogsite_liver_nc_nrisk	results/stage4/confirm/secondary_by_site.tsv	method == 'NC-Z' and site_group == 'liver'	n_at_risk	none	0	num	pre-specified descriptive	POG570		n	at risk	POG570 liver biopsies, n, at risk set		
pogsite_liver_nc_nnative	results/stage4/confirm/secondary_by_site.tsv	method == 'NC-Z' and site_group == 'liver'	n_native_truth	none	0	num	pre-specified descriptive	POG570		n	native truth	POG570 liver biopsies, n, native truth set		
pogsite_lung_nc_top1	results/stage4/confirm/secondary_by_site.tsv	method == 'NC-Z' and site_group == 'lung'	top1	none	3	num	pre-specified descriptive	POG570	normal classes	top-1 accuracy	evaluation	POG570 lung biopsies, normal classes, top-1 accuracy, evaluation set		
pogsite_lung_nc_host	results/stage4/confirm/secondary_by_site.tsv	method == 'NC-Z' and site_group == 'lung'	host_rate	none	3	num	pre-specified descriptive	POG570	normal classes	host-attraction rate	at risk	POG570 lung biopsies, normal classes, host-attraction rate, at risk set		
pogsite_lung_nc_native	results/stage4/confirm/secondary_by_site.tsv	method == 'NC-Z' and site_group == 'lung'	native_truth_top1	none	3	num	pre-specified descriptive	POG570	normal classes	top-1 accuracy	native truth	POG570 lung biopsies, normal classes, top-1 accuracy, native truth set		
pogsite_lung_nc_n	results/stage4/confirm/secondary_by_site.tsv	method == 'NC-Z' and site_group == 'lung'	n	none	0	num	pre-specified descriptive	POG570		n	evaluation	POG570 lung biopsies, n, evaluation set		
pogsite_lung_nc_nrisk	results/stage4/confirm/secondary_by_site.tsv	method == 'NC-Z' and site_group == 'lung'	n_at_risk	none	0	num	pre-specified descriptive	POG570		n	at risk	POG570 lung biopsies, n, at risk set		
pogsite_lung_nc_nnative	results/stage4/confirm/secondary_by_site.tsv	method == 'NC-Z' and site_group == 'lung'	n_native_truth	none	0	num	pre-specified descriptive	POG570		n	native truth	POG570 lung biopsies, n, native truth set		
pogsite_lymph_node_nc_top1	results/stage4/confirm/secondary_by_site.tsv	method == 'NC-Z' and site_group == 'lymph_node'	top1	none	3	num	pre-specified descriptive	POG570	normal classes	top-1 accuracy	evaluation	POG570 lymph_node biopsies, normal classes, top-1 accuracy, evaluation set		
pogsite_lymph_node_nc_host	results/stage4/confirm/secondary_by_site.tsv	method == 'NC-Z' and site_group == 'lymph_node'	host_rate	none	3	num	pre-specified descriptive	POG570	normal classes	host-attraction rate	at risk	POG570 lymph_node biopsies, normal classes, host-attraction rate, at risk set		
pogsite_lymph_node_nc_native	results/stage4/confirm/secondary_by_site.tsv	method == 'NC-Z' and site_group == 'lymph_node'	native_truth_top1	none	3	num	pre-specified descriptive	POG570	normal classes	top-1 accuracy	native truth	POG570 lymph_node biopsies, normal classes, top-1 accuracy, native truth set		
pogsite_lymph_node_nc_n	results/stage4/confirm/secondary_by_site.tsv	method == 'NC-Z' and site_group == 'lymph_node'	n	none	0	num	pre-specified descriptive	POG570		n	evaluation	POG570 lymph_node biopsies, n, evaluation set		
pogsite_lymph_node_nc_nrisk	results/stage4/confirm/secondary_by_site.tsv	method == 'NC-Z' and site_group == 'lymph_node'	n_at_risk	none	0	num	pre-specified descriptive	POG570		n	at risk	POG570 lymph_node biopsies, n, at risk set		
pogsite_lymph_node_nc_nnative	results/stage4/confirm/secondary_by_site.tsv	method == 'NC-Z' and site_group == 'lymph_node'	n_native_truth	none	0	num	pre-specified descriptive	POG570		n	native truth	POG570 lymph_node biopsies, n, native truth set		
pogsite_remainder_nc_top1	results/stage4/confirm/secondary_by_site.tsv	method == 'NC-Z' and site_group == 'remainder'	top1	none	3	num	pre-specified descriptive	POG570	normal classes	top-1 accuracy	evaluation	POG570 remainder biopsies, normal classes, top-1 accuracy, evaluation set		
pogsite_remainder_nc_host	results/stage4/confirm/secondary_by_site.tsv	method == 'NC-Z' and site_group == 'remainder'	host_rate	none	3	num	pre-specified descriptive	POG570	normal classes	host-attraction rate	at risk	POG570 remainder biopsies, normal classes, host-attraction rate, at risk set		
pogsite_remainder_nc_native	results/stage4/confirm/secondary_by_site.tsv	method == 'NC-Z' and site_group == 'remainder'	native_truth_top1	none	3	num	pre-specified descriptive	POG570	normal classes	top-1 accuracy	native truth	POG570 remainder biopsies, normal classes, top-1 accuracy, native truth set		
pogsite_remainder_nc_n	results/stage4/confirm/secondary_by_site.tsv	method == 'NC-Z' and site_group == 'remainder'	n	none	0	num	pre-specified descriptive	POG570		n	evaluation	POG570 remainder biopsies, n, evaluation set		
pogsite_remainder_nc_nrisk	results/stage4/confirm/secondary_by_site.tsv	method == 'NC-Z' and site_group == 'remainder'	n_at_risk	none	0	num	pre-specified descriptive	POG570		n	at risk	POG570 remainder biopsies, n, at risk set		
pogsite_remainder_nc_nnative	results/stage4/confirm/secondary_by_site.tsv	method == 'NC-Z' and site_group == 'remainder'	n_native_truth	none	0	num	pre-specified descriptive	POG570		n	native truth	POG570 remainder biopsies, n, native truth set		
pogsite_soft_tissue_nc_top1	results/stage4/confirm/secondary_by_site.tsv	method == 'NC-Z' and site_group == 'soft_tissue'	top1	none	3	num	pre-specified descriptive	POG570	normal classes	top-1 accuracy	evaluation	POG570 soft_tissue biopsies, normal classes, top-1 accuracy, evaluation set		
pogsite_soft_tissue_nc_host	results/stage4/confirm/secondary_by_site.tsv	method == 'NC-Z' and site_group == 'soft_tissue'	host_rate	none	3	num	pre-specified descriptive	POG570	normal classes	host-attraction rate	at risk	POG570 soft_tissue biopsies, normal classes, host-attraction rate, at risk set		
pogsite_soft_tissue_nc_native	results/stage4/confirm/secondary_by_site.tsv	method == 'NC-Z' and site_group == 'soft_tissue'	native_truth_top1	none	3	num	pre-specified descriptive	POG570	normal classes	top-1 accuracy	native truth	POG570 soft_tissue biopsies, normal classes, top-1 accuracy, native truth set		
pogsite_soft_tissue_nc_n	results/stage4/confirm/secondary_by_site.tsv	method == 'NC-Z' and site_group == 'soft_tissue'	n	none	0	num	pre-specified descriptive	POG570		n	evaluation	POG570 soft_tissue biopsies, n, evaluation set		
pogsite_soft_tissue_nc_nrisk	results/stage4/confirm/secondary_by_site.tsv	method == 'NC-Z' and site_group == 'soft_tissue'	n_at_risk	none	0	num	pre-specified descriptive	POG570		n	at risk	POG570 soft_tissue biopsies, n, at risk set		
pogsite_soft_tissue_nc_nnative	results/stage4/confirm/secondary_by_site.tsv	method == 'NC-Z' and site_group == 'soft_tissue'	n_native_truth	none	0	num	pre-specified descriptive	POG570		n	native truth	POG570 soft_tissue biopsies, n, native truth set		
pogsite_liver_m1_top1	results/stage4/confirm/secondary_by_site.tsv	method == 'M1-Z' and site_group == 'liver'	top1	none	3	num	pre-specified descriptive	POG570	masking	top-1 accuracy	evaluation	POG570 liver biopsies, masking, top-1 accuracy, evaluation set		
pogsite_liver_m1_host	results/stage4/confirm/secondary_by_site.tsv	method == 'M1-Z' and site_group == 'liver'	host_rate	none	3	num	pre-specified descriptive	POG570	masking	host-attraction rate	at risk	POG570 liver biopsies, masking, host-attraction rate, at risk set		
pogsite_liver_m1_native	results/stage4/confirm/secondary_by_site.tsv	method == 'M1-Z' and site_group == 'liver'	native_truth_top1	none	3	num	pre-specified descriptive	POG570	masking	top-1 accuracy	native truth	POG570 liver biopsies, masking, top-1 accuracy, native truth set		
pogsite_liver_m1_n	results/stage4/confirm/secondary_by_site.tsv	method == 'M1-Z' and site_group == 'liver'	n	none	0	num	pre-specified descriptive	POG570		n	evaluation	POG570 liver biopsies, n, evaluation set		
pogsite_liver_m1_nrisk	results/stage4/confirm/secondary_by_site.tsv	method == 'M1-Z' and site_group == 'liver'	n_at_risk	none	0	num	pre-specified descriptive	POG570		n	at risk	POG570 liver biopsies, n, at risk set		
pogsite_liver_m1_nnative	results/stage4/confirm/secondary_by_site.tsv	method == 'M1-Z' and site_group == 'liver'	n_native_truth	none	0	num	pre-specified descriptive	POG570		n	native truth	POG570 liver biopsies, n, native truth set		
pogsite_lung_m1_top1	results/stage4/confirm/secondary_by_site.tsv	method == 'M1-Z' and site_group == 'lung'	top1	none	3	num	pre-specified descriptive	POG570	masking	top-1 accuracy	evaluation	POG570 lung biopsies, masking, top-1 accuracy, evaluation set		
pogsite_lung_m1_host	results/stage4/confirm/secondary_by_site.tsv	method == 'M1-Z' and site_group == 'lung'	host_rate	none	3	num	pre-specified descriptive	POG570	masking	host-attraction rate	at risk	POG570 lung biopsies, masking, host-attraction rate, at risk set		
pogsite_lung_m1_native	results/stage4/confirm/secondary_by_site.tsv	method == 'M1-Z' and site_group == 'lung'	native_truth_top1	none	3	num	pre-specified descriptive	POG570	masking	top-1 accuracy	native truth	POG570 lung biopsies, masking, top-1 accuracy, native truth set		
pogsite_lung_m1_n	results/stage4/confirm/secondary_by_site.tsv	method == 'M1-Z' and site_group == 'lung'	n	none	0	num	pre-specified descriptive	POG570		n	evaluation	POG570 lung biopsies, n, evaluation set		
pogsite_lung_m1_nrisk	results/stage4/confirm/secondary_by_site.tsv	method == 'M1-Z' and site_group == 'lung'	n_at_risk	none	0	num	pre-specified descriptive	POG570		n	at risk	POG570 lung biopsies, n, at risk set		
pogsite_lung_m1_nnative	results/stage4/confirm/secondary_by_site.tsv	method == 'M1-Z' and site_group == 'lung'	n_native_truth	none	0	num	pre-specified descriptive	POG570		n	native truth	POG570 lung biopsies, n, native truth set		
pogsite_lymph_node_m1_top1	results/stage4/confirm/secondary_by_site.tsv	method == 'M1-Z' and site_group == 'lymph_node'	top1	none	3	num	pre-specified descriptive	POG570	masking	top-1 accuracy	evaluation	POG570 lymph_node biopsies, masking, top-1 accuracy, evaluation set		
pogsite_lymph_node_m1_host	results/stage4/confirm/secondary_by_site.tsv	method == 'M1-Z' and site_group == 'lymph_node'	host_rate	none	3	num	pre-specified descriptive	POG570	masking	host-attraction rate	at risk	POG570 lymph_node biopsies, masking, host-attraction rate, at risk set		
pogsite_lymph_node_m1_native	results/stage4/confirm/secondary_by_site.tsv	method == 'M1-Z' and site_group == 'lymph_node'	native_truth_top1	none	3	num	pre-specified descriptive	POG570	masking	top-1 accuracy	native truth	POG570 lymph_node biopsies, masking, top-1 accuracy, native truth set		
pogsite_lymph_node_m1_n	results/stage4/confirm/secondary_by_site.tsv	method == 'M1-Z' and site_group == 'lymph_node'	n	none	0	num	pre-specified descriptive	POG570		n	evaluation	POG570 lymph_node biopsies, n, evaluation set		
pogsite_lymph_node_m1_nrisk	results/stage4/confirm/secondary_by_site.tsv	method == 'M1-Z' and site_group == 'lymph_node'	n_at_risk	none	0	num	pre-specified descriptive	POG570		n	at risk	POG570 lymph_node biopsies, n, at risk set		
pogsite_lymph_node_m1_nnative	results/stage4/confirm/secondary_by_site.tsv	method == 'M1-Z' and site_group == 'lymph_node'	n_native_truth	none	0	num	pre-specified descriptive	POG570		n	native truth	POG570 lymph_node biopsies, n, native truth set		
pogsite_remainder_m1_top1	results/stage4/confirm/secondary_by_site.tsv	method == 'M1-Z' and site_group == 'remainder'	top1	none	3	num	pre-specified descriptive	POG570	masking	top-1 accuracy	evaluation	POG570 remainder biopsies, masking, top-1 accuracy, evaluation set		
pogsite_remainder_m1_host	results/stage4/confirm/secondary_by_site.tsv	method == 'M1-Z' and site_group == 'remainder'	host_rate	none	3	num	pre-specified descriptive	POG570	masking	host-attraction rate	at risk	POG570 remainder biopsies, masking, host-attraction rate, at risk set		
pogsite_remainder_m1_native	results/stage4/confirm/secondary_by_site.tsv	method == 'M1-Z' and site_group == 'remainder'	native_truth_top1	none	3	num	pre-specified descriptive	POG570	masking	top-1 accuracy	native truth	POG570 remainder biopsies, masking, top-1 accuracy, native truth set		
pogsite_remainder_m1_n	results/stage4/confirm/secondary_by_site.tsv	method == 'M1-Z' and site_group == 'remainder'	n	none	0	num	pre-specified descriptive	POG570		n	evaluation	POG570 remainder biopsies, n, evaluation set		
pogsite_remainder_m1_nrisk	results/stage4/confirm/secondary_by_site.tsv	method == 'M1-Z' and site_group == 'remainder'	n_at_risk	none	0	num	pre-specified descriptive	POG570		n	at risk	POG570 remainder biopsies, n, at risk set		
pogsite_remainder_m1_nnative	results/stage4/confirm/secondary_by_site.tsv	method == 'M1-Z' and site_group == 'remainder'	n_native_truth	none	0	num	pre-specified descriptive	POG570		n	native truth	POG570 remainder biopsies, n, native truth set		
pogsite_soft_tissue_m1_top1	results/stage4/confirm/secondary_by_site.tsv	method == 'M1-Z' and site_group == 'soft_tissue'	top1	none	3	num	pre-specified descriptive	POG570	masking	top-1 accuracy	evaluation	POG570 soft_tissue biopsies, masking, top-1 accuracy, evaluation set		
pogsite_soft_tissue_m1_host	results/stage4/confirm/secondary_by_site.tsv	method == 'M1-Z' and site_group == 'soft_tissue'	host_rate	none	3	num	pre-specified descriptive	POG570	masking	host-attraction rate	at risk	POG570 soft_tissue biopsies, masking, host-attraction rate, at risk set		
pogsite_soft_tissue_m1_native	results/stage4/confirm/secondary_by_site.tsv	method == 'M1-Z' and site_group == 'soft_tissue'	native_truth_top1	none	3	num	pre-specified descriptive	POG570	masking	top-1 accuracy	native truth	POG570 soft_tissue biopsies, masking, top-1 accuracy, native truth set		
pogsite_soft_tissue_m1_n	results/stage4/confirm/secondary_by_site.tsv	method == 'M1-Z' and site_group == 'soft_tissue'	n	none	0	num	pre-specified descriptive	POG570		n	evaluation	POG570 soft_tissue biopsies, n, evaluation set		
pogsite_soft_tissue_m1_nrisk	results/stage4/confirm/secondary_by_site.tsv	method == 'M1-Z' and site_group == 'soft_tissue'	n_at_risk	none	0	num	pre-specified descriptive	POG570		n	at risk	POG570 soft_tissue biopsies, n, at risk set		
pogsite_soft_tissue_m1_nnative	results/stage4/confirm/secondary_by_site.tsv	method == 'M1-Z' and site_group == 'soft_tissue'	n_native_truth	none	0	num	pre-specified descriptive	POG570		n	native truth	POG570 soft_tissue biopsies, n, native truth set		
pogsite_liver_sak_top1	results/stage4/confirm/secondary_by_site.tsv	method == 'SA-K' and site_group == 'liver'	top1	none	3	num	pre-specified descriptive	POG570	gene sets	top-1 accuracy	evaluation	POG570 liver biopsies, gene sets, top-1 accuracy, evaluation set		
pogsite_liver_sak_host	results/stage4/confirm/secondary_by_site.tsv	method == 'SA-K' and site_group == 'liver'	host_rate	none	3	num	pre-specified descriptive	POG570	gene sets	host-attraction rate	at risk	POG570 liver biopsies, gene sets, host-attraction rate, at risk set		
pogsite_liver_sak_native	results/stage4/confirm/secondary_by_site.tsv	method == 'SA-K' and site_group == 'liver'	native_truth_top1	none	3	num	pre-specified descriptive	POG570	gene sets	top-1 accuracy	native truth	POG570 liver biopsies, gene sets, top-1 accuracy, native truth set		
pogsite_liver_sak_n	results/stage4/confirm/secondary_by_site.tsv	method == 'SA-K' and site_group == 'liver'	n	none	0	num	pre-specified descriptive	POG570		n	evaluation	POG570 liver biopsies, n, evaluation set		
pogsite_liver_sak_nrisk	results/stage4/confirm/secondary_by_site.tsv	method == 'SA-K' and site_group == 'liver'	n_at_risk	none	0	num	pre-specified descriptive	POG570		n	at risk	POG570 liver biopsies, n, at risk set		
pogsite_liver_sak_nnative	results/stage4/confirm/secondary_by_site.tsv	method == 'SA-K' and site_group == 'liver'	n_native_truth	none	0	num	pre-specified descriptive	POG570		n	native truth	POG570 liver biopsies, n, native truth set		
pogsite_lung_sak_top1	results/stage4/confirm/secondary_by_site.tsv	method == 'SA-K' and site_group == 'lung'	top1	none	3	num	pre-specified descriptive	POG570	gene sets	top-1 accuracy	evaluation	POG570 lung biopsies, gene sets, top-1 accuracy, evaluation set		
pogsite_lung_sak_host	results/stage4/confirm/secondary_by_site.tsv	method == 'SA-K' and site_group == 'lung'	host_rate	none	3	num	pre-specified descriptive	POG570	gene sets	host-attraction rate	at risk	POG570 lung biopsies, gene sets, host-attraction rate, at risk set		
pogsite_lung_sak_native	results/stage4/confirm/secondary_by_site.tsv	method == 'SA-K' and site_group == 'lung'	native_truth_top1	none	3	num	pre-specified descriptive	POG570	gene sets	top-1 accuracy	native truth	POG570 lung biopsies, gene sets, top-1 accuracy, native truth set		
pogsite_lung_sak_n	results/stage4/confirm/secondary_by_site.tsv	method == 'SA-K' and site_group == 'lung'	n	none	0	num	pre-specified descriptive	POG570		n	evaluation	POG570 lung biopsies, n, evaluation set		
pogsite_lung_sak_nrisk	results/stage4/confirm/secondary_by_site.tsv	method == 'SA-K' and site_group == 'lung'	n_at_risk	none	0	num	pre-specified descriptive	POG570		n	at risk	POG570 lung biopsies, n, at risk set		
pogsite_lung_sak_nnative	results/stage4/confirm/secondary_by_site.tsv	method == 'SA-K' and site_group == 'lung'	n_native_truth	none	0	num	pre-specified descriptive	POG570		n	native truth	POG570 lung biopsies, n, native truth set		
pogsite_lymph_node_sak_top1	results/stage4/confirm/secondary_by_site.tsv	method == 'SA-K' and site_group == 'lymph_node'	top1	none	3	num	pre-specified descriptive	POG570	gene sets	top-1 accuracy	evaluation	POG570 lymph_node biopsies, gene sets, top-1 accuracy, evaluation set		
pogsite_lymph_node_sak_host	results/stage4/confirm/secondary_by_site.tsv	method == 'SA-K' and site_group == 'lymph_node'	host_rate	none	3	num	pre-specified descriptive	POG570	gene sets	host-attraction rate	at risk	POG570 lymph_node biopsies, gene sets, host-attraction rate, at risk set		
pogsite_lymph_node_sak_native	results/stage4/confirm/secondary_by_site.tsv	method == 'SA-K' and site_group == 'lymph_node'	native_truth_top1	none	3	num	pre-specified descriptive	POG570	gene sets	top-1 accuracy	native truth	POG570 lymph_node biopsies, gene sets, top-1 accuracy, native truth set		
pogsite_lymph_node_sak_n	results/stage4/confirm/secondary_by_site.tsv	method == 'SA-K' and site_group == 'lymph_node'	n	none	0	num	pre-specified descriptive	POG570		n	evaluation	POG570 lymph_node biopsies, n, evaluation set		
pogsite_lymph_node_sak_nrisk	results/stage4/confirm/secondary_by_site.tsv	method == 'SA-K' and site_group == 'lymph_node'	n_at_risk	none	0	num	pre-specified descriptive	POG570		n	at risk	POG570 lymph_node biopsies, n, at risk set		
pogsite_lymph_node_sak_nnative	results/stage4/confirm/secondary_by_site.tsv	method == 'SA-K' and site_group == 'lymph_node'	n_native_truth	none	0	num	pre-specified descriptive	POG570		n	native truth	POG570 lymph_node biopsies, n, native truth set		
pogsite_remainder_sak_top1	results/stage4/confirm/secondary_by_site.tsv	method == 'SA-K' and site_group == 'remainder'	top1	none	3	num	pre-specified descriptive	POG570	gene sets	top-1 accuracy	evaluation	POG570 remainder biopsies, gene sets, top-1 accuracy, evaluation set		
pogsite_remainder_sak_host	results/stage4/confirm/secondary_by_site.tsv	method == 'SA-K' and site_group == 'remainder'	host_rate	none	3	num	pre-specified descriptive	POG570	gene sets	host-attraction rate	at risk	POG570 remainder biopsies, gene sets, host-attraction rate, at risk set		
pogsite_remainder_sak_native	results/stage4/confirm/secondary_by_site.tsv	method == 'SA-K' and site_group == 'remainder'	native_truth_top1	none	3	num	pre-specified descriptive	POG570	gene sets	top-1 accuracy	native truth	POG570 remainder biopsies, gene sets, top-1 accuracy, native truth set		
pogsite_remainder_sak_n	results/stage4/confirm/secondary_by_site.tsv	method == 'SA-K' and site_group == 'remainder'	n	none	0	num	pre-specified descriptive	POG570		n	evaluation	POG570 remainder biopsies, n, evaluation set		
pogsite_remainder_sak_nrisk	results/stage4/confirm/secondary_by_site.tsv	method == 'SA-K' and site_group == 'remainder'	n_at_risk	none	0	num	pre-specified descriptive	POG570		n	at risk	POG570 remainder biopsies, n, at risk set		
pogsite_remainder_sak_nnative	results/stage4/confirm/secondary_by_site.tsv	method == 'SA-K' and site_group == 'remainder'	n_native_truth	none	0	num	pre-specified descriptive	POG570		n	native truth	POG570 remainder biopsies, n, native truth set		
pogsite_soft_tissue_sak_top1	results/stage4/confirm/secondary_by_site.tsv	method == 'SA-K' and site_group == 'soft_tissue'	top1	none	3	num	pre-specified descriptive	POG570	gene sets	top-1 accuracy	evaluation	POG570 soft_tissue biopsies, gene sets, top-1 accuracy, evaluation set		
pogsite_soft_tissue_sak_host	results/stage4/confirm/secondary_by_site.tsv	method == 'SA-K' and site_group == 'soft_tissue'	host_rate	none	3	num	pre-specified descriptive	POG570	gene sets	host-attraction rate	at risk	POG570 soft_tissue biopsies, gene sets, host-attraction rate, at risk set		
pogsite_soft_tissue_sak_native	results/stage4/confirm/secondary_by_site.tsv	method == 'SA-K' and site_group == 'soft_tissue'	native_truth_top1	none	3	num	pre-specified descriptive	POG570	gene sets	top-1 accuracy	native truth	POG570 soft_tissue biopsies, gene sets, top-1 accuracy, native truth set		
pogsite_soft_tissue_sak_n	results/stage4/confirm/secondary_by_site.tsv	method == 'SA-K' and site_group == 'soft_tissue'	n	none	0	num	pre-specified descriptive	POG570		n	evaluation	POG570 soft_tissue biopsies, n, evaluation set		
pogsite_soft_tissue_sak_nrisk	results/stage4/confirm/secondary_by_site.tsv	method == 'SA-K' and site_group == 'soft_tissue'	n_at_risk	none	0	num	pre-specified descriptive	POG570		n	at risk	POG570 soft_tissue biopsies, n, at risk set		
pogsite_soft_tissue_sak_nnative	results/stage4/confirm/secondary_by_site.tsv	method == 'SA-K' and site_group == 'soft_tissue'	n_native_truth	none	0	num	pre-specified descriptive	POG570		n	native truth	POG570 soft_tissue biopsies, n, native truth set		
pogsite_liver_v0k_top1	results/stage4/confirm/secondary_by_site.tsv	method == 'V0-K' and site_group == 'liver'	top1	none	3	num	pre-specified descriptive	POG570	gene sets	top-1 accuracy	evaluation	POG570 liver biopsies, gene sets, top-1 accuracy, evaluation set		
pogsite_liver_v0k_host	results/stage4/confirm/secondary_by_site.tsv	method == 'V0-K' and site_group == 'liver'	host_rate	none	3	num	pre-specified descriptive	POG570	gene sets	host-attraction rate	at risk	POG570 liver biopsies, gene sets, host-attraction rate, at risk set		
pogsite_liver_v0k_native	results/stage4/confirm/secondary_by_site.tsv	method == 'V0-K' and site_group == 'liver'	native_truth_top1	none	3	num	pre-specified descriptive	POG570	gene sets	top-1 accuracy	native truth	POG570 liver biopsies, gene sets, top-1 accuracy, native truth set		
pogsite_liver_v0k_n	results/stage4/confirm/secondary_by_site.tsv	method == 'V0-K' and site_group == 'liver'	n	none	0	num	pre-specified descriptive	POG570		n	evaluation	POG570 liver biopsies, n, evaluation set		
pogsite_liver_v0k_nrisk	results/stage4/confirm/secondary_by_site.tsv	method == 'V0-K' and site_group == 'liver'	n_at_risk	none	0	num	pre-specified descriptive	POG570		n	at risk	POG570 liver biopsies, n, at risk set		
pogsite_liver_v0k_nnative	results/stage4/confirm/secondary_by_site.tsv	method == 'V0-K' and site_group == 'liver'	n_native_truth	none	0	num	pre-specified descriptive	POG570		n	native truth	POG570 liver biopsies, n, native truth set		
pogsite_lung_v0k_top1	results/stage4/confirm/secondary_by_site.tsv	method == 'V0-K' and site_group == 'lung'	top1	none	3	num	pre-specified descriptive	POG570	gene sets	top-1 accuracy	evaluation	POG570 lung biopsies, gene sets, top-1 accuracy, evaluation set		
pogsite_lung_v0k_host	results/stage4/confirm/secondary_by_site.tsv	method == 'V0-K' and site_group == 'lung'	host_rate	none	3	num	pre-specified descriptive	POG570	gene sets	host-attraction rate	at risk	POG570 lung biopsies, gene sets, host-attraction rate, at risk set		
pogsite_lung_v0k_native	results/stage4/confirm/secondary_by_site.tsv	method == 'V0-K' and site_group == 'lung'	native_truth_top1	none	3	num	pre-specified descriptive	POG570	gene sets	top-1 accuracy	native truth	POG570 lung biopsies, gene sets, top-1 accuracy, native truth set		
pogsite_lung_v0k_n	results/stage4/confirm/secondary_by_site.tsv	method == 'V0-K' and site_group == 'lung'	n	none	0	num	pre-specified descriptive	POG570		n	evaluation	POG570 lung biopsies, n, evaluation set		
pogsite_lung_v0k_nrisk	results/stage4/confirm/secondary_by_site.tsv	method == 'V0-K' and site_group == 'lung'	n_at_risk	none	0	num	pre-specified descriptive	POG570		n	at risk	POG570 lung biopsies, n, at risk set		
pogsite_lung_v0k_nnative	results/stage4/confirm/secondary_by_site.tsv	method == 'V0-K' and site_group == 'lung'	n_native_truth	none	0	num	pre-specified descriptive	POG570		n	native truth	POG570 lung biopsies, n, native truth set		
pogsite_lymph_node_v0k_top1	results/stage4/confirm/secondary_by_site.tsv	method == 'V0-K' and site_group == 'lymph_node'	top1	none	3	num	pre-specified descriptive	POG570	gene sets	top-1 accuracy	evaluation	POG570 lymph_node biopsies, gene sets, top-1 accuracy, evaluation set		
pogsite_lymph_node_v0k_host	results/stage4/confirm/secondary_by_site.tsv	method == 'V0-K' and site_group == 'lymph_node'	host_rate	none	3	num	pre-specified descriptive	POG570	gene sets	host-attraction rate	at risk	POG570 lymph_node biopsies, gene sets, host-attraction rate, at risk set		
pogsite_lymph_node_v0k_native	results/stage4/confirm/secondary_by_site.tsv	method == 'V0-K' and site_group == 'lymph_node'	native_truth_top1	none	3	num	pre-specified descriptive	POG570	gene sets	top-1 accuracy	native truth	POG570 lymph_node biopsies, gene sets, top-1 accuracy, native truth set		
pogsite_lymph_node_v0k_n	results/stage4/confirm/secondary_by_site.tsv	method == 'V0-K' and site_group == 'lymph_node'	n	none	0	num	pre-specified descriptive	POG570		n	evaluation	POG570 lymph_node biopsies, n, evaluation set		
pogsite_lymph_node_v0k_nrisk	results/stage4/confirm/secondary_by_site.tsv	method == 'V0-K' and site_group == 'lymph_node'	n_at_risk	none	0	num	pre-specified descriptive	POG570		n	at risk	POG570 lymph_node biopsies, n, at risk set		
pogsite_lymph_node_v0k_nnative	results/stage4/confirm/secondary_by_site.tsv	method == 'V0-K' and site_group == 'lymph_node'	n_native_truth	none	0	num	pre-specified descriptive	POG570		n	native truth	POG570 lymph_node biopsies, n, native truth set		
pogsite_remainder_v0k_top1	results/stage4/confirm/secondary_by_site.tsv	method == 'V0-K' and site_group == 'remainder'	top1	none	3	num	pre-specified descriptive	POG570	gene sets	top-1 accuracy	evaluation	POG570 remainder biopsies, gene sets, top-1 accuracy, evaluation set		
pogsite_remainder_v0k_host	results/stage4/confirm/secondary_by_site.tsv	method == 'V0-K' and site_group == 'remainder'	host_rate	none	3	num	pre-specified descriptive	POG570	gene sets	host-attraction rate	at risk	POG570 remainder biopsies, gene sets, host-attraction rate, at risk set		
pogsite_remainder_v0k_native	results/stage4/confirm/secondary_by_site.tsv	method == 'V0-K' and site_group == 'remainder'	native_truth_top1	none	3	num	pre-specified descriptive	POG570	gene sets	top-1 accuracy	native truth	POG570 remainder biopsies, gene sets, top-1 accuracy, native truth set		
pogsite_remainder_v0k_n	results/stage4/confirm/secondary_by_site.tsv	method == 'V0-K' and site_group == 'remainder'	n	none	0	num	pre-specified descriptive	POG570		n	evaluation	POG570 remainder biopsies, n, evaluation set		
pogsite_remainder_v0k_nrisk	results/stage4/confirm/secondary_by_site.tsv	method == 'V0-K' and site_group == 'remainder'	n_at_risk	none	0	num	pre-specified descriptive	POG570		n	at risk	POG570 remainder biopsies, n, at risk set		
pogsite_remainder_v0k_nnative	results/stage4/confirm/secondary_by_site.tsv	method == 'V0-K' and site_group == 'remainder'	n_native_truth	none	0	num	pre-specified descriptive	POG570		n	native truth	POG570 remainder biopsies, n, native truth set		
pogsite_soft_tissue_v0k_top1	results/stage4/confirm/secondary_by_site.tsv	method == 'V0-K' and site_group == 'soft_tissue'	top1	none	3	num	pre-specified descriptive	POG570	gene sets	top-1 accuracy	evaluation	POG570 soft_tissue biopsies, gene sets, top-1 accuracy, evaluation set		
pogsite_soft_tissue_v0k_host	results/stage4/confirm/secondary_by_site.tsv	method == 'V0-K' and site_group == 'soft_tissue'	host_rate	none	3	num	pre-specified descriptive	POG570	gene sets	host-attraction rate	at risk	POG570 soft_tissue biopsies, gene sets, host-attraction rate, at risk set		
pogsite_soft_tissue_v0k_native	results/stage4/confirm/secondary_by_site.tsv	method == 'V0-K' and site_group == 'soft_tissue'	native_truth_top1	none	3	num	pre-specified descriptive	POG570	gene sets	top-1 accuracy	native truth	POG570 soft_tissue biopsies, gene sets, top-1 accuracy, native truth set		
pogsite_soft_tissue_v0k_n	results/stage4/confirm/secondary_by_site.tsv	method == 'V0-K' and site_group == 'soft_tissue'	n	none	0	num	pre-specified descriptive	POG570		n	evaluation	POG570 soft_tissue biopsies, n, evaluation set		
pogsite_soft_tissue_v0k_nrisk	results/stage4/confirm/secondary_by_site.tsv	method == 'V0-K' and site_group == 'soft_tissue'	n_at_risk	none	0	num	pre-specified descriptive	POG570		n	at risk	POG570 soft_tissue biopsies, n, at risk set		
pogsite_soft_tissue_v0k_nnative	results/stage4/confirm/secondary_by_site.tsv	method == 'V0-K' and site_group == 'soft_tissue'	n_native_truth	none	0	num	pre-specified descriptive	POG570		n	native truth	POG570 soft_tissue biopsies, n, native truth set		
pogtc_T1_base_top1	results/stage4/confirm/secondary_tc.tsv	method == 'BASE-Z' and tc_bin == 'T1'	top1	none	3	num	pre-specified descriptive	POG570	baseline	top-1 accuracy	evaluation	POG570 tumor-content tertile T1, baseline, top-1 accuracy, evaluation set		
pogtc_T1_base_host	results/stage4/confirm/secondary_tc.tsv	method == 'BASE-Z' and tc_bin == 'T1'	host_rate	none	3	num	pre-specified descriptive	POG570	baseline	host-attraction rate	at risk	POG570 tumor-content tertile T1, baseline, host-attraction rate, at risk set		
pogtc_T1_base_native	results/stage4/confirm/secondary_tc.tsv	method == 'BASE-Z' and tc_bin == 'T1'	native_truth_top1	none	3	num	pre-specified descriptive	POG570	baseline	top-1 accuracy	native truth	POG570 tumor-content tertile T1, baseline, top-1 accuracy, native truth set		
pogtc_T1_base_n	results/stage4/confirm/secondary_tc.tsv	method == 'BASE-Z' and tc_bin == 'T1'	n	none	0	num	pre-specified descriptive	POG570		n	evaluation	POG570 tumor-content tertile T1, n, evaluation set		
pogtc_T1_base_nrisk	results/stage4/confirm/secondary_tc.tsv	method == 'BASE-Z' and tc_bin == 'T1'	n_at_risk	none	0	num	pre-specified descriptive	POG570		n	at risk	POG570 tumor-content tertile T1, n, at risk set		
pogtc_T1_base_nnative	results/stage4/confirm/secondary_tc.tsv	method == 'BASE-Z' and tc_bin == 'T1'	n_native_truth	none	0	num	pre-specified descriptive	POG570		n	native truth	POG570 tumor-content tertile T1, n, native truth set		
pogtc_T2_base_top1	results/stage4/confirm/secondary_tc.tsv	method == 'BASE-Z' and tc_bin == 'T2'	top1	none	3	num	pre-specified descriptive	POG570	baseline	top-1 accuracy	evaluation	POG570 tumor-content tertile T2, baseline, top-1 accuracy, evaluation set		
pogtc_T2_base_host	results/stage4/confirm/secondary_tc.tsv	method == 'BASE-Z' and tc_bin == 'T2'	host_rate	none	3	num	pre-specified descriptive	POG570	baseline	host-attraction rate	at risk	POG570 tumor-content tertile T2, baseline, host-attraction rate, at risk set		
pogtc_T2_base_native	results/stage4/confirm/secondary_tc.tsv	method == 'BASE-Z' and tc_bin == 'T2'	native_truth_top1	none	3	num	pre-specified descriptive	POG570	baseline	top-1 accuracy	native truth	POG570 tumor-content tertile T2, baseline, top-1 accuracy, native truth set		
pogtc_T2_base_n	results/stage4/confirm/secondary_tc.tsv	method == 'BASE-Z' and tc_bin == 'T2'	n	none	0	num	pre-specified descriptive	POG570		n	evaluation	POG570 tumor-content tertile T2, n, evaluation set		
pogtc_T2_base_nrisk	results/stage4/confirm/secondary_tc.tsv	method == 'BASE-Z' and tc_bin == 'T2'	n_at_risk	none	0	num	pre-specified descriptive	POG570		n	at risk	POG570 tumor-content tertile T2, n, at risk set		
pogtc_T2_base_nnative	results/stage4/confirm/secondary_tc.tsv	method == 'BASE-Z' and tc_bin == 'T2'	n_native_truth	none	0	num	pre-specified descriptive	POG570		n	native truth	POG570 tumor-content tertile T2, n, native truth set		
pogtc_T3_base_top1	results/stage4/confirm/secondary_tc.tsv	method == 'BASE-Z' and tc_bin == 'T3'	top1	none	3	num	pre-specified descriptive	POG570	baseline	top-1 accuracy	evaluation	POG570 tumor-content tertile T3, baseline, top-1 accuracy, evaluation set		
pogtc_T3_base_host	results/stage4/confirm/secondary_tc.tsv	method == 'BASE-Z' and tc_bin == 'T3'	host_rate	none	3	num	pre-specified descriptive	POG570	baseline	host-attraction rate	at risk	POG570 tumor-content tertile T3, baseline, host-attraction rate, at risk set		
pogtc_T3_base_native	results/stage4/confirm/secondary_tc.tsv	method == 'BASE-Z' and tc_bin == 'T3'	native_truth_top1	none	3	num	pre-specified descriptive	POG570	baseline	top-1 accuracy	native truth	POG570 tumor-content tertile T3, baseline, top-1 accuracy, native truth set		
pogtc_T3_base_n	results/stage4/confirm/secondary_tc.tsv	method == 'BASE-Z' and tc_bin == 'T3'	n	none	0	num	pre-specified descriptive	POG570		n	evaluation	POG570 tumor-content tertile T3, n, evaluation set		
pogtc_T3_base_nrisk	results/stage4/confirm/secondary_tc.tsv	method == 'BASE-Z' and tc_bin == 'T3'	n_at_risk	none	0	num	pre-specified descriptive	POG570		n	at risk	POG570 tumor-content tertile T3, n, at risk set		
pogtc_T3_base_nnative	results/stage4/confirm/secondary_tc.tsv	method == 'BASE-Z' and tc_bin == 'T3'	n_native_truth	none	0	num	pre-specified descriptive	POG570		n	native truth	POG570 tumor-content tertile T3, n, native truth set		
pogtc_T1_basek_top1	results/stage4/confirm/secondary_tc.tsv	method == 'BASE-K' and tc_bin == 'T1'	top1	none	3	num	pre-specified descriptive	POG570	gene sets	top-1 accuracy	evaluation	POG570 tumor-content tertile T1, gene sets, top-1 accuracy, evaluation set		
pogtc_T1_basek_host	results/stage4/confirm/secondary_tc.tsv	method == 'BASE-K' and tc_bin == 'T1'	host_rate	none	3	num	pre-specified descriptive	POG570	gene sets	host-attraction rate	at risk	POG570 tumor-content tertile T1, gene sets, host-attraction rate, at risk set		
pogtc_T1_basek_native	results/stage4/confirm/secondary_tc.tsv	method == 'BASE-K' and tc_bin == 'T1'	native_truth_top1	none	3	num	pre-specified descriptive	POG570	gene sets	top-1 accuracy	native truth	POG570 tumor-content tertile T1, gene sets, top-1 accuracy, native truth set		
pogtc_T1_basek_n	results/stage4/confirm/secondary_tc.tsv	method == 'BASE-K' and tc_bin == 'T1'	n	none	0	num	pre-specified descriptive	POG570		n	evaluation	POG570 tumor-content tertile T1, n, evaluation set		
pogtc_T1_basek_nrisk	results/stage4/confirm/secondary_tc.tsv	method == 'BASE-K' and tc_bin == 'T1'	n_at_risk	none	0	num	pre-specified descriptive	POG570		n	at risk	POG570 tumor-content tertile T1, n, at risk set		
pogtc_T1_basek_nnative	results/stage4/confirm/secondary_tc.tsv	method == 'BASE-K' and tc_bin == 'T1'	n_native_truth	none	0	num	pre-specified descriptive	POG570		n	native truth	POG570 tumor-content tertile T1, n, native truth set		
pogtc_T2_basek_top1	results/stage4/confirm/secondary_tc.tsv	method == 'BASE-K' and tc_bin == 'T2'	top1	none	3	num	pre-specified descriptive	POG570	gene sets	top-1 accuracy	evaluation	POG570 tumor-content tertile T2, gene sets, top-1 accuracy, evaluation set		
pogtc_T2_basek_host	results/stage4/confirm/secondary_tc.tsv	method == 'BASE-K' and tc_bin == 'T2'	host_rate	none	3	num	pre-specified descriptive	POG570	gene sets	host-attraction rate	at risk	POG570 tumor-content tertile T2, gene sets, host-attraction rate, at risk set		
pogtc_T2_basek_native	results/stage4/confirm/secondary_tc.tsv	method == 'BASE-K' and tc_bin == 'T2'	native_truth_top1	none	3	num	pre-specified descriptive	POG570	gene sets	top-1 accuracy	native truth	POG570 tumor-content tertile T2, gene sets, top-1 accuracy, native truth set		
pogtc_T2_basek_n	results/stage4/confirm/secondary_tc.tsv	method == 'BASE-K' and tc_bin == 'T2'	n	none	0	num	pre-specified descriptive	POG570		n	evaluation	POG570 tumor-content tertile T2, n, evaluation set		
pogtc_T2_basek_nrisk	results/stage4/confirm/secondary_tc.tsv	method == 'BASE-K' and tc_bin == 'T2'	n_at_risk	none	0	num	pre-specified descriptive	POG570		n	at risk	POG570 tumor-content tertile T2, n, at risk set		
pogtc_T2_basek_nnative	results/stage4/confirm/secondary_tc.tsv	method == 'BASE-K' and tc_bin == 'T2'	n_native_truth	none	0	num	pre-specified descriptive	POG570		n	native truth	POG570 tumor-content tertile T2, n, native truth set		
pogtc_T3_basek_top1	results/stage4/confirm/secondary_tc.tsv	method == 'BASE-K' and tc_bin == 'T3'	top1	none	3	num	pre-specified descriptive	POG570	gene sets	top-1 accuracy	evaluation	POG570 tumor-content tertile T3, gene sets, top-1 accuracy, evaluation set		
pogtc_T3_basek_host	results/stage4/confirm/secondary_tc.tsv	method == 'BASE-K' and tc_bin == 'T3'	host_rate	none	3	num	pre-specified descriptive	POG570	gene sets	host-attraction rate	at risk	POG570 tumor-content tertile T3, gene sets, host-attraction rate, at risk set		
pogtc_T3_basek_native	results/stage4/confirm/secondary_tc.tsv	method == 'BASE-K' and tc_bin == 'T3'	native_truth_top1	none	3	num	pre-specified descriptive	POG570	gene sets	top-1 accuracy	native truth	POG570 tumor-content tertile T3, gene sets, top-1 accuracy, native truth set		
pogtc_T3_basek_n	results/stage4/confirm/secondary_tc.tsv	method == 'BASE-K' and tc_bin == 'T3'	n	none	0	num	pre-specified descriptive	POG570		n	evaluation	POG570 tumor-content tertile T3, n, evaluation set		
pogtc_T3_basek_nrisk	results/stage4/confirm/secondary_tc.tsv	method == 'BASE-K' and tc_bin == 'T3'	n_at_risk	none	0	num	pre-specified descriptive	POG570		n	at risk	POG570 tumor-content tertile T3, n, at risk set		
pogtc_T3_basek_nnative	results/stage4/confirm/secondary_tc.tsv	method == 'BASE-K' and tc_bin == 'T3'	n_native_truth	none	0	num	pre-specified descriptive	POG570		n	native truth	POG570 tumor-content tertile T3, n, native truth set		
pogtc_T1_sa_top1	results/stage4/confirm/secondary_tc.tsv	method == 'SA-Z' and tc_bin == 'T1'	top1	none	3	num	pre-specified descriptive	POG570	HostMix-TOO	top-1 accuracy	evaluation	POG570 tumor-content tertile T1, HostMix-TOO, top-1 accuracy, evaluation set		
pogtc_T1_sa_host	results/stage4/confirm/secondary_tc.tsv	method == 'SA-Z' and tc_bin == 'T1'	host_rate	none	3	num	pre-specified descriptive	POG570	HostMix-TOO	host-attraction rate	at risk	POG570 tumor-content tertile T1, HostMix-TOO, host-attraction rate, at risk set		
pogtc_T1_sa_native	results/stage4/confirm/secondary_tc.tsv	method == 'SA-Z' and tc_bin == 'T1'	native_truth_top1	none	3	num	pre-specified descriptive	POG570	HostMix-TOO	top-1 accuracy	native truth	POG570 tumor-content tertile T1, HostMix-TOO, top-1 accuracy, native truth set		
pogtc_T1_sa_n	results/stage4/confirm/secondary_tc.tsv	method == 'SA-Z' and tc_bin == 'T1'	n	none	0	num	pre-specified descriptive	POG570		n	evaluation	POG570 tumor-content tertile T1, n, evaluation set		
pogtc_T1_sa_nrisk	results/stage4/confirm/secondary_tc.tsv	method == 'SA-Z' and tc_bin == 'T1'	n_at_risk	none	0	num	pre-specified descriptive	POG570		n	at risk	POG570 tumor-content tertile T1, n, at risk set		
pogtc_T1_sa_nnative	results/stage4/confirm/secondary_tc.tsv	method == 'SA-Z' and tc_bin == 'T1'	n_native_truth	none	0	num	pre-specified descriptive	POG570		n	native truth	POG570 tumor-content tertile T1, n, native truth set		
pogtc_T2_sa_top1	results/stage4/confirm/secondary_tc.tsv	method == 'SA-Z' and tc_bin == 'T2'	top1	none	3	num	pre-specified descriptive	POG570	HostMix-TOO	top-1 accuracy	evaluation	POG570 tumor-content tertile T2, HostMix-TOO, top-1 accuracy, evaluation set		
pogtc_T2_sa_host	results/stage4/confirm/secondary_tc.tsv	method == 'SA-Z' and tc_bin == 'T2'	host_rate	none	3	num	pre-specified descriptive	POG570	HostMix-TOO	host-attraction rate	at risk	POG570 tumor-content tertile T2, HostMix-TOO, host-attraction rate, at risk set		
pogtc_T2_sa_native	results/stage4/confirm/secondary_tc.tsv	method == 'SA-Z' and tc_bin == 'T2'	native_truth_top1	none	3	num	pre-specified descriptive	POG570	HostMix-TOO	top-1 accuracy	native truth	POG570 tumor-content tertile T2, HostMix-TOO, top-1 accuracy, native truth set		
pogtc_T2_sa_n	results/stage4/confirm/secondary_tc.tsv	method == 'SA-Z' and tc_bin == 'T2'	n	none	0	num	pre-specified descriptive	POG570		n	evaluation	POG570 tumor-content tertile T2, n, evaluation set		
pogtc_T2_sa_nrisk	results/stage4/confirm/secondary_tc.tsv	method == 'SA-Z' and tc_bin == 'T2'	n_at_risk	none	0	num	pre-specified descriptive	POG570		n	at risk	POG570 tumor-content tertile T2, n, at risk set		
pogtc_T2_sa_nnative	results/stage4/confirm/secondary_tc.tsv	method == 'SA-Z' and tc_bin == 'T2'	n_native_truth	none	0	num	pre-specified descriptive	POG570		n	native truth	POG570 tumor-content tertile T2, n, native truth set		
pogtc_T3_sa_top1	results/stage4/confirm/secondary_tc.tsv	method == 'SA-Z' and tc_bin == 'T3'	top1	none	3	num	pre-specified descriptive	POG570	HostMix-TOO	top-1 accuracy	evaluation	POG570 tumor-content tertile T3, HostMix-TOO, top-1 accuracy, evaluation set		
pogtc_T3_sa_host	results/stage4/confirm/secondary_tc.tsv	method == 'SA-Z' and tc_bin == 'T3'	host_rate	none	3	num	pre-specified descriptive	POG570	HostMix-TOO	host-attraction rate	at risk	POG570 tumor-content tertile T3, HostMix-TOO, host-attraction rate, at risk set		
pogtc_T3_sa_native	results/stage4/confirm/secondary_tc.tsv	method == 'SA-Z' and tc_bin == 'T3'	native_truth_top1	none	3	num	pre-specified descriptive	POG570	HostMix-TOO	top-1 accuracy	native truth	POG570 tumor-content tertile T3, HostMix-TOO, top-1 accuracy, native truth set		
pogtc_T3_sa_n	results/stage4/confirm/secondary_tc.tsv	method == 'SA-Z' and tc_bin == 'T3'	n	none	0	num	pre-specified descriptive	POG570		n	evaluation	POG570 tumor-content tertile T3, n, evaluation set		
pogtc_T3_sa_nrisk	results/stage4/confirm/secondary_tc.tsv	method == 'SA-Z' and tc_bin == 'T3'	n_at_risk	none	0	num	pre-specified descriptive	POG570		n	at risk	POG570 tumor-content tertile T3, n, at risk set		
pogtc_T3_sa_nnative	results/stage4/confirm/secondary_tc.tsv	method == 'SA-Z' and tc_bin == 'T3'	n_native_truth	none	0	num	pre-specified descriptive	POG570		n	native truth	POG570 tumor-content tertile T3, n, native truth set		
pogtc_T1_sc_top1	results/stage4/confirm/secondary_tc.tsv	method == 'SC-Z' and tc_bin == 'T1'	top1	none	3	num	pre-specified descriptive	POG570	site-specific	top-1 accuracy	evaluation	POG570 tumor-content tertile T1, site-specific, top-1 accuracy, evaluation set		
pogtc_T1_sc_host	results/stage4/confirm/secondary_tc.tsv	method == 'SC-Z' and tc_bin == 'T1'	host_rate	none	3	num	pre-specified descriptive	POG570	site-specific	host-attraction rate	at risk	POG570 tumor-content tertile T1, site-specific, host-attraction rate, at risk set		
pogtc_T1_sc_native	results/stage4/confirm/secondary_tc.tsv	method == 'SC-Z' and tc_bin == 'T1'	native_truth_top1	none	3	num	pre-specified descriptive	POG570	site-specific	top-1 accuracy	native truth	POG570 tumor-content tertile T1, site-specific, top-1 accuracy, native truth set		
pogtc_T1_sc_n	results/stage4/confirm/secondary_tc.tsv	method == 'SC-Z' and tc_bin == 'T1'	n	none	0	num	pre-specified descriptive	POG570		n	evaluation	POG570 tumor-content tertile T1, n, evaluation set		
pogtc_T1_sc_nrisk	results/stage4/confirm/secondary_tc.tsv	method == 'SC-Z' and tc_bin == 'T1'	n_at_risk	none	0	num	pre-specified descriptive	POG570		n	at risk	POG570 tumor-content tertile T1, n, at risk set		
pogtc_T1_sc_nnative	results/stage4/confirm/secondary_tc.tsv	method == 'SC-Z' and tc_bin == 'T1'	n_native_truth	none	0	num	pre-specified descriptive	POG570		n	native truth	POG570 tumor-content tertile T1, n, native truth set		
pogtc_T2_sc_top1	results/stage4/confirm/secondary_tc.tsv	method == 'SC-Z' and tc_bin == 'T2'	top1	none	3	num	pre-specified descriptive	POG570	site-specific	top-1 accuracy	evaluation	POG570 tumor-content tertile T2, site-specific, top-1 accuracy, evaluation set		
pogtc_T2_sc_host	results/stage4/confirm/secondary_tc.tsv	method == 'SC-Z' and tc_bin == 'T2'	host_rate	none	3	num	pre-specified descriptive	POG570	site-specific	host-attraction rate	at risk	POG570 tumor-content tertile T2, site-specific, host-attraction rate, at risk set		
pogtc_T2_sc_native	results/stage4/confirm/secondary_tc.tsv	method == 'SC-Z' and tc_bin == 'T2'	native_truth_top1	none	3	num	pre-specified descriptive	POG570	site-specific	top-1 accuracy	native truth	POG570 tumor-content tertile T2, site-specific, top-1 accuracy, native truth set		
pogtc_T2_sc_n	results/stage4/confirm/secondary_tc.tsv	method == 'SC-Z' and tc_bin == 'T2'	n	none	0	num	pre-specified descriptive	POG570		n	evaluation	POG570 tumor-content tertile T2, n, evaluation set		
pogtc_T2_sc_nrisk	results/stage4/confirm/secondary_tc.tsv	method == 'SC-Z' and tc_bin == 'T2'	n_at_risk	none	0	num	pre-specified descriptive	POG570		n	at risk	POG570 tumor-content tertile T2, n, at risk set		
pogtc_T2_sc_nnative	results/stage4/confirm/secondary_tc.tsv	method == 'SC-Z' and tc_bin == 'T2'	n_native_truth	none	0	num	pre-specified descriptive	POG570		n	native truth	POG570 tumor-content tertile T2, n, native truth set		
pogtc_T3_sc_top1	results/stage4/confirm/secondary_tc.tsv	method == 'SC-Z' and tc_bin == 'T3'	top1	none	3	num	pre-specified descriptive	POG570	site-specific	top-1 accuracy	evaluation	POG570 tumor-content tertile T3, site-specific, top-1 accuracy, evaluation set		
pogtc_T3_sc_host	results/stage4/confirm/secondary_tc.tsv	method == 'SC-Z' and tc_bin == 'T3'	host_rate	none	3	num	pre-specified descriptive	POG570	site-specific	host-attraction rate	at risk	POG570 tumor-content tertile T3, site-specific, host-attraction rate, at risk set		
pogtc_T3_sc_native	results/stage4/confirm/secondary_tc.tsv	method == 'SC-Z' and tc_bin == 'T3'	native_truth_top1	none	3	num	pre-specified descriptive	POG570	site-specific	top-1 accuracy	native truth	POG570 tumor-content tertile T3, site-specific, top-1 accuracy, native truth set		
pogtc_T3_sc_n	results/stage4/confirm/secondary_tc.tsv	method == 'SC-Z' and tc_bin == 'T3'	n	none	0	num	pre-specified descriptive	POG570		n	evaluation	POG570 tumor-content tertile T3, n, evaluation set		
pogtc_T3_sc_nrisk	results/stage4/confirm/secondary_tc.tsv	method == 'SC-Z' and tc_bin == 'T3'	n_at_risk	none	0	num	pre-specified descriptive	POG570		n	at risk	POG570 tumor-content tertile T3, n, at risk set		
pogtc_T3_sc_nnative	results/stage4/confirm/secondary_tc.tsv	method == 'SC-Z' and tc_bin == 'T3'	n_native_truth	none	0	num	pre-specified descriptive	POG570		n	native truth	POG570 tumor-content tertile T3, n, native truth set		
pogtc_T1_ld_top1	results/stage4/confirm/secondary_tc.tsv	method == 'LD-Z' and tc_bin == 'T1'	top1	none	3	num	pre-specified descriptive	POG570	deconvolution	top-1 accuracy	evaluation	POG570 tumor-content tertile T1, deconvolution, top-1 accuracy, evaluation set		
pogtc_T1_ld_host	results/stage4/confirm/secondary_tc.tsv	method == 'LD-Z' and tc_bin == 'T1'	host_rate	none	3	num	pre-specified descriptive	POG570	deconvolution	host-attraction rate	at risk	POG570 tumor-content tertile T1, deconvolution, host-attraction rate, at risk set		
pogtc_T1_ld_native	results/stage4/confirm/secondary_tc.tsv	method == 'LD-Z' and tc_bin == 'T1'	native_truth_top1	none	3	num	pre-specified descriptive	POG570	deconvolution	top-1 accuracy	native truth	POG570 tumor-content tertile T1, deconvolution, top-1 accuracy, native truth set		
pogtc_T1_ld_n	results/stage4/confirm/secondary_tc.tsv	method == 'LD-Z' and tc_bin == 'T1'	n	none	0	num	pre-specified descriptive	POG570		n	evaluation	POG570 tumor-content tertile T1, n, evaluation set		
pogtc_T1_ld_nrisk	results/stage4/confirm/secondary_tc.tsv	method == 'LD-Z' and tc_bin == 'T1'	n_at_risk	none	0	num	pre-specified descriptive	POG570		n	at risk	POG570 tumor-content tertile T1, n, at risk set		
pogtc_T1_ld_nnative	results/stage4/confirm/secondary_tc.tsv	method == 'LD-Z' and tc_bin == 'T1'	n_native_truth	none	0	num	pre-specified descriptive	POG570		n	native truth	POG570 tumor-content tertile T1, n, native truth set		
pogtc_T2_ld_top1	results/stage4/confirm/secondary_tc.tsv	method == 'LD-Z' and tc_bin == 'T2'	top1	none	3	num	pre-specified descriptive	POG570	deconvolution	top-1 accuracy	evaluation	POG570 tumor-content tertile T2, deconvolution, top-1 accuracy, evaluation set		
pogtc_T2_ld_host	results/stage4/confirm/secondary_tc.tsv	method == 'LD-Z' and tc_bin == 'T2'	host_rate	none	3	num	pre-specified descriptive	POG570	deconvolution	host-attraction rate	at risk	POG570 tumor-content tertile T2, deconvolution, host-attraction rate, at risk set		
pogtc_T2_ld_native	results/stage4/confirm/secondary_tc.tsv	method == 'LD-Z' and tc_bin == 'T2'	native_truth_top1	none	3	num	pre-specified descriptive	POG570	deconvolution	top-1 accuracy	native truth	POG570 tumor-content tertile T2, deconvolution, top-1 accuracy, native truth set		
pogtc_T2_ld_n	results/stage4/confirm/secondary_tc.tsv	method == 'LD-Z' and tc_bin == 'T2'	n	none	0	num	pre-specified descriptive	POG570		n	evaluation	POG570 tumor-content tertile T2, n, evaluation set		
pogtc_T2_ld_nrisk	results/stage4/confirm/secondary_tc.tsv	method == 'LD-Z' and tc_bin == 'T2'	n_at_risk	none	0	num	pre-specified descriptive	POG570		n	at risk	POG570 tumor-content tertile T2, n, at risk set		
pogtc_T2_ld_nnative	results/stage4/confirm/secondary_tc.tsv	method == 'LD-Z' and tc_bin == 'T2'	n_native_truth	none	0	num	pre-specified descriptive	POG570		n	native truth	POG570 tumor-content tertile T2, n, native truth set		
pogtc_T3_ld_top1	results/stage4/confirm/secondary_tc.tsv	method == 'LD-Z' and tc_bin == 'T3'	top1	none	3	num	pre-specified descriptive	POG570	deconvolution	top-1 accuracy	evaluation	POG570 tumor-content tertile T3, deconvolution, top-1 accuracy, evaluation set		
pogtc_T3_ld_host	results/stage4/confirm/secondary_tc.tsv	method == 'LD-Z' and tc_bin == 'T3'	host_rate	none	3	num	pre-specified descriptive	POG570	deconvolution	host-attraction rate	at risk	POG570 tumor-content tertile T3, deconvolution, host-attraction rate, at risk set		
pogtc_T3_ld_native	results/stage4/confirm/secondary_tc.tsv	method == 'LD-Z' and tc_bin == 'T3'	native_truth_top1	none	3	num	pre-specified descriptive	POG570	deconvolution	top-1 accuracy	native truth	POG570 tumor-content tertile T3, deconvolution, top-1 accuracy, native truth set		
pogtc_T3_ld_n	results/stage4/confirm/secondary_tc.tsv	method == 'LD-Z' and tc_bin == 'T3'	n	none	0	num	pre-specified descriptive	POG570		n	evaluation	POG570 tumor-content tertile T3, n, evaluation set		
pogtc_T3_ld_nrisk	results/stage4/confirm/secondary_tc.tsv	method == 'LD-Z' and tc_bin == 'T3'	n_at_risk	none	0	num	pre-specified descriptive	POG570		n	at risk	POG570 tumor-content tertile T3, n, at risk set		
pogtc_T3_ld_nnative	results/stage4/confirm/secondary_tc.tsv	method == 'LD-Z' and tc_bin == 'T3'	n_native_truth	none	0	num	pre-specified descriptive	POG570		n	native truth	POG570 tumor-content tertile T3, n, native truth set		
pogtc_T1_nc_top1	results/stage4/confirm/secondary_tc.tsv	method == 'NC-Z' and tc_bin == 'T1'	top1	none	3	num	pre-specified descriptive	POG570	normal classes	top-1 accuracy	evaluation	POG570 tumor-content tertile T1, normal classes, top-1 accuracy, evaluation set		
pogtc_T1_nc_host	results/stage4/confirm/secondary_tc.tsv	method == 'NC-Z' and tc_bin == 'T1'	host_rate	none	3	num	pre-specified descriptive	POG570	normal classes	host-attraction rate	at risk	POG570 tumor-content tertile T1, normal classes, host-attraction rate, at risk set		
pogtc_T1_nc_native	results/stage4/confirm/secondary_tc.tsv	method == 'NC-Z' and tc_bin == 'T1'	native_truth_top1	none	3	num	pre-specified descriptive	POG570	normal classes	top-1 accuracy	native truth	POG570 tumor-content tertile T1, normal classes, top-1 accuracy, native truth set		
pogtc_T1_nc_n	results/stage4/confirm/secondary_tc.tsv	method == 'NC-Z' and tc_bin == 'T1'	n	none	0	num	pre-specified descriptive	POG570		n	evaluation	POG570 tumor-content tertile T1, n, evaluation set		
pogtc_T1_nc_nrisk	results/stage4/confirm/secondary_tc.tsv	method == 'NC-Z' and tc_bin == 'T1'	n_at_risk	none	0	num	pre-specified descriptive	POG570		n	at risk	POG570 tumor-content tertile T1, n, at risk set		
pogtc_T1_nc_nnative	results/stage4/confirm/secondary_tc.tsv	method == 'NC-Z' and tc_bin == 'T1'	n_native_truth	none	0	num	pre-specified descriptive	POG570		n	native truth	POG570 tumor-content tertile T1, n, native truth set		
pogtc_T2_nc_top1	results/stage4/confirm/secondary_tc.tsv	method == 'NC-Z' and tc_bin == 'T2'	top1	none	3	num	pre-specified descriptive	POG570	normal classes	top-1 accuracy	evaluation	POG570 tumor-content tertile T2, normal classes, top-1 accuracy, evaluation set		
pogtc_T2_nc_host	results/stage4/confirm/secondary_tc.tsv	method == 'NC-Z' and tc_bin == 'T2'	host_rate	none	3	num	pre-specified descriptive	POG570	normal classes	host-attraction rate	at risk	POG570 tumor-content tertile T2, normal classes, host-attraction rate, at risk set		
pogtc_T2_nc_native	results/stage4/confirm/secondary_tc.tsv	method == 'NC-Z' and tc_bin == 'T2'	native_truth_top1	none	3	num	pre-specified descriptive	POG570	normal classes	top-1 accuracy	native truth	POG570 tumor-content tertile T2, normal classes, top-1 accuracy, native truth set		
pogtc_T2_nc_n	results/stage4/confirm/secondary_tc.tsv	method == 'NC-Z' and tc_bin == 'T2'	n	none	0	num	pre-specified descriptive	POG570		n	evaluation	POG570 tumor-content tertile T2, n, evaluation set		
pogtc_T2_nc_nrisk	results/stage4/confirm/secondary_tc.tsv	method == 'NC-Z' and tc_bin == 'T2'	n_at_risk	none	0	num	pre-specified descriptive	POG570		n	at risk	POG570 tumor-content tertile T2, n, at risk set		
pogtc_T2_nc_nnative	results/stage4/confirm/secondary_tc.tsv	method == 'NC-Z' and tc_bin == 'T2'	n_native_truth	none	0	num	pre-specified descriptive	POG570		n	native truth	POG570 tumor-content tertile T2, n, native truth set		
pogtc_T3_nc_top1	results/stage4/confirm/secondary_tc.tsv	method == 'NC-Z' and tc_bin == 'T3'	top1	none	3	num	pre-specified descriptive	POG570	normal classes	top-1 accuracy	evaluation	POG570 tumor-content tertile T3, normal classes, top-1 accuracy, evaluation set		
pogtc_T3_nc_host	results/stage4/confirm/secondary_tc.tsv	method == 'NC-Z' and tc_bin == 'T3'	host_rate	none	3	num	pre-specified descriptive	POG570	normal classes	host-attraction rate	at risk	POG570 tumor-content tertile T3, normal classes, host-attraction rate, at risk set		
pogtc_T3_nc_native	results/stage4/confirm/secondary_tc.tsv	method == 'NC-Z' and tc_bin == 'T3'	native_truth_top1	none	3	num	pre-specified descriptive	POG570	normal classes	top-1 accuracy	native truth	POG570 tumor-content tertile T3, normal classes, top-1 accuracy, native truth set		
pogtc_T3_nc_n	results/stage4/confirm/secondary_tc.tsv	method == 'NC-Z' and tc_bin == 'T3'	n	none	0	num	pre-specified descriptive	POG570		n	evaluation	POG570 tumor-content tertile T3, n, evaluation set		
pogtc_T3_nc_nrisk	results/stage4/confirm/secondary_tc.tsv	method == 'NC-Z' and tc_bin == 'T3'	n_at_risk	none	0	num	pre-specified descriptive	POG570		n	at risk	POG570 tumor-content tertile T3, n, at risk set		
pogtc_T3_nc_nnative	results/stage4/confirm/secondary_tc.tsv	method == 'NC-Z' and tc_bin == 'T3'	n_native_truth	none	0	num	pre-specified descriptive	POG570		n	native truth	POG570 tumor-content tertile T3, n, native truth set		
pogtc_T1_m1_top1	results/stage4/confirm/secondary_tc.tsv	method == 'M1-Z' and tc_bin == 'T1'	top1	none	3	num	pre-specified descriptive	POG570	masking	top-1 accuracy	evaluation	POG570 tumor-content tertile T1, masking, top-1 accuracy, evaluation set		
pogtc_T1_m1_host	results/stage4/confirm/secondary_tc.tsv	method == 'M1-Z' and tc_bin == 'T1'	host_rate	none	3	num	pre-specified descriptive	POG570	masking	host-attraction rate	at risk	POG570 tumor-content tertile T1, masking, host-attraction rate, at risk set		
pogtc_T1_m1_native	results/stage4/confirm/secondary_tc.tsv	method == 'M1-Z' and tc_bin == 'T1'	native_truth_top1	none	3	num	pre-specified descriptive	POG570	masking	top-1 accuracy	native truth	POG570 tumor-content tertile T1, masking, top-1 accuracy, native truth set		
pogtc_T1_m1_n	results/stage4/confirm/secondary_tc.tsv	method == 'M1-Z' and tc_bin == 'T1'	n	none	0	num	pre-specified descriptive	POG570		n	evaluation	POG570 tumor-content tertile T1, n, evaluation set		
pogtc_T1_m1_nrisk	results/stage4/confirm/secondary_tc.tsv	method == 'M1-Z' and tc_bin == 'T1'	n_at_risk	none	0	num	pre-specified descriptive	POG570		n	at risk	POG570 tumor-content tertile T1, n, at risk set		
pogtc_T1_m1_nnative	results/stage4/confirm/secondary_tc.tsv	method == 'M1-Z' and tc_bin == 'T1'	n_native_truth	none	0	num	pre-specified descriptive	POG570		n	native truth	POG570 tumor-content tertile T1, n, native truth set		
pogtc_T2_m1_top1	results/stage4/confirm/secondary_tc.tsv	method == 'M1-Z' and tc_bin == 'T2'	top1	none	3	num	pre-specified descriptive	POG570	masking	top-1 accuracy	evaluation	POG570 tumor-content tertile T2, masking, top-1 accuracy, evaluation set		
pogtc_T2_m1_host	results/stage4/confirm/secondary_tc.tsv	method == 'M1-Z' and tc_bin == 'T2'	host_rate	none	3	num	pre-specified descriptive	POG570	masking	host-attraction rate	at risk	POG570 tumor-content tertile T2, masking, host-attraction rate, at risk set		
pogtc_T2_m1_native	results/stage4/confirm/secondary_tc.tsv	method == 'M1-Z' and tc_bin == 'T2'	native_truth_top1	none	3	num	pre-specified descriptive	POG570	masking	top-1 accuracy	native truth	POG570 tumor-content tertile T2, masking, top-1 accuracy, native truth set		
pogtc_T2_m1_n	results/stage4/confirm/secondary_tc.tsv	method == 'M1-Z' and tc_bin == 'T2'	n	none	0	num	pre-specified descriptive	POG570		n	evaluation	POG570 tumor-content tertile T2, n, evaluation set		
pogtc_T2_m1_nrisk	results/stage4/confirm/secondary_tc.tsv	method == 'M1-Z' and tc_bin == 'T2'	n_at_risk	none	0	num	pre-specified descriptive	POG570		n	at risk	POG570 tumor-content tertile T2, n, at risk set		
pogtc_T2_m1_nnative	results/stage4/confirm/secondary_tc.tsv	method == 'M1-Z' and tc_bin == 'T2'	n_native_truth	none	0	num	pre-specified descriptive	POG570		n	native truth	POG570 tumor-content tertile T2, n, native truth set		
pogtc_T3_m1_top1	results/stage4/confirm/secondary_tc.tsv	method == 'M1-Z' and tc_bin == 'T3'	top1	none	3	num	pre-specified descriptive	POG570	masking	top-1 accuracy	evaluation	POG570 tumor-content tertile T3, masking, top-1 accuracy, evaluation set		
pogtc_T3_m1_host	results/stage4/confirm/secondary_tc.tsv	method == 'M1-Z' and tc_bin == 'T3'	host_rate	none	3	num	pre-specified descriptive	POG570	masking	host-attraction rate	at risk	POG570 tumor-content tertile T3, masking, host-attraction rate, at risk set		
pogtc_T3_m1_native	results/stage4/confirm/secondary_tc.tsv	method == 'M1-Z' and tc_bin == 'T3'	native_truth_top1	none	3	num	pre-specified descriptive	POG570	masking	top-1 accuracy	native truth	POG570 tumor-content tertile T3, masking, top-1 accuracy, native truth set		
pogtc_T3_m1_n	results/stage4/confirm/secondary_tc.tsv	method == 'M1-Z' and tc_bin == 'T3'	n	none	0	num	pre-specified descriptive	POG570		n	evaluation	POG570 tumor-content tertile T3, n, evaluation set		
pogtc_T3_m1_nrisk	results/stage4/confirm/secondary_tc.tsv	method == 'M1-Z' and tc_bin == 'T3'	n_at_risk	none	0	num	pre-specified descriptive	POG570		n	at risk	POG570 tumor-content tertile T3, n, at risk set		
pogtc_T3_m1_nnative	results/stage4/confirm/secondary_tc.tsv	method == 'M1-Z' and tc_bin == 'T3'	n_native_truth	none	0	num	pre-specified descriptive	POG570		n	native truth	POG570 tumor-content tertile T3, n, native truth set		
pogtc_T1_sak_top1	results/stage4/confirm/secondary_tc.tsv	method == 'SA-K' and tc_bin == 'T1'	top1	none	3	num	pre-specified descriptive	POG570	gene sets	top-1 accuracy	evaluation	POG570 tumor-content tertile T1, gene sets, top-1 accuracy, evaluation set		
pogtc_T1_sak_host	results/stage4/confirm/secondary_tc.tsv	method == 'SA-K' and tc_bin == 'T1'	host_rate	none	3	num	pre-specified descriptive	POG570	gene sets	host-attraction rate	at risk	POG570 tumor-content tertile T1, gene sets, host-attraction rate, at risk set		
pogtc_T1_sak_native	results/stage4/confirm/secondary_tc.tsv	method == 'SA-K' and tc_bin == 'T1'	native_truth_top1	none	3	num	pre-specified descriptive	POG570	gene sets	top-1 accuracy	native truth	POG570 tumor-content tertile T1, gene sets, top-1 accuracy, native truth set		
pogtc_T1_sak_n	results/stage4/confirm/secondary_tc.tsv	method == 'SA-K' and tc_bin == 'T1'	n	none	0	num	pre-specified descriptive	POG570		n	evaluation	POG570 tumor-content tertile T1, n, evaluation set		
pogtc_T1_sak_nrisk	results/stage4/confirm/secondary_tc.tsv	method == 'SA-K' and tc_bin == 'T1'	n_at_risk	none	0	num	pre-specified descriptive	POG570		n	at risk	POG570 tumor-content tertile T1, n, at risk set		
pogtc_T1_sak_nnative	results/stage4/confirm/secondary_tc.tsv	method == 'SA-K' and tc_bin == 'T1'	n_native_truth	none	0	num	pre-specified descriptive	POG570		n	native truth	POG570 tumor-content tertile T1, n, native truth set		
pogtc_T2_sak_top1	results/stage4/confirm/secondary_tc.tsv	method == 'SA-K' and tc_bin == 'T2'	top1	none	3	num	pre-specified descriptive	POG570	gene sets	top-1 accuracy	evaluation	POG570 tumor-content tertile T2, gene sets, top-1 accuracy, evaluation set		
pogtc_T2_sak_host	results/stage4/confirm/secondary_tc.tsv	method == 'SA-K' and tc_bin == 'T2'	host_rate	none	3	num	pre-specified descriptive	POG570	gene sets	host-attraction rate	at risk	POG570 tumor-content tertile T2, gene sets, host-attraction rate, at risk set		
pogtc_T2_sak_native	results/stage4/confirm/secondary_tc.tsv	method == 'SA-K' and tc_bin == 'T2'	native_truth_top1	none	3	num	pre-specified descriptive	POG570	gene sets	top-1 accuracy	native truth	POG570 tumor-content tertile T2, gene sets, top-1 accuracy, native truth set		
pogtc_T2_sak_n	results/stage4/confirm/secondary_tc.tsv	method == 'SA-K' and tc_bin == 'T2'	n	none	0	num	pre-specified descriptive	POG570		n	evaluation	POG570 tumor-content tertile T2, n, evaluation set		
pogtc_T2_sak_nrisk	results/stage4/confirm/secondary_tc.tsv	method == 'SA-K' and tc_bin == 'T2'	n_at_risk	none	0	num	pre-specified descriptive	POG570		n	at risk	POG570 tumor-content tertile T2, n, at risk set		
pogtc_T2_sak_nnative	results/stage4/confirm/secondary_tc.tsv	method == 'SA-K' and tc_bin == 'T2'	n_native_truth	none	0	num	pre-specified descriptive	POG570		n	native truth	POG570 tumor-content tertile T2, n, native truth set		
pogtc_T3_sak_top1	results/stage4/confirm/secondary_tc.tsv	method == 'SA-K' and tc_bin == 'T3'	top1	none	3	num	pre-specified descriptive	POG570	gene sets	top-1 accuracy	evaluation	POG570 tumor-content tertile T3, gene sets, top-1 accuracy, evaluation set		
pogtc_T3_sak_host	results/stage4/confirm/secondary_tc.tsv	method == 'SA-K' and tc_bin == 'T3'	host_rate	none	3	num	pre-specified descriptive	POG570	gene sets	host-attraction rate	at risk	POG570 tumor-content tertile T3, gene sets, host-attraction rate, at risk set		
pogtc_T3_sak_native	results/stage4/confirm/secondary_tc.tsv	method == 'SA-K' and tc_bin == 'T3'	native_truth_top1	none	3	num	pre-specified descriptive	POG570	gene sets	top-1 accuracy	native truth	POG570 tumor-content tertile T3, gene sets, top-1 accuracy, native truth set		
pogtc_T3_sak_n	results/stage4/confirm/secondary_tc.tsv	method == 'SA-K' and tc_bin == 'T3'	n	none	0	num	pre-specified descriptive	POG570		n	evaluation	POG570 tumor-content tertile T3, n, evaluation set		
pogtc_T3_sak_nrisk	results/stage4/confirm/secondary_tc.tsv	method == 'SA-K' and tc_bin == 'T3'	n_at_risk	none	0	num	pre-specified descriptive	POG570		n	at risk	POG570 tumor-content tertile T3, n, at risk set		
pogtc_T3_sak_nnative	results/stage4/confirm/secondary_tc.tsv	method == 'SA-K' and tc_bin == 'T3'	n_native_truth	none	0	num	pre-specified descriptive	POG570		n	native truth	POG570 tumor-content tertile T3, n, native truth set		
pogtc_T1_v0k_top1	results/stage4/confirm/secondary_tc.tsv	method == 'V0-K' and tc_bin == 'T1'	top1	none	3	num	pre-specified descriptive	POG570	gene sets	top-1 accuracy	evaluation	POG570 tumor-content tertile T1, gene sets, top-1 accuracy, evaluation set		
pogtc_T1_v0k_host	results/stage4/confirm/secondary_tc.tsv	method == 'V0-K' and tc_bin == 'T1'	host_rate	none	3	num	pre-specified descriptive	POG570	gene sets	host-attraction rate	at risk	POG570 tumor-content tertile T1, gene sets, host-attraction rate, at risk set		
pogtc_T1_v0k_native	results/stage4/confirm/secondary_tc.tsv	method == 'V0-K' and tc_bin == 'T1'	native_truth_top1	none	3	num	pre-specified descriptive	POG570	gene sets	top-1 accuracy	native truth	POG570 tumor-content tertile T1, gene sets, top-1 accuracy, native truth set		
pogtc_T1_v0k_n	results/stage4/confirm/secondary_tc.tsv	method == 'V0-K' and tc_bin == 'T1'	n	none	0	num	pre-specified descriptive	POG570		n	evaluation	POG570 tumor-content tertile T1, n, evaluation set		
pogtc_T1_v0k_nrisk	results/stage4/confirm/secondary_tc.tsv	method == 'V0-K' and tc_bin == 'T1'	n_at_risk	none	0	num	pre-specified descriptive	POG570		n	at risk	POG570 tumor-content tertile T1, n, at risk set		
pogtc_T1_v0k_nnative	results/stage4/confirm/secondary_tc.tsv	method == 'V0-K' and tc_bin == 'T1'	n_native_truth	none	0	num	pre-specified descriptive	POG570		n	native truth	POG570 tumor-content tertile T1, n, native truth set		
pogtc_T2_v0k_top1	results/stage4/confirm/secondary_tc.tsv	method == 'V0-K' and tc_bin == 'T2'	top1	none	3	num	pre-specified descriptive	POG570	gene sets	top-1 accuracy	evaluation	POG570 tumor-content tertile T2, gene sets, top-1 accuracy, evaluation set		
pogtc_T2_v0k_host	results/stage4/confirm/secondary_tc.tsv	method == 'V0-K' and tc_bin == 'T2'	host_rate	none	3	num	pre-specified descriptive	POG570	gene sets	host-attraction rate	at risk	POG570 tumor-content tertile T2, gene sets, host-attraction rate, at risk set		
pogtc_T2_v0k_native	results/stage4/confirm/secondary_tc.tsv	method == 'V0-K' and tc_bin == 'T2'	native_truth_top1	none	3	num	pre-specified descriptive	POG570	gene sets	top-1 accuracy	native truth	POG570 tumor-content tertile T2, gene sets, top-1 accuracy, native truth set		
pogtc_T2_v0k_n	results/stage4/confirm/secondary_tc.tsv	method == 'V0-K' and tc_bin == 'T2'	n	none	0	num	pre-specified descriptive	POG570		n	evaluation	POG570 tumor-content tertile T2, n, evaluation set		
pogtc_T2_v0k_nrisk	results/stage4/confirm/secondary_tc.tsv	method == 'V0-K' and tc_bin == 'T2'	n_at_risk	none	0	num	pre-specified descriptive	POG570		n	at risk	POG570 tumor-content tertile T2, n, at risk set		
pogtc_T2_v0k_nnative	results/stage4/confirm/secondary_tc.tsv	method == 'V0-K' and tc_bin == 'T2'	n_native_truth	none	0	num	pre-specified descriptive	POG570		n	native truth	POG570 tumor-content tertile T2, n, native truth set		
pogtc_T3_v0k_top1	results/stage4/confirm/secondary_tc.tsv	method == 'V0-K' and tc_bin == 'T3'	top1	none	3	num	pre-specified descriptive	POG570	gene sets	top-1 accuracy	evaluation	POG570 tumor-content tertile T3, gene sets, top-1 accuracy, evaluation set		
pogtc_T3_v0k_host	results/stage4/confirm/secondary_tc.tsv	method == 'V0-K' and tc_bin == 'T3'	host_rate	none	3	num	pre-specified descriptive	POG570	gene sets	host-attraction rate	at risk	POG570 tumor-content tertile T3, gene sets, host-attraction rate, at risk set		
pogtc_T3_v0k_native	results/stage4/confirm/secondary_tc.tsv	method == 'V0-K' and tc_bin == 'T3'	native_truth_top1	none	3	num	pre-specified descriptive	POG570	gene sets	top-1 accuracy	native truth	POG570 tumor-content tertile T3, gene sets, top-1 accuracy, native truth set		
pogtc_T3_v0k_n	results/stage4/confirm/secondary_tc.tsv	method == 'V0-K' and tc_bin == 'T3'	n	none	0	num	pre-specified descriptive	POG570		n	evaluation	POG570 tumor-content tertile T3, n, evaluation set		
pogtc_T3_v0k_nrisk	results/stage4/confirm/secondary_tc.tsv	method == 'V0-K' and tc_bin == 'T3'	n_at_risk	none	0	num	pre-specified descriptive	POG570		n	at risk	POG570 tumor-content tertile T3, n, at risk set		
pogtc_T3_v0k_nnative	results/stage4/confirm/secondary_tc.tsv	method == 'V0-K' and tc_bin == 'T3'	n_native_truth	none	0	num	pre-specified descriptive	POG570		n	native truth	POG570 tumor-content tertile T3, n, native truth set		
ext_MET500_base_native	results/stage8/external/tables/metrics.tsv	subset == 'common_label' and analysis_cohort == 'MET500' and method == 'BASE-Z'	native_truth_top1	none	3	num	pre-specified descriptive	MET500	baseline	top-1 accuracy	native truth	MET500 comparison, baseline, top-1 accuracy, native truth set		
ext_MET500_base_nnative	results/stage8/external/tables/metrics.tsv	subset == 'common_label' and analysis_cohort == 'MET500' and method == 'BASE-Z'	n_native_truth	none	0	num	pre-specified descriptive	MET500		n	native truth	MET500 comparison, n, native truth set		
ext_MET500_base_top1_pct	results/stage8/external/tables/metrics.tsv	subset == 'common_label' and analysis_cohort == 'MET500' and method == 'BASE-Z'	top1	x100	1	num	pre-specified descriptive	MET500	baseline	top-1 accuracy	evaluation	MET500 comparison, baseline, top-1 accuracy, evaluation set (percent)		
ext_MET500_base_host_pct	results/stage8/external/tables/metrics.tsv	subset == 'common_label' and analysis_cohort == 'MET500' and method == 'BASE-Z'	host_rate	x100	1	num	pre-specified descriptive	MET500	baseline	host-attraction rate	at risk	MET500 comparison, baseline, host-attraction rate, at risk set (percent)		
ext_MET500_base_native_pct	results/stage8/external/tables/metrics.tsv	subset == 'common_label' and analysis_cohort == 'MET500' and method == 'BASE-Z'	native_truth_top1	x100	1	num	pre-specified descriptive	MET500	baseline	top-1 accuracy	native truth	MET500 comparison, baseline, top-1 accuracy, native truth set (percent)		
ext_MET500_sa_native	results/stage8/external/tables/metrics.tsv	subset == 'common_label' and analysis_cohort == 'MET500' and method == 'SA-Z'	native_truth_top1	none	3	num	pre-specified descriptive	MET500	HostMix-TOO	top-1 accuracy	native truth	MET500 comparison, HostMix-TOO, top-1 accuracy, native truth set		
ext_MET500_sa_nnative	results/stage8/external/tables/metrics.tsv	subset == 'common_label' and analysis_cohort == 'MET500' and method == 'SA-Z'	n_native_truth	none	0	num	pre-specified descriptive	MET500		n	native truth	MET500 comparison, n, native truth set		
ext_MET500_sa_top1_pct	results/stage8/external/tables/metrics.tsv	subset == 'common_label' and analysis_cohort == 'MET500' and method == 'SA-Z'	top1	x100	1	num	pre-specified descriptive	MET500	HostMix-TOO	top-1 accuracy	evaluation	MET500 comparison, HostMix-TOO, top-1 accuracy, evaluation set (percent)		
ext_MET500_sa_host_pct	results/stage8/external/tables/metrics.tsv	subset == 'common_label' and analysis_cohort == 'MET500' and method == 'SA-Z'	host_rate	x100	1	num	pre-specified descriptive	MET500	HostMix-TOO	host-attraction rate	at risk	MET500 comparison, HostMix-TOO, host-attraction rate, at risk set (percent)		
ext_MET500_sa_native_pct	results/stage8/external/tables/metrics.tsv	subset == 'common_label' and analysis_cohort == 'MET500' and method == 'SA-Z'	native_truth_top1	x100	1	num	pre-specified descriptive	MET500	HostMix-TOO	top-1 accuracy	native truth	MET500 comparison, HostMix-TOO, top-1 accuracy, native truth set (percent)		
ext_MET500_scope_native	results/stage8/external/tables/metrics.tsv	subset == 'common_label' and analysis_cohort == 'MET500' and method == 'SCOPE'	native_truth_top1	none	3	num	pre-specified descriptive	MET500	SCOPE	top-1 accuracy	native truth	MET500 comparison, SCOPE, top-1 accuracy, native truth set		
ext_MET500_scope_nnative	results/stage8/external/tables/metrics.tsv	subset == 'common_label' and analysis_cohort == 'MET500' and method == 'SCOPE'	n_native_truth	none	0	num	pre-specified descriptive	MET500		n	native truth	MET500 comparison, n, native truth set		
ext_MET500_scope_top1_pct	results/stage8/external/tables/metrics.tsv	subset == 'common_label' and analysis_cohort == 'MET500' and method == 'SCOPE'	top1	x100	1	num	pre-specified descriptive	MET500	SCOPE	top-1 accuracy	evaluation	MET500 comparison, SCOPE, top-1 accuracy, evaluation set (percent)		
ext_MET500_scope_host_pct	results/stage8/external/tables/metrics.tsv	subset == 'common_label' and analysis_cohort == 'MET500' and method == 'SCOPE'	host_rate	x100	1	num	pre-specified descriptive	MET500	SCOPE	host-attraction rate	at risk	MET500 comparison, SCOPE, host-attraction rate, at risk set (percent)		
ext_MET500_scope_native_pct	results/stage8/external/tables/metrics.tsv	subset == 'common_label' and analysis_cohort == 'MET500' and method == 'SCOPE'	native_truth_top1	x100	1	num	pre-specified descriptive	MET500	SCOPE	top-1 accuracy	native truth	MET500 comparison, SCOPE, top-1 accuracy, native truth set (percent)		
ext_MET500_scope_top1ns	results/stage8/external/tables/metrics.tsv	subset == 'common_label' and analysis_cohort == 'MET500' and method == 'SCOPE'	top1_ns_as_organ	none	3	num	pre-specified descriptive	MET500	SCOPE	top-1 accuracy	evaluation	MET500, SCOPE, top-1 accuracy counting a normal-tissue call as its organ		
ext_MET500_scope_nns	results/stage8/external/tables/metrics.tsv	subset == 'common_label' and analysis_cohort == 'MET500' and method == 'SCOPE'	n_scope_ns_top1	none	0	num	pre-specified descriptive	MET500	SCOPE	count	evaluation	MET500, SCOPE, number of top-1 calls of a normal-tissue class		
ext_MET500_cup_native	results/stage8/external/tables/metrics.tsv	subset == 'common_label' and analysis_cohort == 'MET500' and method == 'CUP-AI-Dx'	native_truth_top1	none	3	num	pre-specified descriptive	MET500	CUP-AI-Dx	top-1 accuracy	native truth	MET500 comparison, CUP-AI-Dx, top-1 accuracy, native truth set		
ext_MET500_cup_nnative	results/stage8/external/tables/metrics.tsv	subset == 'common_label' and analysis_cohort == 'MET500' and method == 'CUP-AI-Dx'	n_native_truth	none	0	num	pre-specified descriptive	MET500		n	native truth	MET500 comparison, n, native truth set		
ext_MET500_cup_top1_pct	results/stage8/external/tables/metrics.tsv	subset == 'common_label' and analysis_cohort == 'MET500' and method == 'CUP-AI-Dx'	top1	x100	1	num	pre-specified descriptive	MET500	CUP-AI-Dx	top-1 accuracy	evaluation	MET500 comparison, CUP-AI-Dx, top-1 accuracy, evaluation set (percent)		
ext_MET500_cup_host_pct	results/stage8/external/tables/metrics.tsv	subset == 'common_label' and analysis_cohort == 'MET500' and method == 'CUP-AI-Dx'	host_rate	x100	1	num	pre-specified descriptive	MET500	CUP-AI-Dx	host-attraction rate	at risk	MET500 comparison, CUP-AI-Dx, host-attraction rate, at risk set (percent)		
ext_MET500_cup_native_pct	results/stage8/external/tables/metrics.tsv	subset == 'common_label' and analysis_cohort == 'MET500' and method == 'CUP-AI-Dx'	native_truth_top1	x100	1	num	pre-specified descriptive	MET500	CUP-AI-Dx	top-1 accuracy	native truth	MET500 comparison, CUP-AI-Dx, top-1 accuracy, native truth set (percent)		
ext_POG570_base_native	results/stage8/external/tables/metrics.tsv	subset == 'common_label' and analysis_cohort == 'POG570' and method == 'BASE-Z'	native_truth_top1	none	3	num	preregistered	POG570	baseline	top-1 accuracy	native truth	POG570 comparison, baseline, top-1 accuracy, native truth set		
ext_POG570_base_nnative	results/stage8/external/tables/metrics.tsv	subset == 'common_label' and analysis_cohort == 'POG570' and method == 'BASE-Z'	n_native_truth	none	0	num	preregistered	POG570		n	native truth	POG570 comparison, n, native truth set		
ext_POG570_base_top1_pct	results/stage8/external/tables/metrics.tsv	subset == 'common_label' and analysis_cohort == 'POG570' and method == 'BASE-Z'	top1	x100	1	num	preregistered	POG570	baseline	top-1 accuracy	evaluation	POG570 comparison, baseline, top-1 accuracy, evaluation set (percent)		
ext_POG570_base_host_pct	results/stage8/external/tables/metrics.tsv	subset == 'common_label' and analysis_cohort == 'POG570' and method == 'BASE-Z'	host_rate	x100	1	num	preregistered	POG570	baseline	host-attraction rate	at risk	POG570 comparison, baseline, host-attraction rate, at risk set (percent)		
ext_POG570_base_native_pct	results/stage8/external/tables/metrics.tsv	subset == 'common_label' and analysis_cohort == 'POG570' and method == 'BASE-Z'	native_truth_top1	x100	1	num	preregistered	POG570	baseline	top-1 accuracy	native truth	POG570 comparison, baseline, top-1 accuracy, native truth set (percent)		
ext_POG570_sa_native	results/stage8/external/tables/metrics.tsv	subset == 'common_label' and analysis_cohort == 'POG570' and method == 'SA-Z'	native_truth_top1	none	3	num	preregistered	POG570	HostMix-TOO	top-1 accuracy	native truth	POG570 comparison, HostMix-TOO, top-1 accuracy, native truth set		
ext_POG570_sa_nnative	results/stage8/external/tables/metrics.tsv	subset == 'common_label' and analysis_cohort == 'POG570' and method == 'SA-Z'	n_native_truth	none	0	num	preregistered	POG570		n	native truth	POG570 comparison, n, native truth set		
ext_POG570_sa_top1_pct	results/stage8/external/tables/metrics.tsv	subset == 'common_label' and analysis_cohort == 'POG570' and method == 'SA-Z'	top1	x100	1	num	preregistered	POG570	HostMix-TOO	top-1 accuracy	evaluation	POG570 comparison, HostMix-TOO, top-1 accuracy, evaluation set (percent)		
ext_POG570_sa_host_pct	results/stage8/external/tables/metrics.tsv	subset == 'common_label' and analysis_cohort == 'POG570' and method == 'SA-Z'	host_rate	x100	1	num	preregistered	POG570	HostMix-TOO	host-attraction rate	at risk	POG570 comparison, HostMix-TOO, host-attraction rate, at risk set (percent)		
ext_POG570_sa_native_pct	results/stage8/external/tables/metrics.tsv	subset == 'common_label' and analysis_cohort == 'POG570' and method == 'SA-Z'	native_truth_top1	x100	1	num	preregistered	POG570	HostMix-TOO	top-1 accuracy	native truth	POG570 comparison, HostMix-TOO, top-1 accuracy, native truth set (percent)		
ext_POG570_scope_native	results/stage8/external/tables/metrics.tsv	subset == 'common_label' and analysis_cohort == 'POG570' and method == 'SCOPE'	native_truth_top1	none	3	num	pre-specified descriptive	POG570	SCOPE	top-1 accuracy	native truth	POG570 comparison, SCOPE, top-1 accuracy, native truth set		
ext_POG570_scope_nnative	results/stage8/external/tables/metrics.tsv	subset == 'common_label' and analysis_cohort == 'POG570' and method == 'SCOPE'	n_native_truth	none	0	num	pre-specified descriptive	POG570		n	native truth	POG570 comparison, n, native truth set		
ext_POG570_scope_top1_pct	results/stage8/external/tables/metrics.tsv	subset == 'common_label' and analysis_cohort == 'POG570' and method == 'SCOPE'	top1	x100	1	num	pre-specified descriptive	POG570	SCOPE	top-1 accuracy	evaluation	POG570 comparison, SCOPE, top-1 accuracy, evaluation set (percent)		
ext_POG570_scope_host_pct	results/stage8/external/tables/metrics.tsv	subset == 'common_label' and analysis_cohort == 'POG570' and method == 'SCOPE'	host_rate	x100	1	num	pre-specified descriptive	POG570	SCOPE	host-attraction rate	at risk	POG570 comparison, SCOPE, host-attraction rate, at risk set (percent)		
ext_POG570_scope_native_pct	results/stage8/external/tables/metrics.tsv	subset == 'common_label' and analysis_cohort == 'POG570' and method == 'SCOPE'	native_truth_top1	x100	1	num	pre-specified descriptive	POG570	SCOPE	top-1 accuracy	native truth	POG570 comparison, SCOPE, top-1 accuracy, native truth set (percent)		
ext_POG570_scope_top1ns	results/stage8/external/tables/metrics.tsv	subset == 'common_label' and analysis_cohort == 'POG570' and method == 'SCOPE'	top1_ns_as_organ	none	3	num	pre-specified descriptive	POG570	SCOPE	top-1 accuracy	evaluation	POG570, SCOPE, top-1 accuracy counting a normal-tissue call as its organ		
ext_POG570_scope_nns	results/stage8/external/tables/metrics.tsv	subset == 'common_label' and analysis_cohort == 'POG570' and method == 'SCOPE'	n_scope_ns_top1	none	0	num	pre-specified descriptive	POG570	SCOPE	count	evaluation	POG570, SCOPE, number of top-1 calls of a normal-tissue class		
ext_POG570_cup_native	results/stage8/external/tables/metrics.tsv	subset == 'common_label' and analysis_cohort == 'POG570' and method == 'CUP-AI-Dx'	native_truth_top1	none	3	num	pre-specified descriptive	POG570	CUP-AI-Dx	top-1 accuracy	native truth	POG570 comparison, CUP-AI-Dx, top-1 accuracy, native truth set		
ext_POG570_cup_nnative	results/stage8/external/tables/metrics.tsv	subset == 'common_label' and analysis_cohort == 'POG570' and method == 'CUP-AI-Dx'	n_native_truth	none	0	num	pre-specified descriptive	POG570		n	native truth	POG570 comparison, n, native truth set		
ext_POG570_cup_top1_pct	results/stage8/external/tables/metrics.tsv	subset == 'common_label' and analysis_cohort == 'POG570' and method == 'CUP-AI-Dx'	top1	x100	1	num	pre-specified descriptive	POG570	CUP-AI-Dx	top-1 accuracy	evaluation	POG570 comparison, CUP-AI-Dx, top-1 accuracy, evaluation set (percent)		
ext_POG570_cup_host_pct	results/stage8/external/tables/metrics.tsv	subset == 'common_label' and analysis_cohort == 'POG570' and method == 'CUP-AI-Dx'	host_rate	x100	1	num	pre-specified descriptive	POG570	CUP-AI-Dx	host-attraction rate	at risk	POG570 comparison, CUP-AI-Dx, host-attraction rate, at risk set (percent)		
ext_POG570_cup_native_pct	results/stage8/external/tables/metrics.tsv	subset == 'common_label' and analysis_cohort == 'POG570' and method == 'CUP-AI-Dx'	native_truth_top1	x100	1	num	pre-specified descriptive	POG570	CUP-AI-Dx	top-1 accuracy	native truth	POG570 comparison, CUP-AI-Dx, top-1 accuracy, native truth set (percent)		
ext_aux_rnaseq_base_native	results/stage8/external/tables/metrics.tsv	subset == 'common_label' and analysis_cohort == 'aux_rnaseq' and method == 'BASE-Z'	native_truth_top1	none	3	num	preregistered	aux	baseline	top-1 accuracy	native truth	aux comparison, baseline, top-1 accuracy, native truth set		
ext_aux_rnaseq_base_nnative	results/stage8/external/tables/metrics.tsv	subset == 'common_label' and analysis_cohort == 'aux_rnaseq' and method == 'BASE-Z'	n_native_truth	none	0	num	preregistered	aux		n	native truth	aux comparison, n, native truth set		
ext_aux_rnaseq_base_top1_pct	results/stage8/external/tables/metrics.tsv	subset == 'common_label' and analysis_cohort == 'aux_rnaseq' and method == 'BASE-Z'	top1	x100	1	num	preregistered	aux	baseline	top-1 accuracy	evaluation	aux comparison, baseline, top-1 accuracy, evaluation set (percent)		
ext_aux_rnaseq_base_host_pct	results/stage8/external/tables/metrics.tsv	subset == 'common_label' and analysis_cohort == 'aux_rnaseq' and method == 'BASE-Z'	host_rate	x100	1	num	preregistered	aux	baseline	host-attraction rate	at risk	aux comparison, baseline, host-attraction rate, at risk set (percent)		
ext_aux_rnaseq_base_native_pct	results/stage8/external/tables/metrics.tsv	subset == 'common_label' and analysis_cohort == 'aux_rnaseq' and method == 'BASE-Z'	native_truth_top1	x100	1	num	preregistered	aux	baseline	top-1 accuracy	native truth	aux comparison, baseline, top-1 accuracy, native truth set (percent)		
ext_aux_rnaseq_sa_native	results/stage8/external/tables/metrics.tsv	subset == 'common_label' and analysis_cohort == 'aux_rnaseq' and method == 'SA-Z'	native_truth_top1	none	3	num	preregistered	aux	HostMix-TOO	top-1 accuracy	native truth	aux comparison, HostMix-TOO, top-1 accuracy, native truth set		
ext_aux_rnaseq_sa_nnative	results/stage8/external/tables/metrics.tsv	subset == 'common_label' and analysis_cohort == 'aux_rnaseq' and method == 'SA-Z'	n_native_truth	none	0	num	preregistered	aux		n	native truth	aux comparison, n, native truth set		
ext_aux_rnaseq_sa_top1_pct	results/stage8/external/tables/metrics.tsv	subset == 'common_label' and analysis_cohort == 'aux_rnaseq' and method == 'SA-Z'	top1	x100	1	num	preregistered	aux	HostMix-TOO	top-1 accuracy	evaluation	aux comparison, HostMix-TOO, top-1 accuracy, evaluation set (percent)		
ext_aux_rnaseq_sa_host_pct	results/stage8/external/tables/metrics.tsv	subset == 'common_label' and analysis_cohort == 'aux_rnaseq' and method == 'SA-Z'	host_rate	x100	1	num	preregistered	aux	HostMix-TOO	host-attraction rate	at risk	aux comparison, HostMix-TOO, host-attraction rate, at risk set (percent)		
ext_aux_rnaseq_sa_native_pct	results/stage8/external/tables/metrics.tsv	subset == 'common_label' and analysis_cohort == 'aux_rnaseq' and method == 'SA-Z'	native_truth_top1	x100	1	num	preregistered	aux	HostMix-TOO	top-1 accuracy	native truth	aux comparison, HostMix-TOO, top-1 accuracy, native truth set (percent)		
ext_aux_rnaseq_scope_native	results/stage8/external/tables/metrics.tsv	subset == 'common_label' and analysis_cohort == 'aux_rnaseq' and method == 'SCOPE'	native_truth_top1	none	3	num	pre-specified descriptive	aux	SCOPE	top-1 accuracy	native truth	aux comparison, SCOPE, top-1 accuracy, native truth set		
ext_aux_rnaseq_scope_nnative	results/stage8/external/tables/metrics.tsv	subset == 'common_label' and analysis_cohort == 'aux_rnaseq' and method == 'SCOPE'	n_native_truth	none	0	num	pre-specified descriptive	aux		n	native truth	aux comparison, n, native truth set		
ext_aux_rnaseq_scope_top1_pct	results/stage8/external/tables/metrics.tsv	subset == 'common_label' and analysis_cohort == 'aux_rnaseq' and method == 'SCOPE'	top1	x100	1	num	pre-specified descriptive	aux	SCOPE	top-1 accuracy	evaluation	aux comparison, SCOPE, top-1 accuracy, evaluation set (percent)		
ext_aux_rnaseq_scope_host_pct	results/stage8/external/tables/metrics.tsv	subset == 'common_label' and analysis_cohort == 'aux_rnaseq' and method == 'SCOPE'	host_rate	x100	1	num	pre-specified descriptive	aux	SCOPE	host-attraction rate	at risk	aux comparison, SCOPE, host-attraction rate, at risk set (percent)		
ext_aux_rnaseq_scope_native_pct	results/stage8/external/tables/metrics.tsv	subset == 'common_label' and analysis_cohort == 'aux_rnaseq' and method == 'SCOPE'	native_truth_top1	x100	1	num	pre-specified descriptive	aux	SCOPE	top-1 accuracy	native truth	aux comparison, SCOPE, top-1 accuracy, native truth set (percent)		
ext_aux_rnaseq_scope_top1ns	results/stage8/external/tables/metrics.tsv	subset == 'common_label' and analysis_cohort == 'aux_rnaseq' and method == 'SCOPE'	top1_ns_as_organ	none	3	num	pre-specified descriptive	aux	SCOPE	top-1 accuracy	evaluation	aux, SCOPE, top-1 accuracy counting a normal-tissue call as its organ		
ext_aux_rnaseq_scope_nns	results/stage8/external/tables/metrics.tsv	subset == 'common_label' and analysis_cohort == 'aux_rnaseq' and method == 'SCOPE'	n_scope_ns_top1	none	0	num	pre-specified descriptive	aux	SCOPE	count	evaluation	aux, SCOPE, number of top-1 calls of a normal-tissue class		
ext_aux_rnaseq_cup_native	results/stage8/external/tables/metrics.tsv	subset == 'common_label' and analysis_cohort == 'aux_rnaseq' and method == 'CUP-AI-Dx'	native_truth_top1	none	3	num	pre-specified descriptive	aux	CUP-AI-Dx	top-1 accuracy	native truth	aux comparison, CUP-AI-Dx, top-1 accuracy, native truth set		
ext_aux_rnaseq_cup_nnative	results/stage8/external/tables/metrics.tsv	subset == 'common_label' and analysis_cohort == 'aux_rnaseq' and method == 'CUP-AI-Dx'	n_native_truth	none	0	num	pre-specified descriptive	aux		n	native truth	aux comparison, n, native truth set		
ext_aux_rnaseq_cup_top1_pct	results/stage8/external/tables/metrics.tsv	subset == 'common_label' and analysis_cohort == 'aux_rnaseq' and method == 'CUP-AI-Dx'	top1	x100	1	num	pre-specified descriptive	aux	CUP-AI-Dx	top-1 accuracy	evaluation	aux comparison, CUP-AI-Dx, top-1 accuracy, evaluation set (percent)		
ext_aux_rnaseq_cup_host_pct	results/stage8/external/tables/metrics.tsv	subset == 'common_label' and analysis_cohort == 'aux_rnaseq' and method == 'CUP-AI-Dx'	host_rate	x100	1	num	pre-specified descriptive	aux	CUP-AI-Dx	host-attraction rate	at risk	aux comparison, CUP-AI-Dx, host-attraction rate, at risk set (percent)		
ext_aux_rnaseq_cup_native_pct	results/stage8/external/tables/metrics.tsv	subset == 'common_label' and analysis_cohort == 'aux_rnaseq' and method == 'CUP-AI-Dx'	native_truth_top1	x100	1	num	pre-specified descriptive	aux	CUP-AI-Dx	top-1 accuracy	native truth	aux comparison, CUP-AI-Dx, top-1 accuracy, native truth set (percent)		
sub_imv_base_n	results/stage9/subcohort_metrics.tsv	cohort == 'blca_iatlas_imvigor210_2017' and method == 'BASE-Z'	n	none	0	num	post hoc	IMvigor210		n	evaluation	IMvigor210 (auxiliary cohort, post hoc split), n, evaluation set		
sub_imv_base_top1	results/stage9/subcohort_metrics.tsv	cohort == 'blca_iatlas_imvigor210_2017' and method == 'BASE-Z'	top1	none	3	num	post hoc	IMvigor210	baseline	top-1 accuracy	evaluation	IMvigor210 (auxiliary cohort, post hoc split), baseline, top-1 accuracy, evaluation set		
sub_imv_base_nrisk	results/stage9/subcohort_metrics.tsv	cohort == 'blca_iatlas_imvigor210_2017' and method == 'BASE-Z'	n_at_risk	none	0	num	post hoc	IMvigor210		n	at risk	IMvigor210 (auxiliary cohort, post hoc split), n, at risk set		
sub_imv_base_host	results/stage9/subcohort_metrics.tsv	cohort == 'blca_iatlas_imvigor210_2017' and method == 'BASE-Z'	host_rate	none	3	num	post hoc	IMvigor210	baseline	host-attraction rate	at risk	IMvigor210 (auxiliary cohort, post hoc split), baseline, host-attraction rate, at risk set		
sub_imv_sa_n	results/stage9/subcohort_metrics.tsv	cohort == 'blca_iatlas_imvigor210_2017' and method == 'SA-Z'	n	none	0	num	post hoc	IMvigor210		n	evaluation	IMvigor210 (auxiliary cohort, post hoc split), n, evaluation set		
sub_imv_sa_top1	results/stage9/subcohort_metrics.tsv	cohort == 'blca_iatlas_imvigor210_2017' and method == 'SA-Z'	top1	none	3	num	post hoc	IMvigor210	HostMix-TOO	top-1 accuracy	evaluation	IMvigor210 (auxiliary cohort, post hoc split), HostMix-TOO, top-1 accuracy, evaluation set		
sub_imv_sa_nrisk	results/stage9/subcohort_metrics.tsv	cohort == 'blca_iatlas_imvigor210_2017' and method == 'SA-Z'	n_at_risk	none	0	num	post hoc	IMvigor210		n	at risk	IMvigor210 (auxiliary cohort, post hoc split), n, at risk set		
sub_imv_sa_host	results/stage9/subcohort_metrics.tsv	cohort == 'blca_iatlas_imvigor210_2017' and method == 'SA-Z'	host_rate	none	3	num	post hoc	IMvigor210	HostMix-TOO	host-attraction rate	at risk	IMvigor210 (auxiliary cohort, post hoc split), HostMix-TOO, host-attraction rate, at risk set		
sub_imv_scope_n	results/stage9/subcohort_metrics.tsv	cohort == 'blca_iatlas_imvigor210_2017' and method == 'SCOPE'	n	none	0	num	post hoc	IMvigor210		n	evaluation	IMvigor210 (auxiliary cohort, post hoc split), n, evaluation set		
sub_imv_scope_top1	results/stage9/subcohort_metrics.tsv	cohort == 'blca_iatlas_imvigor210_2017' and method == 'SCOPE'	top1	none	3	num	post hoc	IMvigor210	SCOPE	top-1 accuracy	evaluation	IMvigor210 (auxiliary cohort, post hoc split), SCOPE, top-1 accuracy, evaluation set		
sub_imv_scope_nrisk	results/stage9/subcohort_metrics.tsv	cohort == 'blca_iatlas_imvigor210_2017' and method == 'SCOPE'	n_at_risk	none	0	num	post hoc	IMvigor210		n	at risk	IMvigor210 (auxiliary cohort, post hoc split), n, at risk set		
sub_imv_scope_host	results/stage9/subcohort_metrics.tsv	cohort == 'blca_iatlas_imvigor210_2017' and method == 'SCOPE'	host_rate	none	3	num	post hoc	IMvigor210	SCOPE	host-attraction rate	at risk	IMvigor210 (auxiliary cohort, post hoc split), SCOPE, host-attraction rate, at risk set		
sub_imv_cup_n	results/stage9/subcohort_metrics.tsv	cohort == 'blca_iatlas_imvigor210_2017' and method == 'CUP-AI-Dx'	n	none	0	num	post hoc	IMvigor210		n	evaluation	IMvigor210 (auxiliary cohort, post hoc split), n, evaluation set		
sub_imv_cup_top1	results/stage9/subcohort_metrics.tsv	cohort == 'blca_iatlas_imvigor210_2017' and method == 'CUP-AI-Dx'	top1	none	3	num	post hoc	IMvigor210	CUP-AI-Dx	top-1 accuracy	evaluation	IMvigor210 (auxiliary cohort, post hoc split), CUP-AI-Dx, top-1 accuracy, evaluation set		
sub_imv_cup_nrisk	results/stage9/subcohort_metrics.tsv	cohort == 'blca_iatlas_imvigor210_2017' and method == 'CUP-AI-Dx'	n_at_risk	none	0	num	post hoc	IMvigor210		n	at risk	IMvigor210 (auxiliary cohort, post hoc split), n, at risk set		
sub_imv_cup_host	results/stage9/subcohort_metrics.tsv	cohort == 'blca_iatlas_imvigor210_2017' and method == 'CUP-AI-Dx'	host_rate	none	3	num	post hoc	IMvigor210	CUP-AI-Dx	host-attraction rate	at risk	IMvigor210 (auxiliary cohort, post hoc split), CUP-AI-Dx, host-attraction rate, at risk set		
sub_anders_base_n	results/stage9/subcohort_metrics.tsv	cohort == 'brca_iatlas_anders_2022' and method == 'BASE-Z'	n	none	0	num	post hoc	Anders		n	evaluation	Anders (auxiliary cohort, post hoc split), n, evaluation set		
sub_anders_base_top1	results/stage9/subcohort_metrics.tsv	cohort == 'brca_iatlas_anders_2022' and method == 'BASE-Z'	top1	none	3	num	post hoc	Anders	baseline	top-1 accuracy	evaluation	Anders (auxiliary cohort, post hoc split), baseline, top-1 accuracy, evaluation set		
sub_anders_base_nrisk	results/stage9/subcohort_metrics.tsv	cohort == 'brca_iatlas_anders_2022' and method == 'BASE-Z'	n_at_risk	none	0	num	post hoc	Anders		n	at risk	Anders (auxiliary cohort, post hoc split), n, at risk set		
sub_anders_base_host	results/stage9/subcohort_metrics.tsv	cohort == 'brca_iatlas_anders_2022' and method == 'BASE-Z'	host_rate	none	3	num	post hoc	Anders	baseline	host-attraction rate	at risk	Anders (auxiliary cohort, post hoc split), baseline, host-attraction rate, at risk set		
sub_anders_sa_n	results/stage9/subcohort_metrics.tsv	cohort == 'brca_iatlas_anders_2022' and method == 'SA-Z'	n	none	0	num	post hoc	Anders		n	evaluation	Anders (auxiliary cohort, post hoc split), n, evaluation set		
sub_anders_sa_top1	results/stage9/subcohort_metrics.tsv	cohort == 'brca_iatlas_anders_2022' and method == 'SA-Z'	top1	none	3	num	post hoc	Anders	HostMix-TOO	top-1 accuracy	evaluation	Anders (auxiliary cohort, post hoc split), HostMix-TOO, top-1 accuracy, evaluation set		
sub_anders_sa_nrisk	results/stage9/subcohort_metrics.tsv	cohort == 'brca_iatlas_anders_2022' and method == 'SA-Z'	n_at_risk	none	0	num	post hoc	Anders		n	at risk	Anders (auxiliary cohort, post hoc split), n, at risk set		
sub_anders_sa_host	results/stage9/subcohort_metrics.tsv	cohort == 'brca_iatlas_anders_2022' and method == 'SA-Z'	host_rate	none	3	num	post hoc	Anders	HostMix-TOO	host-attraction rate	at risk	Anders (auxiliary cohort, post hoc split), HostMix-TOO, host-attraction rate, at risk set		
sub_anders_scope_n	results/stage9/subcohort_metrics.tsv	cohort == 'brca_iatlas_anders_2022' and method == 'SCOPE'	n	none	0	num	post hoc	Anders		n	evaluation	Anders (auxiliary cohort, post hoc split), n, evaluation set		
sub_anders_scope_top1	results/stage9/subcohort_metrics.tsv	cohort == 'brca_iatlas_anders_2022' and method == 'SCOPE'	top1	none	3	num	post hoc	Anders	SCOPE	top-1 accuracy	evaluation	Anders (auxiliary cohort, post hoc split), SCOPE, top-1 accuracy, evaluation set		
sub_anders_scope_nrisk	results/stage9/subcohort_metrics.tsv	cohort == 'brca_iatlas_anders_2022' and method == 'SCOPE'	n_at_risk	none	0	num	post hoc	Anders		n	at risk	Anders (auxiliary cohort, post hoc split), n, at risk set		
sub_anders_scope_host	results/stage9/subcohort_metrics.tsv	cohort == 'brca_iatlas_anders_2022' and method == 'SCOPE'	host_rate	none	3	num	post hoc	Anders	SCOPE	host-attraction rate	at risk	Anders (auxiliary cohort, post hoc split), SCOPE, host-attraction rate, at risk set		
sub_anders_cup_n	results/stage9/subcohort_metrics.tsv	cohort == 'brca_iatlas_anders_2022' and method == 'CUP-AI-Dx'	n	none	0	num	post hoc	Anders		n	evaluation	Anders (auxiliary cohort, post hoc split), n, evaluation set		
sub_anders_cup_top1	results/stage9/subcohort_metrics.tsv	cohort == 'brca_iatlas_anders_2022' and method == 'CUP-AI-Dx'	top1	none	3	num	post hoc	Anders	CUP-AI-Dx	top-1 accuracy	evaluation	Anders (auxiliary cohort, post hoc split), CUP-AI-Dx, top-1 accuracy, evaluation set		
sub_anders_cup_nrisk	results/stage9/subcohort_metrics.tsv	cohort == 'brca_iatlas_anders_2022' and method == 'CUP-AI-Dx'	n_at_risk	none	0	num	post hoc	Anders		n	at risk	Anders (auxiliary cohort, post hoc split), n, at risk set		
sub_anders_cup_host	results/stage9/subcohort_metrics.tsv	cohort == 'brca_iatlas_anders_2022' and method == 'CUP-AI-Dx'	host_rate	none	3	num	post hoc	Anders	CUP-AI-Dx	host-attraction rate	at risk	Anders (auxiliary cohort, post hoc split), CUP-AI-Dx, host-attraction rate, at risk set		
sub_dfci_base_n	results/stage9/subcohort_metrics.tsv	cohort == 'mel_dfci_2019' and method == 'BASE-Z'	n	none	0	num	post hoc	DFCI		n	evaluation	DFCI (auxiliary cohort, post hoc split), n, evaluation set		
sub_dfci_base_top1	results/stage9/subcohort_metrics.tsv	cohort == 'mel_dfci_2019' and method == 'BASE-Z'	top1	none	3	num	post hoc	DFCI	baseline	top-1 accuracy	evaluation	DFCI (auxiliary cohort, post hoc split), baseline, top-1 accuracy, evaluation set		
sub_dfci_base_nrisk	results/stage9/subcohort_metrics.tsv	cohort == 'mel_dfci_2019' and method == 'BASE-Z'	n_at_risk	none	0	num	post hoc	DFCI		n	at risk	DFCI (auxiliary cohort, post hoc split), n, at risk set		
sub_dfci_base_host	results/stage9/subcohort_metrics.tsv	cohort == 'mel_dfci_2019' and method == 'BASE-Z'	host_rate	none	3	num	post hoc	DFCI	baseline	host-attraction rate	at risk	DFCI (auxiliary cohort, post hoc split), baseline, host-attraction rate, at risk set		
sub_dfci_sa_n	results/stage9/subcohort_metrics.tsv	cohort == 'mel_dfci_2019' and method == 'SA-Z'	n	none	0	num	post hoc	DFCI		n	evaluation	DFCI (auxiliary cohort, post hoc split), n, evaluation set		
sub_dfci_sa_top1	results/stage9/subcohort_metrics.tsv	cohort == 'mel_dfci_2019' and method == 'SA-Z'	top1	none	3	num	post hoc	DFCI	HostMix-TOO	top-1 accuracy	evaluation	DFCI (auxiliary cohort, post hoc split), HostMix-TOO, top-1 accuracy, evaluation set		
sub_dfci_sa_nrisk	results/stage9/subcohort_metrics.tsv	cohort == 'mel_dfci_2019' and method == 'SA-Z'	n_at_risk	none	0	num	post hoc	DFCI		n	at risk	DFCI (auxiliary cohort, post hoc split), n, at risk set		
sub_dfci_sa_host	results/stage9/subcohort_metrics.tsv	cohort == 'mel_dfci_2019' and method == 'SA-Z'	host_rate	none	3	num	post hoc	DFCI	HostMix-TOO	host-attraction rate	at risk	DFCI (auxiliary cohort, post hoc split), HostMix-TOO, host-attraction rate, at risk set		
sub_dfci_scope_n	results/stage9/subcohort_metrics.tsv	cohort == 'mel_dfci_2019' and method == 'SCOPE'	n	none	0	num	post hoc	DFCI		n	evaluation	DFCI (auxiliary cohort, post hoc split), n, evaluation set		
sub_dfci_scope_top1	results/stage9/subcohort_metrics.tsv	cohort == 'mel_dfci_2019' and method == 'SCOPE'	top1	none	3	num	post hoc	DFCI	SCOPE	top-1 accuracy	evaluation	DFCI (auxiliary cohort, post hoc split), SCOPE, top-1 accuracy, evaluation set		
sub_dfci_scope_nrisk	results/stage9/subcohort_metrics.tsv	cohort == 'mel_dfci_2019' and method == 'SCOPE'	n_at_risk	none	0	num	post hoc	DFCI		n	at risk	DFCI (auxiliary cohort, post hoc split), n, at risk set		
sub_dfci_scope_host	results/stage9/subcohort_metrics.tsv	cohort == 'mel_dfci_2019' and method == 'SCOPE'	host_rate	none	3	num	post hoc	DFCI	SCOPE	host-attraction rate	at risk	DFCI (auxiliary cohort, post hoc split), SCOPE, host-attraction rate, at risk set		
sub_dfci_cup_n	results/stage9/subcohort_metrics.tsv	cohort == 'mel_dfci_2019' and method == 'CUP-AI-Dx'	n	none	0	num	post hoc	DFCI		n	evaluation	DFCI (auxiliary cohort, post hoc split), n, evaluation set		
sub_dfci_cup_top1	results/stage9/subcohort_metrics.tsv	cohort == 'mel_dfci_2019' and method == 'CUP-AI-Dx'	top1	none	3	num	post hoc	DFCI	CUP-AI-Dx	top-1 accuracy	evaluation	DFCI (auxiliary cohort, post hoc split), CUP-AI-Dx, top-1 accuracy, evaluation set		
sub_dfci_cup_nrisk	results/stage9/subcohort_metrics.tsv	cohort == 'mel_dfci_2019' and method == 'CUP-AI-Dx'	n_at_risk	none	0	num	post hoc	DFCI		n	at risk	DFCI (auxiliary cohort, post hoc split), n, at risk set		
sub_dfci_cup_host	results/stage9/subcohort_metrics.tsv	cohort == 'mel_dfci_2019' and method == 'CUP-AI-Dx'	host_rate	none	3	num	post hoc	DFCI	CUP-AI-Dx	host-attraction rate	at risk	DFCI (auxiliary cohort, post hoc split), CUP-AI-Dx, host-attraction rate, at risk set		
sub_prince_base_n	results/stage9/subcohort_metrics.tsv	cohort == 'paad_iatlas_prince_2022' and method == 'BASE-Z'	n	none	0	num	post hoc	PRINCE		n	evaluation	PRINCE (auxiliary cohort, post hoc split), n, evaluation set		
sub_prince_base_top1	results/stage9/subcohort_metrics.tsv	cohort == 'paad_iatlas_prince_2022' and method == 'BASE-Z'	top1	none	3	num	post hoc	PRINCE	baseline	top-1 accuracy	evaluation	PRINCE (auxiliary cohort, post hoc split), baseline, top-1 accuracy, evaluation set		
sub_prince_base_nrisk	results/stage9/subcohort_metrics.tsv	cohort == 'paad_iatlas_prince_2022' and method == 'BASE-Z'	n_at_risk	none	0	num	post hoc	PRINCE		n	at risk	PRINCE (auxiliary cohort, post hoc split), n, at risk set		
sub_prince_base_host	results/stage9/subcohort_metrics.tsv	cohort == 'paad_iatlas_prince_2022' and method == 'BASE-Z'	host_rate	none	3	num	post hoc	PRINCE	baseline	host-attraction rate	at risk	PRINCE (auxiliary cohort, post hoc split), baseline, host-attraction rate, at risk set		
sub_prince_sa_n	results/stage9/subcohort_metrics.tsv	cohort == 'paad_iatlas_prince_2022' and method == 'SA-Z'	n	none	0	num	post hoc	PRINCE		n	evaluation	PRINCE (auxiliary cohort, post hoc split), n, evaluation set		
sub_prince_sa_top1	results/stage9/subcohort_metrics.tsv	cohort == 'paad_iatlas_prince_2022' and method == 'SA-Z'	top1	none	3	num	post hoc	PRINCE	HostMix-TOO	top-1 accuracy	evaluation	PRINCE (auxiliary cohort, post hoc split), HostMix-TOO, top-1 accuracy, evaluation set		
sub_prince_sa_nrisk	results/stage9/subcohort_metrics.tsv	cohort == 'paad_iatlas_prince_2022' and method == 'SA-Z'	n_at_risk	none	0	num	post hoc	PRINCE		n	at risk	PRINCE (auxiliary cohort, post hoc split), n, at risk set		
sub_prince_sa_host	results/stage9/subcohort_metrics.tsv	cohort == 'paad_iatlas_prince_2022' and method == 'SA-Z'	host_rate	none	3	num	post hoc	PRINCE	HostMix-TOO	host-attraction rate	at risk	PRINCE (auxiliary cohort, post hoc split), HostMix-TOO, host-attraction rate, at risk set		
sub_prince_scope_n	results/stage9/subcohort_metrics.tsv	cohort == 'paad_iatlas_prince_2022' and method == 'SCOPE'	n	none	0	num	post hoc	PRINCE		n	evaluation	PRINCE (auxiliary cohort, post hoc split), n, evaluation set		
sub_prince_scope_top1	results/stage9/subcohort_metrics.tsv	cohort == 'paad_iatlas_prince_2022' and method == 'SCOPE'	top1	none	3	num	post hoc	PRINCE	SCOPE	top-1 accuracy	evaluation	PRINCE (auxiliary cohort, post hoc split), SCOPE, top-1 accuracy, evaluation set		
sub_prince_scope_nrisk	results/stage9/subcohort_metrics.tsv	cohort == 'paad_iatlas_prince_2022' and method == 'SCOPE'	n_at_risk	none	0	num	post hoc	PRINCE		n	at risk	PRINCE (auxiliary cohort, post hoc split), n, at risk set		
sub_prince_scope_host	results/stage9/subcohort_metrics.tsv	cohort == 'paad_iatlas_prince_2022' and method == 'SCOPE'	host_rate	none	3	num	post hoc	PRINCE	SCOPE	host-attraction rate	at risk	PRINCE (auxiliary cohort, post hoc split), SCOPE, host-attraction rate, at risk set		
sub_prince_cup_n	results/stage9/subcohort_metrics.tsv	cohort == 'paad_iatlas_prince_2022' and method == 'CUP-AI-Dx'	n	none	0	num	post hoc	PRINCE		n	evaluation	PRINCE (auxiliary cohort, post hoc split), n, evaluation set		
sub_prince_cup_top1	results/stage9/subcohort_metrics.tsv	cohort == 'paad_iatlas_prince_2022' and method == 'CUP-AI-Dx'	top1	none	3	num	post hoc	PRINCE	CUP-AI-Dx	top-1 accuracy	evaluation	PRINCE (auxiliary cohort, post hoc split), CUP-AI-Dx, top-1 accuracy, evaluation set		
sub_prince_cup_nrisk	results/stage9/subcohort_metrics.tsv	cohort == 'paad_iatlas_prince_2022' and method == 'CUP-AI-Dx'	n_at_risk	none	0	num	post hoc	PRINCE		n	at risk	PRINCE (auxiliary cohort, post hoc split), n, at risk set		
sub_prince_cup_host	results/stage9/subcohort_metrics.tsv	cohort == 'paad_iatlas_prince_2022' and method == 'CUP-AI-Dx'	host_rate	none	3	num	post hoc	PRINCE	CUP-AI-Dx	host-attraction rate	at risk	PRINCE (auxiliary cohort, post hoc split), CUP-AI-Dx, host-attraction rate, at risk set		
sub_gse50760_base_n	results/stage9/subcohort_metrics.tsv	cohort == 'GSE50760' and method == 'BASE-Z'	n	none	0	num	post hoc	GSE50760		n	evaluation	GSE50760 (auxiliary cohort, post hoc split), n, evaluation set		
sub_gse50760_base_top1	results/stage9/subcohort_metrics.tsv	cohort == 'GSE50760' and method == 'BASE-Z'	top1	none	3	num	post hoc	GSE50760	baseline	top-1 accuracy	evaluation	GSE50760 (auxiliary cohort, post hoc split), baseline, top-1 accuracy, evaluation set		
sub_gse50760_base_nrisk	results/stage9/subcohort_metrics.tsv	cohort == 'GSE50760' and method == 'BASE-Z'	n_at_risk	none	0	num	post hoc	GSE50760		n	at risk	GSE50760 (auxiliary cohort, post hoc split), n, at risk set		
sub_gse50760_base_host	results/stage9/subcohort_metrics.tsv	cohort == 'GSE50760' and method == 'BASE-Z'	host_rate	none	3	num	post hoc	GSE50760	baseline	host-attraction rate	at risk	GSE50760 (auxiliary cohort, post hoc split), baseline, host-attraction rate, at risk set		
sub_gse50760_sa_n	results/stage9/subcohort_metrics.tsv	cohort == 'GSE50760' and method == 'SA-Z'	n	none	0	num	post hoc	GSE50760		n	evaluation	GSE50760 (auxiliary cohort, post hoc split), n, evaluation set		
sub_gse50760_sa_top1	results/stage9/subcohort_metrics.tsv	cohort == 'GSE50760' and method == 'SA-Z'	top1	none	3	num	post hoc	GSE50760	HostMix-TOO	top-1 accuracy	evaluation	GSE50760 (auxiliary cohort, post hoc split), HostMix-TOO, top-1 accuracy, evaluation set		
sub_gse50760_sa_nrisk	results/stage9/subcohort_metrics.tsv	cohort == 'GSE50760' and method == 'SA-Z'	n_at_risk	none	0	num	post hoc	GSE50760		n	at risk	GSE50760 (auxiliary cohort, post hoc split), n, at risk set		
sub_gse50760_sa_host	results/stage9/subcohort_metrics.tsv	cohort == 'GSE50760' and method == 'SA-Z'	host_rate	none	3	num	post hoc	GSE50760	HostMix-TOO	host-attraction rate	at risk	GSE50760 (auxiliary cohort, post hoc split), HostMix-TOO, host-attraction rate, at risk set		
sub_gse50760_scope_n	results/stage9/subcohort_metrics.tsv	cohort == 'GSE50760' and method == 'SCOPE'	n	none	0	num	post hoc	GSE50760		n	evaluation	GSE50760 (auxiliary cohort, post hoc split), n, evaluation set		
sub_gse50760_scope_top1	results/stage9/subcohort_metrics.tsv	cohort == 'GSE50760' and method == 'SCOPE'	top1	none	3	num	post hoc	GSE50760	SCOPE	top-1 accuracy	evaluation	GSE50760 (auxiliary cohort, post hoc split), SCOPE, top-1 accuracy, evaluation set		
sub_gse50760_scope_nrisk	results/stage9/subcohort_metrics.tsv	cohort == 'GSE50760' and method == 'SCOPE'	n_at_risk	none	0	num	post hoc	GSE50760		n	at risk	GSE50760 (auxiliary cohort, post hoc split), n, at risk set		
sub_gse50760_scope_host	results/stage9/subcohort_metrics.tsv	cohort == 'GSE50760' and method == 'SCOPE'	host_rate	none	3	num	post hoc	GSE50760	SCOPE	host-attraction rate	at risk	GSE50760 (auxiliary cohort, post hoc split), SCOPE, host-attraction rate, at risk set		
sub_gse50760_cup_n	results/stage9/subcohort_metrics.tsv	cohort == 'GSE50760' and method == 'CUP-AI-Dx'	n	none	0	num	post hoc	GSE50760		n	evaluation	GSE50760 (auxiliary cohort, post hoc split), n, evaluation set		
sub_gse50760_cup_top1	results/stage9/subcohort_metrics.tsv	cohort == 'GSE50760' and method == 'CUP-AI-Dx'	top1	none	3	num	post hoc	GSE50760	CUP-AI-Dx	top-1 accuracy	evaluation	GSE50760 (auxiliary cohort, post hoc split), CUP-AI-Dx, top-1 accuracy, evaluation set		
sub_gse50760_cup_nrisk	results/stage9/subcohort_metrics.tsv	cohort == 'GSE50760' and method == 'CUP-AI-Dx'	n_at_risk	none	0	num	post hoc	GSE50760		n	at risk	GSE50760 (auxiliary cohort, post hoc split), n, at risk set		
sub_gse50760_cup_host	results/stage9/subcohort_metrics.tsv	cohort == 'GSE50760' and method == 'CUP-AI-Dx'	host_rate	none	3	num	post hoc	GSE50760	CUP-AI-Dx	host-attraction rate	at risk	GSE50760 (auxiliary cohort, post hoc split), CUP-AI-Dx, host-attraction rate, at risk set		
sub_su2c_base_n	results/stage9/subcohort_metrics.tsv	cohort == 'prad_su2c_2019' and method == 'BASE-Z'	n	none	0	num	post hoc	SU2C		n	evaluation	SU2C (auxiliary cohort, post hoc split), n, evaluation set		
sub_su2c_base_top1	results/stage9/subcohort_metrics.tsv	cohort == 'prad_su2c_2019' and method == 'BASE-Z'	top1	none	3	num	post hoc	SU2C	baseline	top-1 accuracy	evaluation	SU2C (auxiliary cohort, post hoc split), baseline, top-1 accuracy, evaluation set		
sub_su2c_base_nrisk	results/stage9/subcohort_metrics.tsv	cohort == 'prad_su2c_2019' and method == 'BASE-Z'	n_at_risk	none	0	num	post hoc	SU2C		n	at risk	SU2C (auxiliary cohort, post hoc split), n, at risk set		
sub_su2c_base_host	results/stage9/subcohort_metrics.tsv	cohort == 'prad_su2c_2019' and method == 'BASE-Z'	host_rate	none	3	num	post hoc	SU2C	baseline	host-attraction rate	at risk	SU2C (auxiliary cohort, post hoc split), baseline, host-attraction rate, at risk set		
sub_su2c_sa_n	results/stage9/subcohort_metrics.tsv	cohort == 'prad_su2c_2019' and method == 'SA-Z'	n	none	0	num	post hoc	SU2C		n	evaluation	SU2C (auxiliary cohort, post hoc split), n, evaluation set		
sub_su2c_sa_top1	results/stage9/subcohort_metrics.tsv	cohort == 'prad_su2c_2019' and method == 'SA-Z'	top1	none	3	num	post hoc	SU2C	HostMix-TOO	top-1 accuracy	evaluation	SU2C (auxiliary cohort, post hoc split), HostMix-TOO, top-1 accuracy, evaluation set		
sub_su2c_sa_nrisk	results/stage9/subcohort_metrics.tsv	cohort == 'prad_su2c_2019' and method == 'SA-Z'	n_at_risk	none	0	num	post hoc	SU2C		n	at risk	SU2C (auxiliary cohort, post hoc split), n, at risk set		
sub_su2c_sa_host	results/stage9/subcohort_metrics.tsv	cohort == 'prad_su2c_2019' and method == 'SA-Z'	host_rate	none	3	num	post hoc	SU2C	HostMix-TOO	host-attraction rate	at risk	SU2C (auxiliary cohort, post hoc split), HostMix-TOO, host-attraction rate, at risk set		
sub_su2c_scope_n	results/stage9/subcohort_metrics.tsv	cohort == 'prad_su2c_2019' and method == 'SCOPE'	n	none	0	num	post hoc	SU2C		n	evaluation	SU2C (auxiliary cohort, post hoc split), n, evaluation set		
sub_su2c_scope_top1	results/stage9/subcohort_metrics.tsv	cohort == 'prad_su2c_2019' and method == 'SCOPE'	top1	none	3	num	post hoc	SU2C	SCOPE	top-1 accuracy	evaluation	SU2C (auxiliary cohort, post hoc split), SCOPE, top-1 accuracy, evaluation set		
sub_su2c_scope_nrisk	results/stage9/subcohort_metrics.tsv	cohort == 'prad_su2c_2019' and method == 'SCOPE'	n_at_risk	none	0	num	post hoc	SU2C		n	at risk	SU2C (auxiliary cohort, post hoc split), n, at risk set		
sub_su2c_scope_host	results/stage9/subcohort_metrics.tsv	cohort == 'prad_su2c_2019' and method == 'SCOPE'	host_rate	none	3	num	post hoc	SU2C	SCOPE	host-attraction rate	at risk	SU2C (auxiliary cohort, post hoc split), SCOPE, host-attraction rate, at risk set		
sub_su2c_cup_n	results/stage9/subcohort_metrics.tsv	cohort == 'prad_su2c_2019' and method == 'CUP-AI-Dx'	n	none	0	num	post hoc	SU2C		n	evaluation	SU2C (auxiliary cohort, post hoc split), n, evaluation set		
sub_su2c_cup_top1	results/stage9/subcohort_metrics.tsv	cohort == 'prad_su2c_2019' and method == 'CUP-AI-Dx'	top1	none	3	num	post hoc	SU2C	CUP-AI-Dx	top-1 accuracy	evaluation	SU2C (auxiliary cohort, post hoc split), CUP-AI-Dx, top-1 accuracy, evaluation set		
sub_su2c_cup_nrisk	results/stage9/subcohort_metrics.tsv	cohort == 'prad_su2c_2019' and method == 'CUP-AI-Dx'	n_at_risk	none	0	num	post hoc	SU2C		n	at risk	SU2C (auxiliary cohort, post hoc split), n, at risk set		
sub_su2c_cup_host	results/stage9/subcohort_metrics.tsv	cohort == 'prad_su2c_2019' and method == 'CUP-AI-Dx'	host_rate	none	3	num	post hoc	SU2C	CUP-AI-Dx	host-attraction rate	at risk	SU2C (auxiliary cohort, post hoc split), CUP-AI-Dx, host-attraction rate, at risk set		
s7_imv_base_n	results/stage7/confirm/tables/metrics.tsv	cohort == 'blca_iatlas_imvigor210_2017' and standard_site == 'all' and method == 'BASE-Z'	n	none	0	num	pre-specified descriptive	IMvigor210		n	evaluation	IMvigor210 (auxiliary confirmation run, per cohort), n, evaluation set		
s7_imv_base_top1	results/stage7/confirm/tables/metrics.tsv	cohort == 'blca_iatlas_imvigor210_2017' and standard_site == 'all' and method == 'BASE-Z'	top1	none	3	num	pre-specified descriptive	IMvigor210	baseline	top-1 accuracy	evaluation	IMvigor210 (auxiliary confirmation run, per cohort), baseline, top-1 accuracy, evaluation set		
s7_imv_base_nrisk	results/stage7/confirm/tables/metrics.tsv	cohort == 'blca_iatlas_imvigor210_2017' and standard_site == 'all' and method == 'BASE-Z'	n_at_risk	none	0	num	pre-specified descriptive	IMvigor210		n	at risk	IMvigor210 (auxiliary confirmation run, per cohort), n, at risk set		
s7_imv_base_host	results/stage7/confirm/tables/metrics.tsv	cohort == 'blca_iatlas_imvigor210_2017' and standard_site == 'all' and method == 'BASE-Z'	host_rate	none	3	num	pre-specified descriptive	IMvigor210	baseline	host-attraction rate	at risk	IMvigor210 (auxiliary confirmation run, per cohort), baseline, host-attraction rate, at risk set		
s7_imv_base_nnative	results/stage7/confirm/tables/metrics.tsv	cohort == 'blca_iatlas_imvigor210_2017' and standard_site == 'all' and method == 'BASE-Z'	n_native_truth	none	0	num	pre-specified descriptive	IMvigor210		n	native truth	IMvigor210 (auxiliary confirmation run, per cohort), n, native truth set		
s7_imv_base_native	results/stage7/confirm/tables/metrics.tsv	cohort == 'blca_iatlas_imvigor210_2017' and standard_site == 'all' and method == 'BASE-Z'	native_truth_top1	none	3	num	pre-specified descriptive	IMvigor210	baseline	top-1 accuracy	native truth	IMvigor210 (auxiliary confirmation run, per cohort), baseline, top-1 accuracy, native truth set		
s7_imv_sa_n	results/stage7/confirm/tables/metrics.tsv	cohort == 'blca_iatlas_imvigor210_2017' and standard_site == 'all' and method == 'SA-Z'	n	none	0	num	pre-specified descriptive	IMvigor210		n	evaluation	IMvigor210 (auxiliary confirmation run, per cohort), n, evaluation set		
s7_imv_sa_top1	results/stage7/confirm/tables/metrics.tsv	cohort == 'blca_iatlas_imvigor210_2017' and standard_site == 'all' and method == 'SA-Z'	top1	none	3	num	pre-specified descriptive	IMvigor210	HostMix-TOO	top-1 accuracy	evaluation	IMvigor210 (auxiliary confirmation run, per cohort), HostMix-TOO, top-1 accuracy, evaluation set		
s7_imv_sa_nrisk	results/stage7/confirm/tables/metrics.tsv	cohort == 'blca_iatlas_imvigor210_2017' and standard_site == 'all' and method == 'SA-Z'	n_at_risk	none	0	num	pre-specified descriptive	IMvigor210		n	at risk	IMvigor210 (auxiliary confirmation run, per cohort), n, at risk set		
s7_imv_sa_host	results/stage7/confirm/tables/metrics.tsv	cohort == 'blca_iatlas_imvigor210_2017' and standard_site == 'all' and method == 'SA-Z'	host_rate	none	3	num	pre-specified descriptive	IMvigor210	HostMix-TOO	host-attraction rate	at risk	IMvigor210 (auxiliary confirmation run, per cohort), HostMix-TOO, host-attraction rate, at risk set		
s7_imv_sa_nnative	results/stage7/confirm/tables/metrics.tsv	cohort == 'blca_iatlas_imvigor210_2017' and standard_site == 'all' and method == 'SA-Z'	n_native_truth	none	0	num	pre-specified descriptive	IMvigor210		n	native truth	IMvigor210 (auxiliary confirmation run, per cohort), n, native truth set		
s7_imv_sa_native	results/stage7/confirm/tables/metrics.tsv	cohort == 'blca_iatlas_imvigor210_2017' and standard_site == 'all' and method == 'SA-Z'	native_truth_top1	none	3	num	pre-specified descriptive	IMvigor210	HostMix-TOO	top-1 accuracy	native truth	IMvigor210 (auxiliary confirmation run, per cohort), HostMix-TOO, top-1 accuracy, native truth set		
s7_imv_gated_n	results/stage7/confirm/tables/metrics.tsv	cohort == 'blca_iatlas_imvigor210_2017' and standard_site == 'all' and method == 'SA-G'	n	none	0	num	pre-specified descriptive	IMvigor210		n	evaluation	IMvigor210 (auxiliary confirmation run, per cohort), n, evaluation set		
s7_imv_gated_top1	results/stage7/confirm/tables/metrics.tsv	cohort == 'blca_iatlas_imvigor210_2017' and standard_site == 'all' and method == 'SA-G'	top1	none	3	num	pre-specified descriptive	IMvigor210	gated	top-1 accuracy	evaluation	IMvigor210 (auxiliary confirmation run, per cohort), gated, top-1 accuracy, evaluation set		
s7_imv_gated_nrisk	results/stage7/confirm/tables/metrics.tsv	cohort == 'blca_iatlas_imvigor210_2017' and standard_site == 'all' and method == 'SA-G'	n_at_risk	none	0	num	pre-specified descriptive	IMvigor210		n	at risk	IMvigor210 (auxiliary confirmation run, per cohort), n, at risk set		
s7_imv_gated_host	results/stage7/confirm/tables/metrics.tsv	cohort == 'blca_iatlas_imvigor210_2017' and standard_site == 'all' and method == 'SA-G'	host_rate	none	3	num	pre-specified descriptive	IMvigor210	gated	host-attraction rate	at risk	IMvigor210 (auxiliary confirmation run, per cohort), gated, host-attraction rate, at risk set		
s7_imv_gated_nnative	results/stage7/confirm/tables/metrics.tsv	cohort == 'blca_iatlas_imvigor210_2017' and standard_site == 'all' and method == 'SA-G'	n_native_truth	none	0	num	pre-specified descriptive	IMvigor210		n	native truth	IMvigor210 (auxiliary confirmation run, per cohort), n, native truth set		
s7_imv_gated_native	results/stage7/confirm/tables/metrics.tsv	cohort == 'blca_iatlas_imvigor210_2017' and standard_site == 'all' and method == 'SA-G'	native_truth_top1	none	3	num	pre-specified descriptive	IMvigor210	gated	top-1 accuracy	native truth	IMvigor210 (auxiliary confirmation run, per cohort), gated, top-1 accuracy, native truth set		
s7_imv_pool22_n	results/stage7/confirm/tables/metrics.tsv	cohort == 'blca_iatlas_imvigor210_2017' and standard_site == 'all' and method == 'SA-pool22'	n	none	0	num	pre-specified descriptive	IMvigor210		n	evaluation	IMvigor210 (auxiliary confirmation run, per cohort), n, evaluation set		
s7_imv_pool22_top1	results/stage7/confirm/tables/metrics.tsv	cohort == 'blca_iatlas_imvigor210_2017' and standard_site == 'all' and method == 'SA-pool22'	top1	none	3	num	pre-specified descriptive	IMvigor210	22-tissue	top-1 accuracy	evaluation	IMvigor210 (auxiliary confirmation run, per cohort), 22-tissue, top-1 accuracy, evaluation set		
s7_imv_pool22_nrisk	results/stage7/confirm/tables/metrics.tsv	cohort == 'blca_iatlas_imvigor210_2017' and standard_site == 'all' and method == 'SA-pool22'	n_at_risk	none	0	num	pre-specified descriptive	IMvigor210		n	at risk	IMvigor210 (auxiliary confirmation run, per cohort), n, at risk set		
s7_imv_pool22_host	results/stage7/confirm/tables/metrics.tsv	cohort == 'blca_iatlas_imvigor210_2017' and standard_site == 'all' and method == 'SA-pool22'	host_rate	none	3	num	pre-specified descriptive	IMvigor210	22-tissue	host-attraction rate	at risk	IMvigor210 (auxiliary confirmation run, per cohort), 22-tissue, host-attraction rate, at risk set		
s7_imv_pool22_nnative	results/stage7/confirm/tables/metrics.tsv	cohort == 'blca_iatlas_imvigor210_2017' and standard_site == 'all' and method == 'SA-pool22'	n_native_truth	none	0	num	pre-specified descriptive	IMvigor210		n	native truth	IMvigor210 (auxiliary confirmation run, per cohort), n, native truth set		
s7_imv_pool22_native	results/stage7/confirm/tables/metrics.tsv	cohort == 'blca_iatlas_imvigor210_2017' and standard_site == 'all' and method == 'SA-pool22'	native_truth_top1	none	3	num	pre-specified descriptive	IMvigor210	22-tissue	top-1 accuracy	native truth	IMvigor210 (auxiliary confirmation run, per cohort), 22-tissue, top-1 accuracy, native truth set		
s7_imv_sc_n	results/stage7/confirm/tables/metrics.tsv	cohort == 'blca_iatlas_imvigor210_2017' and standard_site == 'all' and method == 'SC-Z'	n	none	0	num	pre-specified descriptive	IMvigor210		n	evaluation	IMvigor210 (auxiliary confirmation run, per cohort), n, evaluation set		
s7_imv_sc_top1	results/stage7/confirm/tables/metrics.tsv	cohort == 'blca_iatlas_imvigor210_2017' and standard_site == 'all' and method == 'SC-Z'	top1	none	3	num	pre-specified descriptive	IMvigor210	site-specific	top-1 accuracy	evaluation	IMvigor210 (auxiliary confirmation run, per cohort), site-specific, top-1 accuracy, evaluation set		
s7_imv_sc_nrisk	results/stage7/confirm/tables/metrics.tsv	cohort == 'blca_iatlas_imvigor210_2017' and standard_site == 'all' and method == 'SC-Z'	n_at_risk	none	0	num	pre-specified descriptive	IMvigor210		n	at risk	IMvigor210 (auxiliary confirmation run, per cohort), n, at risk set		
s7_imv_sc_host	results/stage7/confirm/tables/metrics.tsv	cohort == 'blca_iatlas_imvigor210_2017' and standard_site == 'all' and method == 'SC-Z'	host_rate	none	3	num	pre-specified descriptive	IMvigor210	site-specific	host-attraction rate	at risk	IMvigor210 (auxiliary confirmation run, per cohort), site-specific, host-attraction rate, at risk set		
s7_imv_sc_nnative	results/stage7/confirm/tables/metrics.tsv	cohort == 'blca_iatlas_imvigor210_2017' and standard_site == 'all' and method == 'SC-Z'	n_native_truth	none	0	num	pre-specified descriptive	IMvigor210		n	native truth	IMvigor210 (auxiliary confirmation run, per cohort), n, native truth set		
s7_imv_sc_native	results/stage7/confirm/tables/metrics.tsv	cohort == 'blca_iatlas_imvigor210_2017' and standard_site == 'all' and method == 'SC-Z'	native_truth_top1	none	3	num	pre-specified descriptive	IMvigor210	site-specific	top-1 accuracy	native truth	IMvigor210 (auxiliary confirmation run, per cohort), site-specific, top-1 accuracy, native truth set		
s7_imv_ld_n	results/stage7/confirm/tables/metrics.tsv	cohort == 'blca_iatlas_imvigor210_2017' and standard_site == 'all' and method == 'LD-Z'	n	none	0	num	pre-specified descriptive	IMvigor210		n	evaluation	IMvigor210 (auxiliary confirmation run, per cohort), n, evaluation set		
s7_imv_ld_top1	results/stage7/confirm/tables/metrics.tsv	cohort == 'blca_iatlas_imvigor210_2017' and standard_site == 'all' and method == 'LD-Z'	top1	none	3	num	pre-specified descriptive	IMvigor210	deconvolution	top-1 accuracy	evaluation	IMvigor210 (auxiliary confirmation run, per cohort), deconvolution, top-1 accuracy, evaluation set		
s7_imv_ld_nrisk	results/stage7/confirm/tables/metrics.tsv	cohort == 'blca_iatlas_imvigor210_2017' and standard_site == 'all' and method == 'LD-Z'	n_at_risk	none	0	num	pre-specified descriptive	IMvigor210		n	at risk	IMvigor210 (auxiliary confirmation run, per cohort), n, at risk set		
s7_imv_ld_host	results/stage7/confirm/tables/metrics.tsv	cohort == 'blca_iatlas_imvigor210_2017' and standard_site == 'all' and method == 'LD-Z'	host_rate	none	3	num	pre-specified descriptive	IMvigor210	deconvolution	host-attraction rate	at risk	IMvigor210 (auxiliary confirmation run, per cohort), deconvolution, host-attraction rate, at risk set		
s7_imv_ld_nnative	results/stage7/confirm/tables/metrics.tsv	cohort == 'blca_iatlas_imvigor210_2017' and standard_site == 'all' and method == 'LD-Z'	n_native_truth	none	0	num	pre-specified descriptive	IMvigor210		n	native truth	IMvigor210 (auxiliary confirmation run, per cohort), n, native truth set		
s7_imv_ld_native	results/stage7/confirm/tables/metrics.tsv	cohort == 'blca_iatlas_imvigor210_2017' and standard_site == 'all' and method == 'LD-Z'	native_truth_top1	none	3	num	pre-specified descriptive	IMvigor210	deconvolution	top-1 accuracy	native truth	IMvigor210 (auxiliary confirmation run, per cohort), deconvolution, top-1 accuracy, native truth set		
s7_imv_nc_n	results/stage7/confirm/tables/metrics.tsv	cohort == 'blca_iatlas_imvigor210_2017' and standard_site == 'all' and method == 'NC-Z'	n	none	0	num	pre-specified descriptive	IMvigor210		n	evaluation	IMvigor210 (auxiliary confirmation run, per cohort), n, evaluation set		
s7_imv_nc_top1	results/stage7/confirm/tables/metrics.tsv	cohort == 'blca_iatlas_imvigor210_2017' and standard_site == 'all' and method == 'NC-Z'	top1	none	3	num	pre-specified descriptive	IMvigor210	normal classes	top-1 accuracy	evaluation	IMvigor210 (auxiliary confirmation run, per cohort), normal classes, top-1 accuracy, evaluation set		
s7_imv_nc_nrisk	results/stage7/confirm/tables/metrics.tsv	cohort == 'blca_iatlas_imvigor210_2017' and standard_site == 'all' and method == 'NC-Z'	n_at_risk	none	0	num	pre-specified descriptive	IMvigor210		n	at risk	IMvigor210 (auxiliary confirmation run, per cohort), n, at risk set		
s7_imv_nc_host	results/stage7/confirm/tables/metrics.tsv	cohort == 'blca_iatlas_imvigor210_2017' and standard_site == 'all' and method == 'NC-Z'	host_rate	none	3	num	pre-specified descriptive	IMvigor210	normal classes	host-attraction rate	at risk	IMvigor210 (auxiliary confirmation run, per cohort), normal classes, host-attraction rate, at risk set		
s7_imv_nc_nnative	results/stage7/confirm/tables/metrics.tsv	cohort == 'blca_iatlas_imvigor210_2017' and standard_site == 'all' and method == 'NC-Z'	n_native_truth	none	0	num	pre-specified descriptive	IMvigor210		n	native truth	IMvigor210 (auxiliary confirmation run, per cohort), n, native truth set		
s7_imv_nc_native	results/stage7/confirm/tables/metrics.tsv	cohort == 'blca_iatlas_imvigor210_2017' and standard_site == 'all' and method == 'NC-Z'	native_truth_top1	none	3	num	pre-specified descriptive	IMvigor210	normal classes	top-1 accuracy	native truth	IMvigor210 (auxiliary confirmation run, per cohort), normal classes, top-1 accuracy, native truth set		
s7_imv_m1_n	results/stage7/confirm/tables/metrics.tsv	cohort == 'blca_iatlas_imvigor210_2017' and standard_site == 'all' and method == 'M1-Z'	n	none	0	num	pre-specified descriptive	IMvigor210		n	evaluation	IMvigor210 (auxiliary confirmation run, per cohort), n, evaluation set		
s7_imv_m1_top1	results/stage7/confirm/tables/metrics.tsv	cohort == 'blca_iatlas_imvigor210_2017' and standard_site == 'all' and method == 'M1-Z'	top1	none	3	num	pre-specified descriptive	IMvigor210	masking	top-1 accuracy	evaluation	IMvigor210 (auxiliary confirmation run, per cohort), masking, top-1 accuracy, evaluation set		
s7_imv_m1_nrisk	results/stage7/confirm/tables/metrics.tsv	cohort == 'blca_iatlas_imvigor210_2017' and standard_site == 'all' and method == 'M1-Z'	n_at_risk	none	0	num	pre-specified descriptive	IMvigor210		n	at risk	IMvigor210 (auxiliary confirmation run, per cohort), n, at risk set		
s7_imv_m1_host	results/stage7/confirm/tables/metrics.tsv	cohort == 'blca_iatlas_imvigor210_2017' and standard_site == 'all' and method == 'M1-Z'	host_rate	none	3	num	pre-specified descriptive	IMvigor210	masking	host-attraction rate	at risk	IMvigor210 (auxiliary confirmation run, per cohort), masking, host-attraction rate, at risk set		
s7_imv_m1_nnative	results/stage7/confirm/tables/metrics.tsv	cohort == 'blca_iatlas_imvigor210_2017' and standard_site == 'all' and method == 'M1-Z'	n_native_truth	none	0	num	pre-specified descriptive	IMvigor210		n	native truth	IMvigor210 (auxiliary confirmation run, per cohort), n, native truth set		
s7_imv_m1_native	results/stage7/confirm/tables/metrics.tsv	cohort == 'blca_iatlas_imvigor210_2017' and standard_site == 'all' and method == 'M1-Z'	native_truth_top1	none	3	num	pre-specified descriptive	IMvigor210	masking	top-1 accuracy	native truth	IMvigor210 (auxiliary confirmation run, per cohort), masking, top-1 accuracy, native truth set		
s7_imv_basek_n	results/stage7/confirm/tables/metrics.tsv	cohort == 'blca_iatlas_imvigor210_2017' and standard_site == 'all' and method == 'BASE-K'	n	none	0	num	pre-specified descriptive	IMvigor210		n	evaluation	IMvigor210 (auxiliary confirmation run, per cohort), n, evaluation set		
s7_imv_basek_top1	results/stage7/confirm/tables/metrics.tsv	cohort == 'blca_iatlas_imvigor210_2017' and standard_site == 'all' and method == 'BASE-K'	top1	none	3	num	pre-specified descriptive	IMvigor210	gene sets	top-1 accuracy	evaluation	IMvigor210 (auxiliary confirmation run, per cohort), gene sets, top-1 accuracy, evaluation set		
s7_imv_basek_nrisk	results/stage7/confirm/tables/metrics.tsv	cohort == 'blca_iatlas_imvigor210_2017' and standard_site == 'all' and method == 'BASE-K'	n_at_risk	none	0	num	pre-specified descriptive	IMvigor210		n	at risk	IMvigor210 (auxiliary confirmation run, per cohort), n, at risk set		
s7_imv_basek_host	results/stage7/confirm/tables/metrics.tsv	cohort == 'blca_iatlas_imvigor210_2017' and standard_site == 'all' and method == 'BASE-K'	host_rate	none	3	num	pre-specified descriptive	IMvigor210	gene sets	host-attraction rate	at risk	IMvigor210 (auxiliary confirmation run, per cohort), gene sets, host-attraction rate, at risk set		
s7_imv_basek_nnative	results/stage7/confirm/tables/metrics.tsv	cohort == 'blca_iatlas_imvigor210_2017' and standard_site == 'all' and method == 'BASE-K'	n_native_truth	none	0	num	pre-specified descriptive	IMvigor210		n	native truth	IMvigor210 (auxiliary confirmation run, per cohort), n, native truth set		
s7_imv_basek_native	results/stage7/confirm/tables/metrics.tsv	cohort == 'blca_iatlas_imvigor210_2017' and standard_site == 'all' and method == 'BASE-K'	native_truth_top1	none	3	num	pre-specified descriptive	IMvigor210	gene sets	top-1 accuracy	native truth	IMvigor210 (auxiliary confirmation run, per cohort), gene sets, top-1 accuracy, native truth set		
s7_imv_sak_n	results/stage7/confirm/tables/metrics.tsv	cohort == 'blca_iatlas_imvigor210_2017' and standard_site == 'all' and method == 'SA-K'	n	none	0	num	pre-specified descriptive	IMvigor210		n	evaluation	IMvigor210 (auxiliary confirmation run, per cohort), n, evaluation set		
s7_imv_sak_top1	results/stage7/confirm/tables/metrics.tsv	cohort == 'blca_iatlas_imvigor210_2017' and standard_site == 'all' and method == 'SA-K'	top1	none	3	num	pre-specified descriptive	IMvigor210	gene sets	top-1 accuracy	evaluation	IMvigor210 (auxiliary confirmation run, per cohort), gene sets, top-1 accuracy, evaluation set		
s7_imv_sak_nrisk	results/stage7/confirm/tables/metrics.tsv	cohort == 'blca_iatlas_imvigor210_2017' and standard_site == 'all' and method == 'SA-K'	n_at_risk	none	0	num	pre-specified descriptive	IMvigor210		n	at risk	IMvigor210 (auxiliary confirmation run, per cohort), n, at risk set		
s7_imv_sak_host	results/stage7/confirm/tables/metrics.tsv	cohort == 'blca_iatlas_imvigor210_2017' and standard_site == 'all' and method == 'SA-K'	host_rate	none	3	num	pre-specified descriptive	IMvigor210	gene sets	host-attraction rate	at risk	IMvigor210 (auxiliary confirmation run, per cohort), gene sets, host-attraction rate, at risk set		
s7_imv_sak_nnative	results/stage7/confirm/tables/metrics.tsv	cohort == 'blca_iatlas_imvigor210_2017' and standard_site == 'all' and method == 'SA-K'	n_native_truth	none	0	num	pre-specified descriptive	IMvigor210		n	native truth	IMvigor210 (auxiliary confirmation run, per cohort), n, native truth set		
s7_imv_sak_native	results/stage7/confirm/tables/metrics.tsv	cohort == 'blca_iatlas_imvigor210_2017' and standard_site == 'all' and method == 'SA-K'	native_truth_top1	none	3	num	pre-specified descriptive	IMvigor210	gene sets	top-1 accuracy	native truth	IMvigor210 (auxiliary confirmation run, per cohort), gene sets, top-1 accuracy, native truth set		
s7_imv_v0k_n	results/stage7/confirm/tables/metrics.tsv	cohort == 'blca_iatlas_imvigor210_2017' and standard_site == 'all' and method == 'V0-K'	n	none	0	num	pre-specified descriptive	IMvigor210		n	evaluation	IMvigor210 (auxiliary confirmation run, per cohort), n, evaluation set		
s7_imv_v0k_top1	results/stage7/confirm/tables/metrics.tsv	cohort == 'blca_iatlas_imvigor210_2017' and standard_site == 'all' and method == 'V0-K'	top1	none	3	num	pre-specified descriptive	IMvigor210	gene sets	top-1 accuracy	evaluation	IMvigor210 (auxiliary confirmation run, per cohort), gene sets, top-1 accuracy, evaluation set		
s7_imv_v0k_nrisk	results/stage7/confirm/tables/metrics.tsv	cohort == 'blca_iatlas_imvigor210_2017' and standard_site == 'all' and method == 'V0-K'	n_at_risk	none	0	num	pre-specified descriptive	IMvigor210		n	at risk	IMvigor210 (auxiliary confirmation run, per cohort), n, at risk set		
s7_imv_v0k_host	results/stage7/confirm/tables/metrics.tsv	cohort == 'blca_iatlas_imvigor210_2017' and standard_site == 'all' and method == 'V0-K'	host_rate	none	3	num	pre-specified descriptive	IMvigor210	gene sets	host-attraction rate	at risk	IMvigor210 (auxiliary confirmation run, per cohort), gene sets, host-attraction rate, at risk set		
s7_imv_v0k_nnative	results/stage7/confirm/tables/metrics.tsv	cohort == 'blca_iatlas_imvigor210_2017' and standard_site == 'all' and method == 'V0-K'	n_native_truth	none	0	num	pre-specified descriptive	IMvigor210		n	native truth	IMvigor210 (auxiliary confirmation run, per cohort), n, native truth set		
s7_imv_v0k_native	results/stage7/confirm/tables/metrics.tsv	cohort == 'blca_iatlas_imvigor210_2017' and standard_site == 'all' and method == 'V0-K'	native_truth_top1	none	3	num	pre-specified descriptive	IMvigor210	gene sets	top-1 accuracy	native truth	IMvigor210 (auxiliary confirmation run, per cohort), gene sets, top-1 accuracy, native truth set		
s7_imv_samlp_n	results/stage7/confirm/tables/metrics.tsv	cohort == 'blca_iatlas_imvigor210_2017' and standard_site == 'all' and method == 'SA-MLP'	n	none	0	num	pre-specified descriptive	IMvigor210		n	evaluation	IMvigor210 (auxiliary confirmation run, per cohort), n, evaluation set		
s7_imv_samlp_top1	results/stage7/confirm/tables/metrics.tsv	cohort == 'blca_iatlas_imvigor210_2017' and standard_site == 'all' and method == 'SA-MLP'	top1	none	3	num	pre-specified descriptive	IMvigor210	perceptron	top-1 accuracy	evaluation	IMvigor210 (auxiliary confirmation run, per cohort), perceptron, top-1 accuracy, evaluation set		
s7_imv_samlp_nrisk	results/stage7/confirm/tables/metrics.tsv	cohort == 'blca_iatlas_imvigor210_2017' and standard_site == 'all' and method == 'SA-MLP'	n_at_risk	none	0	num	pre-specified descriptive	IMvigor210		n	at risk	IMvigor210 (auxiliary confirmation run, per cohort), n, at risk set		
s7_imv_samlp_host	results/stage7/confirm/tables/metrics.tsv	cohort == 'blca_iatlas_imvigor210_2017' and standard_site == 'all' and method == 'SA-MLP'	host_rate	none	3	num	pre-specified descriptive	IMvigor210	perceptron	host-attraction rate	at risk	IMvigor210 (auxiliary confirmation run, per cohort), perceptron, host-attraction rate, at risk set		
s7_imv_samlp_nnative	results/stage7/confirm/tables/metrics.tsv	cohort == 'blca_iatlas_imvigor210_2017' and standard_site == 'all' and method == 'SA-MLP'	n_native_truth	none	0	num	pre-specified descriptive	IMvigor210		n	native truth	IMvigor210 (auxiliary confirmation run, per cohort), n, native truth set		
s7_imv_samlp_native	results/stage7/confirm/tables/metrics.tsv	cohort == 'blca_iatlas_imvigor210_2017' and standard_site == 'all' and method == 'SA-MLP'	native_truth_top1	none	3	num	pre-specified descriptive	IMvigor210	perceptron	top-1 accuracy	native truth	IMvigor210 (auxiliary confirmation run, per cohort), perceptron, top-1 accuracy, native truth set		
s7_anders_base_n	results/stage7/confirm/tables/metrics.tsv	cohort == 'brca_iatlas_anders_2022' and standard_site == 'all' and method == 'BASE-Z'	n	none	0	num	pre-specified descriptive	Anders		n	evaluation	Anders (auxiliary confirmation run, per cohort), n, evaluation set		
s7_anders_base_top1	results/stage7/confirm/tables/metrics.tsv	cohort == 'brca_iatlas_anders_2022' and standard_site == 'all' and method == 'BASE-Z'	top1	none	3	num	pre-specified descriptive	Anders	baseline	top-1 accuracy	evaluation	Anders (auxiliary confirmation run, per cohort), baseline, top-1 accuracy, evaluation set		
s7_anders_base_nrisk	results/stage7/confirm/tables/metrics.tsv	cohort == 'brca_iatlas_anders_2022' and standard_site == 'all' and method == 'BASE-Z'	n_at_risk	none	0	num	pre-specified descriptive	Anders		n	at risk	Anders (auxiliary confirmation run, per cohort), n, at risk set		
s7_anders_base_host	results/stage7/confirm/tables/metrics.tsv	cohort == 'brca_iatlas_anders_2022' and standard_site == 'all' and method == 'BASE-Z'	host_rate	none	3	num	pre-specified descriptive	Anders	baseline	host-attraction rate	at risk	Anders (auxiliary confirmation run, per cohort), baseline, host-attraction rate, at risk set		
s7_anders_base_nnative	results/stage7/confirm/tables/metrics.tsv	cohort == 'brca_iatlas_anders_2022' and standard_site == 'all' and method == 'BASE-Z'	n_native_truth	none	0	num	pre-specified descriptive	Anders		n	native truth	Anders (auxiliary confirmation run, per cohort), n, native truth set		
s7_anders_base_native	results/stage7/confirm/tables/metrics.tsv	cohort == 'brca_iatlas_anders_2022' and standard_site == 'all' and method == 'BASE-Z'	native_truth_top1	none	3	num	pre-specified descriptive	Anders	baseline	top-1 accuracy	native truth	Anders (auxiliary confirmation run, per cohort), baseline, top-1 accuracy, native truth set		
s7_anders_sa_n	results/stage7/confirm/tables/metrics.tsv	cohort == 'brca_iatlas_anders_2022' and standard_site == 'all' and method == 'SA-Z'	n	none	0	num	pre-specified descriptive	Anders		n	evaluation	Anders (auxiliary confirmation run, per cohort), n, evaluation set		
s7_anders_sa_top1	results/stage7/confirm/tables/metrics.tsv	cohort == 'brca_iatlas_anders_2022' and standard_site == 'all' and method == 'SA-Z'	top1	none	3	num	pre-specified descriptive	Anders	HostMix-TOO	top-1 accuracy	evaluation	Anders (auxiliary confirmation run, per cohort), HostMix-TOO, top-1 accuracy, evaluation set		
s7_anders_sa_nrisk	results/stage7/confirm/tables/metrics.tsv	cohort == 'brca_iatlas_anders_2022' and standard_site == 'all' and method == 'SA-Z'	n_at_risk	none	0	num	pre-specified descriptive	Anders		n	at risk	Anders (auxiliary confirmation run, per cohort), n, at risk set		
s7_anders_sa_host	results/stage7/confirm/tables/metrics.tsv	cohort == 'brca_iatlas_anders_2022' and standard_site == 'all' and method == 'SA-Z'	host_rate	none	3	num	pre-specified descriptive	Anders	HostMix-TOO	host-attraction rate	at risk	Anders (auxiliary confirmation run, per cohort), HostMix-TOO, host-attraction rate, at risk set		
s7_anders_sa_nnative	results/stage7/confirm/tables/metrics.tsv	cohort == 'brca_iatlas_anders_2022' and standard_site == 'all' and method == 'SA-Z'	n_native_truth	none	0	num	pre-specified descriptive	Anders		n	native truth	Anders (auxiliary confirmation run, per cohort), n, native truth set		
s7_anders_sa_native	results/stage7/confirm/tables/metrics.tsv	cohort == 'brca_iatlas_anders_2022' and standard_site == 'all' and method == 'SA-Z'	native_truth_top1	none	3	num	pre-specified descriptive	Anders	HostMix-TOO	top-1 accuracy	native truth	Anders (auxiliary confirmation run, per cohort), HostMix-TOO, top-1 accuracy, native truth set		
s7_anders_gated_n	results/stage7/confirm/tables/metrics.tsv	cohort == 'brca_iatlas_anders_2022' and standard_site == 'all' and method == 'SA-G'	n	none	0	num	pre-specified descriptive	Anders		n	evaluation	Anders (auxiliary confirmation run, per cohort), n, evaluation set		
s7_anders_gated_top1	results/stage7/confirm/tables/metrics.tsv	cohort == 'brca_iatlas_anders_2022' and standard_site == 'all' and method == 'SA-G'	top1	none	3	num	pre-specified descriptive	Anders	gated	top-1 accuracy	evaluation	Anders (auxiliary confirmation run, per cohort), gated, top-1 accuracy, evaluation set		
s7_anders_gated_nrisk	results/stage7/confirm/tables/metrics.tsv	cohort == 'brca_iatlas_anders_2022' and standard_site == 'all' and method == 'SA-G'	n_at_risk	none	0	num	pre-specified descriptive	Anders		n	at risk	Anders (auxiliary confirmation run, per cohort), n, at risk set		
s7_anders_gated_host	results/stage7/confirm/tables/metrics.tsv	cohort == 'brca_iatlas_anders_2022' and standard_site == 'all' and method == 'SA-G'	host_rate	none	3	num	pre-specified descriptive	Anders	gated	host-attraction rate	at risk	Anders (auxiliary confirmation run, per cohort), gated, host-attraction rate, at risk set		
s7_anders_gated_nnative	results/stage7/confirm/tables/metrics.tsv	cohort == 'brca_iatlas_anders_2022' and standard_site == 'all' and method == 'SA-G'	n_native_truth	none	0	num	pre-specified descriptive	Anders		n	native truth	Anders (auxiliary confirmation run, per cohort), n, native truth set		
s7_anders_gated_native	results/stage7/confirm/tables/metrics.tsv	cohort == 'brca_iatlas_anders_2022' and standard_site == 'all' and method == 'SA-G'	native_truth_top1	none	3	num	pre-specified descriptive	Anders	gated	top-1 accuracy	native truth	Anders (auxiliary confirmation run, per cohort), gated, top-1 accuracy, native truth set		
s7_anders_pool22_n	results/stage7/confirm/tables/metrics.tsv	cohort == 'brca_iatlas_anders_2022' and standard_site == 'all' and method == 'SA-pool22'	n	none	0	num	pre-specified descriptive	Anders		n	evaluation	Anders (auxiliary confirmation run, per cohort), n, evaluation set		
s7_anders_pool22_top1	results/stage7/confirm/tables/metrics.tsv	cohort == 'brca_iatlas_anders_2022' and standard_site == 'all' and method == 'SA-pool22'	top1	none	3	num	pre-specified descriptive	Anders	22-tissue	top-1 accuracy	evaluation	Anders (auxiliary confirmation run, per cohort), 22-tissue, top-1 accuracy, evaluation set		
s7_anders_pool22_nrisk	results/stage7/confirm/tables/metrics.tsv	cohort == 'brca_iatlas_anders_2022' and standard_site == 'all' and method == 'SA-pool22'	n_at_risk	none	0	num	pre-specified descriptive	Anders		n	at risk	Anders (auxiliary confirmation run, per cohort), n, at risk set		
s7_anders_pool22_host	results/stage7/confirm/tables/metrics.tsv	cohort == 'brca_iatlas_anders_2022' and standard_site == 'all' and method == 'SA-pool22'	host_rate	none	3	num	pre-specified descriptive	Anders	22-tissue	host-attraction rate	at risk	Anders (auxiliary confirmation run, per cohort), 22-tissue, host-attraction rate, at risk set		
s7_anders_pool22_nnative	results/stage7/confirm/tables/metrics.tsv	cohort == 'brca_iatlas_anders_2022' and standard_site == 'all' and method == 'SA-pool22'	n_native_truth	none	0	num	pre-specified descriptive	Anders		n	native truth	Anders (auxiliary confirmation run, per cohort), n, native truth set		
s7_anders_pool22_native	results/stage7/confirm/tables/metrics.tsv	cohort == 'brca_iatlas_anders_2022' and standard_site == 'all' and method == 'SA-pool22'	native_truth_top1	none	3	num	pre-specified descriptive	Anders	22-tissue	top-1 accuracy	native truth	Anders (auxiliary confirmation run, per cohort), 22-tissue, top-1 accuracy, native truth set		
s7_anders_sc_n	results/stage7/confirm/tables/metrics.tsv	cohort == 'brca_iatlas_anders_2022' and standard_site == 'all' and method == 'SC-Z'	n	none	0	num	pre-specified descriptive	Anders		n	evaluation	Anders (auxiliary confirmation run, per cohort), n, evaluation set		
s7_anders_sc_top1	results/stage7/confirm/tables/metrics.tsv	cohort == 'brca_iatlas_anders_2022' and standard_site == 'all' and method == 'SC-Z'	top1	none	3	num	pre-specified descriptive	Anders	site-specific	top-1 accuracy	evaluation	Anders (auxiliary confirmation run, per cohort), site-specific, top-1 accuracy, evaluation set		
s7_anders_sc_nrisk	results/stage7/confirm/tables/metrics.tsv	cohort == 'brca_iatlas_anders_2022' and standard_site == 'all' and method == 'SC-Z'	n_at_risk	none	0	num	pre-specified descriptive	Anders		n	at risk	Anders (auxiliary confirmation run, per cohort), n, at risk set		
s7_anders_sc_host	results/stage7/confirm/tables/metrics.tsv	cohort == 'brca_iatlas_anders_2022' and standard_site == 'all' and method == 'SC-Z'	host_rate	none	3	num	pre-specified descriptive	Anders	site-specific	host-attraction rate	at risk	Anders (auxiliary confirmation run, per cohort), site-specific, host-attraction rate, at risk set		
s7_anders_sc_nnative	results/stage7/confirm/tables/metrics.tsv	cohort == 'brca_iatlas_anders_2022' and standard_site == 'all' and method == 'SC-Z'	n_native_truth	none	0	num	pre-specified descriptive	Anders		n	native truth	Anders (auxiliary confirmation run, per cohort), n, native truth set		
s7_anders_sc_native	results/stage7/confirm/tables/metrics.tsv	cohort == 'brca_iatlas_anders_2022' and standard_site == 'all' and method == 'SC-Z'	native_truth_top1	none	3	num	pre-specified descriptive	Anders	site-specific	top-1 accuracy	native truth	Anders (auxiliary confirmation run, per cohort), site-specific, top-1 accuracy, native truth set		
s7_anders_ld_n	results/stage7/confirm/tables/metrics.tsv	cohort == 'brca_iatlas_anders_2022' and standard_site == 'all' and method == 'LD-Z'	n	none	0	num	pre-specified descriptive	Anders		n	evaluation	Anders (auxiliary confirmation run, per cohort), n, evaluation set		
s7_anders_ld_top1	results/stage7/confirm/tables/metrics.tsv	cohort == 'brca_iatlas_anders_2022' and standard_site == 'all' and method == 'LD-Z'	top1	none	3	num	pre-specified descriptive	Anders	deconvolution	top-1 accuracy	evaluation	Anders (auxiliary confirmation run, per cohort), deconvolution, top-1 accuracy, evaluation set		
s7_anders_ld_nrisk	results/stage7/confirm/tables/metrics.tsv	cohort == 'brca_iatlas_anders_2022' and standard_site == 'all' and method == 'LD-Z'	n_at_risk	none	0	num	pre-specified descriptive	Anders		n	at risk	Anders (auxiliary confirmation run, per cohort), n, at risk set		
s7_anders_ld_host	results/stage7/confirm/tables/metrics.tsv	cohort == 'brca_iatlas_anders_2022' and standard_site == 'all' and method == 'LD-Z'	host_rate	none	3	num	pre-specified descriptive	Anders	deconvolution	host-attraction rate	at risk	Anders (auxiliary confirmation run, per cohort), deconvolution, host-attraction rate, at risk set		
s7_anders_ld_nnative	results/stage7/confirm/tables/metrics.tsv	cohort == 'brca_iatlas_anders_2022' and standard_site == 'all' and method == 'LD-Z'	n_native_truth	none	0	num	pre-specified descriptive	Anders		n	native truth	Anders (auxiliary confirmation run, per cohort), n, native truth set		
s7_anders_ld_native	results/stage7/confirm/tables/metrics.tsv	cohort == 'brca_iatlas_anders_2022' and standard_site == 'all' and method == 'LD-Z'	native_truth_top1	none	3	num	pre-specified descriptive	Anders	deconvolution	top-1 accuracy	native truth	Anders (auxiliary confirmation run, per cohort), deconvolution, top-1 accuracy, native truth set		
s7_anders_nc_n	results/stage7/confirm/tables/metrics.tsv	cohort == 'brca_iatlas_anders_2022' and standard_site == 'all' and method == 'NC-Z'	n	none	0	num	pre-specified descriptive	Anders		n	evaluation	Anders (auxiliary confirmation run, per cohort), n, evaluation set		
s7_anders_nc_top1	results/stage7/confirm/tables/metrics.tsv	cohort == 'brca_iatlas_anders_2022' and standard_site == 'all' and method == 'NC-Z'	top1	none	3	num	pre-specified descriptive	Anders	normal classes	top-1 accuracy	evaluation	Anders (auxiliary confirmation run, per cohort), normal classes, top-1 accuracy, evaluation set		
s7_anders_nc_nrisk	results/stage7/confirm/tables/metrics.tsv	cohort == 'brca_iatlas_anders_2022' and standard_site == 'all' and method == 'NC-Z'	n_at_risk	none	0	num	pre-specified descriptive	Anders		n	at risk	Anders (auxiliary confirmation run, per cohort), n, at risk set		
s7_anders_nc_host	results/stage7/confirm/tables/metrics.tsv	cohort == 'brca_iatlas_anders_2022' and standard_site == 'all' and method == 'NC-Z'	host_rate	none	3	num	pre-specified descriptive	Anders	normal classes	host-attraction rate	at risk	Anders (auxiliary confirmation run, per cohort), normal classes, host-attraction rate, at risk set		
s7_anders_nc_nnative	results/stage7/confirm/tables/metrics.tsv	cohort == 'brca_iatlas_anders_2022' and standard_site == 'all' and method == 'NC-Z'	n_native_truth	none	0	num	pre-specified descriptive	Anders		n	native truth	Anders (auxiliary confirmation run, per cohort), n, native truth set		
s7_anders_nc_native	results/stage7/confirm/tables/metrics.tsv	cohort == 'brca_iatlas_anders_2022' and standard_site == 'all' and method == 'NC-Z'	native_truth_top1	none	3	num	pre-specified descriptive	Anders	normal classes	top-1 accuracy	native truth	Anders (auxiliary confirmation run, per cohort), normal classes, top-1 accuracy, native truth set		
s7_anders_m1_n	results/stage7/confirm/tables/metrics.tsv	cohort == 'brca_iatlas_anders_2022' and standard_site == 'all' and method == 'M1-Z'	n	none	0	num	pre-specified descriptive	Anders		n	evaluation	Anders (auxiliary confirmation run, per cohort), n, evaluation set		
s7_anders_m1_top1	results/stage7/confirm/tables/metrics.tsv	cohort == 'brca_iatlas_anders_2022' and standard_site == 'all' and method == 'M1-Z'	top1	none	3	num	pre-specified descriptive	Anders	masking	top-1 accuracy	evaluation	Anders (auxiliary confirmation run, per cohort), masking, top-1 accuracy, evaluation set		
s7_anders_m1_nrisk	results/stage7/confirm/tables/metrics.tsv	cohort == 'brca_iatlas_anders_2022' and standard_site == 'all' and method == 'M1-Z'	n_at_risk	none	0	num	pre-specified descriptive	Anders		n	at risk	Anders (auxiliary confirmation run, per cohort), n, at risk set		
s7_anders_m1_host	results/stage7/confirm/tables/metrics.tsv	cohort == 'brca_iatlas_anders_2022' and standard_site == 'all' and method == 'M1-Z'	host_rate	none	3	num	pre-specified descriptive	Anders	masking	host-attraction rate	at risk	Anders (auxiliary confirmation run, per cohort), masking, host-attraction rate, at risk set		
s7_anders_m1_nnative	results/stage7/confirm/tables/metrics.tsv	cohort == 'brca_iatlas_anders_2022' and standard_site == 'all' and method == 'M1-Z'	n_native_truth	none	0	num	pre-specified descriptive	Anders		n	native truth	Anders (auxiliary confirmation run, per cohort), n, native truth set		
s7_anders_m1_native	results/stage7/confirm/tables/metrics.tsv	cohort == 'brca_iatlas_anders_2022' and standard_site == 'all' and method == 'M1-Z'	native_truth_top1	none	3	num	pre-specified descriptive	Anders	masking	top-1 accuracy	native truth	Anders (auxiliary confirmation run, per cohort), masking, top-1 accuracy, native truth set		
s7_anders_basek_n	results/stage7/confirm/tables/metrics.tsv	cohort == 'brca_iatlas_anders_2022' and standard_site == 'all' and method == 'BASE-K'	n	none	0	num	pre-specified descriptive	Anders		n	evaluation	Anders (auxiliary confirmation run, per cohort), n, evaluation set		
s7_anders_basek_top1	results/stage7/confirm/tables/metrics.tsv	cohort == 'brca_iatlas_anders_2022' and standard_site == 'all' and method == 'BASE-K'	top1	none	3	num	pre-specified descriptive	Anders	gene sets	top-1 accuracy	evaluation	Anders (auxiliary confirmation run, per cohort), gene sets, top-1 accuracy, evaluation set		
s7_anders_basek_nrisk	results/stage7/confirm/tables/metrics.tsv	cohort == 'brca_iatlas_anders_2022' and standard_site == 'all' and method == 'BASE-K'	n_at_risk	none	0	num	pre-specified descriptive	Anders		n	at risk	Anders (auxiliary confirmation run, per cohort), n, at risk set		
s7_anders_basek_host	results/stage7/confirm/tables/metrics.tsv	cohort == 'brca_iatlas_anders_2022' and standard_site == 'all' and method == 'BASE-K'	host_rate	none	3	num	pre-specified descriptive	Anders	gene sets	host-attraction rate	at risk	Anders (auxiliary confirmation run, per cohort), gene sets, host-attraction rate, at risk set		
s7_anders_basek_nnative	results/stage7/confirm/tables/metrics.tsv	cohort == 'brca_iatlas_anders_2022' and standard_site == 'all' and method == 'BASE-K'	n_native_truth	none	0	num	pre-specified descriptive	Anders		n	native truth	Anders (auxiliary confirmation run, per cohort), n, native truth set		
s7_anders_basek_native	results/stage7/confirm/tables/metrics.tsv	cohort == 'brca_iatlas_anders_2022' and standard_site == 'all' and method == 'BASE-K'	native_truth_top1	none	3	num	pre-specified descriptive	Anders	gene sets	top-1 accuracy	native truth	Anders (auxiliary confirmation run, per cohort), gene sets, top-1 accuracy, native truth set		
s7_anders_sak_n	results/stage7/confirm/tables/metrics.tsv	cohort == 'brca_iatlas_anders_2022' and standard_site == 'all' and method == 'SA-K'	n	none	0	num	pre-specified descriptive	Anders		n	evaluation	Anders (auxiliary confirmation run, per cohort), n, evaluation set		
s7_anders_sak_top1	results/stage7/confirm/tables/metrics.tsv	cohort == 'brca_iatlas_anders_2022' and standard_site == 'all' and method == 'SA-K'	top1	none	3	num	pre-specified descriptive	Anders	gene sets	top-1 accuracy	evaluation	Anders (auxiliary confirmation run, per cohort), gene sets, top-1 accuracy, evaluation set		
s7_anders_sak_nrisk	results/stage7/confirm/tables/metrics.tsv	cohort == 'brca_iatlas_anders_2022' and standard_site == 'all' and method == 'SA-K'	n_at_risk	none	0	num	pre-specified descriptive	Anders		n	at risk	Anders (auxiliary confirmation run, per cohort), n, at risk set		
s7_anders_sak_host	results/stage7/confirm/tables/metrics.tsv	cohort == 'brca_iatlas_anders_2022' and standard_site == 'all' and method == 'SA-K'	host_rate	none	3	num	pre-specified descriptive	Anders	gene sets	host-attraction rate	at risk	Anders (auxiliary confirmation run, per cohort), gene sets, host-attraction rate, at risk set		
s7_anders_sak_nnative	results/stage7/confirm/tables/metrics.tsv	cohort == 'brca_iatlas_anders_2022' and standard_site == 'all' and method == 'SA-K'	n_native_truth	none	0	num	pre-specified descriptive	Anders		n	native truth	Anders (auxiliary confirmation run, per cohort), n, native truth set		
s7_anders_sak_native	results/stage7/confirm/tables/metrics.tsv	cohort == 'brca_iatlas_anders_2022' and standard_site == 'all' and method == 'SA-K'	native_truth_top1	none	3	num	pre-specified descriptive	Anders	gene sets	top-1 accuracy	native truth	Anders (auxiliary confirmation run, per cohort), gene sets, top-1 accuracy, native truth set		
s7_anders_v0k_n	results/stage7/confirm/tables/metrics.tsv	cohort == 'brca_iatlas_anders_2022' and standard_site == 'all' and method == 'V0-K'	n	none	0	num	pre-specified descriptive	Anders		n	evaluation	Anders (auxiliary confirmation run, per cohort), n, evaluation set		
s7_anders_v0k_top1	results/stage7/confirm/tables/metrics.tsv	cohort == 'brca_iatlas_anders_2022' and standard_site == 'all' and method == 'V0-K'	top1	none	3	num	pre-specified descriptive	Anders	gene sets	top-1 accuracy	evaluation	Anders (auxiliary confirmation run, per cohort), gene sets, top-1 accuracy, evaluation set		
s7_anders_v0k_nrisk	results/stage7/confirm/tables/metrics.tsv	cohort == 'brca_iatlas_anders_2022' and standard_site == 'all' and method == 'V0-K'	n_at_risk	none	0	num	pre-specified descriptive	Anders		n	at risk	Anders (auxiliary confirmation run, per cohort), n, at risk set		
s7_anders_v0k_host	results/stage7/confirm/tables/metrics.tsv	cohort == 'brca_iatlas_anders_2022' and standard_site == 'all' and method == 'V0-K'	host_rate	none	3	num	pre-specified descriptive	Anders	gene sets	host-attraction rate	at risk	Anders (auxiliary confirmation run, per cohort), gene sets, host-attraction rate, at risk set		
s7_anders_v0k_nnative	results/stage7/confirm/tables/metrics.tsv	cohort == 'brca_iatlas_anders_2022' and standard_site == 'all' and method == 'V0-K'	n_native_truth	none	0	num	pre-specified descriptive	Anders		n	native truth	Anders (auxiliary confirmation run, per cohort), n, native truth set		
s7_anders_v0k_native	results/stage7/confirm/tables/metrics.tsv	cohort == 'brca_iatlas_anders_2022' and standard_site == 'all' and method == 'V0-K'	native_truth_top1	none	3	num	pre-specified descriptive	Anders	gene sets	top-1 accuracy	native truth	Anders (auxiliary confirmation run, per cohort), gene sets, top-1 accuracy, native truth set		
s7_anders_samlp_n	results/stage7/confirm/tables/metrics.tsv	cohort == 'brca_iatlas_anders_2022' and standard_site == 'all' and method == 'SA-MLP'	n	none	0	num	pre-specified descriptive	Anders		n	evaluation	Anders (auxiliary confirmation run, per cohort), n, evaluation set		
s7_anders_samlp_top1	results/stage7/confirm/tables/metrics.tsv	cohort == 'brca_iatlas_anders_2022' and standard_site == 'all' and method == 'SA-MLP'	top1	none	3	num	pre-specified descriptive	Anders	perceptron	top-1 accuracy	evaluation	Anders (auxiliary confirmation run, per cohort), perceptron, top-1 accuracy, evaluation set		
s7_anders_samlp_nrisk	results/stage7/confirm/tables/metrics.tsv	cohort == 'brca_iatlas_anders_2022' and standard_site == 'all' and method == 'SA-MLP'	n_at_risk	none	0	num	pre-specified descriptive	Anders		n	at risk	Anders (auxiliary confirmation run, per cohort), n, at risk set		
s7_anders_samlp_host	results/stage7/confirm/tables/metrics.tsv	cohort == 'brca_iatlas_anders_2022' and standard_site == 'all' and method == 'SA-MLP'	host_rate	none	3	num	pre-specified descriptive	Anders	perceptron	host-attraction rate	at risk	Anders (auxiliary confirmation run, per cohort), perceptron, host-attraction rate, at risk set		
s7_anders_samlp_nnative	results/stage7/confirm/tables/metrics.tsv	cohort == 'brca_iatlas_anders_2022' and standard_site == 'all' and method == 'SA-MLP'	n_native_truth	none	0	num	pre-specified descriptive	Anders		n	native truth	Anders (auxiliary confirmation run, per cohort), n, native truth set		
s7_anders_samlp_native	results/stage7/confirm/tables/metrics.tsv	cohort == 'brca_iatlas_anders_2022' and standard_site == 'all' and method == 'SA-MLP'	native_truth_top1	none	3	num	pre-specified descriptive	Anders	perceptron	top-1 accuracy	native truth	Anders (auxiliary confirmation run, per cohort), perceptron, top-1 accuracy, native truth set		
s7_dfci_base_n	results/stage7/confirm/tables/metrics.tsv	cohort == 'mel_dfci_2019' and standard_site == 'all' and method == 'BASE-Z'	n	none	0	num	pre-specified descriptive	DFCI		n	evaluation	DFCI (auxiliary confirmation run, per cohort), n, evaluation set		
s7_dfci_base_top1	results/stage7/confirm/tables/metrics.tsv	cohort == 'mel_dfci_2019' and standard_site == 'all' and method == 'BASE-Z'	top1	none	3	num	pre-specified descriptive	DFCI	baseline	top-1 accuracy	evaluation	DFCI (auxiliary confirmation run, per cohort), baseline, top-1 accuracy, evaluation set		
s7_dfci_base_nrisk	results/stage7/confirm/tables/metrics.tsv	cohort == 'mel_dfci_2019' and standard_site == 'all' and method == 'BASE-Z'	n_at_risk	none	0	num	pre-specified descriptive	DFCI		n	at risk	DFCI (auxiliary confirmation run, per cohort), n, at risk set		
s7_dfci_base_host	results/stage7/confirm/tables/metrics.tsv	cohort == 'mel_dfci_2019' and standard_site == 'all' and method == 'BASE-Z'	host_rate	none	3	num	pre-specified descriptive	DFCI	baseline	host-attraction rate	at risk	DFCI (auxiliary confirmation run, per cohort), baseline, host-attraction rate, at risk set		
s7_dfci_base_nnative	results/stage7/confirm/tables/metrics.tsv	cohort == 'mel_dfci_2019' and standard_site == 'all' and method == 'BASE-Z'	n_native_truth	none	0	num	pre-specified descriptive	DFCI		n	native truth	DFCI (auxiliary confirmation run, per cohort), n, native truth set		
s7_dfci_base_native	results/stage7/confirm/tables/metrics.tsv	cohort == 'mel_dfci_2019' and standard_site == 'all' and method == 'BASE-Z'	native_truth_top1	none	3	num	pre-specified descriptive	DFCI	baseline	top-1 accuracy	native truth	DFCI (auxiliary confirmation run, per cohort), baseline, top-1 accuracy, native truth set		
s7_dfci_sa_n	results/stage7/confirm/tables/metrics.tsv	cohort == 'mel_dfci_2019' and standard_site == 'all' and method == 'SA-Z'	n	none	0	num	pre-specified descriptive	DFCI		n	evaluation	DFCI (auxiliary confirmation run, per cohort), n, evaluation set		
s7_dfci_sa_top1	results/stage7/confirm/tables/metrics.tsv	cohort == 'mel_dfci_2019' and standard_site == 'all' and method == 'SA-Z'	top1	none	3	num	pre-specified descriptive	DFCI	HostMix-TOO	top-1 accuracy	evaluation	DFCI (auxiliary confirmation run, per cohort), HostMix-TOO, top-1 accuracy, evaluation set		
s7_dfci_sa_nrisk	results/stage7/confirm/tables/metrics.tsv	cohort == 'mel_dfci_2019' and standard_site == 'all' and method == 'SA-Z'	n_at_risk	none	0	num	pre-specified descriptive	DFCI		n	at risk	DFCI (auxiliary confirmation run, per cohort), n, at risk set		
s7_dfci_sa_host	results/stage7/confirm/tables/metrics.tsv	cohort == 'mel_dfci_2019' and standard_site == 'all' and method == 'SA-Z'	host_rate	none	3	num	pre-specified descriptive	DFCI	HostMix-TOO	host-attraction rate	at risk	DFCI (auxiliary confirmation run, per cohort), HostMix-TOO, host-attraction rate, at risk set		
s7_dfci_sa_nnative	results/stage7/confirm/tables/metrics.tsv	cohort == 'mel_dfci_2019' and standard_site == 'all' and method == 'SA-Z'	n_native_truth	none	0	num	pre-specified descriptive	DFCI		n	native truth	DFCI (auxiliary confirmation run, per cohort), n, native truth set		
s7_dfci_sa_native	results/stage7/confirm/tables/metrics.tsv	cohort == 'mel_dfci_2019' and standard_site == 'all' and method == 'SA-Z'	native_truth_top1	none	3	num	pre-specified descriptive	DFCI	HostMix-TOO	top-1 accuracy	native truth	DFCI (auxiliary confirmation run, per cohort), HostMix-TOO, top-1 accuracy, native truth set		
s7_dfci_gated_n	results/stage7/confirm/tables/metrics.tsv	cohort == 'mel_dfci_2019' and standard_site == 'all' and method == 'SA-G'	n	none	0	num	pre-specified descriptive	DFCI		n	evaluation	DFCI (auxiliary confirmation run, per cohort), n, evaluation set		
s7_dfci_gated_top1	results/stage7/confirm/tables/metrics.tsv	cohort == 'mel_dfci_2019' and standard_site == 'all' and method == 'SA-G'	top1	none	3	num	pre-specified descriptive	DFCI	gated	top-1 accuracy	evaluation	DFCI (auxiliary confirmation run, per cohort), gated, top-1 accuracy, evaluation set		
s7_dfci_gated_nrisk	results/stage7/confirm/tables/metrics.tsv	cohort == 'mel_dfci_2019' and standard_site == 'all' and method == 'SA-G'	n_at_risk	none	0	num	pre-specified descriptive	DFCI		n	at risk	DFCI (auxiliary confirmation run, per cohort), n, at risk set		
s7_dfci_gated_host	results/stage7/confirm/tables/metrics.tsv	cohort == 'mel_dfci_2019' and standard_site == 'all' and method == 'SA-G'	host_rate	none	3	num	pre-specified descriptive	DFCI	gated	host-attraction rate	at risk	DFCI (auxiliary confirmation run, per cohort), gated, host-attraction rate, at risk set		
s7_dfci_gated_nnative	results/stage7/confirm/tables/metrics.tsv	cohort == 'mel_dfci_2019' and standard_site == 'all' and method == 'SA-G'	n_native_truth	none	0	num	pre-specified descriptive	DFCI		n	native truth	DFCI (auxiliary confirmation run, per cohort), n, native truth set		
s7_dfci_gated_native	results/stage7/confirm/tables/metrics.tsv	cohort == 'mel_dfci_2019' and standard_site == 'all' and method == 'SA-G'	native_truth_top1	none	3	num	pre-specified descriptive	DFCI	gated	top-1 accuracy	native truth	DFCI (auxiliary confirmation run, per cohort), gated, top-1 accuracy, native truth set		
s7_dfci_pool22_n	results/stage7/confirm/tables/metrics.tsv	cohort == 'mel_dfci_2019' and standard_site == 'all' and method == 'SA-pool22'	n	none	0	num	pre-specified descriptive	DFCI		n	evaluation	DFCI (auxiliary confirmation run, per cohort), n, evaluation set		
s7_dfci_pool22_top1	results/stage7/confirm/tables/metrics.tsv	cohort == 'mel_dfci_2019' and standard_site == 'all' and method == 'SA-pool22'	top1	none	3	num	pre-specified descriptive	DFCI	22-tissue	top-1 accuracy	evaluation	DFCI (auxiliary confirmation run, per cohort), 22-tissue, top-1 accuracy, evaluation set		
s7_dfci_pool22_nrisk	results/stage7/confirm/tables/metrics.tsv	cohort == 'mel_dfci_2019' and standard_site == 'all' and method == 'SA-pool22'	n_at_risk	none	0	num	pre-specified descriptive	DFCI		n	at risk	DFCI (auxiliary confirmation run, per cohort), n, at risk set		
s7_dfci_pool22_host	results/stage7/confirm/tables/metrics.tsv	cohort == 'mel_dfci_2019' and standard_site == 'all' and method == 'SA-pool22'	host_rate	none	3	num	pre-specified descriptive	DFCI	22-tissue	host-attraction rate	at risk	DFCI (auxiliary confirmation run, per cohort), 22-tissue, host-attraction rate, at risk set		
s7_dfci_pool22_nnative	results/stage7/confirm/tables/metrics.tsv	cohort == 'mel_dfci_2019' and standard_site == 'all' and method == 'SA-pool22'	n_native_truth	none	0	num	pre-specified descriptive	DFCI		n	native truth	DFCI (auxiliary confirmation run, per cohort), n, native truth set		
s7_dfci_pool22_native	results/stage7/confirm/tables/metrics.tsv	cohort == 'mel_dfci_2019' and standard_site == 'all' and method == 'SA-pool22'	native_truth_top1	none	3	num	pre-specified descriptive	DFCI	22-tissue	top-1 accuracy	native truth	DFCI (auxiliary confirmation run, per cohort), 22-tissue, top-1 accuracy, native truth set		
s7_dfci_sc_n	results/stage7/confirm/tables/metrics.tsv	cohort == 'mel_dfci_2019' and standard_site == 'all' and method == 'SC-Z'	n	none	0	num	pre-specified descriptive	DFCI		n	evaluation	DFCI (auxiliary confirmation run, per cohort), n, evaluation set		
s7_dfci_sc_top1	results/stage7/confirm/tables/metrics.tsv	cohort == 'mel_dfci_2019' and standard_site == 'all' and method == 'SC-Z'	top1	none	3	num	pre-specified descriptive	DFCI	site-specific	top-1 accuracy	evaluation	DFCI (auxiliary confirmation run, per cohort), site-specific, top-1 accuracy, evaluation set		
s7_dfci_sc_nrisk	results/stage7/confirm/tables/metrics.tsv	cohort == 'mel_dfci_2019' and standard_site == 'all' and method == 'SC-Z'	n_at_risk	none	0	num	pre-specified descriptive	DFCI		n	at risk	DFCI (auxiliary confirmation run, per cohort), n, at risk set		
s7_dfci_sc_host	results/stage7/confirm/tables/metrics.tsv	cohort == 'mel_dfci_2019' and standard_site == 'all' and method == 'SC-Z'	host_rate	none	3	num	pre-specified descriptive	DFCI	site-specific	host-attraction rate	at risk	DFCI (auxiliary confirmation run, per cohort), site-specific, host-attraction rate, at risk set		
s7_dfci_sc_nnative	results/stage7/confirm/tables/metrics.tsv	cohort == 'mel_dfci_2019' and standard_site == 'all' and method == 'SC-Z'	n_native_truth	none	0	num	pre-specified descriptive	DFCI		n	native truth	DFCI (auxiliary confirmation run, per cohort), n, native truth set		
s7_dfci_sc_native	results/stage7/confirm/tables/metrics.tsv	cohort == 'mel_dfci_2019' and standard_site == 'all' and method == 'SC-Z'	native_truth_top1	none	3	num	pre-specified descriptive	DFCI	site-specific	top-1 accuracy	native truth	DFCI (auxiliary confirmation run, per cohort), site-specific, top-1 accuracy, native truth set		
s7_dfci_ld_n	results/stage7/confirm/tables/metrics.tsv	cohort == 'mel_dfci_2019' and standard_site == 'all' and method == 'LD-Z'	n	none	0	num	pre-specified descriptive	DFCI		n	evaluation	DFCI (auxiliary confirmation run, per cohort), n, evaluation set		
s7_dfci_ld_top1	results/stage7/confirm/tables/metrics.tsv	cohort == 'mel_dfci_2019' and standard_site == 'all' and method == 'LD-Z'	top1	none	3	num	pre-specified descriptive	DFCI	deconvolution	top-1 accuracy	evaluation	DFCI (auxiliary confirmation run, per cohort), deconvolution, top-1 accuracy, evaluation set		
s7_dfci_ld_nrisk	results/stage7/confirm/tables/metrics.tsv	cohort == 'mel_dfci_2019' and standard_site == 'all' and method == 'LD-Z'	n_at_risk	none	0	num	pre-specified descriptive	DFCI		n	at risk	DFCI (auxiliary confirmation run, per cohort), n, at risk set		
s7_dfci_ld_host	results/stage7/confirm/tables/metrics.tsv	cohort == 'mel_dfci_2019' and standard_site == 'all' and method == 'LD-Z'	host_rate	none	3	num	pre-specified descriptive	DFCI	deconvolution	host-attraction rate	at risk	DFCI (auxiliary confirmation run, per cohort), deconvolution, host-attraction rate, at risk set		
s7_dfci_ld_nnative	results/stage7/confirm/tables/metrics.tsv	cohort == 'mel_dfci_2019' and standard_site == 'all' and method == 'LD-Z'	n_native_truth	none	0	num	pre-specified descriptive	DFCI		n	native truth	DFCI (auxiliary confirmation run, per cohort), n, native truth set		
s7_dfci_ld_native	results/stage7/confirm/tables/metrics.tsv	cohort == 'mel_dfci_2019' and standard_site == 'all' and method == 'LD-Z'	native_truth_top1	none	3	num	pre-specified descriptive	DFCI	deconvolution	top-1 accuracy	native truth	DFCI (auxiliary confirmation run, per cohort), deconvolution, top-1 accuracy, native truth set		
s7_dfci_nc_n	results/stage7/confirm/tables/metrics.tsv	cohort == 'mel_dfci_2019' and standard_site == 'all' and method == 'NC-Z'	n	none	0	num	pre-specified descriptive	DFCI		n	evaluation	DFCI (auxiliary confirmation run, per cohort), n, evaluation set		
s7_dfci_nc_top1	results/stage7/confirm/tables/metrics.tsv	cohort == 'mel_dfci_2019' and standard_site == 'all' and method == 'NC-Z'	top1	none	3	num	pre-specified descriptive	DFCI	normal classes	top-1 accuracy	evaluation	DFCI (auxiliary confirmation run, per cohort), normal classes, top-1 accuracy, evaluation set		
s7_dfci_nc_nrisk	results/stage7/confirm/tables/metrics.tsv	cohort == 'mel_dfci_2019' and standard_site == 'all' and method == 'NC-Z'	n_at_risk	none	0	num	pre-specified descriptive	DFCI		n	at risk	DFCI (auxiliary confirmation run, per cohort), n, at risk set		
s7_dfci_nc_host	results/stage7/confirm/tables/metrics.tsv	cohort == 'mel_dfci_2019' and standard_site == 'all' and method == 'NC-Z'	host_rate	none	3	num	pre-specified descriptive	DFCI	normal classes	host-attraction rate	at risk	DFCI (auxiliary confirmation run, per cohort), normal classes, host-attraction rate, at risk set		
s7_dfci_nc_nnative	results/stage7/confirm/tables/metrics.tsv	cohort == 'mel_dfci_2019' and standard_site == 'all' and method == 'NC-Z'	n_native_truth	none	0	num	pre-specified descriptive	DFCI		n	native truth	DFCI (auxiliary confirmation run, per cohort), n, native truth set		
s7_dfci_nc_native	results/stage7/confirm/tables/metrics.tsv	cohort == 'mel_dfci_2019' and standard_site == 'all' and method == 'NC-Z'	native_truth_top1	none	3	num	pre-specified descriptive	DFCI	normal classes	top-1 accuracy	native truth	DFCI (auxiliary confirmation run, per cohort), normal classes, top-1 accuracy, native truth set		
s7_dfci_m1_n	results/stage7/confirm/tables/metrics.tsv	cohort == 'mel_dfci_2019' and standard_site == 'all' and method == 'M1-Z'	n	none	0	num	pre-specified descriptive	DFCI		n	evaluation	DFCI (auxiliary confirmation run, per cohort), n, evaluation set		
s7_dfci_m1_top1	results/stage7/confirm/tables/metrics.tsv	cohort == 'mel_dfci_2019' and standard_site == 'all' and method == 'M1-Z'	top1	none	3	num	pre-specified descriptive	DFCI	masking	top-1 accuracy	evaluation	DFCI (auxiliary confirmation run, per cohort), masking, top-1 accuracy, evaluation set		
s7_dfci_m1_nrisk	results/stage7/confirm/tables/metrics.tsv	cohort == 'mel_dfci_2019' and standard_site == 'all' and method == 'M1-Z'	n_at_risk	none	0	num	pre-specified descriptive	DFCI		n	at risk	DFCI (auxiliary confirmation run, per cohort), n, at risk set		
s7_dfci_m1_host	results/stage7/confirm/tables/metrics.tsv	cohort == 'mel_dfci_2019' and standard_site == 'all' and method == 'M1-Z'	host_rate	none	3	num	pre-specified descriptive	DFCI	masking	host-attraction rate	at risk	DFCI (auxiliary confirmation run, per cohort), masking, host-attraction rate, at risk set		
s7_dfci_m1_nnative	results/stage7/confirm/tables/metrics.tsv	cohort == 'mel_dfci_2019' and standard_site == 'all' and method == 'M1-Z'	n_native_truth	none	0	num	pre-specified descriptive	DFCI		n	native truth	DFCI (auxiliary confirmation run, per cohort), n, native truth set		
s7_dfci_m1_native	results/stage7/confirm/tables/metrics.tsv	cohort == 'mel_dfci_2019' and standard_site == 'all' and method == 'M1-Z'	native_truth_top1	none	3	num	pre-specified descriptive	DFCI	masking	top-1 accuracy	native truth	DFCI (auxiliary confirmation run, per cohort), masking, top-1 accuracy, native truth set		
s7_dfci_basek_n	results/stage7/confirm/tables/metrics.tsv	cohort == 'mel_dfci_2019' and standard_site == 'all' and method == 'BASE-K'	n	none	0	num	pre-specified descriptive	DFCI		n	evaluation	DFCI (auxiliary confirmation run, per cohort), n, evaluation set		
s7_dfci_basek_top1	results/stage7/confirm/tables/metrics.tsv	cohort == 'mel_dfci_2019' and standard_site == 'all' and method == 'BASE-K'	top1	none	3	num	pre-specified descriptive	DFCI	gene sets	top-1 accuracy	evaluation	DFCI (auxiliary confirmation run, per cohort), gene sets, top-1 accuracy, evaluation set		
s7_dfci_basek_nrisk	results/stage7/confirm/tables/metrics.tsv	cohort == 'mel_dfci_2019' and standard_site == 'all' and method == 'BASE-K'	n_at_risk	none	0	num	pre-specified descriptive	DFCI		n	at risk	DFCI (auxiliary confirmation run, per cohort), n, at risk set		
s7_dfci_basek_host	results/stage7/confirm/tables/metrics.tsv	cohort == 'mel_dfci_2019' and standard_site == 'all' and method == 'BASE-K'	host_rate	none	3	num	pre-specified descriptive	DFCI	gene sets	host-attraction rate	at risk	DFCI (auxiliary confirmation run, per cohort), gene sets, host-attraction rate, at risk set		
s7_dfci_basek_nnative	results/stage7/confirm/tables/metrics.tsv	cohort == 'mel_dfci_2019' and standard_site == 'all' and method == 'BASE-K'	n_native_truth	none	0	num	pre-specified descriptive	DFCI		n	native truth	DFCI (auxiliary confirmation run, per cohort), n, native truth set		
s7_dfci_basek_native	results/stage7/confirm/tables/metrics.tsv	cohort == 'mel_dfci_2019' and standard_site == 'all' and method == 'BASE-K'	native_truth_top1	none	3	num	pre-specified descriptive	DFCI	gene sets	top-1 accuracy	native truth	DFCI (auxiliary confirmation run, per cohort), gene sets, top-1 accuracy, native truth set		
s7_dfci_sak_n	results/stage7/confirm/tables/metrics.tsv	cohort == 'mel_dfci_2019' and standard_site == 'all' and method == 'SA-K'	n	none	0	num	pre-specified descriptive	DFCI		n	evaluation	DFCI (auxiliary confirmation run, per cohort), n, evaluation set		
s7_dfci_sak_top1	results/stage7/confirm/tables/metrics.tsv	cohort == 'mel_dfci_2019' and standard_site == 'all' and method == 'SA-K'	top1	none	3	num	pre-specified descriptive	DFCI	gene sets	top-1 accuracy	evaluation	DFCI (auxiliary confirmation run, per cohort), gene sets, top-1 accuracy, evaluation set		
s7_dfci_sak_nrisk	results/stage7/confirm/tables/metrics.tsv	cohort == 'mel_dfci_2019' and standard_site == 'all' and method == 'SA-K'	n_at_risk	none	0	num	pre-specified descriptive	DFCI		n	at risk	DFCI (auxiliary confirmation run, per cohort), n, at risk set		
s7_dfci_sak_host	results/stage7/confirm/tables/metrics.tsv	cohort == 'mel_dfci_2019' and standard_site == 'all' and method == 'SA-K'	host_rate	none	3	num	pre-specified descriptive	DFCI	gene sets	host-attraction rate	at risk	DFCI (auxiliary confirmation run, per cohort), gene sets, host-attraction rate, at risk set		
s7_dfci_sak_nnative	results/stage7/confirm/tables/metrics.tsv	cohort == 'mel_dfci_2019' and standard_site == 'all' and method == 'SA-K'	n_native_truth	none	0	num	pre-specified descriptive	DFCI		n	native truth	DFCI (auxiliary confirmation run, per cohort), n, native truth set		
s7_dfci_sak_native	results/stage7/confirm/tables/metrics.tsv	cohort == 'mel_dfci_2019' and standard_site == 'all' and method == 'SA-K'	native_truth_top1	none	3	num	pre-specified descriptive	DFCI	gene sets	top-1 accuracy	native truth	DFCI (auxiliary confirmation run, per cohort), gene sets, top-1 accuracy, native truth set		
s7_dfci_v0k_n	results/stage7/confirm/tables/metrics.tsv	cohort == 'mel_dfci_2019' and standard_site == 'all' and method == 'V0-K'	n	none	0	num	pre-specified descriptive	DFCI		n	evaluation	DFCI (auxiliary confirmation run, per cohort), n, evaluation set		
s7_dfci_v0k_top1	results/stage7/confirm/tables/metrics.tsv	cohort == 'mel_dfci_2019' and standard_site == 'all' and method == 'V0-K'	top1	none	3	num	pre-specified descriptive	DFCI	gene sets	top-1 accuracy	evaluation	DFCI (auxiliary confirmation run, per cohort), gene sets, top-1 accuracy, evaluation set		
s7_dfci_v0k_nrisk	results/stage7/confirm/tables/metrics.tsv	cohort == 'mel_dfci_2019' and standard_site == 'all' and method == 'V0-K'	n_at_risk	none	0	num	pre-specified descriptive	DFCI		n	at risk	DFCI (auxiliary confirmation run, per cohort), n, at risk set		
s7_dfci_v0k_host	results/stage7/confirm/tables/metrics.tsv	cohort == 'mel_dfci_2019' and standard_site == 'all' and method == 'V0-K'	host_rate	none	3	num	pre-specified descriptive	DFCI	gene sets	host-attraction rate	at risk	DFCI (auxiliary confirmation run, per cohort), gene sets, host-attraction rate, at risk set		
s7_dfci_v0k_nnative	results/stage7/confirm/tables/metrics.tsv	cohort == 'mel_dfci_2019' and standard_site == 'all' and method == 'V0-K'	n_native_truth	none	0	num	pre-specified descriptive	DFCI		n	native truth	DFCI (auxiliary confirmation run, per cohort), n, native truth set		
s7_dfci_v0k_native	results/stage7/confirm/tables/metrics.tsv	cohort == 'mel_dfci_2019' and standard_site == 'all' and method == 'V0-K'	native_truth_top1	none	3	num	pre-specified descriptive	DFCI	gene sets	top-1 accuracy	native truth	DFCI (auxiliary confirmation run, per cohort), gene sets, top-1 accuracy, native truth set		
s7_dfci_samlp_n	results/stage7/confirm/tables/metrics.tsv	cohort == 'mel_dfci_2019' and standard_site == 'all' and method == 'SA-MLP'	n	none	0	num	pre-specified descriptive	DFCI		n	evaluation	DFCI (auxiliary confirmation run, per cohort), n, evaluation set		
s7_dfci_samlp_top1	results/stage7/confirm/tables/metrics.tsv	cohort == 'mel_dfci_2019' and standard_site == 'all' and method == 'SA-MLP'	top1	none	3	num	pre-specified descriptive	DFCI	perceptron	top-1 accuracy	evaluation	DFCI (auxiliary confirmation run, per cohort), perceptron, top-1 accuracy, evaluation set		
s7_dfci_samlp_nrisk	results/stage7/confirm/tables/metrics.tsv	cohort == 'mel_dfci_2019' and standard_site == 'all' and method == 'SA-MLP'	n_at_risk	none	0	num	pre-specified descriptive	DFCI		n	at risk	DFCI (auxiliary confirmation run, per cohort), n, at risk set		
s7_dfci_samlp_host	results/stage7/confirm/tables/metrics.tsv	cohort == 'mel_dfci_2019' and standard_site == 'all' and method == 'SA-MLP'	host_rate	none	3	num	pre-specified descriptive	DFCI	perceptron	host-attraction rate	at risk	DFCI (auxiliary confirmation run, per cohort), perceptron, host-attraction rate, at risk set		
s7_dfci_samlp_nnative	results/stage7/confirm/tables/metrics.tsv	cohort == 'mel_dfci_2019' and standard_site == 'all' and method == 'SA-MLP'	n_native_truth	none	0	num	pre-specified descriptive	DFCI		n	native truth	DFCI (auxiliary confirmation run, per cohort), n, native truth set		
s7_dfci_samlp_native	results/stage7/confirm/tables/metrics.tsv	cohort == 'mel_dfci_2019' and standard_site == 'all' and method == 'SA-MLP'	native_truth_top1	none	3	num	pre-specified descriptive	DFCI	perceptron	top-1 accuracy	native truth	DFCI (auxiliary confirmation run, per cohort), perceptron, top-1 accuracy, native truth set		
s7_prince_base_n	results/stage7/confirm/tables/metrics.tsv	cohort == 'paad_iatlas_prince_2022' and standard_site == 'all' and method == 'BASE-Z'	n	none	0	num	pre-specified descriptive	PRINCE		n	evaluation	PRINCE (auxiliary confirmation run, per cohort), n, evaluation set		
s7_prince_base_top1	results/stage7/confirm/tables/metrics.tsv	cohort == 'paad_iatlas_prince_2022' and standard_site == 'all' and method == 'BASE-Z'	top1	none	3	num	pre-specified descriptive	PRINCE	baseline	top-1 accuracy	evaluation	PRINCE (auxiliary confirmation run, per cohort), baseline, top-1 accuracy, evaluation set		
s7_prince_base_nrisk	results/stage7/confirm/tables/metrics.tsv	cohort == 'paad_iatlas_prince_2022' and standard_site == 'all' and method == 'BASE-Z'	n_at_risk	none	0	num	pre-specified descriptive	PRINCE		n	at risk	PRINCE (auxiliary confirmation run, per cohort), n, at risk set		
s7_prince_base_host	results/stage7/confirm/tables/metrics.tsv	cohort == 'paad_iatlas_prince_2022' and standard_site == 'all' and method == 'BASE-Z'	host_rate	none	3	num	pre-specified descriptive	PRINCE	baseline	host-attraction rate	at risk	PRINCE (auxiliary confirmation run, per cohort), baseline, host-attraction rate, at risk set		
s7_prince_base_nnative	results/stage7/confirm/tables/metrics.tsv	cohort == 'paad_iatlas_prince_2022' and standard_site == 'all' and method == 'BASE-Z'	n_native_truth	none	0	num	pre-specified descriptive	PRINCE		n	native truth	PRINCE (auxiliary confirmation run, per cohort), n, native truth set		
s7_prince_sa_n	results/stage7/confirm/tables/metrics.tsv	cohort == 'paad_iatlas_prince_2022' and standard_site == 'all' and method == 'SA-Z'	n	none	0	num	pre-specified descriptive	PRINCE		n	evaluation	PRINCE (auxiliary confirmation run, per cohort), n, evaluation set		
s7_prince_sa_top1	results/stage7/confirm/tables/metrics.tsv	cohort == 'paad_iatlas_prince_2022' and standard_site == 'all' and method == 'SA-Z'	top1	none	3	num	pre-specified descriptive	PRINCE	HostMix-TOO	top-1 accuracy	evaluation	PRINCE (auxiliary confirmation run, per cohort), HostMix-TOO, top-1 accuracy, evaluation set		
s7_prince_sa_nrisk	results/stage7/confirm/tables/metrics.tsv	cohort == 'paad_iatlas_prince_2022' and standard_site == 'all' and method == 'SA-Z'	n_at_risk	none	0	num	pre-specified descriptive	PRINCE		n	at risk	PRINCE (auxiliary confirmation run, per cohort), n, at risk set		
s7_prince_sa_host	results/stage7/confirm/tables/metrics.tsv	cohort == 'paad_iatlas_prince_2022' and standard_site == 'all' and method == 'SA-Z'	host_rate	none	3	num	pre-specified descriptive	PRINCE	HostMix-TOO	host-attraction rate	at risk	PRINCE (auxiliary confirmation run, per cohort), HostMix-TOO, host-attraction rate, at risk set		
s7_prince_sa_nnative	results/stage7/confirm/tables/metrics.tsv	cohort == 'paad_iatlas_prince_2022' and standard_site == 'all' and method == 'SA-Z'	n_native_truth	none	0	num	pre-specified descriptive	PRINCE		n	native truth	PRINCE (auxiliary confirmation run, per cohort), n, native truth set		
s7_prince_gated_n	results/stage7/confirm/tables/metrics.tsv	cohort == 'paad_iatlas_prince_2022' and standard_site == 'all' and method == 'SA-G'	n	none	0	num	pre-specified descriptive	PRINCE		n	evaluation	PRINCE (auxiliary confirmation run, per cohort), n, evaluation set		
s7_prince_gated_top1	results/stage7/confirm/tables/metrics.tsv	cohort == 'paad_iatlas_prince_2022' and standard_site == 'all' and method == 'SA-G'	top1	none	3	num	pre-specified descriptive	PRINCE	gated	top-1 accuracy	evaluation	PRINCE (auxiliary confirmation run, per cohort), gated, top-1 accuracy, evaluation set		
s7_prince_gated_nrisk	results/stage7/confirm/tables/metrics.tsv	cohort == 'paad_iatlas_prince_2022' and standard_site == 'all' and method == 'SA-G'	n_at_risk	none	0	num	pre-specified descriptive	PRINCE		n	at risk	PRINCE (auxiliary confirmation run, per cohort), n, at risk set		
s7_prince_gated_host	results/stage7/confirm/tables/metrics.tsv	cohort == 'paad_iatlas_prince_2022' and standard_site == 'all' and method == 'SA-G'	host_rate	none	3	num	pre-specified descriptive	PRINCE	gated	host-attraction rate	at risk	PRINCE (auxiliary confirmation run, per cohort), gated, host-attraction rate, at risk set		
s7_prince_gated_nnative	results/stage7/confirm/tables/metrics.tsv	cohort == 'paad_iatlas_prince_2022' and standard_site == 'all' and method == 'SA-G'	n_native_truth	none	0	num	pre-specified descriptive	PRINCE		n	native truth	PRINCE (auxiliary confirmation run, per cohort), n, native truth set		
s7_prince_pool22_n	results/stage7/confirm/tables/metrics.tsv	cohort == 'paad_iatlas_prince_2022' and standard_site == 'all' and method == 'SA-pool22'	n	none	0	num	pre-specified descriptive	PRINCE		n	evaluation	PRINCE (auxiliary confirmation run, per cohort), n, evaluation set		
s7_prince_pool22_top1	results/stage7/confirm/tables/metrics.tsv	cohort == 'paad_iatlas_prince_2022' and standard_site == 'all' and method == 'SA-pool22'	top1	none	3	num	pre-specified descriptive	PRINCE	22-tissue	top-1 accuracy	evaluation	PRINCE (auxiliary confirmation run, per cohort), 22-tissue, top-1 accuracy, evaluation set		
s7_prince_pool22_nrisk	results/stage7/confirm/tables/metrics.tsv	cohort == 'paad_iatlas_prince_2022' and standard_site == 'all' and method == 'SA-pool22'	n_at_risk	none	0	num	pre-specified descriptive	PRINCE		n	at risk	PRINCE (auxiliary confirmation run, per cohort), n, at risk set		
s7_prince_pool22_host	results/stage7/confirm/tables/metrics.tsv	cohort == 'paad_iatlas_prince_2022' and standard_site == 'all' and method == 'SA-pool22'	host_rate	none	3	num	pre-specified descriptive	PRINCE	22-tissue	host-attraction rate	at risk	PRINCE (auxiliary confirmation run, per cohort), 22-tissue, host-attraction rate, at risk set		
s7_prince_pool22_nnative	results/stage7/confirm/tables/metrics.tsv	cohort == 'paad_iatlas_prince_2022' and standard_site == 'all' and method == 'SA-pool22'	n_native_truth	none	0	num	pre-specified descriptive	PRINCE		n	native truth	PRINCE (auxiliary confirmation run, per cohort), n, native truth set		
s7_prince_sc_n	results/stage7/confirm/tables/metrics.tsv	cohort == 'paad_iatlas_prince_2022' and standard_site == 'all' and method == 'SC-Z'	n	none	0	num	pre-specified descriptive	PRINCE		n	evaluation	PRINCE (auxiliary confirmation run, per cohort), n, evaluation set		
s7_prince_sc_top1	results/stage7/confirm/tables/metrics.tsv	cohort == 'paad_iatlas_prince_2022' and standard_site == 'all' and method == 'SC-Z'	top1	none	3	num	pre-specified descriptive	PRINCE	site-specific	top-1 accuracy	evaluation	PRINCE (auxiliary confirmation run, per cohort), site-specific, top-1 accuracy, evaluation set		
s7_prince_sc_nrisk	results/stage7/confirm/tables/metrics.tsv	cohort == 'paad_iatlas_prince_2022' and standard_site == 'all' and method == 'SC-Z'	n_at_risk	none	0	num	pre-specified descriptive	PRINCE		n	at risk	PRINCE (auxiliary confirmation run, per cohort), n, at risk set		
s7_prince_sc_host	results/stage7/confirm/tables/metrics.tsv	cohort == 'paad_iatlas_prince_2022' and standard_site == 'all' and method == 'SC-Z'	host_rate	none	3	num	pre-specified descriptive	PRINCE	site-specific	host-attraction rate	at risk	PRINCE (auxiliary confirmation run, per cohort), site-specific, host-attraction rate, at risk set		
s7_prince_sc_nnative	results/stage7/confirm/tables/metrics.tsv	cohort == 'paad_iatlas_prince_2022' and standard_site == 'all' and method == 'SC-Z'	n_native_truth	none	0	num	pre-specified descriptive	PRINCE		n	native truth	PRINCE (auxiliary confirmation run, per cohort), n, native truth set		
s7_prince_ld_n	results/stage7/confirm/tables/metrics.tsv	cohort == 'paad_iatlas_prince_2022' and standard_site == 'all' and method == 'LD-Z'	n	none	0	num	pre-specified descriptive	PRINCE		n	evaluation	PRINCE (auxiliary confirmation run, per cohort), n, evaluation set		
s7_prince_ld_top1	results/stage7/confirm/tables/metrics.tsv	cohort == 'paad_iatlas_prince_2022' and standard_site == 'all' and method == 'LD-Z'	top1	none	3	num	pre-specified descriptive	PRINCE	deconvolution	top-1 accuracy	evaluation	PRINCE (auxiliary confirmation run, per cohort), deconvolution, top-1 accuracy, evaluation set		
s7_prince_ld_nrisk	results/stage7/confirm/tables/metrics.tsv	cohort == 'paad_iatlas_prince_2022' and standard_site == 'all' and method == 'LD-Z'	n_at_risk	none	0	num	pre-specified descriptive	PRINCE		n	at risk	PRINCE (auxiliary confirmation run, per cohort), n, at risk set		
s7_prince_ld_host	results/stage7/confirm/tables/metrics.tsv	cohort == 'paad_iatlas_prince_2022' and standard_site == 'all' and method == 'LD-Z'	host_rate	none	3	num	pre-specified descriptive	PRINCE	deconvolution	host-attraction rate	at risk	PRINCE (auxiliary confirmation run, per cohort), deconvolution, host-attraction rate, at risk set		
s7_prince_ld_nnative	results/stage7/confirm/tables/metrics.tsv	cohort == 'paad_iatlas_prince_2022' and standard_site == 'all' and method == 'LD-Z'	n_native_truth	none	0	num	pre-specified descriptive	PRINCE		n	native truth	PRINCE (auxiliary confirmation run, per cohort), n, native truth set		
s7_prince_nc_n	results/stage7/confirm/tables/metrics.tsv	cohort == 'paad_iatlas_prince_2022' and standard_site == 'all' and method == 'NC-Z'	n	none	0	num	pre-specified descriptive	PRINCE		n	evaluation	PRINCE (auxiliary confirmation run, per cohort), n, evaluation set		
s7_prince_nc_top1	results/stage7/confirm/tables/metrics.tsv	cohort == 'paad_iatlas_prince_2022' and standard_site == 'all' and method == 'NC-Z'	top1	none	3	num	pre-specified descriptive	PRINCE	normal classes	top-1 accuracy	evaluation	PRINCE (auxiliary confirmation run, per cohort), normal classes, top-1 accuracy, evaluation set		
s7_prince_nc_nrisk	results/stage7/confirm/tables/metrics.tsv	cohort == 'paad_iatlas_prince_2022' and standard_site == 'all' and method == 'NC-Z'	n_at_risk	none	0	num	pre-specified descriptive	PRINCE		n	at risk	PRINCE (auxiliary confirmation run, per cohort), n, at risk set		
s7_prince_nc_host	results/stage7/confirm/tables/metrics.tsv	cohort == 'paad_iatlas_prince_2022' and standard_site == 'all' and method == 'NC-Z'	host_rate	none	3	num	pre-specified descriptive	PRINCE	normal classes	host-attraction rate	at risk	PRINCE (auxiliary confirmation run, per cohort), normal classes, host-attraction rate, at risk set		
s7_prince_nc_nnative	results/stage7/confirm/tables/metrics.tsv	cohort == 'paad_iatlas_prince_2022' and standard_site == 'all' and method == 'NC-Z'	n_native_truth	none	0	num	pre-specified descriptive	PRINCE		n	native truth	PRINCE (auxiliary confirmation run, per cohort), n, native truth set		
s7_prince_m1_n	results/stage7/confirm/tables/metrics.tsv	cohort == 'paad_iatlas_prince_2022' and standard_site == 'all' and method == 'M1-Z'	n	none	0	num	pre-specified descriptive	PRINCE		n	evaluation	PRINCE (auxiliary confirmation run, per cohort), n, evaluation set		
s7_prince_m1_top1	results/stage7/confirm/tables/metrics.tsv	cohort == 'paad_iatlas_prince_2022' and standard_site == 'all' and method == 'M1-Z'	top1	none	3	num	pre-specified descriptive	PRINCE	masking	top-1 accuracy	evaluation	PRINCE (auxiliary confirmation run, per cohort), masking, top-1 accuracy, evaluation set		
s7_prince_m1_nrisk	results/stage7/confirm/tables/metrics.tsv	cohort == 'paad_iatlas_prince_2022' and standard_site == 'all' and method == 'M1-Z'	n_at_risk	none	0	num	pre-specified descriptive	PRINCE		n	at risk	PRINCE (auxiliary confirmation run, per cohort), n, at risk set		
s7_prince_m1_host	results/stage7/confirm/tables/metrics.tsv	cohort == 'paad_iatlas_prince_2022' and standard_site == 'all' and method == 'M1-Z'	host_rate	none	3	num	pre-specified descriptive	PRINCE	masking	host-attraction rate	at risk	PRINCE (auxiliary confirmation run, per cohort), masking, host-attraction rate, at risk set		
s7_prince_m1_nnative	results/stage7/confirm/tables/metrics.tsv	cohort == 'paad_iatlas_prince_2022' and standard_site == 'all' and method == 'M1-Z'	n_native_truth	none	0	num	pre-specified descriptive	PRINCE		n	native truth	PRINCE (auxiliary confirmation run, per cohort), n, native truth set		
s7_prince_basek_n	results/stage7/confirm/tables/metrics.tsv	cohort == 'paad_iatlas_prince_2022' and standard_site == 'all' and method == 'BASE-K'	n	none	0	num	pre-specified descriptive	PRINCE		n	evaluation	PRINCE (auxiliary confirmation run, per cohort), n, evaluation set		
s7_prince_basek_top1	results/stage7/confirm/tables/metrics.tsv	cohort == 'paad_iatlas_prince_2022' and standard_site == 'all' and method == 'BASE-K'	top1	none	3	num	pre-specified descriptive	PRINCE	gene sets	top-1 accuracy	evaluation	PRINCE (auxiliary confirmation run, per cohort), gene sets, top-1 accuracy, evaluation set		
s7_prince_basek_nrisk	results/stage7/confirm/tables/metrics.tsv	cohort == 'paad_iatlas_prince_2022' and standard_site == 'all' and method == 'BASE-K'	n_at_risk	none	0	num	pre-specified descriptive	PRINCE		n	at risk	PRINCE (auxiliary confirmation run, per cohort), n, at risk set		
s7_prince_basek_host	results/stage7/confirm/tables/metrics.tsv	cohort == 'paad_iatlas_prince_2022' and standard_site == 'all' and method == 'BASE-K'	host_rate	none	3	num	pre-specified descriptive	PRINCE	gene sets	host-attraction rate	at risk	PRINCE (auxiliary confirmation run, per cohort), gene sets, host-attraction rate, at risk set		
s7_prince_basek_nnative	results/stage7/confirm/tables/metrics.tsv	cohort == 'paad_iatlas_prince_2022' and standard_site == 'all' and method == 'BASE-K'	n_native_truth	none	0	num	pre-specified descriptive	PRINCE		n	native truth	PRINCE (auxiliary confirmation run, per cohort), n, native truth set		
s7_prince_sak_n	results/stage7/confirm/tables/metrics.tsv	cohort == 'paad_iatlas_prince_2022' and standard_site == 'all' and method == 'SA-K'	n	none	0	num	pre-specified descriptive	PRINCE		n	evaluation	PRINCE (auxiliary confirmation run, per cohort), n, evaluation set		
s7_prince_sak_top1	results/stage7/confirm/tables/metrics.tsv	cohort == 'paad_iatlas_prince_2022' and standard_site == 'all' and method == 'SA-K'	top1	none	3	num	pre-specified descriptive	PRINCE	gene sets	top-1 accuracy	evaluation	PRINCE (auxiliary confirmation run, per cohort), gene sets, top-1 accuracy, evaluation set		
s7_prince_sak_nrisk	results/stage7/confirm/tables/metrics.tsv	cohort == 'paad_iatlas_prince_2022' and standard_site == 'all' and method == 'SA-K'	n_at_risk	none	0	num	pre-specified descriptive	PRINCE		n	at risk	PRINCE (auxiliary confirmation run, per cohort), n, at risk set		
s7_prince_sak_host	results/stage7/confirm/tables/metrics.tsv	cohort == 'paad_iatlas_prince_2022' and standard_site == 'all' and method == 'SA-K'	host_rate	none	3	num	pre-specified descriptive	PRINCE	gene sets	host-attraction rate	at risk	PRINCE (auxiliary confirmation run, per cohort), gene sets, host-attraction rate, at risk set		
s7_prince_sak_nnative	results/stage7/confirm/tables/metrics.tsv	cohort == 'paad_iatlas_prince_2022' and standard_site == 'all' and method == 'SA-K'	n_native_truth	none	0	num	pre-specified descriptive	PRINCE		n	native truth	PRINCE (auxiliary confirmation run, per cohort), n, native truth set		
s7_prince_v0k_n	results/stage7/confirm/tables/metrics.tsv	cohort == 'paad_iatlas_prince_2022' and standard_site == 'all' and method == 'V0-K'	n	none	0	num	pre-specified descriptive	PRINCE		n	evaluation	PRINCE (auxiliary confirmation run, per cohort), n, evaluation set		
s7_prince_v0k_top1	results/stage7/confirm/tables/metrics.tsv	cohort == 'paad_iatlas_prince_2022' and standard_site == 'all' and method == 'V0-K'	top1	none	3	num	pre-specified descriptive	PRINCE	gene sets	top-1 accuracy	evaluation	PRINCE (auxiliary confirmation run, per cohort), gene sets, top-1 accuracy, evaluation set		
s7_prince_v0k_nrisk	results/stage7/confirm/tables/metrics.tsv	cohort == 'paad_iatlas_prince_2022' and standard_site == 'all' and method == 'V0-K'	n_at_risk	none	0	num	pre-specified descriptive	PRINCE		n	at risk	PRINCE (auxiliary confirmation run, per cohort), n, at risk set		
s7_prince_v0k_host	results/stage7/confirm/tables/metrics.tsv	cohort == 'paad_iatlas_prince_2022' and standard_site == 'all' and method == 'V0-K'	host_rate	none	3	num	pre-specified descriptive	PRINCE	gene sets	host-attraction rate	at risk	PRINCE (auxiliary confirmation run, per cohort), gene sets, host-attraction rate, at risk set		
s7_prince_v0k_nnative	results/stage7/confirm/tables/metrics.tsv	cohort == 'paad_iatlas_prince_2022' and standard_site == 'all' and method == 'V0-K'	n_native_truth	none	0	num	pre-specified descriptive	PRINCE		n	native truth	PRINCE (auxiliary confirmation run, per cohort), n, native truth set		
s7_prince_samlp_n	results/stage7/confirm/tables/metrics.tsv	cohort == 'paad_iatlas_prince_2022' and standard_site == 'all' and method == 'SA-MLP'	n	none	0	num	pre-specified descriptive	PRINCE		n	evaluation	PRINCE (auxiliary confirmation run, per cohort), n, evaluation set		
s7_prince_samlp_top1	results/stage7/confirm/tables/metrics.tsv	cohort == 'paad_iatlas_prince_2022' and standard_site == 'all' and method == 'SA-MLP'	top1	none	3	num	pre-specified descriptive	PRINCE	perceptron	top-1 accuracy	evaluation	PRINCE (auxiliary confirmation run, per cohort), perceptron, top-1 accuracy, evaluation set		
s7_prince_samlp_nrisk	results/stage7/confirm/tables/metrics.tsv	cohort == 'paad_iatlas_prince_2022' and standard_site == 'all' and method == 'SA-MLP'	n_at_risk	none	0	num	pre-specified descriptive	PRINCE		n	at risk	PRINCE (auxiliary confirmation run, per cohort), n, at risk set		
s7_prince_samlp_host	results/stage7/confirm/tables/metrics.tsv	cohort == 'paad_iatlas_prince_2022' and standard_site == 'all' and method == 'SA-MLP'	host_rate	none	3	num	pre-specified descriptive	PRINCE	perceptron	host-attraction rate	at risk	PRINCE (auxiliary confirmation run, per cohort), perceptron, host-attraction rate, at risk set		
s7_prince_samlp_nnative	results/stage7/confirm/tables/metrics.tsv	cohort == 'paad_iatlas_prince_2022' and standard_site == 'all' and method == 'SA-MLP'	n_native_truth	none	0	num	pre-specified descriptive	PRINCE		n	native truth	PRINCE (auxiliary confirmation run, per cohort), n, native truth set		
s7_gse50760_base_n	results/stage7/confirm/tables/metrics.tsv	cohort == 'GSE50760' and standard_site == 'all' and method == 'BASE-Z'	n	none	0	num	pre-specified descriptive	GSE50760		n	evaluation	GSE50760 (auxiliary confirmation run, per cohort), n, evaluation set		
s7_gse50760_base_top1	results/stage7/confirm/tables/metrics.tsv	cohort == 'GSE50760' and standard_site == 'all' and method == 'BASE-Z'	top1	none	3	num	pre-specified descriptive	GSE50760	baseline	top-1 accuracy	evaluation	GSE50760 (auxiliary confirmation run, per cohort), baseline, top-1 accuracy, evaluation set		
s7_gse50760_base_nrisk	results/stage7/confirm/tables/metrics.tsv	cohort == 'GSE50760' and standard_site == 'all' and method == 'BASE-Z'	n_at_risk	none	0	num	pre-specified descriptive	GSE50760		n	at risk	GSE50760 (auxiliary confirmation run, per cohort), n, at risk set		
s7_gse50760_base_nnative	results/stage7/confirm/tables/metrics.tsv	cohort == 'GSE50760' and standard_site == 'all' and method == 'BASE-Z'	n_native_truth	none	0	num	pre-specified descriptive	GSE50760		n	native truth	GSE50760 (auxiliary confirmation run, per cohort), n, native truth set		
s7_gse50760_base_native	results/stage7/confirm/tables/metrics.tsv	cohort == 'GSE50760' and standard_site == 'all' and method == 'BASE-Z'	native_truth_top1	none	3	num	pre-specified descriptive	GSE50760	baseline	top-1 accuracy	native truth	GSE50760 (auxiliary confirmation run, per cohort), baseline, top-1 accuracy, native truth set		
s7_gse50760_sa_n	results/stage7/confirm/tables/metrics.tsv	cohort == 'GSE50760' and standard_site == 'all' and method == 'SA-Z'	n	none	0	num	pre-specified descriptive	GSE50760		n	evaluation	GSE50760 (auxiliary confirmation run, per cohort), n, evaluation set		
s7_gse50760_sa_top1	results/stage7/confirm/tables/metrics.tsv	cohort == 'GSE50760' and standard_site == 'all' and method == 'SA-Z'	top1	none	3	num	pre-specified descriptive	GSE50760	HostMix-TOO	top-1 accuracy	evaluation	GSE50760 (auxiliary confirmation run, per cohort), HostMix-TOO, top-1 accuracy, evaluation set		
s7_gse50760_sa_nrisk	results/stage7/confirm/tables/metrics.tsv	cohort == 'GSE50760' and standard_site == 'all' and method == 'SA-Z'	n_at_risk	none	0	num	pre-specified descriptive	GSE50760		n	at risk	GSE50760 (auxiliary confirmation run, per cohort), n, at risk set		
s7_gse50760_sa_nnative	results/stage7/confirm/tables/metrics.tsv	cohort == 'GSE50760' and standard_site == 'all' and method == 'SA-Z'	n_native_truth	none	0	num	pre-specified descriptive	GSE50760		n	native truth	GSE50760 (auxiliary confirmation run, per cohort), n, native truth set		
s7_gse50760_sa_native	results/stage7/confirm/tables/metrics.tsv	cohort == 'GSE50760' and standard_site == 'all' and method == 'SA-Z'	native_truth_top1	none	3	num	pre-specified descriptive	GSE50760	HostMix-TOO	top-1 accuracy	native truth	GSE50760 (auxiliary confirmation run, per cohort), HostMix-TOO, top-1 accuracy, native truth set		
s7_gse50760_gated_n	results/stage7/confirm/tables/metrics.tsv	cohort == 'GSE50760' and standard_site == 'all' and method == 'SA-G'	n	none	0	num	pre-specified descriptive	GSE50760		n	evaluation	GSE50760 (auxiliary confirmation run, per cohort), n, evaluation set		
s7_gse50760_gated_top1	results/stage7/confirm/tables/metrics.tsv	cohort == 'GSE50760' and standard_site == 'all' and method == 'SA-G'	top1	none	3	num	pre-specified descriptive	GSE50760	gated	top-1 accuracy	evaluation	GSE50760 (auxiliary confirmation run, per cohort), gated, top-1 accuracy, evaluation set		
s7_gse50760_gated_nrisk	results/stage7/confirm/tables/metrics.tsv	cohort == 'GSE50760' and standard_site == 'all' and method == 'SA-G'	n_at_risk	none	0	num	pre-specified descriptive	GSE50760		n	at risk	GSE50760 (auxiliary confirmation run, per cohort), n, at risk set		
s7_gse50760_gated_nnative	results/stage7/confirm/tables/metrics.tsv	cohort == 'GSE50760' and standard_site == 'all' and method == 'SA-G'	n_native_truth	none	0	num	pre-specified descriptive	GSE50760		n	native truth	GSE50760 (auxiliary confirmation run, per cohort), n, native truth set		
s7_gse50760_gated_native	results/stage7/confirm/tables/metrics.tsv	cohort == 'GSE50760' and standard_site == 'all' and method == 'SA-G'	native_truth_top1	none	3	num	pre-specified descriptive	GSE50760	gated	top-1 accuracy	native truth	GSE50760 (auxiliary confirmation run, per cohort), gated, top-1 accuracy, native truth set		
s7_gse50760_pool22_n	results/stage7/confirm/tables/metrics.tsv	cohort == 'GSE50760' and standard_site == 'all' and method == 'SA-pool22'	n	none	0	num	pre-specified descriptive	GSE50760		n	evaluation	GSE50760 (auxiliary confirmation run, per cohort), n, evaluation set		
s7_gse50760_pool22_top1	results/stage7/confirm/tables/metrics.tsv	cohort == 'GSE50760' and standard_site == 'all' and method == 'SA-pool22'	top1	none	3	num	pre-specified descriptive	GSE50760	22-tissue	top-1 accuracy	evaluation	GSE50760 (auxiliary confirmation run, per cohort), 22-tissue, top-1 accuracy, evaluation set		
s7_gse50760_pool22_nrisk	results/stage7/confirm/tables/metrics.tsv	cohort == 'GSE50760' and standard_site == 'all' and method == 'SA-pool22'	n_at_risk	none	0	num	pre-specified descriptive	GSE50760		n	at risk	GSE50760 (auxiliary confirmation run, per cohort), n, at risk set		
s7_gse50760_pool22_nnative	results/stage7/confirm/tables/metrics.tsv	cohort == 'GSE50760' and standard_site == 'all' and method == 'SA-pool22'	n_native_truth	none	0	num	pre-specified descriptive	GSE50760		n	native truth	GSE50760 (auxiliary confirmation run, per cohort), n, native truth set		
s7_gse50760_pool22_native	results/stage7/confirm/tables/metrics.tsv	cohort == 'GSE50760' and standard_site == 'all' and method == 'SA-pool22'	native_truth_top1	none	3	num	pre-specified descriptive	GSE50760	22-tissue	top-1 accuracy	native truth	GSE50760 (auxiliary confirmation run, per cohort), 22-tissue, top-1 accuracy, native truth set		
s7_gse50760_sc_n	results/stage7/confirm/tables/metrics.tsv	cohort == 'GSE50760' and standard_site == 'all' and method == 'SC-Z'	n	none	0	num	pre-specified descriptive	GSE50760		n	evaluation	GSE50760 (auxiliary confirmation run, per cohort), n, evaluation set		
s7_gse50760_sc_top1	results/stage7/confirm/tables/metrics.tsv	cohort == 'GSE50760' and standard_site == 'all' and method == 'SC-Z'	top1	none	3	num	pre-specified descriptive	GSE50760	site-specific	top-1 accuracy	evaluation	GSE50760 (auxiliary confirmation run, per cohort), site-specific, top-1 accuracy, evaluation set		
s7_gse50760_sc_nrisk	results/stage7/confirm/tables/metrics.tsv	cohort == 'GSE50760' and standard_site == 'all' and method == 'SC-Z'	n_at_risk	none	0	num	pre-specified descriptive	GSE50760		n	at risk	GSE50760 (auxiliary confirmation run, per cohort), n, at risk set		
s7_gse50760_sc_nnative	results/stage7/confirm/tables/metrics.tsv	cohort == 'GSE50760' and standard_site == 'all' and method == 'SC-Z'	n_native_truth	none	0	num	pre-specified descriptive	GSE50760		n	native truth	GSE50760 (auxiliary confirmation run, per cohort), n, native truth set		
s7_gse50760_sc_native	results/stage7/confirm/tables/metrics.tsv	cohort == 'GSE50760' and standard_site == 'all' and method == 'SC-Z'	native_truth_top1	none	3	num	pre-specified descriptive	GSE50760	site-specific	top-1 accuracy	native truth	GSE50760 (auxiliary confirmation run, per cohort), site-specific, top-1 accuracy, native truth set		
s7_gse50760_ld_n	results/stage7/confirm/tables/metrics.tsv	cohort == 'GSE50760' and standard_site == 'all' and method == 'LD-Z'	n	none	0	num	pre-specified descriptive	GSE50760		n	evaluation	GSE50760 (auxiliary confirmation run, per cohort), n, evaluation set		
s7_gse50760_ld_top1	results/stage7/confirm/tables/metrics.tsv	cohort == 'GSE50760' and standard_site == 'all' and method == 'LD-Z'	top1	none	3	num	pre-specified descriptive	GSE50760	deconvolution	top-1 accuracy	evaluation	GSE50760 (auxiliary confirmation run, per cohort), deconvolution, top-1 accuracy, evaluation set		
s7_gse50760_ld_nrisk	results/stage7/confirm/tables/metrics.tsv	cohort == 'GSE50760' and standard_site == 'all' and method == 'LD-Z'	n_at_risk	none	0	num	pre-specified descriptive	GSE50760		n	at risk	GSE50760 (auxiliary confirmation run, per cohort), n, at risk set		
s7_gse50760_ld_nnative	results/stage7/confirm/tables/metrics.tsv	cohort == 'GSE50760' and standard_site == 'all' and method == 'LD-Z'	n_native_truth	none	0	num	pre-specified descriptive	GSE50760		n	native truth	GSE50760 (auxiliary confirmation run, per cohort), n, native truth set		
s7_gse50760_ld_native	results/stage7/confirm/tables/metrics.tsv	cohort == 'GSE50760' and standard_site == 'all' and method == 'LD-Z'	native_truth_top1	none	3	num	pre-specified descriptive	GSE50760	deconvolution	top-1 accuracy	native truth	GSE50760 (auxiliary confirmation run, per cohort), deconvolution, top-1 accuracy, native truth set		
s7_gse50760_nc_n	results/stage7/confirm/tables/metrics.tsv	cohort == 'GSE50760' and standard_site == 'all' and method == 'NC-Z'	n	none	0	num	pre-specified descriptive	GSE50760		n	evaluation	GSE50760 (auxiliary confirmation run, per cohort), n, evaluation set		
s7_gse50760_nc_top1	results/stage7/confirm/tables/metrics.tsv	cohort == 'GSE50760' and standard_site == 'all' and method == 'NC-Z'	top1	none	3	num	pre-specified descriptive	GSE50760	normal classes	top-1 accuracy	evaluation	GSE50760 (auxiliary confirmation run, per cohort), normal classes, top-1 accuracy, evaluation set		
s7_gse50760_nc_nrisk	results/stage7/confirm/tables/metrics.tsv	cohort == 'GSE50760' and standard_site == 'all' and method == 'NC-Z'	n_at_risk	none	0	num	pre-specified descriptive	GSE50760		n	at risk	GSE50760 (auxiliary confirmation run, per cohort), n, at risk set		
s7_gse50760_nc_nnative	results/stage7/confirm/tables/metrics.tsv	cohort == 'GSE50760' and standard_site == 'all' and method == 'NC-Z'	n_native_truth	none	0	num	pre-specified descriptive	GSE50760		n	native truth	GSE50760 (auxiliary confirmation run, per cohort), n, native truth set		
s7_gse50760_nc_native	results/stage7/confirm/tables/metrics.tsv	cohort == 'GSE50760' and standard_site == 'all' and method == 'NC-Z'	native_truth_top1	none	3	num	pre-specified descriptive	GSE50760	normal classes	top-1 accuracy	native truth	GSE50760 (auxiliary confirmation run, per cohort), normal classes, top-1 accuracy, native truth set		
s7_gse50760_m1_n	results/stage7/confirm/tables/metrics.tsv	cohort == 'GSE50760' and standard_site == 'all' and method == 'M1-Z'	n	none	0	num	pre-specified descriptive	GSE50760		n	evaluation	GSE50760 (auxiliary confirmation run, per cohort), n, evaluation set		
s7_gse50760_m1_top1	results/stage7/confirm/tables/metrics.tsv	cohort == 'GSE50760' and standard_site == 'all' and method == 'M1-Z'	top1	none	3	num	pre-specified descriptive	GSE50760	masking	top-1 accuracy	evaluation	GSE50760 (auxiliary confirmation run, per cohort), masking, top-1 accuracy, evaluation set		
s7_gse50760_m1_nrisk	results/stage7/confirm/tables/metrics.tsv	cohort == 'GSE50760' and standard_site == 'all' and method == 'M1-Z'	n_at_risk	none	0	num	pre-specified descriptive	GSE50760		n	at risk	GSE50760 (auxiliary confirmation run, per cohort), n, at risk set		
s7_gse50760_m1_nnative	results/stage7/confirm/tables/metrics.tsv	cohort == 'GSE50760' and standard_site == 'all' and method == 'M1-Z'	n_native_truth	none	0	num	pre-specified descriptive	GSE50760		n	native truth	GSE50760 (auxiliary confirmation run, per cohort), n, native truth set		
s7_gse50760_m1_native	results/stage7/confirm/tables/metrics.tsv	cohort == 'GSE50760' and standard_site == 'all' and method == 'M1-Z'	native_truth_top1	none	3	num	pre-specified descriptive	GSE50760	masking	top-1 accuracy	native truth	GSE50760 (auxiliary confirmation run, per cohort), masking, top-1 accuracy, native truth set		
s7_gse50760_basek_n	results/stage7/confirm/tables/metrics.tsv	cohort == 'GSE50760' and standard_site == 'all' and method == 'BASE-K'	n	none	0	num	pre-specified descriptive	GSE50760		n	evaluation	GSE50760 (auxiliary confirmation run, per cohort), n, evaluation set		
s7_gse50760_basek_top1	results/stage7/confirm/tables/metrics.tsv	cohort == 'GSE50760' and standard_site == 'all' and method == 'BASE-K'	top1	none	3	num	pre-specified descriptive	GSE50760	gene sets	top-1 accuracy	evaluation	GSE50760 (auxiliary confirmation run, per cohort), gene sets, top-1 accuracy, evaluation set		
s7_gse50760_basek_nrisk	results/stage7/confirm/tables/metrics.tsv	cohort == 'GSE50760' and standard_site == 'all' and method == 'BASE-K'	n_at_risk	none	0	num	pre-specified descriptive	GSE50760		n	at risk	GSE50760 (auxiliary confirmation run, per cohort), n, at risk set		
s7_gse50760_basek_nnative	results/stage7/confirm/tables/metrics.tsv	cohort == 'GSE50760' and standard_site == 'all' and method == 'BASE-K'	n_native_truth	none	0	num	pre-specified descriptive	GSE50760		n	native truth	GSE50760 (auxiliary confirmation run, per cohort), n, native truth set		
s7_gse50760_basek_native	results/stage7/confirm/tables/metrics.tsv	cohort == 'GSE50760' and standard_site == 'all' and method == 'BASE-K'	native_truth_top1	none	3	num	pre-specified descriptive	GSE50760	gene sets	top-1 accuracy	native truth	GSE50760 (auxiliary confirmation run, per cohort), gene sets, top-1 accuracy, native truth set		
s7_gse50760_sak_n	results/stage7/confirm/tables/metrics.tsv	cohort == 'GSE50760' and standard_site == 'all' and method == 'SA-K'	n	none	0	num	pre-specified descriptive	GSE50760		n	evaluation	GSE50760 (auxiliary confirmation run, per cohort), n, evaluation set		
s7_gse50760_sak_top1	results/stage7/confirm/tables/metrics.tsv	cohort == 'GSE50760' and standard_site == 'all' and method == 'SA-K'	top1	none	3	num	pre-specified descriptive	GSE50760	gene sets	top-1 accuracy	evaluation	GSE50760 (auxiliary confirmation run, per cohort), gene sets, top-1 accuracy, evaluation set		
s7_gse50760_sak_nrisk	results/stage7/confirm/tables/metrics.tsv	cohort == 'GSE50760' and standard_site == 'all' and method == 'SA-K'	n_at_risk	none	0	num	pre-specified descriptive	GSE50760		n	at risk	GSE50760 (auxiliary confirmation run, per cohort), n, at risk set		
s7_gse50760_sak_nnative	results/stage7/confirm/tables/metrics.tsv	cohort == 'GSE50760' and standard_site == 'all' and method == 'SA-K'	n_native_truth	none	0	num	pre-specified descriptive	GSE50760		n	native truth	GSE50760 (auxiliary confirmation run, per cohort), n, native truth set		
s7_gse50760_sak_native	results/stage7/confirm/tables/metrics.tsv	cohort == 'GSE50760' and standard_site == 'all' and method == 'SA-K'	native_truth_top1	none	3	num	pre-specified descriptive	GSE50760	gene sets	top-1 accuracy	native truth	GSE50760 (auxiliary confirmation run, per cohort), gene sets, top-1 accuracy, native truth set		
s7_gse50760_v0k_n	results/stage7/confirm/tables/metrics.tsv	cohort == 'GSE50760' and standard_site == 'all' and method == 'V0-K'	n	none	0	num	pre-specified descriptive	GSE50760		n	evaluation	GSE50760 (auxiliary confirmation run, per cohort), n, evaluation set		
s7_gse50760_v0k_top1	results/stage7/confirm/tables/metrics.tsv	cohort == 'GSE50760' and standard_site == 'all' and method == 'V0-K'	top1	none	3	num	pre-specified descriptive	GSE50760	gene sets	top-1 accuracy	evaluation	GSE50760 (auxiliary confirmation run, per cohort), gene sets, top-1 accuracy, evaluation set		
s7_gse50760_v0k_nrisk	results/stage7/confirm/tables/metrics.tsv	cohort == 'GSE50760' and standard_site == 'all' and method == 'V0-K'	n_at_risk	none	0	num	pre-specified descriptive	GSE50760		n	at risk	GSE50760 (auxiliary confirmation run, per cohort), n, at risk set		
s7_gse50760_v0k_nnative	results/stage7/confirm/tables/metrics.tsv	cohort == 'GSE50760' and standard_site == 'all' and method == 'V0-K'	n_native_truth	none	0	num	pre-specified descriptive	GSE50760		n	native truth	GSE50760 (auxiliary confirmation run, per cohort), n, native truth set		
s7_gse50760_v0k_native	results/stage7/confirm/tables/metrics.tsv	cohort == 'GSE50760' and standard_site == 'all' and method == 'V0-K'	native_truth_top1	none	3	num	pre-specified descriptive	GSE50760	gene sets	top-1 accuracy	native truth	GSE50760 (auxiliary confirmation run, per cohort), gene sets, top-1 accuracy, native truth set		
s7_gse50760_samlp_n	results/stage7/confirm/tables/metrics.tsv	cohort == 'GSE50760' and standard_site == 'all' and method == 'SA-MLP'	n	none	0	num	pre-specified descriptive	GSE50760		n	evaluation	GSE50760 (auxiliary confirmation run, per cohort), n, evaluation set		
s7_gse50760_samlp_top1	results/stage7/confirm/tables/metrics.tsv	cohort == 'GSE50760' and standard_site == 'all' and method == 'SA-MLP'	top1	none	3	num	pre-specified descriptive	GSE50760	perceptron	top-1 accuracy	evaluation	GSE50760 (auxiliary confirmation run, per cohort), perceptron, top-1 accuracy, evaluation set		
s7_gse50760_samlp_nrisk	results/stage7/confirm/tables/metrics.tsv	cohort == 'GSE50760' and standard_site == 'all' and method == 'SA-MLP'	n_at_risk	none	0	num	pre-specified descriptive	GSE50760		n	at risk	GSE50760 (auxiliary confirmation run, per cohort), n, at risk set		
s7_gse50760_samlp_nnative	results/stage7/confirm/tables/metrics.tsv	cohort == 'GSE50760' and standard_site == 'all' and method == 'SA-MLP'	n_native_truth	none	0	num	pre-specified descriptive	GSE50760		n	native truth	GSE50760 (auxiliary confirmation run, per cohort), n, native truth set		
s7_gse50760_samlp_native	results/stage7/confirm/tables/metrics.tsv	cohort == 'GSE50760' and standard_site == 'all' and method == 'SA-MLP'	native_truth_top1	none	3	num	pre-specified descriptive	GSE50760	perceptron	top-1 accuracy	native truth	GSE50760 (auxiliary confirmation run, per cohort), perceptron, top-1 accuracy, native truth set		
s7_aurora_base_n	results/stage7/confirm/tables/metrics.tsv	cohort == 'GSE209998' and standard_site == 'all' and method == 'BASE-Z'	n	none	0	num	pre-specified descriptive	AURORA		n	evaluation	AURORA (auxiliary confirmation run, per cohort), n, evaluation set		
s7_aurora_base_top1	results/stage7/confirm/tables/metrics.tsv	cohort == 'GSE209998' and standard_site == 'all' and method == 'BASE-Z'	top1	none	3	num	pre-specified descriptive	AURORA	baseline	top-1 accuracy	evaluation	AURORA (auxiliary confirmation run, per cohort), baseline, top-1 accuracy, evaluation set		
s7_aurora_base_nrisk	results/stage7/confirm/tables/metrics.tsv	cohort == 'GSE209998' and standard_site == 'all' and method == 'BASE-Z'	n_at_risk	none	0	num	pre-specified descriptive	AURORA		n	at risk	AURORA (auxiliary confirmation run, per cohort), n, at risk set		
s7_aurora_base_host	results/stage7/confirm/tables/metrics.tsv	cohort == 'GSE209998' and standard_site == 'all' and method == 'BASE-Z'	host_rate	none	3	num	pre-specified descriptive	AURORA	baseline	host-attraction rate	at risk	AURORA (auxiliary confirmation run, per cohort), baseline, host-attraction rate, at risk set		
s7_aurora_base_nnative	results/stage7/confirm/tables/metrics.tsv	cohort == 'GSE209998' and standard_site == 'all' and method == 'BASE-Z'	n_native_truth	none	0	num	pre-specified descriptive	AURORA		n	native truth	AURORA (auxiliary confirmation run, per cohort), n, native truth set		
s7_aurora_base_native	results/stage7/confirm/tables/metrics.tsv	cohort == 'GSE209998' and standard_site == 'all' and method == 'BASE-Z'	native_truth_top1	none	3	num	pre-specified descriptive	AURORA	baseline	top-1 accuracy	native truth	AURORA (auxiliary confirmation run, per cohort), baseline, top-1 accuracy, native truth set		
s7_aurora_sa_n	results/stage7/confirm/tables/metrics.tsv	cohort == 'GSE209998' and standard_site == 'all' and method == 'SA-Z'	n	none	0	num	pre-specified descriptive	AURORA		n	evaluation	AURORA (auxiliary confirmation run, per cohort), n, evaluation set		
s7_aurora_sa_top1	results/stage7/confirm/tables/metrics.tsv	cohort == 'GSE209998' and standard_site == 'all' and method == 'SA-Z'	top1	none	3	num	pre-specified descriptive	AURORA	HostMix-TOO	top-1 accuracy	evaluation	AURORA (auxiliary confirmation run, per cohort), HostMix-TOO, top-1 accuracy, evaluation set		
s7_aurora_sa_nrisk	results/stage7/confirm/tables/metrics.tsv	cohort == 'GSE209998' and standard_site == 'all' and method == 'SA-Z'	n_at_risk	none	0	num	pre-specified descriptive	AURORA		n	at risk	AURORA (auxiliary confirmation run, per cohort), n, at risk set		
s7_aurora_sa_host	results/stage7/confirm/tables/metrics.tsv	cohort == 'GSE209998' and standard_site == 'all' and method == 'SA-Z'	host_rate	none	3	num	pre-specified descriptive	AURORA	HostMix-TOO	host-attraction rate	at risk	AURORA (auxiliary confirmation run, per cohort), HostMix-TOO, host-attraction rate, at risk set		
s7_aurora_sa_nnative	results/stage7/confirm/tables/metrics.tsv	cohort == 'GSE209998' and standard_site == 'all' and method == 'SA-Z'	n_native_truth	none	0	num	pre-specified descriptive	AURORA		n	native truth	AURORA (auxiliary confirmation run, per cohort), n, native truth set		
s7_aurora_sa_native	results/stage7/confirm/tables/metrics.tsv	cohort == 'GSE209998' and standard_site == 'all' and method == 'SA-Z'	native_truth_top1	none	3	num	pre-specified descriptive	AURORA	HostMix-TOO	top-1 accuracy	native truth	AURORA (auxiliary confirmation run, per cohort), HostMix-TOO, top-1 accuracy, native truth set		
s7_aurora_gated_n	results/stage7/confirm/tables/metrics.tsv	cohort == 'GSE209998' and standard_site == 'all' and method == 'SA-G'	n	none	0	num	pre-specified descriptive	AURORA		n	evaluation	AURORA (auxiliary confirmation run, per cohort), n, evaluation set		
s7_aurora_gated_top1	results/stage7/confirm/tables/metrics.tsv	cohort == 'GSE209998' and standard_site == 'all' and method == 'SA-G'	top1	none	3	num	pre-specified descriptive	AURORA	gated	top-1 accuracy	evaluation	AURORA (auxiliary confirmation run, per cohort), gated, top-1 accuracy, evaluation set		
s7_aurora_gated_nrisk	results/stage7/confirm/tables/metrics.tsv	cohort == 'GSE209998' and standard_site == 'all' and method == 'SA-G'	n_at_risk	none	0	num	pre-specified descriptive	AURORA		n	at risk	AURORA (auxiliary confirmation run, per cohort), n, at risk set		
s7_aurora_gated_host	results/stage7/confirm/tables/metrics.tsv	cohort == 'GSE209998' and standard_site == 'all' and method == 'SA-G'	host_rate	none	3	num	pre-specified descriptive	AURORA	gated	host-attraction rate	at risk	AURORA (auxiliary confirmation run, per cohort), gated, host-attraction rate, at risk set		
s7_aurora_gated_nnative	results/stage7/confirm/tables/metrics.tsv	cohort == 'GSE209998' and standard_site == 'all' and method == 'SA-G'	n_native_truth	none	0	num	pre-specified descriptive	AURORA		n	native truth	AURORA (auxiliary confirmation run, per cohort), n, native truth set		
s7_aurora_gated_native	results/stage7/confirm/tables/metrics.tsv	cohort == 'GSE209998' and standard_site == 'all' and method == 'SA-G'	native_truth_top1	none	3	num	pre-specified descriptive	AURORA	gated	top-1 accuracy	native truth	AURORA (auxiliary confirmation run, per cohort), gated, top-1 accuracy, native truth set		
s7_aurora_pool22_n	results/stage7/confirm/tables/metrics.tsv	cohort == 'GSE209998' and standard_site == 'all' and method == 'SA-pool22'	n	none	0	num	pre-specified descriptive	AURORA		n	evaluation	AURORA (auxiliary confirmation run, per cohort), n, evaluation set		
s7_aurora_pool22_top1	results/stage7/confirm/tables/metrics.tsv	cohort == 'GSE209998' and standard_site == 'all' and method == 'SA-pool22'	top1	none	3	num	pre-specified descriptive	AURORA	22-tissue	top-1 accuracy	evaluation	AURORA (auxiliary confirmation run, per cohort), 22-tissue, top-1 accuracy, evaluation set		
s7_aurora_pool22_nrisk	results/stage7/confirm/tables/metrics.tsv	cohort == 'GSE209998' and standard_site == 'all' and method == 'SA-pool22'	n_at_risk	none	0	num	pre-specified descriptive	AURORA		n	at risk	AURORA (auxiliary confirmation run, per cohort), n, at risk set		
s7_aurora_pool22_host	results/stage7/confirm/tables/metrics.tsv	cohort == 'GSE209998' and standard_site == 'all' and method == 'SA-pool22'	host_rate	none	3	num	pre-specified descriptive	AURORA	22-tissue	host-attraction rate	at risk	AURORA (auxiliary confirmation run, per cohort), 22-tissue, host-attraction rate, at risk set		
s7_aurora_pool22_nnative	results/stage7/confirm/tables/metrics.tsv	cohort == 'GSE209998' and standard_site == 'all' and method == 'SA-pool22'	n_native_truth	none	0	num	pre-specified descriptive	AURORA		n	native truth	AURORA (auxiliary confirmation run, per cohort), n, native truth set		
s7_aurora_pool22_native	results/stage7/confirm/tables/metrics.tsv	cohort == 'GSE209998' and standard_site == 'all' and method == 'SA-pool22'	native_truth_top1	none	3	num	pre-specified descriptive	AURORA	22-tissue	top-1 accuracy	native truth	AURORA (auxiliary confirmation run, per cohort), 22-tissue, top-1 accuracy, native truth set		
s7_aurora_sc_n	results/stage7/confirm/tables/metrics.tsv	cohort == 'GSE209998' and standard_site == 'all' and method == 'SC-Z'	n	none	0	num	pre-specified descriptive	AURORA		n	evaluation	AURORA (auxiliary confirmation run, per cohort), n, evaluation set		
s7_aurora_sc_top1	results/stage7/confirm/tables/metrics.tsv	cohort == 'GSE209998' and standard_site == 'all' and method == 'SC-Z'	top1	none	3	num	pre-specified descriptive	AURORA	site-specific	top-1 accuracy	evaluation	AURORA (auxiliary confirmation run, per cohort), site-specific, top-1 accuracy, evaluation set		
s7_aurora_sc_nrisk	results/stage7/confirm/tables/metrics.tsv	cohort == 'GSE209998' and standard_site == 'all' and method == 'SC-Z'	n_at_risk	none	0	num	pre-specified descriptive	AURORA		n	at risk	AURORA (auxiliary confirmation run, per cohort), n, at risk set		
s7_aurora_sc_host	results/stage7/confirm/tables/metrics.tsv	cohort == 'GSE209998' and standard_site == 'all' and method == 'SC-Z'	host_rate	none	3	num	pre-specified descriptive	AURORA	site-specific	host-attraction rate	at risk	AURORA (auxiliary confirmation run, per cohort), site-specific, host-attraction rate, at risk set		
s7_aurora_sc_nnative	results/stage7/confirm/tables/metrics.tsv	cohort == 'GSE209998' and standard_site == 'all' and method == 'SC-Z'	n_native_truth	none	0	num	pre-specified descriptive	AURORA		n	native truth	AURORA (auxiliary confirmation run, per cohort), n, native truth set		
s7_aurora_sc_native	results/stage7/confirm/tables/metrics.tsv	cohort == 'GSE209998' and standard_site == 'all' and method == 'SC-Z'	native_truth_top1	none	3	num	pre-specified descriptive	AURORA	site-specific	top-1 accuracy	native truth	AURORA (auxiliary confirmation run, per cohort), site-specific, top-1 accuracy, native truth set		
s7_aurora_ld_n	results/stage7/confirm/tables/metrics.tsv	cohort == 'GSE209998' and standard_site == 'all' and method == 'LD-Z'	n	none	0	num	pre-specified descriptive	AURORA		n	evaluation	AURORA (auxiliary confirmation run, per cohort), n, evaluation set		
s7_aurora_ld_top1	results/stage7/confirm/tables/metrics.tsv	cohort == 'GSE209998' and standard_site == 'all' and method == 'LD-Z'	top1	none	3	num	pre-specified descriptive	AURORA	deconvolution	top-1 accuracy	evaluation	AURORA (auxiliary confirmation run, per cohort), deconvolution, top-1 accuracy, evaluation set		
s7_aurora_ld_nrisk	results/stage7/confirm/tables/metrics.tsv	cohort == 'GSE209998' and standard_site == 'all' and method == 'LD-Z'	n_at_risk	none	0	num	pre-specified descriptive	AURORA		n	at risk	AURORA (auxiliary confirmation run, per cohort), n, at risk set		
s7_aurora_ld_host	results/stage7/confirm/tables/metrics.tsv	cohort == 'GSE209998' and standard_site == 'all' and method == 'LD-Z'	host_rate	none	3	num	pre-specified descriptive	AURORA	deconvolution	host-attraction rate	at risk	AURORA (auxiliary confirmation run, per cohort), deconvolution, host-attraction rate, at risk set		
s7_aurora_ld_nnative	results/stage7/confirm/tables/metrics.tsv	cohort == 'GSE209998' and standard_site == 'all' and method == 'LD-Z'	n_native_truth	none	0	num	pre-specified descriptive	AURORA		n	native truth	AURORA (auxiliary confirmation run, per cohort), n, native truth set		
s7_aurora_ld_native	results/stage7/confirm/tables/metrics.tsv	cohort == 'GSE209998' and standard_site == 'all' and method == 'LD-Z'	native_truth_top1	none	3	num	pre-specified descriptive	AURORA	deconvolution	top-1 accuracy	native truth	AURORA (auxiliary confirmation run, per cohort), deconvolution, top-1 accuracy, native truth set		
s7_aurora_nc_n	results/stage7/confirm/tables/metrics.tsv	cohort == 'GSE209998' and standard_site == 'all' and method == 'NC-Z'	n	none	0	num	pre-specified descriptive	AURORA		n	evaluation	AURORA (auxiliary confirmation run, per cohort), n, evaluation set		
s7_aurora_nc_top1	results/stage7/confirm/tables/metrics.tsv	cohort == 'GSE209998' and standard_site == 'all' and method == 'NC-Z'	top1	none	3	num	pre-specified descriptive	AURORA	normal classes	top-1 accuracy	evaluation	AURORA (auxiliary confirmation run, per cohort), normal classes, top-1 accuracy, evaluation set		
s7_aurora_nc_nrisk	results/stage7/confirm/tables/metrics.tsv	cohort == 'GSE209998' and standard_site == 'all' and method == 'NC-Z'	n_at_risk	none	0	num	pre-specified descriptive	AURORA		n	at risk	AURORA (auxiliary confirmation run, per cohort), n, at risk set		
s7_aurora_nc_host	results/stage7/confirm/tables/metrics.tsv	cohort == 'GSE209998' and standard_site == 'all' and method == 'NC-Z'	host_rate	none	3	num	pre-specified descriptive	AURORA	normal classes	host-attraction rate	at risk	AURORA (auxiliary confirmation run, per cohort), normal classes, host-attraction rate, at risk set		
s7_aurora_nc_nnative	results/stage7/confirm/tables/metrics.tsv	cohort == 'GSE209998' and standard_site == 'all' and method == 'NC-Z'	n_native_truth	none	0	num	pre-specified descriptive	AURORA		n	native truth	AURORA (auxiliary confirmation run, per cohort), n, native truth set		
s7_aurora_nc_native	results/stage7/confirm/tables/metrics.tsv	cohort == 'GSE209998' and standard_site == 'all' and method == 'NC-Z'	native_truth_top1	none	3	num	pre-specified descriptive	AURORA	normal classes	top-1 accuracy	native truth	AURORA (auxiliary confirmation run, per cohort), normal classes, top-1 accuracy, native truth set		
s7_aurora_m1_n	results/stage7/confirm/tables/metrics.tsv	cohort == 'GSE209998' and standard_site == 'all' and method == 'M1-Z'	n	none	0	num	pre-specified descriptive	AURORA		n	evaluation	AURORA (auxiliary confirmation run, per cohort), n, evaluation set		
s7_aurora_m1_top1	results/stage7/confirm/tables/metrics.tsv	cohort == 'GSE209998' and standard_site == 'all' and method == 'M1-Z'	top1	none	3	num	pre-specified descriptive	AURORA	masking	top-1 accuracy	evaluation	AURORA (auxiliary confirmation run, per cohort), masking, top-1 accuracy, evaluation set		
s7_aurora_m1_nrisk	results/stage7/confirm/tables/metrics.tsv	cohort == 'GSE209998' and standard_site == 'all' and method == 'M1-Z'	n_at_risk	none	0	num	pre-specified descriptive	AURORA		n	at risk	AURORA (auxiliary confirmation run, per cohort), n, at risk set		
s7_aurora_m1_host	results/stage7/confirm/tables/metrics.tsv	cohort == 'GSE209998' and standard_site == 'all' and method == 'M1-Z'	host_rate	none	3	num	pre-specified descriptive	AURORA	masking	host-attraction rate	at risk	AURORA (auxiliary confirmation run, per cohort), masking, host-attraction rate, at risk set		
s7_aurora_m1_nnative	results/stage7/confirm/tables/metrics.tsv	cohort == 'GSE209998' and standard_site == 'all' and method == 'M1-Z'	n_native_truth	none	0	num	pre-specified descriptive	AURORA		n	native truth	AURORA (auxiliary confirmation run, per cohort), n, native truth set		
s7_aurora_m1_native	results/stage7/confirm/tables/metrics.tsv	cohort == 'GSE209998' and standard_site == 'all' and method == 'M1-Z'	native_truth_top1	none	3	num	pre-specified descriptive	AURORA	masking	top-1 accuracy	native truth	AURORA (auxiliary confirmation run, per cohort), masking, top-1 accuracy, native truth set		
s7_aurora_basek_n	results/stage7/confirm/tables/metrics.tsv	cohort == 'GSE209998' and standard_site == 'all' and method == 'BASE-K'	n	none	0	num	pre-specified descriptive	AURORA		n	evaluation	AURORA (auxiliary confirmation run, per cohort), n, evaluation set		
s7_aurora_basek_top1	results/stage7/confirm/tables/metrics.tsv	cohort == 'GSE209998' and standard_site == 'all' and method == 'BASE-K'	top1	none	3	num	pre-specified descriptive	AURORA	gene sets	top-1 accuracy	evaluation	AURORA (auxiliary confirmation run, per cohort), gene sets, top-1 accuracy, evaluation set		
s7_aurora_basek_nrisk	results/stage7/confirm/tables/metrics.tsv	cohort == 'GSE209998' and standard_site == 'all' and method == 'BASE-K'	n_at_risk	none	0	num	pre-specified descriptive	AURORA		n	at risk	AURORA (auxiliary confirmation run, per cohort), n, at risk set		
s7_aurora_basek_host	results/stage7/confirm/tables/metrics.tsv	cohort == 'GSE209998' and standard_site == 'all' and method == 'BASE-K'	host_rate	none	3	num	pre-specified descriptive	AURORA	gene sets	host-attraction rate	at risk	AURORA (auxiliary confirmation run, per cohort), gene sets, host-attraction rate, at risk set		
s7_aurora_basek_nnative	results/stage7/confirm/tables/metrics.tsv	cohort == 'GSE209998' and standard_site == 'all' and method == 'BASE-K'	n_native_truth	none	0	num	pre-specified descriptive	AURORA		n	native truth	AURORA (auxiliary confirmation run, per cohort), n, native truth set		
s7_aurora_basek_native	results/stage7/confirm/tables/metrics.tsv	cohort == 'GSE209998' and standard_site == 'all' and method == 'BASE-K'	native_truth_top1	none	3	num	pre-specified descriptive	AURORA	gene sets	top-1 accuracy	native truth	AURORA (auxiliary confirmation run, per cohort), gene sets, top-1 accuracy, native truth set		
s7_aurora_sak_n	results/stage7/confirm/tables/metrics.tsv	cohort == 'GSE209998' and standard_site == 'all' and method == 'SA-K'	n	none	0	num	pre-specified descriptive	AURORA		n	evaluation	AURORA (auxiliary confirmation run, per cohort), n, evaluation set		
s7_aurora_sak_top1	results/stage7/confirm/tables/metrics.tsv	cohort == 'GSE209998' and standard_site == 'all' and method == 'SA-K'	top1	none	3	num	pre-specified descriptive	AURORA	gene sets	top-1 accuracy	evaluation	AURORA (auxiliary confirmation run, per cohort), gene sets, top-1 accuracy, evaluation set		
s7_aurora_sak_nrisk	results/stage7/confirm/tables/metrics.tsv	cohort == 'GSE209998' and standard_site == 'all' and method == 'SA-K'	n_at_risk	none	0	num	pre-specified descriptive	AURORA		n	at risk	AURORA (auxiliary confirmation run, per cohort), n, at risk set		
s7_aurora_sak_host	results/stage7/confirm/tables/metrics.tsv	cohort == 'GSE209998' and standard_site == 'all' and method == 'SA-K'	host_rate	none	3	num	pre-specified descriptive	AURORA	gene sets	host-attraction rate	at risk	AURORA (auxiliary confirmation run, per cohort), gene sets, host-attraction rate, at risk set		
s7_aurora_sak_nnative	results/stage7/confirm/tables/metrics.tsv	cohort == 'GSE209998' and standard_site == 'all' and method == 'SA-K'	n_native_truth	none	0	num	pre-specified descriptive	AURORA		n	native truth	AURORA (auxiliary confirmation run, per cohort), n, native truth set		
s7_aurora_sak_native	results/stage7/confirm/tables/metrics.tsv	cohort == 'GSE209998' and standard_site == 'all' and method == 'SA-K'	native_truth_top1	none	3	num	pre-specified descriptive	AURORA	gene sets	top-1 accuracy	native truth	AURORA (auxiliary confirmation run, per cohort), gene sets, top-1 accuracy, native truth set		
s7_aurora_v0k_n	results/stage7/confirm/tables/metrics.tsv	cohort == 'GSE209998' and standard_site == 'all' and method == 'V0-K'	n	none	0	num	pre-specified descriptive	AURORA		n	evaluation	AURORA (auxiliary confirmation run, per cohort), n, evaluation set		
s7_aurora_v0k_top1	results/stage7/confirm/tables/metrics.tsv	cohort == 'GSE209998' and standard_site == 'all' and method == 'V0-K'	top1	none	3	num	pre-specified descriptive	AURORA	gene sets	top-1 accuracy	evaluation	AURORA (auxiliary confirmation run, per cohort), gene sets, top-1 accuracy, evaluation set		
s7_aurora_v0k_nrisk	results/stage7/confirm/tables/metrics.tsv	cohort == 'GSE209998' and standard_site == 'all' and method == 'V0-K'	n_at_risk	none	0	num	pre-specified descriptive	AURORA		n	at risk	AURORA (auxiliary confirmation run, per cohort), n, at risk set		
s7_aurora_v0k_host	results/stage7/confirm/tables/metrics.tsv	cohort == 'GSE209998' and standard_site == 'all' and method == 'V0-K'	host_rate	none	3	num	pre-specified descriptive	AURORA	gene sets	host-attraction rate	at risk	AURORA (auxiliary confirmation run, per cohort), gene sets, host-attraction rate, at risk set		
s7_aurora_v0k_nnative	results/stage7/confirm/tables/metrics.tsv	cohort == 'GSE209998' and standard_site == 'all' and method == 'V0-K'	n_native_truth	none	0	num	pre-specified descriptive	AURORA		n	native truth	AURORA (auxiliary confirmation run, per cohort), n, native truth set		
s7_aurora_v0k_native	results/stage7/confirm/tables/metrics.tsv	cohort == 'GSE209998' and standard_site == 'all' and method == 'V0-K'	native_truth_top1	none	3	num	pre-specified descriptive	AURORA	gene sets	top-1 accuracy	native truth	AURORA (auxiliary confirmation run, per cohort), gene sets, top-1 accuracy, native truth set		
s7_aurora_samlp_n	results/stage7/confirm/tables/metrics.tsv	cohort == 'GSE209998' and standard_site == 'all' and method == 'SA-MLP'	n	none	0	num	pre-specified descriptive	AURORA		n	evaluation	AURORA (auxiliary confirmation run, per cohort), n, evaluation set		
s7_aurora_samlp_top1	results/stage7/confirm/tables/metrics.tsv	cohort == 'GSE209998' and standard_site == 'all' and method == 'SA-MLP'	top1	none	3	num	pre-specified descriptive	AURORA	perceptron	top-1 accuracy	evaluation	AURORA (auxiliary confirmation run, per cohort), perceptron, top-1 accuracy, evaluation set		
s7_aurora_samlp_nrisk	results/stage7/confirm/tables/metrics.tsv	cohort == 'GSE209998' and standard_site == 'all' and method == 'SA-MLP'	n_at_risk	none	0	num	pre-specified descriptive	AURORA		n	at risk	AURORA (auxiliary confirmation run, per cohort), n, at risk set		
s7_aurora_samlp_host	results/stage7/confirm/tables/metrics.tsv	cohort == 'GSE209998' and standard_site == 'all' and method == 'SA-MLP'	host_rate	none	3	num	pre-specified descriptive	AURORA	perceptron	host-attraction rate	at risk	AURORA (auxiliary confirmation run, per cohort), perceptron, host-attraction rate, at risk set		
s7_aurora_samlp_nnative	results/stage7/confirm/tables/metrics.tsv	cohort == 'GSE209998' and standard_site == 'all' and method == 'SA-MLP'	n_native_truth	none	0	num	pre-specified descriptive	AURORA		n	native truth	AURORA (auxiliary confirmation run, per cohort), n, native truth set		
s7_aurora_samlp_native	results/stage7/confirm/tables/metrics.tsv	cohort == 'GSE209998' and standard_site == 'all' and method == 'SA-MLP'	native_truth_top1	none	3	num	pre-specified descriptive	AURORA	perceptron	top-1 accuracy	native truth	AURORA (auxiliary confirmation run, per cohort), perceptron, top-1 accuracy, native truth set		
s7_gse41258_base_n	results/stage7/confirm/tables/metrics.tsv	cohort == 'GSE41258' and standard_site == 'all' and method == 'BASE-Z'	n	none	0	num	pre-specified descriptive	GSE41258		n	evaluation	GSE41258 (auxiliary confirmation run, per cohort), n, evaluation set		
s7_gse41258_base_top1	results/stage7/confirm/tables/metrics.tsv	cohort == 'GSE41258' and standard_site == 'all' and method == 'BASE-Z'	top1	none	3	num	pre-specified descriptive	GSE41258	baseline	top-1 accuracy	evaluation	GSE41258 (auxiliary confirmation run, per cohort), baseline, top-1 accuracy, evaluation set		
s7_gse41258_base_nrisk	results/stage7/confirm/tables/metrics.tsv	cohort == 'GSE41258' and standard_site == 'all' and method == 'BASE-Z'	n_at_risk	none	0	num	pre-specified descriptive	GSE41258		n	at risk	GSE41258 (auxiliary confirmation run, per cohort), n, at risk set		
s7_gse41258_base_host	results/stage7/confirm/tables/metrics.tsv	cohort == 'GSE41258' and standard_site == 'all' and method == 'BASE-Z'	host_rate	none	3	num	pre-specified descriptive	GSE41258	baseline	host-attraction rate	at risk	GSE41258 (auxiliary confirmation run, per cohort), baseline, host-attraction rate, at risk set		
s7_gse41258_base_nnative	results/stage7/confirm/tables/metrics.tsv	cohort == 'GSE41258' and standard_site == 'all' and method == 'BASE-Z'	n_native_truth	none	0	num	pre-specified descriptive	GSE41258		n	native truth	GSE41258 (auxiliary confirmation run, per cohort), n, native truth set		
s7_gse41258_base_native	results/stage7/confirm/tables/metrics.tsv	cohort == 'GSE41258' and standard_site == 'all' and method == 'BASE-Z'	native_truth_top1	none	3	num	pre-specified descriptive	GSE41258	baseline	top-1 accuracy	native truth	GSE41258 (auxiliary confirmation run, per cohort), baseline, top-1 accuracy, native truth set		
s7_gse41258_sa_n	results/stage7/confirm/tables/metrics.tsv	cohort == 'GSE41258' and standard_site == 'all' and method == 'SA-Z'	n	none	0	num	pre-specified descriptive	GSE41258		n	evaluation	GSE41258 (auxiliary confirmation run, per cohort), n, evaluation set		
s7_gse41258_sa_top1	results/stage7/confirm/tables/metrics.tsv	cohort == 'GSE41258' and standard_site == 'all' and method == 'SA-Z'	top1	none	3	num	pre-specified descriptive	GSE41258	HostMix-TOO	top-1 accuracy	evaluation	GSE41258 (auxiliary confirmation run, per cohort), HostMix-TOO, top-1 accuracy, evaluation set		
s7_gse41258_sa_nrisk	results/stage7/confirm/tables/metrics.tsv	cohort == 'GSE41258' and standard_site == 'all' and method == 'SA-Z'	n_at_risk	none	0	num	pre-specified descriptive	GSE41258		n	at risk	GSE41258 (auxiliary confirmation run, per cohort), n, at risk set		
s7_gse41258_sa_host	results/stage7/confirm/tables/metrics.tsv	cohort == 'GSE41258' and standard_site == 'all' and method == 'SA-Z'	host_rate	none	3	num	pre-specified descriptive	GSE41258	HostMix-TOO	host-attraction rate	at risk	GSE41258 (auxiliary confirmation run, per cohort), HostMix-TOO, host-attraction rate, at risk set		
s7_gse41258_sa_nnative	results/stage7/confirm/tables/metrics.tsv	cohort == 'GSE41258' and standard_site == 'all' and method == 'SA-Z'	n_native_truth	none	0	num	pre-specified descriptive	GSE41258		n	native truth	GSE41258 (auxiliary confirmation run, per cohort), n, native truth set		
s7_gse41258_sa_native	results/stage7/confirm/tables/metrics.tsv	cohort == 'GSE41258' and standard_site == 'all' and method == 'SA-Z'	native_truth_top1	none	3	num	pre-specified descriptive	GSE41258	HostMix-TOO	top-1 accuracy	native truth	GSE41258 (auxiliary confirmation run, per cohort), HostMix-TOO, top-1 accuracy, native truth set		
s7_gse41258_gated_n	results/stage7/confirm/tables/metrics.tsv	cohort == 'GSE41258' and standard_site == 'all' and method == 'SA-G'	n	none	0	num	pre-specified descriptive	GSE41258		n	evaluation	GSE41258 (auxiliary confirmation run, per cohort), n, evaluation set		
s7_gse41258_gated_top1	results/stage7/confirm/tables/metrics.tsv	cohort == 'GSE41258' and standard_site == 'all' and method == 'SA-G'	top1	none	3	num	pre-specified descriptive	GSE41258	gated	top-1 accuracy	evaluation	GSE41258 (auxiliary confirmation run, per cohort), gated, top-1 accuracy, evaluation set		
s7_gse41258_gated_nrisk	results/stage7/confirm/tables/metrics.tsv	cohort == 'GSE41258' and standard_site == 'all' and method == 'SA-G'	n_at_risk	none	0	num	pre-specified descriptive	GSE41258		n	at risk	GSE41258 (auxiliary confirmation run, per cohort), n, at risk set		
s7_gse41258_gated_host	results/stage7/confirm/tables/metrics.tsv	cohort == 'GSE41258' and standard_site == 'all' and method == 'SA-G'	host_rate	none	3	num	pre-specified descriptive	GSE41258	gated	host-attraction rate	at risk	GSE41258 (auxiliary confirmation run, per cohort), gated, host-attraction rate, at risk set		
s7_gse41258_gated_nnative	results/stage7/confirm/tables/metrics.tsv	cohort == 'GSE41258' and standard_site == 'all' and method == 'SA-G'	n_native_truth	none	0	num	pre-specified descriptive	GSE41258		n	native truth	GSE41258 (auxiliary confirmation run, per cohort), n, native truth set		
s7_gse41258_gated_native	results/stage7/confirm/tables/metrics.tsv	cohort == 'GSE41258' and standard_site == 'all' and method == 'SA-G'	native_truth_top1	none	3	num	pre-specified descriptive	GSE41258	gated	top-1 accuracy	native truth	GSE41258 (auxiliary confirmation run, per cohort), gated, top-1 accuracy, native truth set		
s7_gse41258_pool22_n	results/stage7/confirm/tables/metrics.tsv	cohort == 'GSE41258' and standard_site == 'all' and method == 'SA-pool22'	n	none	0	num	pre-specified descriptive	GSE41258		n	evaluation	GSE41258 (auxiliary confirmation run, per cohort), n, evaluation set		
s7_gse41258_pool22_top1	results/stage7/confirm/tables/metrics.tsv	cohort == 'GSE41258' and standard_site == 'all' and method == 'SA-pool22'	top1	none	3	num	pre-specified descriptive	GSE41258	22-tissue	top-1 accuracy	evaluation	GSE41258 (auxiliary confirmation run, per cohort), 22-tissue, top-1 accuracy, evaluation set		
s7_gse41258_pool22_nrisk	results/stage7/confirm/tables/metrics.tsv	cohort == 'GSE41258' and standard_site == 'all' and method == 'SA-pool22'	n_at_risk	none	0	num	pre-specified descriptive	GSE41258		n	at risk	GSE41258 (auxiliary confirmation run, per cohort), n, at risk set		
s7_gse41258_pool22_host	results/stage7/confirm/tables/metrics.tsv	cohort == 'GSE41258' and standard_site == 'all' and method == 'SA-pool22'	host_rate	none	3	num	pre-specified descriptive	GSE41258	22-tissue	host-attraction rate	at risk	GSE41258 (auxiliary confirmation run, per cohort), 22-tissue, host-attraction rate, at risk set		
s7_gse41258_pool22_nnative	results/stage7/confirm/tables/metrics.tsv	cohort == 'GSE41258' and standard_site == 'all' and method == 'SA-pool22'	n_native_truth	none	0	num	pre-specified descriptive	GSE41258		n	native truth	GSE41258 (auxiliary confirmation run, per cohort), n, native truth set		
s7_gse41258_pool22_native	results/stage7/confirm/tables/metrics.tsv	cohort == 'GSE41258' and standard_site == 'all' and method == 'SA-pool22'	native_truth_top1	none	3	num	pre-specified descriptive	GSE41258	22-tissue	top-1 accuracy	native truth	GSE41258 (auxiliary confirmation run, per cohort), 22-tissue, top-1 accuracy, native truth set		
s7_gse41258_sc_n	results/stage7/confirm/tables/metrics.tsv	cohort == 'GSE41258' and standard_site == 'all' and method == 'SC-Z'	n	none	0	num	pre-specified descriptive	GSE41258		n	evaluation	GSE41258 (auxiliary confirmation run, per cohort), n, evaluation set		
s7_gse41258_sc_top1	results/stage7/confirm/tables/metrics.tsv	cohort == 'GSE41258' and standard_site == 'all' and method == 'SC-Z'	top1	none	3	num	pre-specified descriptive	GSE41258	site-specific	top-1 accuracy	evaluation	GSE41258 (auxiliary confirmation run, per cohort), site-specific, top-1 accuracy, evaluation set		
s7_gse41258_sc_nrisk	results/stage7/confirm/tables/metrics.tsv	cohort == 'GSE41258' and standard_site == 'all' and method == 'SC-Z'	n_at_risk	none	0	num	pre-specified descriptive	GSE41258		n	at risk	GSE41258 (auxiliary confirmation run, per cohort), n, at risk set		
s7_gse41258_sc_host	results/stage7/confirm/tables/metrics.tsv	cohort == 'GSE41258' and standard_site == 'all' and method == 'SC-Z'	host_rate	none	3	num	pre-specified descriptive	GSE41258	site-specific	host-attraction rate	at risk	GSE41258 (auxiliary confirmation run, per cohort), site-specific, host-attraction rate, at risk set		
s7_gse41258_sc_nnative	results/stage7/confirm/tables/metrics.tsv	cohort == 'GSE41258' and standard_site == 'all' and method == 'SC-Z'	n_native_truth	none	0	num	pre-specified descriptive	GSE41258		n	native truth	GSE41258 (auxiliary confirmation run, per cohort), n, native truth set		
s7_gse41258_sc_native	results/stage7/confirm/tables/metrics.tsv	cohort == 'GSE41258' and standard_site == 'all' and method == 'SC-Z'	native_truth_top1	none	3	num	pre-specified descriptive	GSE41258	site-specific	top-1 accuracy	native truth	GSE41258 (auxiliary confirmation run, per cohort), site-specific, top-1 accuracy, native truth set		
s7_gse41258_ld_n	results/stage7/confirm/tables/metrics.tsv	cohort == 'GSE41258' and standard_site == 'all' and method == 'LD-Z'	n	none	0	num	pre-specified descriptive	GSE41258		n	evaluation	GSE41258 (auxiliary confirmation run, per cohort), n, evaluation set		
s7_gse41258_ld_top1	results/stage7/confirm/tables/metrics.tsv	cohort == 'GSE41258' and standard_site == 'all' and method == 'LD-Z'	top1	none	3	num	pre-specified descriptive	GSE41258	deconvolution	top-1 accuracy	evaluation	GSE41258 (auxiliary confirmation run, per cohort), deconvolution, top-1 accuracy, evaluation set		
s7_gse41258_ld_nrisk	results/stage7/confirm/tables/metrics.tsv	cohort == 'GSE41258' and standard_site == 'all' and method == 'LD-Z'	n_at_risk	none	0	num	pre-specified descriptive	GSE41258		n	at risk	GSE41258 (auxiliary confirmation run, per cohort), n, at risk set		
s7_gse41258_ld_host	results/stage7/confirm/tables/metrics.tsv	cohort == 'GSE41258' and standard_site == 'all' and method == 'LD-Z'	host_rate	none	3	num	pre-specified descriptive	GSE41258	deconvolution	host-attraction rate	at risk	GSE41258 (auxiliary confirmation run, per cohort), deconvolution, host-attraction rate, at risk set		
s7_gse41258_ld_nnative	results/stage7/confirm/tables/metrics.tsv	cohort == 'GSE41258' and standard_site == 'all' and method == 'LD-Z'	n_native_truth	none	0	num	pre-specified descriptive	GSE41258		n	native truth	GSE41258 (auxiliary confirmation run, per cohort), n, native truth set		
s7_gse41258_ld_native	results/stage7/confirm/tables/metrics.tsv	cohort == 'GSE41258' and standard_site == 'all' and method == 'LD-Z'	native_truth_top1	none	3	num	pre-specified descriptive	GSE41258	deconvolution	top-1 accuracy	native truth	GSE41258 (auxiliary confirmation run, per cohort), deconvolution, top-1 accuracy, native truth set		
s7_gse41258_nc_n	results/stage7/confirm/tables/metrics.tsv	cohort == 'GSE41258' and standard_site == 'all' and method == 'NC-Z'	n	none	0	num	pre-specified descriptive	GSE41258		n	evaluation	GSE41258 (auxiliary confirmation run, per cohort), n, evaluation set		
s7_gse41258_nc_top1	results/stage7/confirm/tables/metrics.tsv	cohort == 'GSE41258' and standard_site == 'all' and method == 'NC-Z'	top1	none	3	num	pre-specified descriptive	GSE41258	normal classes	top-1 accuracy	evaluation	GSE41258 (auxiliary confirmation run, per cohort), normal classes, top-1 accuracy, evaluation set		
s7_gse41258_nc_nrisk	results/stage7/confirm/tables/metrics.tsv	cohort == 'GSE41258' and standard_site == 'all' and method == 'NC-Z'	n_at_risk	none	0	num	pre-specified descriptive	GSE41258		n	at risk	GSE41258 (auxiliary confirmation run, per cohort), n, at risk set		
s7_gse41258_nc_host	results/stage7/confirm/tables/metrics.tsv	cohort == 'GSE41258' and standard_site == 'all' and method == 'NC-Z'	host_rate	none	3	num	pre-specified descriptive	GSE41258	normal classes	host-attraction rate	at risk	GSE41258 (auxiliary confirmation run, per cohort), normal classes, host-attraction rate, at risk set		
s7_gse41258_nc_nnative	results/stage7/confirm/tables/metrics.tsv	cohort == 'GSE41258' and standard_site == 'all' and method == 'NC-Z'	n_native_truth	none	0	num	pre-specified descriptive	GSE41258		n	native truth	GSE41258 (auxiliary confirmation run, per cohort), n, native truth set		
s7_gse41258_nc_native	results/stage7/confirm/tables/metrics.tsv	cohort == 'GSE41258' and standard_site == 'all' and method == 'NC-Z'	native_truth_top1	none	3	num	pre-specified descriptive	GSE41258	normal classes	top-1 accuracy	native truth	GSE41258 (auxiliary confirmation run, per cohort), normal classes, top-1 accuracy, native truth set		
s7_gse41258_m1_n	results/stage7/confirm/tables/metrics.tsv	cohort == 'GSE41258' and standard_site == 'all' and method == 'M1-Z'	n	none	0	num	pre-specified descriptive	GSE41258		n	evaluation	GSE41258 (auxiliary confirmation run, per cohort), n, evaluation set		
s7_gse41258_m1_top1	results/stage7/confirm/tables/metrics.tsv	cohort == 'GSE41258' and standard_site == 'all' and method == 'M1-Z'	top1	none	3	num	pre-specified descriptive	GSE41258	masking	top-1 accuracy	evaluation	GSE41258 (auxiliary confirmation run, per cohort), masking, top-1 accuracy, evaluation set		
s7_gse41258_m1_nrisk	results/stage7/confirm/tables/metrics.tsv	cohort == 'GSE41258' and standard_site == 'all' and method == 'M1-Z'	n_at_risk	none	0	num	pre-specified descriptive	GSE41258		n	at risk	GSE41258 (auxiliary confirmation run, per cohort), n, at risk set		
s7_gse41258_m1_host	results/stage7/confirm/tables/metrics.tsv	cohort == 'GSE41258' and standard_site == 'all' and method == 'M1-Z'	host_rate	none	3	num	pre-specified descriptive	GSE41258	masking	host-attraction rate	at risk	GSE41258 (auxiliary confirmation run, per cohort), masking, host-attraction rate, at risk set		
s7_gse41258_m1_nnative	results/stage7/confirm/tables/metrics.tsv	cohort == 'GSE41258' and standard_site == 'all' and method == 'M1-Z'	n_native_truth	none	0	num	pre-specified descriptive	GSE41258		n	native truth	GSE41258 (auxiliary confirmation run, per cohort), n, native truth set		
s7_gse41258_m1_native	results/stage7/confirm/tables/metrics.tsv	cohort == 'GSE41258' and standard_site == 'all' and method == 'M1-Z'	native_truth_top1	none	3	num	pre-specified descriptive	GSE41258	masking	top-1 accuracy	native truth	GSE41258 (auxiliary confirmation run, per cohort), masking, top-1 accuracy, native truth set		
s7_gse41258_basek_n	results/stage7/confirm/tables/metrics.tsv	cohort == 'GSE41258' and standard_site == 'all' and method == 'BASE-K'	n	none	0	num	pre-specified descriptive	GSE41258		n	evaluation	GSE41258 (auxiliary confirmation run, per cohort), n, evaluation set		
s7_gse41258_basek_top1	results/stage7/confirm/tables/metrics.tsv	cohort == 'GSE41258' and standard_site == 'all' and method == 'BASE-K'	top1	none	3	num	pre-specified descriptive	GSE41258	gene sets	top-1 accuracy	evaluation	GSE41258 (auxiliary confirmation run, per cohort), gene sets, top-1 accuracy, evaluation set		
s7_gse41258_basek_nrisk	results/stage7/confirm/tables/metrics.tsv	cohort == 'GSE41258' and standard_site == 'all' and method == 'BASE-K'	n_at_risk	none	0	num	pre-specified descriptive	GSE41258		n	at risk	GSE41258 (auxiliary confirmation run, per cohort), n, at risk set		
s7_gse41258_basek_host	results/stage7/confirm/tables/metrics.tsv	cohort == 'GSE41258' and standard_site == 'all' and method == 'BASE-K'	host_rate	none	3	num	pre-specified descriptive	GSE41258	gene sets	host-attraction rate	at risk	GSE41258 (auxiliary confirmation run, per cohort), gene sets, host-attraction rate, at risk set		
s7_gse41258_basek_nnative	results/stage7/confirm/tables/metrics.tsv	cohort == 'GSE41258' and standard_site == 'all' and method == 'BASE-K'	n_native_truth	none	0	num	pre-specified descriptive	GSE41258		n	native truth	GSE41258 (auxiliary confirmation run, per cohort), n, native truth set		
s7_gse41258_basek_native	results/stage7/confirm/tables/metrics.tsv	cohort == 'GSE41258' and standard_site == 'all' and method == 'BASE-K'	native_truth_top1	none	3	num	pre-specified descriptive	GSE41258	gene sets	top-1 accuracy	native truth	GSE41258 (auxiliary confirmation run, per cohort), gene sets, top-1 accuracy, native truth set		
s7_gse41258_sak_n	results/stage7/confirm/tables/metrics.tsv	cohort == 'GSE41258' and standard_site == 'all' and method == 'SA-K'	n	none	0	num	pre-specified descriptive	GSE41258		n	evaluation	GSE41258 (auxiliary confirmation run, per cohort), n, evaluation set		
s7_gse41258_sak_top1	results/stage7/confirm/tables/metrics.tsv	cohort == 'GSE41258' and standard_site == 'all' and method == 'SA-K'	top1	none	3	num	pre-specified descriptive	GSE41258	gene sets	top-1 accuracy	evaluation	GSE41258 (auxiliary confirmation run, per cohort), gene sets, top-1 accuracy, evaluation set		
s7_gse41258_sak_nrisk	results/stage7/confirm/tables/metrics.tsv	cohort == 'GSE41258' and standard_site == 'all' and method == 'SA-K'	n_at_risk	none	0	num	pre-specified descriptive	GSE41258		n	at risk	GSE41258 (auxiliary confirmation run, per cohort), n, at risk set		
s7_gse41258_sak_host	results/stage7/confirm/tables/metrics.tsv	cohort == 'GSE41258' and standard_site == 'all' and method == 'SA-K'	host_rate	none	3	num	pre-specified descriptive	GSE41258	gene sets	host-attraction rate	at risk	GSE41258 (auxiliary confirmation run, per cohort), gene sets, host-attraction rate, at risk set		
s7_gse41258_sak_nnative	results/stage7/confirm/tables/metrics.tsv	cohort == 'GSE41258' and standard_site == 'all' and method == 'SA-K'	n_native_truth	none	0	num	pre-specified descriptive	GSE41258		n	native truth	GSE41258 (auxiliary confirmation run, per cohort), n, native truth set		
s7_gse41258_sak_native	results/stage7/confirm/tables/metrics.tsv	cohort == 'GSE41258' and standard_site == 'all' and method == 'SA-K'	native_truth_top1	none	3	num	pre-specified descriptive	GSE41258	gene sets	top-1 accuracy	native truth	GSE41258 (auxiliary confirmation run, per cohort), gene sets, top-1 accuracy, native truth set		
s7_gse41258_v0k_n	results/stage7/confirm/tables/metrics.tsv	cohort == 'GSE41258' and standard_site == 'all' and method == 'V0-K'	n	none	0	num	pre-specified descriptive	GSE41258		n	evaluation	GSE41258 (auxiliary confirmation run, per cohort), n, evaluation set		
s7_gse41258_v0k_top1	results/stage7/confirm/tables/metrics.tsv	cohort == 'GSE41258' and standard_site == 'all' and method == 'V0-K'	top1	none	3	num	pre-specified descriptive	GSE41258	gene sets	top-1 accuracy	evaluation	GSE41258 (auxiliary confirmation run, per cohort), gene sets, top-1 accuracy, evaluation set		
s7_gse41258_v0k_nrisk	results/stage7/confirm/tables/metrics.tsv	cohort == 'GSE41258' and standard_site == 'all' and method == 'V0-K'	n_at_risk	none	0	num	pre-specified descriptive	GSE41258		n	at risk	GSE41258 (auxiliary confirmation run, per cohort), n, at risk set		
s7_gse41258_v0k_host	results/stage7/confirm/tables/metrics.tsv	cohort == 'GSE41258' and standard_site == 'all' and method == 'V0-K'	host_rate	none	3	num	pre-specified descriptive	GSE41258	gene sets	host-attraction rate	at risk	GSE41258 (auxiliary confirmation run, per cohort), gene sets, host-attraction rate, at risk set		
s7_gse41258_v0k_nnative	results/stage7/confirm/tables/metrics.tsv	cohort == 'GSE41258' and standard_site == 'all' and method == 'V0-K'	n_native_truth	none	0	num	pre-specified descriptive	GSE41258		n	native truth	GSE41258 (auxiliary confirmation run, per cohort), n, native truth set		
s7_gse41258_v0k_native	results/stage7/confirm/tables/metrics.tsv	cohort == 'GSE41258' and standard_site == 'all' and method == 'V0-K'	native_truth_top1	none	3	num	pre-specified descriptive	GSE41258	gene sets	top-1 accuracy	native truth	GSE41258 (auxiliary confirmation run, per cohort), gene sets, top-1 accuracy, native truth set		
s7_gse41258_samlp_n	results/stage7/confirm/tables/metrics.tsv	cohort == 'GSE41258' and standard_site == 'all' and method == 'SA-MLP'	n	none	0	num	pre-specified descriptive	GSE41258		n	evaluation	GSE41258 (auxiliary confirmation run, per cohort), n, evaluation set		
s7_gse41258_samlp_top1	results/stage7/confirm/tables/metrics.tsv	cohort == 'GSE41258' and standard_site == 'all' and method == 'SA-MLP'	top1	none	3	num	pre-specified descriptive	GSE41258	perceptron	top-1 accuracy	evaluation	GSE41258 (auxiliary confirmation run, per cohort), perceptron, top-1 accuracy, evaluation set		
s7_gse41258_samlp_nrisk	results/stage7/confirm/tables/metrics.tsv	cohort == 'GSE41258' and standard_site == 'all' and method == 'SA-MLP'	n_at_risk	none	0	num	pre-specified descriptive	GSE41258		n	at risk	GSE41258 (auxiliary confirmation run, per cohort), n, at risk set		
s7_gse41258_samlp_host	results/stage7/confirm/tables/metrics.tsv	cohort == 'GSE41258' and standard_site == 'all' and method == 'SA-MLP'	host_rate	none	3	num	pre-specified descriptive	GSE41258	perceptron	host-attraction rate	at risk	GSE41258 (auxiliary confirmation run, per cohort), perceptron, host-attraction rate, at risk set		
s7_gse41258_samlp_nnative	results/stage7/confirm/tables/metrics.tsv	cohort == 'GSE41258' and standard_site == 'all' and method == 'SA-MLP'	n_native_truth	none	0	num	pre-specified descriptive	GSE41258		n	native truth	GSE41258 (auxiliary confirmation run, per cohort), n, native truth set		
s7_gse41258_samlp_native	results/stage7/confirm/tables/metrics.tsv	cohort == 'GSE41258' and standard_site == 'all' and method == 'SA-MLP'	native_truth_top1	none	3	num	pre-specified descriptive	GSE41258	perceptron	top-1 accuracy	native truth	GSE41258 (auxiliary confirmation run, per cohort), perceptron, top-1 accuracy, native truth set		
s7_gse14018_base_n	results/stage7/confirm/tables/metrics.tsv	cohort == 'GSE14018' and standard_site == 'all' and method == 'BASE-Z'	n	none	0	num	pre-specified descriptive	GSE14018		n	evaluation	GSE14018 (auxiliary confirmation run, per cohort), n, evaluation set		
s7_gse14018_base_top1	results/stage7/confirm/tables/metrics.tsv	cohort == 'GSE14018' and standard_site == 'all' and method == 'BASE-Z'	top1	none	3	num	pre-specified descriptive	GSE14018	baseline	top-1 accuracy	evaluation	GSE14018 (auxiliary confirmation run, per cohort), baseline, top-1 accuracy, evaluation set		
s7_gse14018_base_nrisk	results/stage7/confirm/tables/metrics.tsv	cohort == 'GSE14018' and standard_site == 'all' and method == 'BASE-Z'	n_at_risk	none	0	num	pre-specified descriptive	GSE14018		n	at risk	GSE14018 (auxiliary confirmation run, per cohort), n, at risk set		
s7_gse14018_base_host	results/stage7/confirm/tables/metrics.tsv	cohort == 'GSE14018' and standard_site == 'all' and method == 'BASE-Z'	host_rate	none	3	num	pre-specified descriptive	GSE14018	baseline	host-attraction rate	at risk	GSE14018 (auxiliary confirmation run, per cohort), baseline, host-attraction rate, at risk set		
s7_gse14018_base_nnative	results/stage7/confirm/tables/metrics.tsv	cohort == 'GSE14018' and standard_site == 'all' and method == 'BASE-Z'	n_native_truth	none	0	num	pre-specified descriptive	GSE14018		n	native truth	GSE14018 (auxiliary confirmation run, per cohort), n, native truth set		
s7_gse14018_sa_n	results/stage7/confirm/tables/metrics.tsv	cohort == 'GSE14018' and standard_site == 'all' and method == 'SA-Z'	n	none	0	num	pre-specified descriptive	GSE14018		n	evaluation	GSE14018 (auxiliary confirmation run, per cohort), n, evaluation set		
s7_gse14018_sa_top1	results/stage7/confirm/tables/metrics.tsv	cohort == 'GSE14018' and standard_site == 'all' and method == 'SA-Z'	top1	none	3	num	pre-specified descriptive	GSE14018	HostMix-TOO	top-1 accuracy	evaluation	GSE14018 (auxiliary confirmation run, per cohort), HostMix-TOO, top-1 accuracy, evaluation set		
s7_gse14018_sa_nrisk	results/stage7/confirm/tables/metrics.tsv	cohort == 'GSE14018' and standard_site == 'all' and method == 'SA-Z'	n_at_risk	none	0	num	pre-specified descriptive	GSE14018		n	at risk	GSE14018 (auxiliary confirmation run, per cohort), n, at risk set		
s7_gse14018_sa_host	results/stage7/confirm/tables/metrics.tsv	cohort == 'GSE14018' and standard_site == 'all' and method == 'SA-Z'	host_rate	none	3	num	pre-specified descriptive	GSE14018	HostMix-TOO	host-attraction rate	at risk	GSE14018 (auxiliary confirmation run, per cohort), HostMix-TOO, host-attraction rate, at risk set		
s7_gse14018_sa_nnative	results/stage7/confirm/tables/metrics.tsv	cohort == 'GSE14018' and standard_site == 'all' and method == 'SA-Z'	n_native_truth	none	0	num	pre-specified descriptive	GSE14018		n	native truth	GSE14018 (auxiliary confirmation run, per cohort), n, native truth set		
s7_gse14018_gated_n	results/stage7/confirm/tables/metrics.tsv	cohort == 'GSE14018' and standard_site == 'all' and method == 'SA-G'	n	none	0	num	pre-specified descriptive	GSE14018		n	evaluation	GSE14018 (auxiliary confirmation run, per cohort), n, evaluation set		
s7_gse14018_gated_top1	results/stage7/confirm/tables/metrics.tsv	cohort == 'GSE14018' and standard_site == 'all' and method == 'SA-G'	top1	none	3	num	pre-specified descriptive	GSE14018	gated	top-1 accuracy	evaluation	GSE14018 (auxiliary confirmation run, per cohort), gated, top-1 accuracy, evaluation set		
s7_gse14018_gated_nrisk	results/stage7/confirm/tables/metrics.tsv	cohort == 'GSE14018' and standard_site == 'all' and method == 'SA-G'	n_at_risk	none	0	num	pre-specified descriptive	GSE14018		n	at risk	GSE14018 (auxiliary confirmation run, per cohort), n, at risk set		
s7_gse14018_gated_host	results/stage7/confirm/tables/metrics.tsv	cohort == 'GSE14018' and standard_site == 'all' and method == 'SA-G'	host_rate	none	3	num	pre-specified descriptive	GSE14018	gated	host-attraction rate	at risk	GSE14018 (auxiliary confirmation run, per cohort), gated, host-attraction rate, at risk set		
s7_gse14018_gated_nnative	results/stage7/confirm/tables/metrics.tsv	cohort == 'GSE14018' and standard_site == 'all' and method == 'SA-G'	n_native_truth	none	0	num	pre-specified descriptive	GSE14018		n	native truth	GSE14018 (auxiliary confirmation run, per cohort), n, native truth set		
s7_gse14018_pool22_n	results/stage7/confirm/tables/metrics.tsv	cohort == 'GSE14018' and standard_site == 'all' and method == 'SA-pool22'	n	none	0	num	pre-specified descriptive	GSE14018		n	evaluation	GSE14018 (auxiliary confirmation run, per cohort), n, evaluation set		
s7_gse14018_pool22_top1	results/stage7/confirm/tables/metrics.tsv	cohort == 'GSE14018' and standard_site == 'all' and method == 'SA-pool22'	top1	none	3	num	pre-specified descriptive	GSE14018	22-tissue	top-1 accuracy	evaluation	GSE14018 (auxiliary confirmation run, per cohort), 22-tissue, top-1 accuracy, evaluation set		
s7_gse14018_pool22_nrisk	results/stage7/confirm/tables/metrics.tsv	cohort == 'GSE14018' and standard_site == 'all' and method == 'SA-pool22'	n_at_risk	none	0	num	pre-specified descriptive	GSE14018		n	at risk	GSE14018 (auxiliary confirmation run, per cohort), n, at risk set		
s7_gse14018_pool22_host	results/stage7/confirm/tables/metrics.tsv	cohort == 'GSE14018' and standard_site == 'all' and method == 'SA-pool22'	host_rate	none	3	num	pre-specified descriptive	GSE14018	22-tissue	host-attraction rate	at risk	GSE14018 (auxiliary confirmation run, per cohort), 22-tissue, host-attraction rate, at risk set		
s7_gse14018_pool22_nnative	results/stage7/confirm/tables/metrics.tsv	cohort == 'GSE14018' and standard_site == 'all' and method == 'SA-pool22'	n_native_truth	none	0	num	pre-specified descriptive	GSE14018		n	native truth	GSE14018 (auxiliary confirmation run, per cohort), n, native truth set		
s7_gse14018_sc_n	results/stage7/confirm/tables/metrics.tsv	cohort == 'GSE14018' and standard_site == 'all' and method == 'SC-Z'	n	none	0	num	pre-specified descriptive	GSE14018		n	evaluation	GSE14018 (auxiliary confirmation run, per cohort), n, evaluation set		
s7_gse14018_sc_top1	results/stage7/confirm/tables/metrics.tsv	cohort == 'GSE14018' and standard_site == 'all' and method == 'SC-Z'	top1	none	3	num	pre-specified descriptive	GSE14018	site-specific	top-1 accuracy	evaluation	GSE14018 (auxiliary confirmation run, per cohort), site-specific, top-1 accuracy, evaluation set		
s7_gse14018_sc_nrisk	results/stage7/confirm/tables/metrics.tsv	cohort == 'GSE14018' and standard_site == 'all' and method == 'SC-Z'	n_at_risk	none	0	num	pre-specified descriptive	GSE14018		n	at risk	GSE14018 (auxiliary confirmation run, per cohort), n, at risk set		
s7_gse14018_sc_host	results/stage7/confirm/tables/metrics.tsv	cohort == 'GSE14018' and standard_site == 'all' and method == 'SC-Z'	host_rate	none	3	num	pre-specified descriptive	GSE14018	site-specific	host-attraction rate	at risk	GSE14018 (auxiliary confirmation run, per cohort), site-specific, host-attraction rate, at risk set		
s7_gse14018_sc_nnative	results/stage7/confirm/tables/metrics.tsv	cohort == 'GSE14018' and standard_site == 'all' and method == 'SC-Z'	n_native_truth	none	0	num	pre-specified descriptive	GSE14018		n	native truth	GSE14018 (auxiliary confirmation run, per cohort), n, native truth set		
s7_gse14018_ld_n	results/stage7/confirm/tables/metrics.tsv	cohort == 'GSE14018' and standard_site == 'all' and method == 'LD-Z'	n	none	0	num	pre-specified descriptive	GSE14018		n	evaluation	GSE14018 (auxiliary confirmation run, per cohort), n, evaluation set		
s7_gse14018_ld_top1	results/stage7/confirm/tables/metrics.tsv	cohort == 'GSE14018' and standard_site == 'all' and method == 'LD-Z'	top1	none	3	num	pre-specified descriptive	GSE14018	deconvolution	top-1 accuracy	evaluation	GSE14018 (auxiliary confirmation run, per cohort), deconvolution, top-1 accuracy, evaluation set		
s7_gse14018_ld_nrisk	results/stage7/confirm/tables/metrics.tsv	cohort == 'GSE14018' and standard_site == 'all' and method == 'LD-Z'	n_at_risk	none	0	num	pre-specified descriptive	GSE14018		n	at risk	GSE14018 (auxiliary confirmation run, per cohort), n, at risk set		
s7_gse14018_ld_host	results/stage7/confirm/tables/metrics.tsv	cohort == 'GSE14018' and standard_site == 'all' and method == 'LD-Z'	host_rate	none	3	num	pre-specified descriptive	GSE14018	deconvolution	host-attraction rate	at risk	GSE14018 (auxiliary confirmation run, per cohort), deconvolution, host-attraction rate, at risk set		
s7_gse14018_ld_nnative	results/stage7/confirm/tables/metrics.tsv	cohort == 'GSE14018' and standard_site == 'all' and method == 'LD-Z'	n_native_truth	none	0	num	pre-specified descriptive	GSE14018		n	native truth	GSE14018 (auxiliary confirmation run, per cohort), n, native truth set		
s7_gse14018_nc_n	results/stage7/confirm/tables/metrics.tsv	cohort == 'GSE14018' and standard_site == 'all' and method == 'NC-Z'	n	none	0	num	pre-specified descriptive	GSE14018		n	evaluation	GSE14018 (auxiliary confirmation run, per cohort), n, evaluation set		
s7_gse14018_nc_top1	results/stage7/confirm/tables/metrics.tsv	cohort == 'GSE14018' and standard_site == 'all' and method == 'NC-Z'	top1	none	3	num	pre-specified descriptive	GSE14018	normal classes	top-1 accuracy	evaluation	GSE14018 (auxiliary confirmation run, per cohort), normal classes, top-1 accuracy, evaluation set		
s7_gse14018_nc_nrisk	results/stage7/confirm/tables/metrics.tsv	cohort == 'GSE14018' and standard_site == 'all' and method == 'NC-Z'	n_at_risk	none	0	num	pre-specified descriptive	GSE14018		n	at risk	GSE14018 (auxiliary confirmation run, per cohort), n, at risk set		
s7_gse14018_nc_host	results/stage7/confirm/tables/metrics.tsv	cohort == 'GSE14018' and standard_site == 'all' and method == 'NC-Z'	host_rate	none	3	num	pre-specified descriptive	GSE14018	normal classes	host-attraction rate	at risk	GSE14018 (auxiliary confirmation run, per cohort), normal classes, host-attraction rate, at risk set		
s7_gse14018_nc_nnative	results/stage7/confirm/tables/metrics.tsv	cohort == 'GSE14018' and standard_site == 'all' and method == 'NC-Z'	n_native_truth	none	0	num	pre-specified descriptive	GSE14018		n	native truth	GSE14018 (auxiliary confirmation run, per cohort), n, native truth set		
s7_gse14018_m1_n	results/stage7/confirm/tables/metrics.tsv	cohort == 'GSE14018' and standard_site == 'all' and method == 'M1-Z'	n	none	0	num	pre-specified descriptive	GSE14018		n	evaluation	GSE14018 (auxiliary confirmation run, per cohort), n, evaluation set		
s7_gse14018_m1_top1	results/stage7/confirm/tables/metrics.tsv	cohort == 'GSE14018' and standard_site == 'all' and method == 'M1-Z'	top1	none	3	num	pre-specified descriptive	GSE14018	masking	top-1 accuracy	evaluation	GSE14018 (auxiliary confirmation run, per cohort), masking, top-1 accuracy, evaluation set		
s7_gse14018_m1_nrisk	results/stage7/confirm/tables/metrics.tsv	cohort == 'GSE14018' and standard_site == 'all' and method == 'M1-Z'	n_at_risk	none	0	num	pre-specified descriptive	GSE14018		n	at risk	GSE14018 (auxiliary confirmation run, per cohort), n, at risk set		
s7_gse14018_m1_host	results/stage7/confirm/tables/metrics.tsv	cohort == 'GSE14018' and standard_site == 'all' and method == 'M1-Z'	host_rate	none	3	num	pre-specified descriptive	GSE14018	masking	host-attraction rate	at risk	GSE14018 (auxiliary confirmation run, per cohort), masking, host-attraction rate, at risk set		
s7_gse14018_m1_nnative	results/stage7/confirm/tables/metrics.tsv	cohort == 'GSE14018' and standard_site == 'all' and method == 'M1-Z'	n_native_truth	none	0	num	pre-specified descriptive	GSE14018		n	native truth	GSE14018 (auxiliary confirmation run, per cohort), n, native truth set		
s7_gse14018_basek_n	results/stage7/confirm/tables/metrics.tsv	cohort == 'GSE14018' and standard_site == 'all' and method == 'BASE-K'	n	none	0	num	pre-specified descriptive	GSE14018		n	evaluation	GSE14018 (auxiliary confirmation run, per cohort), n, evaluation set		
s7_gse14018_basek_top1	results/stage7/confirm/tables/metrics.tsv	cohort == 'GSE14018' and standard_site == 'all' and method == 'BASE-K'	top1	none	3	num	pre-specified descriptive	GSE14018	gene sets	top-1 accuracy	evaluation	GSE14018 (auxiliary confirmation run, per cohort), gene sets, top-1 accuracy, evaluation set		
s7_gse14018_basek_nrisk	results/stage7/confirm/tables/metrics.tsv	cohort == 'GSE14018' and standard_site == 'all' and method == 'BASE-K'	n_at_risk	none	0	num	pre-specified descriptive	GSE14018		n	at risk	GSE14018 (auxiliary confirmation run, per cohort), n, at risk set		
s7_gse14018_basek_host	results/stage7/confirm/tables/metrics.tsv	cohort == 'GSE14018' and standard_site == 'all' and method == 'BASE-K'	host_rate	none	3	num	pre-specified descriptive	GSE14018	gene sets	host-attraction rate	at risk	GSE14018 (auxiliary confirmation run, per cohort), gene sets, host-attraction rate, at risk set		
s7_gse14018_basek_nnative	results/stage7/confirm/tables/metrics.tsv	cohort == 'GSE14018' and standard_site == 'all' and method == 'BASE-K'	n_native_truth	none	0	num	pre-specified descriptive	GSE14018		n	native truth	GSE14018 (auxiliary confirmation run, per cohort), n, native truth set		
s7_gse14018_sak_n	results/stage7/confirm/tables/metrics.tsv	cohort == 'GSE14018' and standard_site == 'all' and method == 'SA-K'	n	none	0	num	pre-specified descriptive	GSE14018		n	evaluation	GSE14018 (auxiliary confirmation run, per cohort), n, evaluation set		
s7_gse14018_sak_top1	results/stage7/confirm/tables/metrics.tsv	cohort == 'GSE14018' and standard_site == 'all' and method == 'SA-K'	top1	none	3	num	pre-specified descriptive	GSE14018	gene sets	top-1 accuracy	evaluation	GSE14018 (auxiliary confirmation run, per cohort), gene sets, top-1 accuracy, evaluation set		
s7_gse14018_sak_nrisk	results/stage7/confirm/tables/metrics.tsv	cohort == 'GSE14018' and standard_site == 'all' and method == 'SA-K'	n_at_risk	none	0	num	pre-specified descriptive	GSE14018		n	at risk	GSE14018 (auxiliary confirmation run, per cohort), n, at risk set		
s7_gse14018_sak_host	results/stage7/confirm/tables/metrics.tsv	cohort == 'GSE14018' and standard_site == 'all' and method == 'SA-K'	host_rate	none	3	num	pre-specified descriptive	GSE14018	gene sets	host-attraction rate	at risk	GSE14018 (auxiliary confirmation run, per cohort), gene sets, host-attraction rate, at risk set		
s7_gse14018_sak_nnative	results/stage7/confirm/tables/metrics.tsv	cohort == 'GSE14018' and standard_site == 'all' and method == 'SA-K'	n_native_truth	none	0	num	pre-specified descriptive	GSE14018		n	native truth	GSE14018 (auxiliary confirmation run, per cohort), n, native truth set		
s7_gse14018_v0k_n	results/stage7/confirm/tables/metrics.tsv	cohort == 'GSE14018' and standard_site == 'all' and method == 'V0-K'	n	none	0	num	pre-specified descriptive	GSE14018		n	evaluation	GSE14018 (auxiliary confirmation run, per cohort), n, evaluation set		
s7_gse14018_v0k_top1	results/stage7/confirm/tables/metrics.tsv	cohort == 'GSE14018' and standard_site == 'all' and method == 'V0-K'	top1	none	3	num	pre-specified descriptive	GSE14018	gene sets	top-1 accuracy	evaluation	GSE14018 (auxiliary confirmation run, per cohort), gene sets, top-1 accuracy, evaluation set		
s7_gse14018_v0k_nrisk	results/stage7/confirm/tables/metrics.tsv	cohort == 'GSE14018' and standard_site == 'all' and method == 'V0-K'	n_at_risk	none	0	num	pre-specified descriptive	GSE14018		n	at risk	GSE14018 (auxiliary confirmation run, per cohort), n, at risk set		
s7_gse14018_v0k_host	results/stage7/confirm/tables/metrics.tsv	cohort == 'GSE14018' and standard_site == 'all' and method == 'V0-K'	host_rate	none	3	num	pre-specified descriptive	GSE14018	gene sets	host-attraction rate	at risk	GSE14018 (auxiliary confirmation run, per cohort), gene sets, host-attraction rate, at risk set		
s7_gse14018_v0k_nnative	results/stage7/confirm/tables/metrics.tsv	cohort == 'GSE14018' and standard_site == 'all' and method == 'V0-K'	n_native_truth	none	0	num	pre-specified descriptive	GSE14018		n	native truth	GSE14018 (auxiliary confirmation run, per cohort), n, native truth set		
s7_gse14018_samlp_n	results/stage7/confirm/tables/metrics.tsv	cohort == 'GSE14018' and standard_site == 'all' and method == 'SA-MLP'	n	none	0	num	pre-specified descriptive	GSE14018		n	evaluation	GSE14018 (auxiliary confirmation run, per cohort), n, evaluation set		
s7_gse14018_samlp_top1	results/stage7/confirm/tables/metrics.tsv	cohort == 'GSE14018' and standard_site == 'all' and method == 'SA-MLP'	top1	none	3	num	pre-specified descriptive	GSE14018	perceptron	top-1 accuracy	evaluation	GSE14018 (auxiliary confirmation run, per cohort), perceptron, top-1 accuracy, evaluation set		
s7_gse14018_samlp_nrisk	results/stage7/confirm/tables/metrics.tsv	cohort == 'GSE14018' and standard_site == 'all' and method == 'SA-MLP'	n_at_risk	none	0	num	pre-specified descriptive	GSE14018		n	at risk	GSE14018 (auxiliary confirmation run, per cohort), n, at risk set		
s7_gse14018_samlp_host	results/stage7/confirm/tables/metrics.tsv	cohort == 'GSE14018' and standard_site == 'all' and method == 'SA-MLP'	host_rate	none	3	num	pre-specified descriptive	GSE14018	perceptron	host-attraction rate	at risk	GSE14018 (auxiliary confirmation run, per cohort), perceptron, host-attraction rate, at risk set		
s7_gse14018_samlp_nnative	results/stage7/confirm/tables/metrics.tsv	cohort == 'GSE14018' and standard_site == 'all' and method == 'SA-MLP'	n_native_truth	none	0	num	pre-specified descriptive	GSE14018		n	native truth	GSE14018 (auxiliary confirmation run, per cohort), n, native truth set		
s7_gse71729_base_n	results/stage7/confirm/tables/metrics.tsv	cohort == 'GSE71729' and standard_site == 'all' and method == 'BASE-Z'	n	none	0	num	pre-specified descriptive	GSE71729		n	evaluation	GSE71729 (auxiliary confirmation run, per cohort), n, evaluation set		
s7_gse71729_base_top1	results/stage7/confirm/tables/metrics.tsv	cohort == 'GSE71729' and standard_site == 'all' and method == 'BASE-Z'	top1	none	3	num	pre-specified descriptive	GSE71729	baseline	top-1 accuracy	evaluation	GSE71729 (auxiliary confirmation run, per cohort), baseline, top-1 accuracy, evaluation set		
s7_gse71729_base_nrisk	results/stage7/confirm/tables/metrics.tsv	cohort == 'GSE71729' and standard_site == 'all' and method == 'BASE-Z'	n_at_risk	none	0	num	pre-specified descriptive	GSE71729		n	at risk	GSE71729 (auxiliary confirmation run, per cohort), n, at risk set		
s7_gse71729_base_host	results/stage7/confirm/tables/metrics.tsv	cohort == 'GSE71729' and standard_site == 'all' and method == 'BASE-Z'	host_rate	none	3	num	pre-specified descriptive	GSE71729	baseline	host-attraction rate	at risk	GSE71729 (auxiliary confirmation run, per cohort), baseline, host-attraction rate, at risk set		
s7_gse71729_base_nnative	results/stage7/confirm/tables/metrics.tsv	cohort == 'GSE71729' and standard_site == 'all' and method == 'BASE-Z'	n_native_truth	none	0	num	pre-specified descriptive	GSE71729		n	native truth	GSE71729 (auxiliary confirmation run, per cohort), n, native truth set		
s7_gse71729_base_native	results/stage7/confirm/tables/metrics.tsv	cohort == 'GSE71729' and standard_site == 'all' and method == 'BASE-Z'	native_truth_top1	none	3	num	pre-specified descriptive	GSE71729	baseline	top-1 accuracy	native truth	GSE71729 (auxiliary confirmation run, per cohort), baseline, top-1 accuracy, native truth set		
s7_gse71729_sa_n	results/stage7/confirm/tables/metrics.tsv	cohort == 'GSE71729' and standard_site == 'all' and method == 'SA-Z'	n	none	0	num	pre-specified descriptive	GSE71729		n	evaluation	GSE71729 (auxiliary confirmation run, per cohort), n, evaluation set		
s7_gse71729_sa_top1	results/stage7/confirm/tables/metrics.tsv	cohort == 'GSE71729' and standard_site == 'all' and method == 'SA-Z'	top1	none	3	num	pre-specified descriptive	GSE71729	HostMix-TOO	top-1 accuracy	evaluation	GSE71729 (auxiliary confirmation run, per cohort), HostMix-TOO, top-1 accuracy, evaluation set		
s7_gse71729_sa_nrisk	results/stage7/confirm/tables/metrics.tsv	cohort == 'GSE71729' and standard_site == 'all' and method == 'SA-Z'	n_at_risk	none	0	num	pre-specified descriptive	GSE71729		n	at risk	GSE71729 (auxiliary confirmation run, per cohort), n, at risk set		
s7_gse71729_sa_host	results/stage7/confirm/tables/metrics.tsv	cohort == 'GSE71729' and standard_site == 'all' and method == 'SA-Z'	host_rate	none	3	num	pre-specified descriptive	GSE71729	HostMix-TOO	host-attraction rate	at risk	GSE71729 (auxiliary confirmation run, per cohort), HostMix-TOO, host-attraction rate, at risk set		
s7_gse71729_sa_nnative	results/stage7/confirm/tables/metrics.tsv	cohort == 'GSE71729' and standard_site == 'all' and method == 'SA-Z'	n_native_truth	none	0	num	pre-specified descriptive	GSE71729		n	native truth	GSE71729 (auxiliary confirmation run, per cohort), n, native truth set		
s7_gse71729_sa_native	results/stage7/confirm/tables/metrics.tsv	cohort == 'GSE71729' and standard_site == 'all' and method == 'SA-Z'	native_truth_top1	none	3	num	pre-specified descriptive	GSE71729	HostMix-TOO	top-1 accuracy	native truth	GSE71729 (auxiliary confirmation run, per cohort), HostMix-TOO, top-1 accuracy, native truth set		
s7_gse71729_gated_n	results/stage7/confirm/tables/metrics.tsv	cohort == 'GSE71729' and standard_site == 'all' and method == 'SA-G'	n	none	0	num	pre-specified descriptive	GSE71729		n	evaluation	GSE71729 (auxiliary confirmation run, per cohort), n, evaluation set		
s7_gse71729_gated_top1	results/stage7/confirm/tables/metrics.tsv	cohort == 'GSE71729' and standard_site == 'all' and method == 'SA-G'	top1	none	3	num	pre-specified descriptive	GSE71729	gated	top-1 accuracy	evaluation	GSE71729 (auxiliary confirmation run, per cohort), gated, top-1 accuracy, evaluation set		
s7_gse71729_gated_nrisk	results/stage7/confirm/tables/metrics.tsv	cohort == 'GSE71729' and standard_site == 'all' and method == 'SA-G'	n_at_risk	none	0	num	pre-specified descriptive	GSE71729		n	at risk	GSE71729 (auxiliary confirmation run, per cohort), n, at risk set		
s7_gse71729_gated_host	results/stage7/confirm/tables/metrics.tsv	cohort == 'GSE71729' and standard_site == 'all' and method == 'SA-G'	host_rate	none	3	num	pre-specified descriptive	GSE71729	gated	host-attraction rate	at risk	GSE71729 (auxiliary confirmation run, per cohort), gated, host-attraction rate, at risk set		
s7_gse71729_gated_nnative	results/stage7/confirm/tables/metrics.tsv	cohort == 'GSE71729' and standard_site == 'all' and method == 'SA-G'	n_native_truth	none	0	num	pre-specified descriptive	GSE71729		n	native truth	GSE71729 (auxiliary confirmation run, per cohort), n, native truth set		
s7_gse71729_gated_native	results/stage7/confirm/tables/metrics.tsv	cohort == 'GSE71729' and standard_site == 'all' and method == 'SA-G'	native_truth_top1	none	3	num	pre-specified descriptive	GSE71729	gated	top-1 accuracy	native truth	GSE71729 (auxiliary confirmation run, per cohort), gated, top-1 accuracy, native truth set		
s7_gse71729_pool22_n	results/stage7/confirm/tables/metrics.tsv	cohort == 'GSE71729' and standard_site == 'all' and method == 'SA-pool22'	n	none	0	num	pre-specified descriptive	GSE71729		n	evaluation	GSE71729 (auxiliary confirmation run, per cohort), n, evaluation set		
s7_gse71729_pool22_top1	results/stage7/confirm/tables/metrics.tsv	cohort == 'GSE71729' and standard_site == 'all' and method == 'SA-pool22'	top1	none	3	num	pre-specified descriptive	GSE71729	22-tissue	top-1 accuracy	evaluation	GSE71729 (auxiliary confirmation run, per cohort), 22-tissue, top-1 accuracy, evaluation set		
s7_gse71729_pool22_nrisk	results/stage7/confirm/tables/metrics.tsv	cohort == 'GSE71729' and standard_site == 'all' and method == 'SA-pool22'	n_at_risk	none	0	num	pre-specified descriptive	GSE71729		n	at risk	GSE71729 (auxiliary confirmation run, per cohort), n, at risk set		
s7_gse71729_pool22_host	results/stage7/confirm/tables/metrics.tsv	cohort == 'GSE71729' and standard_site == 'all' and method == 'SA-pool22'	host_rate	none	3	num	pre-specified descriptive	GSE71729	22-tissue	host-attraction rate	at risk	GSE71729 (auxiliary confirmation run, per cohort), 22-tissue, host-attraction rate, at risk set		
s7_gse71729_pool22_nnative	results/stage7/confirm/tables/metrics.tsv	cohort == 'GSE71729' and standard_site == 'all' and method == 'SA-pool22'	n_native_truth	none	0	num	pre-specified descriptive	GSE71729		n	native truth	GSE71729 (auxiliary confirmation run, per cohort), n, native truth set		
s7_gse71729_pool22_native	results/stage7/confirm/tables/metrics.tsv	cohort == 'GSE71729' and standard_site == 'all' and method == 'SA-pool22'	native_truth_top1	none	3	num	pre-specified descriptive	GSE71729	22-tissue	top-1 accuracy	native truth	GSE71729 (auxiliary confirmation run, per cohort), 22-tissue, top-1 accuracy, native truth set		
s7_gse71729_sc_n	results/stage7/confirm/tables/metrics.tsv	cohort == 'GSE71729' and standard_site == 'all' and method == 'SC-Z'	n	none	0	num	pre-specified descriptive	GSE71729		n	evaluation	GSE71729 (auxiliary confirmation run, per cohort), n, evaluation set		
s7_gse71729_sc_top1	results/stage7/confirm/tables/metrics.tsv	cohort == 'GSE71729' and standard_site == 'all' and method == 'SC-Z'	top1	none	3	num	pre-specified descriptive	GSE71729	site-specific	top-1 accuracy	evaluation	GSE71729 (auxiliary confirmation run, per cohort), site-specific, top-1 accuracy, evaluation set		
s7_gse71729_sc_nrisk	results/stage7/confirm/tables/metrics.tsv	cohort == 'GSE71729' and standard_site == 'all' and method == 'SC-Z'	n_at_risk	none	0	num	pre-specified descriptive	GSE71729		n	at risk	GSE71729 (auxiliary confirmation run, per cohort), n, at risk set		
s7_gse71729_sc_host	results/stage7/confirm/tables/metrics.tsv	cohort == 'GSE71729' and standard_site == 'all' and method == 'SC-Z'	host_rate	none	3	num	pre-specified descriptive	GSE71729	site-specific	host-attraction rate	at risk	GSE71729 (auxiliary confirmation run, per cohort), site-specific, host-attraction rate, at risk set		
s7_gse71729_sc_nnative	results/stage7/confirm/tables/metrics.tsv	cohort == 'GSE71729' and standard_site == 'all' and method == 'SC-Z'	n_native_truth	none	0	num	pre-specified descriptive	GSE71729		n	native truth	GSE71729 (auxiliary confirmation run, per cohort), n, native truth set		
s7_gse71729_sc_native	results/stage7/confirm/tables/metrics.tsv	cohort == 'GSE71729' and standard_site == 'all' and method == 'SC-Z'	native_truth_top1	none	3	num	pre-specified descriptive	GSE71729	site-specific	top-1 accuracy	native truth	GSE71729 (auxiliary confirmation run, per cohort), site-specific, top-1 accuracy, native truth set		
s7_gse71729_ld_n	results/stage7/confirm/tables/metrics.tsv	cohort == 'GSE71729' and standard_site == 'all' and method == 'LD-Z'	n	none	0	num	pre-specified descriptive	GSE71729		n	evaluation	GSE71729 (auxiliary confirmation run, per cohort), n, evaluation set		
s7_gse71729_ld_top1	results/stage7/confirm/tables/metrics.tsv	cohort == 'GSE71729' and standard_site == 'all' and method == 'LD-Z'	top1	none	3	num	pre-specified descriptive	GSE71729	deconvolution	top-1 accuracy	evaluation	GSE71729 (auxiliary confirmation run, per cohort), deconvolution, top-1 accuracy, evaluation set		
s7_gse71729_ld_nrisk	results/stage7/confirm/tables/metrics.tsv	cohort == 'GSE71729' and standard_site == 'all' and method == 'LD-Z'	n_at_risk	none	0	num	pre-specified descriptive	GSE71729		n	at risk	GSE71729 (auxiliary confirmation run, per cohort), n, at risk set		
s7_gse71729_ld_host	results/stage7/confirm/tables/metrics.tsv	cohort == 'GSE71729' and standard_site == 'all' and method == 'LD-Z'	host_rate	none	3	num	pre-specified descriptive	GSE71729	deconvolution	host-attraction rate	at risk	GSE71729 (auxiliary confirmation run, per cohort), deconvolution, host-attraction rate, at risk set		
s7_gse71729_ld_nnative	results/stage7/confirm/tables/metrics.tsv	cohort == 'GSE71729' and standard_site == 'all' and method == 'LD-Z'	n_native_truth	none	0	num	pre-specified descriptive	GSE71729		n	native truth	GSE71729 (auxiliary confirmation run, per cohort), n, native truth set		
s7_gse71729_ld_native	results/stage7/confirm/tables/metrics.tsv	cohort == 'GSE71729' and standard_site == 'all' and method == 'LD-Z'	native_truth_top1	none	3	num	pre-specified descriptive	GSE71729	deconvolution	top-1 accuracy	native truth	GSE71729 (auxiliary confirmation run, per cohort), deconvolution, top-1 accuracy, native truth set		
s7_gse71729_nc_n	results/stage7/confirm/tables/metrics.tsv	cohort == 'GSE71729' and standard_site == 'all' and method == 'NC-Z'	n	none	0	num	pre-specified descriptive	GSE71729		n	evaluation	GSE71729 (auxiliary confirmation run, per cohort), n, evaluation set		
s7_gse71729_nc_top1	results/stage7/confirm/tables/metrics.tsv	cohort == 'GSE71729' and standard_site == 'all' and method == 'NC-Z'	top1	none	3	num	pre-specified descriptive	GSE71729	normal classes	top-1 accuracy	evaluation	GSE71729 (auxiliary confirmation run, per cohort), normal classes, top-1 accuracy, evaluation set		
s7_gse71729_nc_nrisk	results/stage7/confirm/tables/metrics.tsv	cohort == 'GSE71729' and standard_site == 'all' and method == 'NC-Z'	n_at_risk	none	0	num	pre-specified descriptive	GSE71729		n	at risk	GSE71729 (auxiliary confirmation run, per cohort), n, at risk set		
s7_gse71729_nc_host	results/stage7/confirm/tables/metrics.tsv	cohort == 'GSE71729' and standard_site == 'all' and method == 'NC-Z'	host_rate	none	3	num	pre-specified descriptive	GSE71729	normal classes	host-attraction rate	at risk	GSE71729 (auxiliary confirmation run, per cohort), normal classes, host-attraction rate, at risk set		
s7_gse71729_nc_nnative	results/stage7/confirm/tables/metrics.tsv	cohort == 'GSE71729' and standard_site == 'all' and method == 'NC-Z'	n_native_truth	none	0	num	pre-specified descriptive	GSE71729		n	native truth	GSE71729 (auxiliary confirmation run, per cohort), n, native truth set		
s7_gse71729_nc_native	results/stage7/confirm/tables/metrics.tsv	cohort == 'GSE71729' and standard_site == 'all' and method == 'NC-Z'	native_truth_top1	none	3	num	pre-specified descriptive	GSE71729	normal classes	top-1 accuracy	native truth	GSE71729 (auxiliary confirmation run, per cohort), normal classes, top-1 accuracy, native truth set		
s7_gse71729_m1_n	results/stage7/confirm/tables/metrics.tsv	cohort == 'GSE71729' and standard_site == 'all' and method == 'M1-Z'	n	none	0	num	pre-specified descriptive	GSE71729		n	evaluation	GSE71729 (auxiliary confirmation run, per cohort), n, evaluation set		
s7_gse71729_m1_top1	results/stage7/confirm/tables/metrics.tsv	cohort == 'GSE71729' and standard_site == 'all' and method == 'M1-Z'	top1	none	3	num	pre-specified descriptive	GSE71729	masking	top-1 accuracy	evaluation	GSE71729 (auxiliary confirmation run, per cohort), masking, top-1 accuracy, evaluation set		
s7_gse71729_m1_nrisk	results/stage7/confirm/tables/metrics.tsv	cohort == 'GSE71729' and standard_site == 'all' and method == 'M1-Z'	n_at_risk	none	0	num	pre-specified descriptive	GSE71729		n	at risk	GSE71729 (auxiliary confirmation run, per cohort), n, at risk set		
s7_gse71729_m1_host	results/stage7/confirm/tables/metrics.tsv	cohort == 'GSE71729' and standard_site == 'all' and method == 'M1-Z'	host_rate	none	3	num	pre-specified descriptive	GSE71729	masking	host-attraction rate	at risk	GSE71729 (auxiliary confirmation run, per cohort), masking, host-attraction rate, at risk set		
s7_gse71729_m1_nnative	results/stage7/confirm/tables/metrics.tsv	cohort == 'GSE71729' and standard_site == 'all' and method == 'M1-Z'	n_native_truth	none	0	num	pre-specified descriptive	GSE71729		n	native truth	GSE71729 (auxiliary confirmation run, per cohort), n, native truth set		
s7_gse71729_m1_native	results/stage7/confirm/tables/metrics.tsv	cohort == 'GSE71729' and standard_site == 'all' and method == 'M1-Z'	native_truth_top1	none	3	num	pre-specified descriptive	GSE71729	masking	top-1 accuracy	native truth	GSE71729 (auxiliary confirmation run, per cohort), masking, top-1 accuracy, native truth set		
s7_gse71729_basek_n	results/stage7/confirm/tables/metrics.tsv	cohort == 'GSE71729' and standard_site == 'all' and method == 'BASE-K'	n	none	0	num	pre-specified descriptive	GSE71729		n	evaluation	GSE71729 (auxiliary confirmation run, per cohort), n, evaluation set		
s7_gse71729_basek_top1	results/stage7/confirm/tables/metrics.tsv	cohort == 'GSE71729' and standard_site == 'all' and method == 'BASE-K'	top1	none	3	num	pre-specified descriptive	GSE71729	gene sets	top-1 accuracy	evaluation	GSE71729 (auxiliary confirmation run, per cohort), gene sets, top-1 accuracy, evaluation set		
s7_gse71729_basek_nrisk	results/stage7/confirm/tables/metrics.tsv	cohort == 'GSE71729' and standard_site == 'all' and method == 'BASE-K'	n_at_risk	none	0	num	pre-specified descriptive	GSE71729		n	at risk	GSE71729 (auxiliary confirmation run, per cohort), n, at risk set		
s7_gse71729_basek_host	results/stage7/confirm/tables/metrics.tsv	cohort == 'GSE71729' and standard_site == 'all' and method == 'BASE-K'	host_rate	none	3	num	pre-specified descriptive	GSE71729	gene sets	host-attraction rate	at risk	GSE71729 (auxiliary confirmation run, per cohort), gene sets, host-attraction rate, at risk set		
s7_gse71729_basek_nnative	results/stage7/confirm/tables/metrics.tsv	cohort == 'GSE71729' and standard_site == 'all' and method == 'BASE-K'	n_native_truth	none	0	num	pre-specified descriptive	GSE71729		n	native truth	GSE71729 (auxiliary confirmation run, per cohort), n, native truth set		
s7_gse71729_basek_native	results/stage7/confirm/tables/metrics.tsv	cohort == 'GSE71729' and standard_site == 'all' and method == 'BASE-K'	native_truth_top1	none	3	num	pre-specified descriptive	GSE71729	gene sets	top-1 accuracy	native truth	GSE71729 (auxiliary confirmation run, per cohort), gene sets, top-1 accuracy, native truth set		
s7_gse71729_sak_n	results/stage7/confirm/tables/metrics.tsv	cohort == 'GSE71729' and standard_site == 'all' and method == 'SA-K'	n	none	0	num	pre-specified descriptive	GSE71729		n	evaluation	GSE71729 (auxiliary confirmation run, per cohort), n, evaluation set		
s7_gse71729_sak_top1	results/stage7/confirm/tables/metrics.tsv	cohort == 'GSE71729' and standard_site == 'all' and method == 'SA-K'	top1	none	3	num	pre-specified descriptive	GSE71729	gene sets	top-1 accuracy	evaluation	GSE71729 (auxiliary confirmation run, per cohort), gene sets, top-1 accuracy, evaluation set		
s7_gse71729_sak_nrisk	results/stage7/confirm/tables/metrics.tsv	cohort == 'GSE71729' and standard_site == 'all' and method == 'SA-K'	n_at_risk	none	0	num	pre-specified descriptive	GSE71729		n	at risk	GSE71729 (auxiliary confirmation run, per cohort), n, at risk set		
s7_gse71729_sak_host	results/stage7/confirm/tables/metrics.tsv	cohort == 'GSE71729' and standard_site == 'all' and method == 'SA-K'	host_rate	none	3	num	pre-specified descriptive	GSE71729	gene sets	host-attraction rate	at risk	GSE71729 (auxiliary confirmation run, per cohort), gene sets, host-attraction rate, at risk set		
s7_gse71729_sak_nnative	results/stage7/confirm/tables/metrics.tsv	cohort == 'GSE71729' and standard_site == 'all' and method == 'SA-K'	n_native_truth	none	0	num	pre-specified descriptive	GSE71729		n	native truth	GSE71729 (auxiliary confirmation run, per cohort), n, native truth set		
s7_gse71729_sak_native	results/stage7/confirm/tables/metrics.tsv	cohort == 'GSE71729' and standard_site == 'all' and method == 'SA-K'	native_truth_top1	none	3	num	pre-specified descriptive	GSE71729	gene sets	top-1 accuracy	native truth	GSE71729 (auxiliary confirmation run, per cohort), gene sets, top-1 accuracy, native truth set		
s7_gse71729_v0k_n	results/stage7/confirm/tables/metrics.tsv	cohort == 'GSE71729' and standard_site == 'all' and method == 'V0-K'	n	none	0	num	pre-specified descriptive	GSE71729		n	evaluation	GSE71729 (auxiliary confirmation run, per cohort), n, evaluation set		
s7_gse71729_v0k_top1	results/stage7/confirm/tables/metrics.tsv	cohort == 'GSE71729' and standard_site == 'all' and method == 'V0-K'	top1	none	3	num	pre-specified descriptive	GSE71729	gene sets	top-1 accuracy	evaluation	GSE71729 (auxiliary confirmation run, per cohort), gene sets, top-1 accuracy, evaluation set		
s7_gse71729_v0k_nrisk	results/stage7/confirm/tables/metrics.tsv	cohort == 'GSE71729' and standard_site == 'all' and method == 'V0-K'	n_at_risk	none	0	num	pre-specified descriptive	GSE71729		n	at risk	GSE71729 (auxiliary confirmation run, per cohort), n, at risk set		
s7_gse71729_v0k_host	results/stage7/confirm/tables/metrics.tsv	cohort == 'GSE71729' and standard_site == 'all' and method == 'V0-K'	host_rate	none	3	num	pre-specified descriptive	GSE71729	gene sets	host-attraction rate	at risk	GSE71729 (auxiliary confirmation run, per cohort), gene sets, host-attraction rate, at risk set		
s7_gse71729_v0k_nnative	results/stage7/confirm/tables/metrics.tsv	cohort == 'GSE71729' and standard_site == 'all' and method == 'V0-K'	n_native_truth	none	0	num	pre-specified descriptive	GSE71729		n	native truth	GSE71729 (auxiliary confirmation run, per cohort), n, native truth set		
s7_gse71729_v0k_native	results/stage7/confirm/tables/metrics.tsv	cohort == 'GSE71729' and standard_site == 'all' and method == 'V0-K'	native_truth_top1	none	3	num	pre-specified descriptive	GSE71729	gene sets	top-1 accuracy	native truth	GSE71729 (auxiliary confirmation run, per cohort), gene sets, top-1 accuracy, native truth set		
s7_gse71729_samlp_n	results/stage7/confirm/tables/metrics.tsv	cohort == 'GSE71729' and standard_site == 'all' and method == 'SA-MLP'	n	none	0	num	pre-specified descriptive	GSE71729		n	evaluation	GSE71729 (auxiliary confirmation run, per cohort), n, evaluation set		
s7_gse71729_samlp_top1	results/stage7/confirm/tables/metrics.tsv	cohort == 'GSE71729' and standard_site == 'all' and method == 'SA-MLP'	top1	none	3	num	pre-specified descriptive	GSE71729	perceptron	top-1 accuracy	evaluation	GSE71729 (auxiliary confirmation run, per cohort), perceptron, top-1 accuracy, evaluation set		
s7_gse71729_samlp_nrisk	results/stage7/confirm/tables/metrics.tsv	cohort == 'GSE71729' and standard_site == 'all' and method == 'SA-MLP'	n_at_risk	none	0	num	pre-specified descriptive	GSE71729		n	at risk	GSE71729 (auxiliary confirmation run, per cohort), n, at risk set		
s7_gse71729_samlp_host	results/stage7/confirm/tables/metrics.tsv	cohort == 'GSE71729' and standard_site == 'all' and method == 'SA-MLP'	host_rate	none	3	num	pre-specified descriptive	GSE71729	perceptron	host-attraction rate	at risk	GSE71729 (auxiliary confirmation run, per cohort), perceptron, host-attraction rate, at risk set		
s7_gse71729_samlp_nnative	results/stage7/confirm/tables/metrics.tsv	cohort == 'GSE71729' and standard_site == 'all' and method == 'SA-MLP'	n_native_truth	none	0	num	pre-specified descriptive	GSE71729		n	native truth	GSE71729 (auxiliary confirmation run, per cohort), n, native truth set		
s7_gse71729_samlp_native	results/stage7/confirm/tables/metrics.tsv	cohort == 'GSE71729' and standard_site == 'all' and method == 'SA-MLP'	native_truth_top1	none	3	num	pre-specified descriptive	GSE71729	perceptron	top-1 accuracy	native truth	GSE71729 (auxiliary confirmation run, per cohort), perceptron, top-1 accuracy, native truth set		
s7_gse74685_base_n	results/stage7/confirm/tables/metrics.tsv	cohort == 'GSE74685' and standard_site == 'all' and method == 'BASE-Z'	n	none	0	num	pre-specified descriptive	GSE74685		n	evaluation	GSE74685 (auxiliary confirmation run, per cohort), n, evaluation set		
s7_gse74685_base_top1	results/stage7/confirm/tables/metrics.tsv	cohort == 'GSE74685' and standard_site == 'all' and method == 'BASE-Z'	top1	none	3	num	pre-specified descriptive	GSE74685	baseline	top-1 accuracy	evaluation	GSE74685 (auxiliary confirmation run, per cohort), baseline, top-1 accuracy, evaluation set		
s7_gse74685_base_nrisk	results/stage7/confirm/tables/metrics.tsv	cohort == 'GSE74685' and standard_site == 'all' and method == 'BASE-Z'	n_at_risk	none	0	num	pre-specified descriptive	GSE74685		n	at risk	GSE74685 (auxiliary confirmation run, per cohort), n, at risk set		
s7_gse74685_base_host	results/stage7/confirm/tables/metrics.tsv	cohort == 'GSE74685' and standard_site == 'all' and method == 'BASE-Z'	host_rate	none	3	num	pre-specified descriptive	GSE74685	baseline	host-attraction rate	at risk	GSE74685 (auxiliary confirmation run, per cohort), baseline, host-attraction rate, at risk set		
s7_gse74685_base_nnative	results/stage7/confirm/tables/metrics.tsv	cohort == 'GSE74685' and standard_site == 'all' and method == 'BASE-Z'	n_native_truth	none	0	num	pre-specified descriptive	GSE74685		n	native truth	GSE74685 (auxiliary confirmation run, per cohort), n, native truth set		
s7_gse74685_sa_n	results/stage7/confirm/tables/metrics.tsv	cohort == 'GSE74685' and standard_site == 'all' and method == 'SA-Z'	n	none	0	num	pre-specified descriptive	GSE74685		n	evaluation	GSE74685 (auxiliary confirmation run, per cohort), n, evaluation set		
s7_gse74685_sa_top1	results/stage7/confirm/tables/metrics.tsv	cohort == 'GSE74685' and standard_site == 'all' and method == 'SA-Z'	top1	none	3	num	pre-specified descriptive	GSE74685	HostMix-TOO	top-1 accuracy	evaluation	GSE74685 (auxiliary confirmation run, per cohort), HostMix-TOO, top-1 accuracy, evaluation set		
s7_gse74685_sa_nrisk	results/stage7/confirm/tables/metrics.tsv	cohort == 'GSE74685' and standard_site == 'all' and method == 'SA-Z'	n_at_risk	none	0	num	pre-specified descriptive	GSE74685		n	at risk	GSE74685 (auxiliary confirmation run, per cohort), n, at risk set		
s7_gse74685_sa_host	results/stage7/confirm/tables/metrics.tsv	cohort == 'GSE74685' and standard_site == 'all' and method == 'SA-Z'	host_rate	none	3	num	pre-specified descriptive	GSE74685	HostMix-TOO	host-attraction rate	at risk	GSE74685 (auxiliary confirmation run, per cohort), HostMix-TOO, host-attraction rate, at risk set		
s7_gse74685_sa_nnative	results/stage7/confirm/tables/metrics.tsv	cohort == 'GSE74685' and standard_site == 'all' and method == 'SA-Z'	n_native_truth	none	0	num	pre-specified descriptive	GSE74685		n	native truth	GSE74685 (auxiliary confirmation run, per cohort), n, native truth set		
s7_gse74685_gated_n	results/stage7/confirm/tables/metrics.tsv	cohort == 'GSE74685' and standard_site == 'all' and method == 'SA-G'	n	none	0	num	pre-specified descriptive	GSE74685		n	evaluation	GSE74685 (auxiliary confirmation run, per cohort), n, evaluation set		
s7_gse74685_gated_top1	results/stage7/confirm/tables/metrics.tsv	cohort == 'GSE74685' and standard_site == 'all' and method == 'SA-G'	top1	none	3	num	pre-specified descriptive	GSE74685	gated	top-1 accuracy	evaluation	GSE74685 (auxiliary confirmation run, per cohort), gated, top-1 accuracy, evaluation set		
s7_gse74685_gated_nrisk	results/stage7/confirm/tables/metrics.tsv	cohort == 'GSE74685' and standard_site == 'all' and method == 'SA-G'	n_at_risk	none	0	num	pre-specified descriptive	GSE74685		n	at risk	GSE74685 (auxiliary confirmation run, per cohort), n, at risk set		
s7_gse74685_gated_host	results/stage7/confirm/tables/metrics.tsv	cohort == 'GSE74685' and standard_site == 'all' and method == 'SA-G'	host_rate	none	3	num	pre-specified descriptive	GSE74685	gated	host-attraction rate	at risk	GSE74685 (auxiliary confirmation run, per cohort), gated, host-attraction rate, at risk set		
s7_gse74685_gated_nnative	results/stage7/confirm/tables/metrics.tsv	cohort == 'GSE74685' and standard_site == 'all' and method == 'SA-G'	n_native_truth	none	0	num	pre-specified descriptive	GSE74685		n	native truth	GSE74685 (auxiliary confirmation run, per cohort), n, native truth set		
s7_gse74685_pool22_n	results/stage7/confirm/tables/metrics.tsv	cohort == 'GSE74685' and standard_site == 'all' and method == 'SA-pool22'	n	none	0	num	pre-specified descriptive	GSE74685		n	evaluation	GSE74685 (auxiliary confirmation run, per cohort), n, evaluation set		
s7_gse74685_pool22_top1	results/stage7/confirm/tables/metrics.tsv	cohort == 'GSE74685' and standard_site == 'all' and method == 'SA-pool22'	top1	none	3	num	pre-specified descriptive	GSE74685	22-tissue	top-1 accuracy	evaluation	GSE74685 (auxiliary confirmation run, per cohort), 22-tissue, top-1 accuracy, evaluation set		
s7_gse74685_pool22_nrisk	results/stage7/confirm/tables/metrics.tsv	cohort == 'GSE74685' and standard_site == 'all' and method == 'SA-pool22'	n_at_risk	none	0	num	pre-specified descriptive	GSE74685		n	at risk	GSE74685 (auxiliary confirmation run, per cohort), n, at risk set		
s7_gse74685_pool22_host	results/stage7/confirm/tables/metrics.tsv	cohort == 'GSE74685' and standard_site == 'all' and method == 'SA-pool22'	host_rate	none	3	num	pre-specified descriptive	GSE74685	22-tissue	host-attraction rate	at risk	GSE74685 (auxiliary confirmation run, per cohort), 22-tissue, host-attraction rate, at risk set		
s7_gse74685_pool22_nnative	results/stage7/confirm/tables/metrics.tsv	cohort == 'GSE74685' and standard_site == 'all' and method == 'SA-pool22'	n_native_truth	none	0	num	pre-specified descriptive	GSE74685		n	native truth	GSE74685 (auxiliary confirmation run, per cohort), n, native truth set		
s7_gse74685_sc_n	results/stage7/confirm/tables/metrics.tsv	cohort == 'GSE74685' and standard_site == 'all' and method == 'SC-Z'	n	none	0	num	pre-specified descriptive	GSE74685		n	evaluation	GSE74685 (auxiliary confirmation run, per cohort), n, evaluation set		
s7_gse74685_sc_top1	results/stage7/confirm/tables/metrics.tsv	cohort == 'GSE74685' and standard_site == 'all' and method == 'SC-Z'	top1	none	3	num	pre-specified descriptive	GSE74685	site-specific	top-1 accuracy	evaluation	GSE74685 (auxiliary confirmation run, per cohort), site-specific, top-1 accuracy, evaluation set		
s7_gse74685_sc_nrisk	results/stage7/confirm/tables/metrics.tsv	cohort == 'GSE74685' and standard_site == 'all' and method == 'SC-Z'	n_at_risk	none	0	num	pre-specified descriptive	GSE74685		n	at risk	GSE74685 (auxiliary confirmation run, per cohort), n, at risk set		
s7_gse74685_sc_host	results/stage7/confirm/tables/metrics.tsv	cohort == 'GSE74685' and standard_site == 'all' and method == 'SC-Z'	host_rate	none	3	num	pre-specified descriptive	GSE74685	site-specific	host-attraction rate	at risk	GSE74685 (auxiliary confirmation run, per cohort), site-specific, host-attraction rate, at risk set		
s7_gse74685_sc_nnative	results/stage7/confirm/tables/metrics.tsv	cohort == 'GSE74685' and standard_site == 'all' and method == 'SC-Z'	n_native_truth	none	0	num	pre-specified descriptive	GSE74685		n	native truth	GSE74685 (auxiliary confirmation run, per cohort), n, native truth set		
s7_gse74685_ld_n	results/stage7/confirm/tables/metrics.tsv	cohort == 'GSE74685' and standard_site == 'all' and method == 'LD-Z'	n	none	0	num	pre-specified descriptive	GSE74685		n	evaluation	GSE74685 (auxiliary confirmation run, per cohort), n, evaluation set		
s7_gse74685_ld_top1	results/stage7/confirm/tables/metrics.tsv	cohort == 'GSE74685' and standard_site == 'all' and method == 'LD-Z'	top1	none	3	num	pre-specified descriptive	GSE74685	deconvolution	top-1 accuracy	evaluation	GSE74685 (auxiliary confirmation run, per cohort), deconvolution, top-1 accuracy, evaluation set		
s7_gse74685_ld_nrisk	results/stage7/confirm/tables/metrics.tsv	cohort == 'GSE74685' and standard_site == 'all' and method == 'LD-Z'	n_at_risk	none	0	num	pre-specified descriptive	GSE74685		n	at risk	GSE74685 (auxiliary confirmation run, per cohort), n, at risk set		
s7_gse74685_ld_host	results/stage7/confirm/tables/metrics.tsv	cohort == 'GSE74685' and standard_site == 'all' and method == 'LD-Z'	host_rate	none	3	num	pre-specified descriptive	GSE74685	deconvolution	host-attraction rate	at risk	GSE74685 (auxiliary confirmation run, per cohort), deconvolution, host-attraction rate, at risk set		
s7_gse74685_ld_nnative	results/stage7/confirm/tables/metrics.tsv	cohort == 'GSE74685' and standard_site == 'all' and method == 'LD-Z'	n_native_truth	none	0	num	pre-specified descriptive	GSE74685		n	native truth	GSE74685 (auxiliary confirmation run, per cohort), n, native truth set		
s7_gse74685_nc_n	results/stage7/confirm/tables/metrics.tsv	cohort == 'GSE74685' and standard_site == 'all' and method == 'NC-Z'	n	none	0	num	pre-specified descriptive	GSE74685		n	evaluation	GSE74685 (auxiliary confirmation run, per cohort), n, evaluation set		
s7_gse74685_nc_top1	results/stage7/confirm/tables/metrics.tsv	cohort == 'GSE74685' and standard_site == 'all' and method == 'NC-Z'	top1	none	3	num	pre-specified descriptive	GSE74685	normal classes	top-1 accuracy	evaluation	GSE74685 (auxiliary confirmation run, per cohort), normal classes, top-1 accuracy, evaluation set		
s7_gse74685_nc_nrisk	results/stage7/confirm/tables/metrics.tsv	cohort == 'GSE74685' and standard_site == 'all' and method == 'NC-Z'	n_at_risk	none	0	num	pre-specified descriptive	GSE74685		n	at risk	GSE74685 (auxiliary confirmation run, per cohort), n, at risk set		
s7_gse74685_nc_host	results/stage7/confirm/tables/metrics.tsv	cohort == 'GSE74685' and standard_site == 'all' and method == 'NC-Z'	host_rate	none	3	num	pre-specified descriptive	GSE74685	normal classes	host-attraction rate	at risk	GSE74685 (auxiliary confirmation run, per cohort), normal classes, host-attraction rate, at risk set		
s7_gse74685_nc_nnative	results/stage7/confirm/tables/metrics.tsv	cohort == 'GSE74685' and standard_site == 'all' and method == 'NC-Z'	n_native_truth	none	0	num	pre-specified descriptive	GSE74685		n	native truth	GSE74685 (auxiliary confirmation run, per cohort), n, native truth set		
s7_gse74685_m1_n	results/stage7/confirm/tables/metrics.tsv	cohort == 'GSE74685' and standard_site == 'all' and method == 'M1-Z'	n	none	0	num	pre-specified descriptive	GSE74685		n	evaluation	GSE74685 (auxiliary confirmation run, per cohort), n, evaluation set		
s7_gse74685_m1_top1	results/stage7/confirm/tables/metrics.tsv	cohort == 'GSE74685' and standard_site == 'all' and method == 'M1-Z'	top1	none	3	num	pre-specified descriptive	GSE74685	masking	top-1 accuracy	evaluation	GSE74685 (auxiliary confirmation run, per cohort), masking, top-1 accuracy, evaluation set		
s7_gse74685_m1_nrisk	results/stage7/confirm/tables/metrics.tsv	cohort == 'GSE74685' and standard_site == 'all' and method == 'M1-Z'	n_at_risk	none	0	num	pre-specified descriptive	GSE74685		n	at risk	GSE74685 (auxiliary confirmation run, per cohort), n, at risk set		
s7_gse74685_m1_host	results/stage7/confirm/tables/metrics.tsv	cohort == 'GSE74685' and standard_site == 'all' and method == 'M1-Z'	host_rate	none	3	num	pre-specified descriptive	GSE74685	masking	host-attraction rate	at risk	GSE74685 (auxiliary confirmation run, per cohort), masking, host-attraction rate, at risk set		
s7_gse74685_m1_nnative	results/stage7/confirm/tables/metrics.tsv	cohort == 'GSE74685' and standard_site == 'all' and method == 'M1-Z'	n_native_truth	none	0	num	pre-specified descriptive	GSE74685		n	native truth	GSE74685 (auxiliary confirmation run, per cohort), n, native truth set		
s7_gse74685_basek_n	results/stage7/confirm/tables/metrics.tsv	cohort == 'GSE74685' and standard_site == 'all' and method == 'BASE-K'	n	none	0	num	pre-specified descriptive	GSE74685		n	evaluation	GSE74685 (auxiliary confirmation run, per cohort), n, evaluation set		
s7_gse74685_basek_top1	results/stage7/confirm/tables/metrics.tsv	cohort == 'GSE74685' and standard_site == 'all' and method == 'BASE-K'	top1	none	3	num	pre-specified descriptive	GSE74685	gene sets	top-1 accuracy	evaluation	GSE74685 (auxiliary confirmation run, per cohort), gene sets, top-1 accuracy, evaluation set		
s7_gse74685_basek_nrisk	results/stage7/confirm/tables/metrics.tsv	cohort == 'GSE74685' and standard_site == 'all' and method == 'BASE-K'	n_at_risk	none	0	num	pre-specified descriptive	GSE74685		n	at risk	GSE74685 (auxiliary confirmation run, per cohort), n, at risk set		
s7_gse74685_basek_host	results/stage7/confirm/tables/metrics.tsv	cohort == 'GSE74685' and standard_site == 'all' and method == 'BASE-K'	host_rate	none	3	num	pre-specified descriptive	GSE74685	gene sets	host-attraction rate	at risk	GSE74685 (auxiliary confirmation run, per cohort), gene sets, host-attraction rate, at risk set		
s7_gse74685_basek_nnative	results/stage7/confirm/tables/metrics.tsv	cohort == 'GSE74685' and standard_site == 'all' and method == 'BASE-K'	n_native_truth	none	0	num	pre-specified descriptive	GSE74685		n	native truth	GSE74685 (auxiliary confirmation run, per cohort), n, native truth set		
s7_gse74685_sak_n	results/stage7/confirm/tables/metrics.tsv	cohort == 'GSE74685' and standard_site == 'all' and method == 'SA-K'	n	none	0	num	pre-specified descriptive	GSE74685		n	evaluation	GSE74685 (auxiliary confirmation run, per cohort), n, evaluation set		
s7_gse74685_sak_top1	results/stage7/confirm/tables/metrics.tsv	cohort == 'GSE74685' and standard_site == 'all' and method == 'SA-K'	top1	none	3	num	pre-specified descriptive	GSE74685	gene sets	top-1 accuracy	evaluation	GSE74685 (auxiliary confirmation run, per cohort), gene sets, top-1 accuracy, evaluation set		
s7_gse74685_sak_nrisk	results/stage7/confirm/tables/metrics.tsv	cohort == 'GSE74685' and standard_site == 'all' and method == 'SA-K'	n_at_risk	none	0	num	pre-specified descriptive	GSE74685		n	at risk	GSE74685 (auxiliary confirmation run, per cohort), n, at risk set		
s7_gse74685_sak_host	results/stage7/confirm/tables/metrics.tsv	cohort == 'GSE74685' and standard_site == 'all' and method == 'SA-K'	host_rate	none	3	num	pre-specified descriptive	GSE74685	gene sets	host-attraction rate	at risk	GSE74685 (auxiliary confirmation run, per cohort), gene sets, host-attraction rate, at risk set		
s7_gse74685_sak_nnative	results/stage7/confirm/tables/metrics.tsv	cohort == 'GSE74685' and standard_site == 'all' and method == 'SA-K'	n_native_truth	none	0	num	pre-specified descriptive	GSE74685		n	native truth	GSE74685 (auxiliary confirmation run, per cohort), n, native truth set		
s7_gse74685_v0k_n	results/stage7/confirm/tables/metrics.tsv	cohort == 'GSE74685' and standard_site == 'all' and method == 'V0-K'	n	none	0	num	pre-specified descriptive	GSE74685		n	evaluation	GSE74685 (auxiliary confirmation run, per cohort), n, evaluation set		
s7_gse74685_v0k_top1	results/stage7/confirm/tables/metrics.tsv	cohort == 'GSE74685' and standard_site == 'all' and method == 'V0-K'	top1	none	3	num	pre-specified descriptive	GSE74685	gene sets	top-1 accuracy	evaluation	GSE74685 (auxiliary confirmation run, per cohort), gene sets, top-1 accuracy, evaluation set		
s7_gse74685_v0k_nrisk	results/stage7/confirm/tables/metrics.tsv	cohort == 'GSE74685' and standard_site == 'all' and method == 'V0-K'	n_at_risk	none	0	num	pre-specified descriptive	GSE74685		n	at risk	GSE74685 (auxiliary confirmation run, per cohort), n, at risk set		
s7_gse74685_v0k_host	results/stage7/confirm/tables/metrics.tsv	cohort == 'GSE74685' and standard_site == 'all' and method == 'V0-K'	host_rate	none	3	num	pre-specified descriptive	GSE74685	gene sets	host-attraction rate	at risk	GSE74685 (auxiliary confirmation run, per cohort), gene sets, host-attraction rate, at risk set		
s7_gse74685_v0k_nnative	results/stage7/confirm/tables/metrics.tsv	cohort == 'GSE74685' and standard_site == 'all' and method == 'V0-K'	n_native_truth	none	0	num	pre-specified descriptive	GSE74685		n	native truth	GSE74685 (auxiliary confirmation run, per cohort), n, native truth set		
s7_gse74685_samlp_n	results/stage7/confirm/tables/metrics.tsv	cohort == 'GSE74685' and standard_site == 'all' and method == 'SA-MLP'	n	none	0	num	pre-specified descriptive	GSE74685		n	evaluation	GSE74685 (auxiliary confirmation run, per cohort), n, evaluation set		
s7_gse74685_samlp_top1	results/stage7/confirm/tables/metrics.tsv	cohort == 'GSE74685' and standard_site == 'all' and method == 'SA-MLP'	top1	none	3	num	pre-specified descriptive	GSE74685	perceptron	top-1 accuracy	evaluation	GSE74685 (auxiliary confirmation run, per cohort), perceptron, top-1 accuracy, evaluation set		
s7_gse74685_samlp_nrisk	results/stage7/confirm/tables/metrics.tsv	cohort == 'GSE74685' and standard_site == 'all' and method == 'SA-MLP'	n_at_risk	none	0	num	pre-specified descriptive	GSE74685		n	at risk	GSE74685 (auxiliary confirmation run, per cohort), n, at risk set		
s7_gse74685_samlp_host	results/stage7/confirm/tables/metrics.tsv	cohort == 'GSE74685' and standard_site == 'all' and method == 'SA-MLP'	host_rate	none	3	num	pre-specified descriptive	GSE74685	perceptron	host-attraction rate	at risk	GSE74685 (auxiliary confirmation run, per cohort), perceptron, host-attraction rate, at risk set		
s7_gse74685_samlp_nnative	results/stage7/confirm/tables/metrics.tsv	cohort == 'GSE74685' and standard_site == 'all' and method == 'SA-MLP'	n_native_truth	none	0	num	pre-specified descriptive	GSE74685		n	native truth	GSE74685 (auxiliary confirmation run, per cohort), n, native truth set		
s7_fhcrc_base_n	results/stage7/confirm/tables/metrics.tsv	cohort == 'prad_fhcrc' and standard_site == 'all' and method == 'BASE-Z'	n	none	0	num	pre-specified descriptive	FHCRC		n	evaluation	FHCRC (auxiliary confirmation run, per cohort), n, evaluation set		
s7_fhcrc_base_top1	results/stage7/confirm/tables/metrics.tsv	cohort == 'prad_fhcrc' and standard_site == 'all' and method == 'BASE-Z'	top1	none	3	num	pre-specified descriptive	FHCRC	baseline	top-1 accuracy	evaluation	FHCRC (auxiliary confirmation run, per cohort), baseline, top-1 accuracy, evaluation set		
s7_fhcrc_base_nrisk	results/stage7/confirm/tables/metrics.tsv	cohort == 'prad_fhcrc' and standard_site == 'all' and method == 'BASE-Z'	n_at_risk	none	0	num	pre-specified descriptive	FHCRC		n	at risk	FHCRC (auxiliary confirmation run, per cohort), n, at risk set		
s7_fhcrc_base_host	results/stage7/confirm/tables/metrics.tsv	cohort == 'prad_fhcrc' and standard_site == 'all' and method == 'BASE-Z'	host_rate	none	3	num	pre-specified descriptive	FHCRC	baseline	host-attraction rate	at risk	FHCRC (auxiliary confirmation run, per cohort), baseline, host-attraction rate, at risk set		
s7_fhcrc_base_nnative	results/stage7/confirm/tables/metrics.tsv	cohort == 'prad_fhcrc' and standard_site == 'all' and method == 'BASE-Z'	n_native_truth	none	0	num	pre-specified descriptive	FHCRC		n	native truth	FHCRC (auxiliary confirmation run, per cohort), n, native truth set		
s7_fhcrc_base_native	results/stage7/confirm/tables/metrics.tsv	cohort == 'prad_fhcrc' and standard_site == 'all' and method == 'BASE-Z'	native_truth_top1	none	3	num	pre-specified descriptive	FHCRC	baseline	top-1 accuracy	native truth	FHCRC (auxiliary confirmation run, per cohort), baseline, top-1 accuracy, native truth set		
s7_fhcrc_sa_n	results/stage7/confirm/tables/metrics.tsv	cohort == 'prad_fhcrc' and standard_site == 'all' and method == 'SA-Z'	n	none	0	num	pre-specified descriptive	FHCRC		n	evaluation	FHCRC (auxiliary confirmation run, per cohort), n, evaluation set		
s7_fhcrc_sa_top1	results/stage7/confirm/tables/metrics.tsv	cohort == 'prad_fhcrc' and standard_site == 'all' and method == 'SA-Z'	top1	none	3	num	pre-specified descriptive	FHCRC	HostMix-TOO	top-1 accuracy	evaluation	FHCRC (auxiliary confirmation run, per cohort), HostMix-TOO, top-1 accuracy, evaluation set		
s7_fhcrc_sa_nrisk	results/stage7/confirm/tables/metrics.tsv	cohort == 'prad_fhcrc' and standard_site == 'all' and method == 'SA-Z'	n_at_risk	none	0	num	pre-specified descriptive	FHCRC		n	at risk	FHCRC (auxiliary confirmation run, per cohort), n, at risk set		
s7_fhcrc_sa_host	results/stage7/confirm/tables/metrics.tsv	cohort == 'prad_fhcrc' and standard_site == 'all' and method == 'SA-Z'	host_rate	none	3	num	pre-specified descriptive	FHCRC	HostMix-TOO	host-attraction rate	at risk	FHCRC (auxiliary confirmation run, per cohort), HostMix-TOO, host-attraction rate, at risk set		
s7_fhcrc_sa_nnative	results/stage7/confirm/tables/metrics.tsv	cohort == 'prad_fhcrc' and standard_site == 'all' and method == 'SA-Z'	n_native_truth	none	0	num	pre-specified descriptive	FHCRC		n	native truth	FHCRC (auxiliary confirmation run, per cohort), n, native truth set		
s7_fhcrc_sa_native	results/stage7/confirm/tables/metrics.tsv	cohort == 'prad_fhcrc' and standard_site == 'all' and method == 'SA-Z'	native_truth_top1	none	3	num	pre-specified descriptive	FHCRC	HostMix-TOO	top-1 accuracy	native truth	FHCRC (auxiliary confirmation run, per cohort), HostMix-TOO, top-1 accuracy, native truth set		
s7_fhcrc_gated_n	results/stage7/confirm/tables/metrics.tsv	cohort == 'prad_fhcrc' and standard_site == 'all' and method == 'SA-G'	n	none	0	num	pre-specified descriptive	FHCRC		n	evaluation	FHCRC (auxiliary confirmation run, per cohort), n, evaluation set		
s7_fhcrc_gated_top1	results/stage7/confirm/tables/metrics.tsv	cohort == 'prad_fhcrc' and standard_site == 'all' and method == 'SA-G'	top1	none	3	num	pre-specified descriptive	FHCRC	gated	top-1 accuracy	evaluation	FHCRC (auxiliary confirmation run, per cohort), gated, top-1 accuracy, evaluation set		
s7_fhcrc_gated_nrisk	results/stage7/confirm/tables/metrics.tsv	cohort == 'prad_fhcrc' and standard_site == 'all' and method == 'SA-G'	n_at_risk	none	0	num	pre-specified descriptive	FHCRC		n	at risk	FHCRC (auxiliary confirmation run, per cohort), n, at risk set		
s7_fhcrc_gated_host	results/stage7/confirm/tables/metrics.tsv	cohort == 'prad_fhcrc' and standard_site == 'all' and method == 'SA-G'	host_rate	none	3	num	pre-specified descriptive	FHCRC	gated	host-attraction rate	at risk	FHCRC (auxiliary confirmation run, per cohort), gated, host-attraction rate, at risk set		
s7_fhcrc_gated_nnative	results/stage7/confirm/tables/metrics.tsv	cohort == 'prad_fhcrc' and standard_site == 'all' and method == 'SA-G'	n_native_truth	none	0	num	pre-specified descriptive	FHCRC		n	native truth	FHCRC (auxiliary confirmation run, per cohort), n, native truth set		
s7_fhcrc_gated_native	results/stage7/confirm/tables/metrics.tsv	cohort == 'prad_fhcrc' and standard_site == 'all' and method == 'SA-G'	native_truth_top1	none	3	num	pre-specified descriptive	FHCRC	gated	top-1 accuracy	native truth	FHCRC (auxiliary confirmation run, per cohort), gated, top-1 accuracy, native truth set		
s7_fhcrc_pool22_n	results/stage7/confirm/tables/metrics.tsv	cohort == 'prad_fhcrc' and standard_site == 'all' and method == 'SA-pool22'	n	none	0	num	pre-specified descriptive	FHCRC		n	evaluation	FHCRC (auxiliary confirmation run, per cohort), n, evaluation set		
s7_fhcrc_pool22_top1	results/stage7/confirm/tables/metrics.tsv	cohort == 'prad_fhcrc' and standard_site == 'all' and method == 'SA-pool22'	top1	none	3	num	pre-specified descriptive	FHCRC	22-tissue	top-1 accuracy	evaluation	FHCRC (auxiliary confirmation run, per cohort), 22-tissue, top-1 accuracy, evaluation set		
s7_fhcrc_pool22_nrisk	results/stage7/confirm/tables/metrics.tsv	cohort == 'prad_fhcrc' and standard_site == 'all' and method == 'SA-pool22'	n_at_risk	none	0	num	pre-specified descriptive	FHCRC		n	at risk	FHCRC (auxiliary confirmation run, per cohort), n, at risk set		
s7_fhcrc_pool22_host	results/stage7/confirm/tables/metrics.tsv	cohort == 'prad_fhcrc' and standard_site == 'all' and method == 'SA-pool22'	host_rate	none	3	num	pre-specified descriptive	FHCRC	22-tissue	host-attraction rate	at risk	FHCRC (auxiliary confirmation run, per cohort), 22-tissue, host-attraction rate, at risk set		
s7_fhcrc_pool22_nnative	results/stage7/confirm/tables/metrics.tsv	cohort == 'prad_fhcrc' and standard_site == 'all' and method == 'SA-pool22'	n_native_truth	none	0	num	pre-specified descriptive	FHCRC		n	native truth	FHCRC (auxiliary confirmation run, per cohort), n, native truth set		
s7_fhcrc_pool22_native	results/stage7/confirm/tables/metrics.tsv	cohort == 'prad_fhcrc' and standard_site == 'all' and method == 'SA-pool22'	native_truth_top1	none	3	num	pre-specified descriptive	FHCRC	22-tissue	top-1 accuracy	native truth	FHCRC (auxiliary confirmation run, per cohort), 22-tissue, top-1 accuracy, native truth set		
s7_fhcrc_sc_n	results/stage7/confirm/tables/metrics.tsv	cohort == 'prad_fhcrc' and standard_site == 'all' and method == 'SC-Z'	n	none	0	num	pre-specified descriptive	FHCRC		n	evaluation	FHCRC (auxiliary confirmation run, per cohort), n, evaluation set		
s7_fhcrc_sc_top1	results/stage7/confirm/tables/metrics.tsv	cohort == 'prad_fhcrc' and standard_site == 'all' and method == 'SC-Z'	top1	none	3	num	pre-specified descriptive	FHCRC	site-specific	top-1 accuracy	evaluation	FHCRC (auxiliary confirmation run, per cohort), site-specific, top-1 accuracy, evaluation set		
s7_fhcrc_sc_nrisk	results/stage7/confirm/tables/metrics.tsv	cohort == 'prad_fhcrc' and standard_site == 'all' and method == 'SC-Z'	n_at_risk	none	0	num	pre-specified descriptive	FHCRC		n	at risk	FHCRC (auxiliary confirmation run, per cohort), n, at risk set		
s7_fhcrc_sc_host	results/stage7/confirm/tables/metrics.tsv	cohort == 'prad_fhcrc' and standard_site == 'all' and method == 'SC-Z'	host_rate	none	3	num	pre-specified descriptive	FHCRC	site-specific	host-attraction rate	at risk	FHCRC (auxiliary confirmation run, per cohort), site-specific, host-attraction rate, at risk set		
s7_fhcrc_sc_nnative	results/stage7/confirm/tables/metrics.tsv	cohort == 'prad_fhcrc' and standard_site == 'all' and method == 'SC-Z'	n_native_truth	none	0	num	pre-specified descriptive	FHCRC		n	native truth	FHCRC (auxiliary confirmation run, per cohort), n, native truth set		
s7_fhcrc_sc_native	results/stage7/confirm/tables/metrics.tsv	cohort == 'prad_fhcrc' and standard_site == 'all' and method == 'SC-Z'	native_truth_top1	none	3	num	pre-specified descriptive	FHCRC	site-specific	top-1 accuracy	native truth	FHCRC (auxiliary confirmation run, per cohort), site-specific, top-1 accuracy, native truth set		
s7_fhcrc_ld_n	results/stage7/confirm/tables/metrics.tsv	cohort == 'prad_fhcrc' and standard_site == 'all' and method == 'LD-Z'	n	none	0	num	pre-specified descriptive	FHCRC		n	evaluation	FHCRC (auxiliary confirmation run, per cohort), n, evaluation set		
s7_fhcrc_ld_top1	results/stage7/confirm/tables/metrics.tsv	cohort == 'prad_fhcrc' and standard_site == 'all' and method == 'LD-Z'	top1	none	3	num	pre-specified descriptive	FHCRC	deconvolution	top-1 accuracy	evaluation	FHCRC (auxiliary confirmation run, per cohort), deconvolution, top-1 accuracy, evaluation set		
s7_fhcrc_ld_nrisk	results/stage7/confirm/tables/metrics.tsv	cohort == 'prad_fhcrc' and standard_site == 'all' and method == 'LD-Z'	n_at_risk	none	0	num	pre-specified descriptive	FHCRC		n	at risk	FHCRC (auxiliary confirmation run, per cohort), n, at risk set		
s7_fhcrc_ld_host	results/stage7/confirm/tables/metrics.tsv	cohort == 'prad_fhcrc' and standard_site == 'all' and method == 'LD-Z'	host_rate	none	3	num	pre-specified descriptive	FHCRC	deconvolution	host-attraction rate	at risk	FHCRC (auxiliary confirmation run, per cohort), deconvolution, host-attraction rate, at risk set		
s7_fhcrc_ld_nnative	results/stage7/confirm/tables/metrics.tsv	cohort == 'prad_fhcrc' and standard_site == 'all' and method == 'LD-Z'	n_native_truth	none	0	num	pre-specified descriptive	FHCRC		n	native truth	FHCRC (auxiliary confirmation run, per cohort), n, native truth set		
s7_fhcrc_ld_native	results/stage7/confirm/tables/metrics.tsv	cohort == 'prad_fhcrc' and standard_site == 'all' and method == 'LD-Z'	native_truth_top1	none	3	num	pre-specified descriptive	FHCRC	deconvolution	top-1 accuracy	native truth	FHCRC (auxiliary confirmation run, per cohort), deconvolution, top-1 accuracy, native truth set		
s7_fhcrc_nc_n	results/stage7/confirm/tables/metrics.tsv	cohort == 'prad_fhcrc' and standard_site == 'all' and method == 'NC-Z'	n	none	0	num	pre-specified descriptive	FHCRC		n	evaluation	FHCRC (auxiliary confirmation run, per cohort), n, evaluation set		
s7_fhcrc_nc_top1	results/stage7/confirm/tables/metrics.tsv	cohort == 'prad_fhcrc' and standard_site == 'all' and method == 'NC-Z'	top1	none	3	num	pre-specified descriptive	FHCRC	normal classes	top-1 accuracy	evaluation	FHCRC (auxiliary confirmation run, per cohort), normal classes, top-1 accuracy, evaluation set		
s7_fhcrc_nc_nrisk	results/stage7/confirm/tables/metrics.tsv	cohort == 'prad_fhcrc' and standard_site == 'all' and method == 'NC-Z'	n_at_risk	none	0	num	pre-specified descriptive	FHCRC		n	at risk	FHCRC (auxiliary confirmation run, per cohort), n, at risk set		
s7_fhcrc_nc_host	results/stage7/confirm/tables/metrics.tsv	cohort == 'prad_fhcrc' and standard_site == 'all' and method == 'NC-Z'	host_rate	none	3	num	pre-specified descriptive	FHCRC	normal classes	host-attraction rate	at risk	FHCRC (auxiliary confirmation run, per cohort), normal classes, host-attraction rate, at risk set		
s7_fhcrc_nc_nnative	results/stage7/confirm/tables/metrics.tsv	cohort == 'prad_fhcrc' and standard_site == 'all' and method == 'NC-Z'	n_native_truth	none	0	num	pre-specified descriptive	FHCRC		n	native truth	FHCRC (auxiliary confirmation run, per cohort), n, native truth set		
s7_fhcrc_nc_native	results/stage7/confirm/tables/metrics.tsv	cohort == 'prad_fhcrc' and standard_site == 'all' and method == 'NC-Z'	native_truth_top1	none	3	num	pre-specified descriptive	FHCRC	normal classes	top-1 accuracy	native truth	FHCRC (auxiliary confirmation run, per cohort), normal classes, top-1 accuracy, native truth set		
s7_fhcrc_m1_n	results/stage7/confirm/tables/metrics.tsv	cohort == 'prad_fhcrc' and standard_site == 'all' and method == 'M1-Z'	n	none	0	num	pre-specified descriptive	FHCRC		n	evaluation	FHCRC (auxiliary confirmation run, per cohort), n, evaluation set		
s7_fhcrc_m1_top1	results/stage7/confirm/tables/metrics.tsv	cohort == 'prad_fhcrc' and standard_site == 'all' and method == 'M1-Z'	top1	none	3	num	pre-specified descriptive	FHCRC	masking	top-1 accuracy	evaluation	FHCRC (auxiliary confirmation run, per cohort), masking, top-1 accuracy, evaluation set		
s7_fhcrc_m1_nrisk	results/stage7/confirm/tables/metrics.tsv	cohort == 'prad_fhcrc' and standard_site == 'all' and method == 'M1-Z'	n_at_risk	none	0	num	pre-specified descriptive	FHCRC		n	at risk	FHCRC (auxiliary confirmation run, per cohort), n, at risk set		
s7_fhcrc_m1_host	results/stage7/confirm/tables/metrics.tsv	cohort == 'prad_fhcrc' and standard_site == 'all' and method == 'M1-Z'	host_rate	none	3	num	pre-specified descriptive	FHCRC	masking	host-attraction rate	at risk	FHCRC (auxiliary confirmation run, per cohort), masking, host-attraction rate, at risk set		
s7_fhcrc_m1_nnative	results/stage7/confirm/tables/metrics.tsv	cohort == 'prad_fhcrc' and standard_site == 'all' and method == 'M1-Z'	n_native_truth	none	0	num	pre-specified descriptive	FHCRC		n	native truth	FHCRC (auxiliary confirmation run, per cohort), n, native truth set		
s7_fhcrc_m1_native	results/stage7/confirm/tables/metrics.tsv	cohort == 'prad_fhcrc' and standard_site == 'all' and method == 'M1-Z'	native_truth_top1	none	3	num	pre-specified descriptive	FHCRC	masking	top-1 accuracy	native truth	FHCRC (auxiliary confirmation run, per cohort), masking, top-1 accuracy, native truth set		
s7_fhcrc_basek_n	results/stage7/confirm/tables/metrics.tsv	cohort == 'prad_fhcrc' and standard_site == 'all' and method == 'BASE-K'	n	none	0	num	pre-specified descriptive	FHCRC		n	evaluation	FHCRC (auxiliary confirmation run, per cohort), n, evaluation set		
s7_fhcrc_basek_top1	results/stage7/confirm/tables/metrics.tsv	cohort == 'prad_fhcrc' and standard_site == 'all' and method == 'BASE-K'	top1	none	3	num	pre-specified descriptive	FHCRC	gene sets	top-1 accuracy	evaluation	FHCRC (auxiliary confirmation run, per cohort), gene sets, top-1 accuracy, evaluation set		
s7_fhcrc_basek_nrisk	results/stage7/confirm/tables/metrics.tsv	cohort == 'prad_fhcrc' and standard_site == 'all' and method == 'BASE-K'	n_at_risk	none	0	num	pre-specified descriptive	FHCRC		n	at risk	FHCRC (auxiliary confirmation run, per cohort), n, at risk set		
s7_fhcrc_basek_host	results/stage7/confirm/tables/metrics.tsv	cohort == 'prad_fhcrc' and standard_site == 'all' and method == 'BASE-K'	host_rate	none	3	num	pre-specified descriptive	FHCRC	gene sets	host-attraction rate	at risk	FHCRC (auxiliary confirmation run, per cohort), gene sets, host-attraction rate, at risk set		
s7_fhcrc_basek_nnative	results/stage7/confirm/tables/metrics.tsv	cohort == 'prad_fhcrc' and standard_site == 'all' and method == 'BASE-K'	n_native_truth	none	0	num	pre-specified descriptive	FHCRC		n	native truth	FHCRC (auxiliary confirmation run, per cohort), n, native truth set		
s7_fhcrc_basek_native	results/stage7/confirm/tables/metrics.tsv	cohort == 'prad_fhcrc' and standard_site == 'all' and method == 'BASE-K'	native_truth_top1	none	3	num	pre-specified descriptive	FHCRC	gene sets	top-1 accuracy	native truth	FHCRC (auxiliary confirmation run, per cohort), gene sets, top-1 accuracy, native truth set		
s7_fhcrc_sak_n	results/stage7/confirm/tables/metrics.tsv	cohort == 'prad_fhcrc' and standard_site == 'all' and method == 'SA-K'	n	none	0	num	pre-specified descriptive	FHCRC		n	evaluation	FHCRC (auxiliary confirmation run, per cohort), n, evaluation set		
s7_fhcrc_sak_top1	results/stage7/confirm/tables/metrics.tsv	cohort == 'prad_fhcrc' and standard_site == 'all' and method == 'SA-K'	top1	none	3	num	pre-specified descriptive	FHCRC	gene sets	top-1 accuracy	evaluation	FHCRC (auxiliary confirmation run, per cohort), gene sets, top-1 accuracy, evaluation set		
s7_fhcrc_sak_nrisk	results/stage7/confirm/tables/metrics.tsv	cohort == 'prad_fhcrc' and standard_site == 'all' and method == 'SA-K'	n_at_risk	none	0	num	pre-specified descriptive	FHCRC		n	at risk	FHCRC (auxiliary confirmation run, per cohort), n, at risk set		
s7_fhcrc_sak_host	results/stage7/confirm/tables/metrics.tsv	cohort == 'prad_fhcrc' and standard_site == 'all' and method == 'SA-K'	host_rate	none	3	num	pre-specified descriptive	FHCRC	gene sets	host-attraction rate	at risk	FHCRC (auxiliary confirmation run, per cohort), gene sets, host-attraction rate, at risk set		
s7_fhcrc_sak_nnative	results/stage7/confirm/tables/metrics.tsv	cohort == 'prad_fhcrc' and standard_site == 'all' and method == 'SA-K'	n_native_truth	none	0	num	pre-specified descriptive	FHCRC		n	native truth	FHCRC (auxiliary confirmation run, per cohort), n, native truth set		
s7_fhcrc_sak_native	results/stage7/confirm/tables/metrics.tsv	cohort == 'prad_fhcrc' and standard_site == 'all' and method == 'SA-K'	native_truth_top1	none	3	num	pre-specified descriptive	FHCRC	gene sets	top-1 accuracy	native truth	FHCRC (auxiliary confirmation run, per cohort), gene sets, top-1 accuracy, native truth set		
s7_fhcrc_v0k_n	results/stage7/confirm/tables/metrics.tsv	cohort == 'prad_fhcrc' and standard_site == 'all' and method == 'V0-K'	n	none	0	num	pre-specified descriptive	FHCRC		n	evaluation	FHCRC (auxiliary confirmation run, per cohort), n, evaluation set		
s7_fhcrc_v0k_top1	results/stage7/confirm/tables/metrics.tsv	cohort == 'prad_fhcrc' and standard_site == 'all' and method == 'V0-K'	top1	none	3	num	pre-specified descriptive	FHCRC	gene sets	top-1 accuracy	evaluation	FHCRC (auxiliary confirmation run, per cohort), gene sets, top-1 accuracy, evaluation set		
s7_fhcrc_v0k_nrisk	results/stage7/confirm/tables/metrics.tsv	cohort == 'prad_fhcrc' and standard_site == 'all' and method == 'V0-K'	n_at_risk	none	0	num	pre-specified descriptive	FHCRC		n	at risk	FHCRC (auxiliary confirmation run, per cohort), n, at risk set		
s7_fhcrc_v0k_host	results/stage7/confirm/tables/metrics.tsv	cohort == 'prad_fhcrc' and standard_site == 'all' and method == 'V0-K'	host_rate	none	3	num	pre-specified descriptive	FHCRC	gene sets	host-attraction rate	at risk	FHCRC (auxiliary confirmation run, per cohort), gene sets, host-attraction rate, at risk set		
s7_fhcrc_v0k_nnative	results/stage7/confirm/tables/metrics.tsv	cohort == 'prad_fhcrc' and standard_site == 'all' and method == 'V0-K'	n_native_truth	none	0	num	pre-specified descriptive	FHCRC		n	native truth	FHCRC (auxiliary confirmation run, per cohort), n, native truth set		
s7_fhcrc_v0k_native	results/stage7/confirm/tables/metrics.tsv	cohort == 'prad_fhcrc' and standard_site == 'all' and method == 'V0-K'	native_truth_top1	none	3	num	pre-specified descriptive	FHCRC	gene sets	top-1 accuracy	native truth	FHCRC (auxiliary confirmation run, per cohort), gene sets, top-1 accuracy, native truth set		
s7_fhcrc_samlp_n	results/stage7/confirm/tables/metrics.tsv	cohort == 'prad_fhcrc' and standard_site == 'all' and method == 'SA-MLP'	n	none	0	num	pre-specified descriptive	FHCRC		n	evaluation	FHCRC (auxiliary confirmation run, per cohort), n, evaluation set		
s7_fhcrc_samlp_top1	results/stage7/confirm/tables/metrics.tsv	cohort == 'prad_fhcrc' and standard_site == 'all' and method == 'SA-MLP'	top1	none	3	num	pre-specified descriptive	FHCRC	perceptron	top-1 accuracy	evaluation	FHCRC (auxiliary confirmation run, per cohort), perceptron, top-1 accuracy, evaluation set		
s7_fhcrc_samlp_nrisk	results/stage7/confirm/tables/metrics.tsv	cohort == 'prad_fhcrc' and standard_site == 'all' and method == 'SA-MLP'	n_at_risk	none	0	num	pre-specified descriptive	FHCRC		n	at risk	FHCRC (auxiliary confirmation run, per cohort), n, at risk set		
s7_fhcrc_samlp_host	results/stage7/confirm/tables/metrics.tsv	cohort == 'prad_fhcrc' and standard_site == 'all' and method == 'SA-MLP'	host_rate	none	3	num	pre-specified descriptive	FHCRC	perceptron	host-attraction rate	at risk	FHCRC (auxiliary confirmation run, per cohort), perceptron, host-attraction rate, at risk set		
s7_fhcrc_samlp_nnative	results/stage7/confirm/tables/metrics.tsv	cohort == 'prad_fhcrc' and standard_site == 'all' and method == 'SA-MLP'	n_native_truth	none	0	num	pre-specified descriptive	FHCRC		n	native truth	FHCRC (auxiliary confirmation run, per cohort), n, native truth set		
s7_fhcrc_samlp_native	results/stage7/confirm/tables/metrics.tsv	cohort == 'prad_fhcrc' and standard_site == 'all' and method == 'SA-MLP'	native_truth_top1	none	3	num	pre-specified descriptive	FHCRC	perceptron	top-1 accuracy	native truth	FHCRC (auxiliary confirmation run, per cohort), perceptron, top-1 accuracy, native truth set		
s7_su2c_base_n	results/stage7/confirm/tables/metrics.tsv	cohort == 'prad_su2c_2019' and standard_site == 'all' and method == 'BASE-Z'	n	none	0	num	pre-specified descriptive	SU2C		n	evaluation	SU2C (auxiliary confirmation run, per cohort), n, evaluation set		
s7_su2c_base_top1	results/stage7/confirm/tables/metrics.tsv	cohort == 'prad_su2c_2019' and standard_site == 'all' and method == 'BASE-Z'	top1	none	3	num	pre-specified descriptive	SU2C	baseline	top-1 accuracy	evaluation	SU2C (auxiliary confirmation run, per cohort), baseline, top-1 accuracy, evaluation set		
s7_su2c_base_nrisk	results/stage7/confirm/tables/metrics.tsv	cohort == 'prad_su2c_2019' and standard_site == 'all' and method == 'BASE-Z'	n_at_risk	none	0	num	pre-specified descriptive	SU2C		n	at risk	SU2C (auxiliary confirmation run, per cohort), n, at risk set		
s7_su2c_base_host	results/stage7/confirm/tables/metrics.tsv	cohort == 'prad_su2c_2019' and standard_site == 'all' and method == 'BASE-Z'	host_rate	none	3	num	pre-specified descriptive	SU2C	baseline	host-attraction rate	at risk	SU2C (auxiliary confirmation run, per cohort), baseline, host-attraction rate, at risk set		
s7_su2c_base_nnative	results/stage7/confirm/tables/metrics.tsv	cohort == 'prad_su2c_2019' and standard_site == 'all' and method == 'BASE-Z'	n_native_truth	none	0	num	pre-specified descriptive	SU2C		n	native truth	SU2C (auxiliary confirmation run, per cohort), n, native truth set		
s7_su2c_base_native	results/stage7/confirm/tables/metrics.tsv	cohort == 'prad_su2c_2019' and standard_site == 'all' and method == 'BASE-Z'	native_truth_top1	none	3	num	pre-specified descriptive	SU2C	baseline	top-1 accuracy	native truth	SU2C (auxiliary confirmation run, per cohort), baseline, top-1 accuracy, native truth set		
s7_su2c_sa_n	results/stage7/confirm/tables/metrics.tsv	cohort == 'prad_su2c_2019' and standard_site == 'all' and method == 'SA-Z'	n	none	0	num	pre-specified descriptive	SU2C		n	evaluation	SU2C (auxiliary confirmation run, per cohort), n, evaluation set		
s7_su2c_sa_top1	results/stage7/confirm/tables/metrics.tsv	cohort == 'prad_su2c_2019' and standard_site == 'all' and method == 'SA-Z'	top1	none	3	num	pre-specified descriptive	SU2C	HostMix-TOO	top-1 accuracy	evaluation	SU2C (auxiliary confirmation run, per cohort), HostMix-TOO, top-1 accuracy, evaluation set		
s7_su2c_sa_nrisk	results/stage7/confirm/tables/metrics.tsv	cohort == 'prad_su2c_2019' and standard_site == 'all' and method == 'SA-Z'	n_at_risk	none	0	num	pre-specified descriptive	SU2C		n	at risk	SU2C (auxiliary confirmation run, per cohort), n, at risk set		
s7_su2c_sa_host	results/stage7/confirm/tables/metrics.tsv	cohort == 'prad_su2c_2019' and standard_site == 'all' and method == 'SA-Z'	host_rate	none	3	num	pre-specified descriptive	SU2C	HostMix-TOO	host-attraction rate	at risk	SU2C (auxiliary confirmation run, per cohort), HostMix-TOO, host-attraction rate, at risk set		
s7_su2c_sa_nnative	results/stage7/confirm/tables/metrics.tsv	cohort == 'prad_su2c_2019' and standard_site == 'all' and method == 'SA-Z'	n_native_truth	none	0	num	pre-specified descriptive	SU2C		n	native truth	SU2C (auxiliary confirmation run, per cohort), n, native truth set		
s7_su2c_sa_native	results/stage7/confirm/tables/metrics.tsv	cohort == 'prad_su2c_2019' and standard_site == 'all' and method == 'SA-Z'	native_truth_top1	none	3	num	pre-specified descriptive	SU2C	HostMix-TOO	top-1 accuracy	native truth	SU2C (auxiliary confirmation run, per cohort), HostMix-TOO, top-1 accuracy, native truth set		
s7_su2c_gated_n	results/stage7/confirm/tables/metrics.tsv	cohort == 'prad_su2c_2019' and standard_site == 'all' and method == 'SA-G'	n	none	0	num	pre-specified descriptive	SU2C		n	evaluation	SU2C (auxiliary confirmation run, per cohort), n, evaluation set		
s7_su2c_gated_top1	results/stage7/confirm/tables/metrics.tsv	cohort == 'prad_su2c_2019' and standard_site == 'all' and method == 'SA-G'	top1	none	3	num	pre-specified descriptive	SU2C	gated	top-1 accuracy	evaluation	SU2C (auxiliary confirmation run, per cohort), gated, top-1 accuracy, evaluation set		
s7_su2c_gated_nrisk	results/stage7/confirm/tables/metrics.tsv	cohort == 'prad_su2c_2019' and standard_site == 'all' and method == 'SA-G'	n_at_risk	none	0	num	pre-specified descriptive	SU2C		n	at risk	SU2C (auxiliary confirmation run, per cohort), n, at risk set		
s7_su2c_gated_host	results/stage7/confirm/tables/metrics.tsv	cohort == 'prad_su2c_2019' and standard_site == 'all' and method == 'SA-G'	host_rate	none	3	num	pre-specified descriptive	SU2C	gated	host-attraction rate	at risk	SU2C (auxiliary confirmation run, per cohort), gated, host-attraction rate, at risk set		
s7_su2c_gated_nnative	results/stage7/confirm/tables/metrics.tsv	cohort == 'prad_su2c_2019' and standard_site == 'all' and method == 'SA-G'	n_native_truth	none	0	num	pre-specified descriptive	SU2C		n	native truth	SU2C (auxiliary confirmation run, per cohort), n, native truth set		
s7_su2c_gated_native	results/stage7/confirm/tables/metrics.tsv	cohort == 'prad_su2c_2019' and standard_site == 'all' and method == 'SA-G'	native_truth_top1	none	3	num	pre-specified descriptive	SU2C	gated	top-1 accuracy	native truth	SU2C (auxiliary confirmation run, per cohort), gated, top-1 accuracy, native truth set		
s7_su2c_pool22_n	results/stage7/confirm/tables/metrics.tsv	cohort == 'prad_su2c_2019' and standard_site == 'all' and method == 'SA-pool22'	n	none	0	num	pre-specified descriptive	SU2C		n	evaluation	SU2C (auxiliary confirmation run, per cohort), n, evaluation set		
s7_su2c_pool22_top1	results/stage7/confirm/tables/metrics.tsv	cohort == 'prad_su2c_2019' and standard_site == 'all' and method == 'SA-pool22'	top1	none	3	num	pre-specified descriptive	SU2C	22-tissue	top-1 accuracy	evaluation	SU2C (auxiliary confirmation run, per cohort), 22-tissue, top-1 accuracy, evaluation set		
s7_su2c_pool22_nrisk	results/stage7/confirm/tables/metrics.tsv	cohort == 'prad_su2c_2019' and standard_site == 'all' and method == 'SA-pool22'	n_at_risk	none	0	num	pre-specified descriptive	SU2C		n	at risk	SU2C (auxiliary confirmation run, per cohort), n, at risk set		
s7_su2c_pool22_host	results/stage7/confirm/tables/metrics.tsv	cohort == 'prad_su2c_2019' and standard_site == 'all' and method == 'SA-pool22'	host_rate	none	3	num	pre-specified descriptive	SU2C	22-tissue	host-attraction rate	at risk	SU2C (auxiliary confirmation run, per cohort), 22-tissue, host-attraction rate, at risk set		
s7_su2c_pool22_nnative	results/stage7/confirm/tables/metrics.tsv	cohort == 'prad_su2c_2019' and standard_site == 'all' and method == 'SA-pool22'	n_native_truth	none	0	num	pre-specified descriptive	SU2C		n	native truth	SU2C (auxiliary confirmation run, per cohort), n, native truth set		
s7_su2c_pool22_native	results/stage7/confirm/tables/metrics.tsv	cohort == 'prad_su2c_2019' and standard_site == 'all' and method == 'SA-pool22'	native_truth_top1	none	3	num	pre-specified descriptive	SU2C	22-tissue	top-1 accuracy	native truth	SU2C (auxiliary confirmation run, per cohort), 22-tissue, top-1 accuracy, native truth set		
s7_su2c_sc_n	results/stage7/confirm/tables/metrics.tsv	cohort == 'prad_su2c_2019' and standard_site == 'all' and method == 'SC-Z'	n	none	0	num	pre-specified descriptive	SU2C		n	evaluation	SU2C (auxiliary confirmation run, per cohort), n, evaluation set		
s7_su2c_sc_top1	results/stage7/confirm/tables/metrics.tsv	cohort == 'prad_su2c_2019' and standard_site == 'all' and method == 'SC-Z'	top1	none	3	num	pre-specified descriptive	SU2C	site-specific	top-1 accuracy	evaluation	SU2C (auxiliary confirmation run, per cohort), site-specific, top-1 accuracy, evaluation set		
s7_su2c_sc_nrisk	results/stage7/confirm/tables/metrics.tsv	cohort == 'prad_su2c_2019' and standard_site == 'all' and method == 'SC-Z'	n_at_risk	none	0	num	pre-specified descriptive	SU2C		n	at risk	SU2C (auxiliary confirmation run, per cohort), n, at risk set		
s7_su2c_sc_host	results/stage7/confirm/tables/metrics.tsv	cohort == 'prad_su2c_2019' and standard_site == 'all' and method == 'SC-Z'	host_rate	none	3	num	pre-specified descriptive	SU2C	site-specific	host-attraction rate	at risk	SU2C (auxiliary confirmation run, per cohort), site-specific, host-attraction rate, at risk set		
s7_su2c_sc_nnative	results/stage7/confirm/tables/metrics.tsv	cohort == 'prad_su2c_2019' and standard_site == 'all' and method == 'SC-Z'	n_native_truth	none	0	num	pre-specified descriptive	SU2C		n	native truth	SU2C (auxiliary confirmation run, per cohort), n, native truth set		
s7_su2c_sc_native	results/stage7/confirm/tables/metrics.tsv	cohort == 'prad_su2c_2019' and standard_site == 'all' and method == 'SC-Z'	native_truth_top1	none	3	num	pre-specified descriptive	SU2C	site-specific	top-1 accuracy	native truth	SU2C (auxiliary confirmation run, per cohort), site-specific, top-1 accuracy, native truth set		
s7_su2c_ld_n	results/stage7/confirm/tables/metrics.tsv	cohort == 'prad_su2c_2019' and standard_site == 'all' and method == 'LD-Z'	n	none	0	num	pre-specified descriptive	SU2C		n	evaluation	SU2C (auxiliary confirmation run, per cohort), n, evaluation set		
s7_su2c_ld_top1	results/stage7/confirm/tables/metrics.tsv	cohort == 'prad_su2c_2019' and standard_site == 'all' and method == 'LD-Z'	top1	none	3	num	pre-specified descriptive	SU2C	deconvolution	top-1 accuracy	evaluation	SU2C (auxiliary confirmation run, per cohort), deconvolution, top-1 accuracy, evaluation set		
s7_su2c_ld_nrisk	results/stage7/confirm/tables/metrics.tsv	cohort == 'prad_su2c_2019' and standard_site == 'all' and method == 'LD-Z'	n_at_risk	none	0	num	pre-specified descriptive	SU2C		n	at risk	SU2C (auxiliary confirmation run, per cohort), n, at risk set		
s7_su2c_ld_host	results/stage7/confirm/tables/metrics.tsv	cohort == 'prad_su2c_2019' and standard_site == 'all' and method == 'LD-Z'	host_rate	none	3	num	pre-specified descriptive	SU2C	deconvolution	host-attraction rate	at risk	SU2C (auxiliary confirmation run, per cohort), deconvolution, host-attraction rate, at risk set		
s7_su2c_ld_nnative	results/stage7/confirm/tables/metrics.tsv	cohort == 'prad_su2c_2019' and standard_site == 'all' and method == 'LD-Z'	n_native_truth	none	0	num	pre-specified descriptive	SU2C		n	native truth	SU2C (auxiliary confirmation run, per cohort), n, native truth set		
s7_su2c_ld_native	results/stage7/confirm/tables/metrics.tsv	cohort == 'prad_su2c_2019' and standard_site == 'all' and method == 'LD-Z'	native_truth_top1	none	3	num	pre-specified descriptive	SU2C	deconvolution	top-1 accuracy	native truth	SU2C (auxiliary confirmation run, per cohort), deconvolution, top-1 accuracy, native truth set		
s7_su2c_nc_n	results/stage7/confirm/tables/metrics.tsv	cohort == 'prad_su2c_2019' and standard_site == 'all' and method == 'NC-Z'	n	none	0	num	pre-specified descriptive	SU2C		n	evaluation	SU2C (auxiliary confirmation run, per cohort), n, evaluation set		
s7_su2c_nc_top1	results/stage7/confirm/tables/metrics.tsv	cohort == 'prad_su2c_2019' and standard_site == 'all' and method == 'NC-Z'	top1	none	3	num	pre-specified descriptive	SU2C	normal classes	top-1 accuracy	evaluation	SU2C (auxiliary confirmation run, per cohort), normal classes, top-1 accuracy, evaluation set		
s7_su2c_nc_nrisk	results/stage7/confirm/tables/metrics.tsv	cohort == 'prad_su2c_2019' and standard_site == 'all' and method == 'NC-Z'	n_at_risk	none	0	num	pre-specified descriptive	SU2C		n	at risk	SU2C (auxiliary confirmation run, per cohort), n, at risk set		
s7_su2c_nc_host	results/stage7/confirm/tables/metrics.tsv	cohort == 'prad_su2c_2019' and standard_site == 'all' and method == 'NC-Z'	host_rate	none	3	num	pre-specified descriptive	SU2C	normal classes	host-attraction rate	at risk	SU2C (auxiliary confirmation run, per cohort), normal classes, host-attraction rate, at risk set		
s7_su2c_nc_nnative	results/stage7/confirm/tables/metrics.tsv	cohort == 'prad_su2c_2019' and standard_site == 'all' and method == 'NC-Z'	n_native_truth	none	0	num	pre-specified descriptive	SU2C		n	native truth	SU2C (auxiliary confirmation run, per cohort), n, native truth set		
s7_su2c_nc_native	results/stage7/confirm/tables/metrics.tsv	cohort == 'prad_su2c_2019' and standard_site == 'all' and method == 'NC-Z'	native_truth_top1	none	3	num	pre-specified descriptive	SU2C	normal classes	top-1 accuracy	native truth	SU2C (auxiliary confirmation run, per cohort), normal classes, top-1 accuracy, native truth set		
s7_su2c_m1_n	results/stage7/confirm/tables/metrics.tsv	cohort == 'prad_su2c_2019' and standard_site == 'all' and method == 'M1-Z'	n	none	0	num	pre-specified descriptive	SU2C		n	evaluation	SU2C (auxiliary confirmation run, per cohort), n, evaluation set		
s7_su2c_m1_top1	results/stage7/confirm/tables/metrics.tsv	cohort == 'prad_su2c_2019' and standard_site == 'all' and method == 'M1-Z'	top1	none	3	num	pre-specified descriptive	SU2C	masking	top-1 accuracy	evaluation	SU2C (auxiliary confirmation run, per cohort), masking, top-1 accuracy, evaluation set		
s7_su2c_m1_nrisk	results/stage7/confirm/tables/metrics.tsv	cohort == 'prad_su2c_2019' and standard_site == 'all' and method == 'M1-Z'	n_at_risk	none	0	num	pre-specified descriptive	SU2C		n	at risk	SU2C (auxiliary confirmation run, per cohort), n, at risk set		
s7_su2c_m1_host	results/stage7/confirm/tables/metrics.tsv	cohort == 'prad_su2c_2019' and standard_site == 'all' and method == 'M1-Z'	host_rate	none	3	num	pre-specified descriptive	SU2C	masking	host-attraction rate	at risk	SU2C (auxiliary confirmation run, per cohort), masking, host-attraction rate, at risk set		
s7_su2c_m1_nnative	results/stage7/confirm/tables/metrics.tsv	cohort == 'prad_su2c_2019' and standard_site == 'all' and method == 'M1-Z'	n_native_truth	none	0	num	pre-specified descriptive	SU2C		n	native truth	SU2C (auxiliary confirmation run, per cohort), n, native truth set		
s7_su2c_m1_native	results/stage7/confirm/tables/metrics.tsv	cohort == 'prad_su2c_2019' and standard_site == 'all' and method == 'M1-Z'	native_truth_top1	none	3	num	pre-specified descriptive	SU2C	masking	top-1 accuracy	native truth	SU2C (auxiliary confirmation run, per cohort), masking, top-1 accuracy, native truth set		
s7_su2c_basek_n	results/stage7/confirm/tables/metrics.tsv	cohort == 'prad_su2c_2019' and standard_site == 'all' and method == 'BASE-K'	n	none	0	num	pre-specified descriptive	SU2C		n	evaluation	SU2C (auxiliary confirmation run, per cohort), n, evaluation set		
s7_su2c_basek_top1	results/stage7/confirm/tables/metrics.tsv	cohort == 'prad_su2c_2019' and standard_site == 'all' and method == 'BASE-K'	top1	none	3	num	pre-specified descriptive	SU2C	gene sets	top-1 accuracy	evaluation	SU2C (auxiliary confirmation run, per cohort), gene sets, top-1 accuracy, evaluation set		
s7_su2c_basek_nrisk	results/stage7/confirm/tables/metrics.tsv	cohort == 'prad_su2c_2019' and standard_site == 'all' and method == 'BASE-K'	n_at_risk	none	0	num	pre-specified descriptive	SU2C		n	at risk	SU2C (auxiliary confirmation run, per cohort), n, at risk set		
s7_su2c_basek_host	results/stage7/confirm/tables/metrics.tsv	cohort == 'prad_su2c_2019' and standard_site == 'all' and method == 'BASE-K'	host_rate	none	3	num	pre-specified descriptive	SU2C	gene sets	host-attraction rate	at risk	SU2C (auxiliary confirmation run, per cohort), gene sets, host-attraction rate, at risk set		
s7_su2c_basek_nnative	results/stage7/confirm/tables/metrics.tsv	cohort == 'prad_su2c_2019' and standard_site == 'all' and method == 'BASE-K'	n_native_truth	none	0	num	pre-specified descriptive	SU2C		n	native truth	SU2C (auxiliary confirmation run, per cohort), n, native truth set		
s7_su2c_basek_native	results/stage7/confirm/tables/metrics.tsv	cohort == 'prad_su2c_2019' and standard_site == 'all' and method == 'BASE-K'	native_truth_top1	none	3	num	pre-specified descriptive	SU2C	gene sets	top-1 accuracy	native truth	SU2C (auxiliary confirmation run, per cohort), gene sets, top-1 accuracy, native truth set		
s7_su2c_sak_n	results/stage7/confirm/tables/metrics.tsv	cohort == 'prad_su2c_2019' and standard_site == 'all' and method == 'SA-K'	n	none	0	num	pre-specified descriptive	SU2C		n	evaluation	SU2C (auxiliary confirmation run, per cohort), n, evaluation set		
s7_su2c_sak_top1	results/stage7/confirm/tables/metrics.tsv	cohort == 'prad_su2c_2019' and standard_site == 'all' and method == 'SA-K'	top1	none	3	num	pre-specified descriptive	SU2C	gene sets	top-1 accuracy	evaluation	SU2C (auxiliary confirmation run, per cohort), gene sets, top-1 accuracy, evaluation set		
s7_su2c_sak_nrisk	results/stage7/confirm/tables/metrics.tsv	cohort == 'prad_su2c_2019' and standard_site == 'all' and method == 'SA-K'	n_at_risk	none	0	num	pre-specified descriptive	SU2C		n	at risk	SU2C (auxiliary confirmation run, per cohort), n, at risk set		
s7_su2c_sak_host	results/stage7/confirm/tables/metrics.tsv	cohort == 'prad_su2c_2019' and standard_site == 'all' and method == 'SA-K'	host_rate	none	3	num	pre-specified descriptive	SU2C	gene sets	host-attraction rate	at risk	SU2C (auxiliary confirmation run, per cohort), gene sets, host-attraction rate, at risk set		
s7_su2c_sak_nnative	results/stage7/confirm/tables/metrics.tsv	cohort == 'prad_su2c_2019' and standard_site == 'all' and method == 'SA-K'	n_native_truth	none	0	num	pre-specified descriptive	SU2C		n	native truth	SU2C (auxiliary confirmation run, per cohort), n, native truth set		
s7_su2c_sak_native	results/stage7/confirm/tables/metrics.tsv	cohort == 'prad_su2c_2019' and standard_site == 'all' and method == 'SA-K'	native_truth_top1	none	3	num	pre-specified descriptive	SU2C	gene sets	top-1 accuracy	native truth	SU2C (auxiliary confirmation run, per cohort), gene sets, top-1 accuracy, native truth set		
s7_su2c_v0k_n	results/stage7/confirm/tables/metrics.tsv	cohort == 'prad_su2c_2019' and standard_site == 'all' and method == 'V0-K'	n	none	0	num	pre-specified descriptive	SU2C		n	evaluation	SU2C (auxiliary confirmation run, per cohort), n, evaluation set		
s7_su2c_v0k_top1	results/stage7/confirm/tables/metrics.tsv	cohort == 'prad_su2c_2019' and standard_site == 'all' and method == 'V0-K'	top1	none	3	num	pre-specified descriptive	SU2C	gene sets	top-1 accuracy	evaluation	SU2C (auxiliary confirmation run, per cohort), gene sets, top-1 accuracy, evaluation set		
s7_su2c_v0k_nrisk	results/stage7/confirm/tables/metrics.tsv	cohort == 'prad_su2c_2019' and standard_site == 'all' and method == 'V0-K'	n_at_risk	none	0	num	pre-specified descriptive	SU2C		n	at risk	SU2C (auxiliary confirmation run, per cohort), n, at risk set		
s7_su2c_v0k_host	results/stage7/confirm/tables/metrics.tsv	cohort == 'prad_su2c_2019' and standard_site == 'all' and method == 'V0-K'	host_rate	none	3	num	pre-specified descriptive	SU2C	gene sets	host-attraction rate	at risk	SU2C (auxiliary confirmation run, per cohort), gene sets, host-attraction rate, at risk set		
s7_su2c_v0k_nnative	results/stage7/confirm/tables/metrics.tsv	cohort == 'prad_su2c_2019' and standard_site == 'all' and method == 'V0-K'	n_native_truth	none	0	num	pre-specified descriptive	SU2C		n	native truth	SU2C (auxiliary confirmation run, per cohort), n, native truth set		
s7_su2c_v0k_native	results/stage7/confirm/tables/metrics.tsv	cohort == 'prad_su2c_2019' and standard_site == 'all' and method == 'V0-K'	native_truth_top1	none	3	num	pre-specified descriptive	SU2C	gene sets	top-1 accuracy	native truth	SU2C (auxiliary confirmation run, per cohort), gene sets, top-1 accuracy, native truth set		
s7_su2c_samlp_n	results/stage7/confirm/tables/metrics.tsv	cohort == 'prad_su2c_2019' and standard_site == 'all' and method == 'SA-MLP'	n	none	0	num	pre-specified descriptive	SU2C		n	evaluation	SU2C (auxiliary confirmation run, per cohort), n, evaluation set		
s7_su2c_samlp_top1	results/stage7/confirm/tables/metrics.tsv	cohort == 'prad_su2c_2019' and standard_site == 'all' and method == 'SA-MLP'	top1	none	3	num	pre-specified descriptive	SU2C	perceptron	top-1 accuracy	evaluation	SU2C (auxiliary confirmation run, per cohort), perceptron, top-1 accuracy, evaluation set		
s7_su2c_samlp_nrisk	results/stage7/confirm/tables/metrics.tsv	cohort == 'prad_su2c_2019' and standard_site == 'all' and method == 'SA-MLP'	n_at_risk	none	0	num	pre-specified descriptive	SU2C		n	at risk	SU2C (auxiliary confirmation run, per cohort), n, at risk set		
s7_su2c_samlp_host	results/stage7/confirm/tables/metrics.tsv	cohort == 'prad_su2c_2019' and standard_site == 'all' and method == 'SA-MLP'	host_rate	none	3	num	pre-specified descriptive	SU2C	perceptron	host-attraction rate	at risk	SU2C (auxiliary confirmation run, per cohort), perceptron, host-attraction rate, at risk set		
s7_su2c_samlp_nnative	results/stage7/confirm/tables/metrics.tsv	cohort == 'prad_su2c_2019' and standard_site == 'all' and method == 'SA-MLP'	n_native_truth	none	0	num	pre-specified descriptive	SU2C		n	native truth	SU2C (auxiliary confirmation run, per cohort), n, native truth set		
s7_su2c_samlp_native	results/stage7/confirm/tables/metrics.tsv	cohort == 'prad_su2c_2019' and standard_site == 'all' and method == 'SA-MLP'	native_truth_top1	none	3	num	pre-specified descriptive	SU2C	perceptron	top-1 accuracy	native truth	SU2C (auxiliary confirmation run, per cohort), perceptron, top-1 accuracy, native truth set		
share_MET500_pure03	results/stage9/ablation/shares.tsv	cohort == 'MET500' and share == 'PURE-Zs'	value	none	3	num	post hoc	MET500	pure C=0.03	share of host-attraction gap	at risk	MET500, pure C=0.03, share of the baseline minus HostMix-TOO host-attraction gap (post hoc ablation)		
share_MET500_pure15	results/stage9/ablation/shares.tsv	cohort == 'MET500' and share == 'PURE-Zs-w'	value	none	3	num	post hoc	MET500	pure C=0.15	share of host-attraction gap	at risk	MET500, pure C=0.15, share of the baseline minus HostMix-TOO host-attraction gap (post hoc ablation)		
share_MET500_mix	results/stage9/ablation/shares.tsv	cohort == 'MET500' and share == 'MIX-Z0'	value	none	3	num	post hoc	MET500	mixture model	share of host-attraction gap	at risk	MET500, mixture model, share of the baseline minus HostMix-TOO host-attraction gap (post hoc ablation)		
share_POG570_pure03	results/stage9/ablation/shares.tsv	cohort == 'POG570' and share == 'PURE-Zs'	value	none	3	num	post hoc	POG570	pure C=0.03	share of host-attraction gap	at risk	POG570, pure C=0.03, share of the baseline minus HostMix-TOO host-attraction gap (post hoc ablation)		
share_POG570_pure15	results/stage9/ablation/shares.tsv	cohort == 'POG570' and share == 'PURE-Zs-w'	value	none	3	num	post hoc	POG570	pure C=0.15	share of host-attraction gap	at risk	POG570, pure C=0.15, share of the baseline minus HostMix-TOO host-attraction gap (post hoc ablation)		
share_POG570_mix	results/stage9/ablation/shares.tsv	cohort == 'POG570' and share == 'MIX-Z0'	value	none	3	num	post hoc	POG570	mixture model	share of host-attraction gap	at risk	POG570, mixture model, share of the baseline minus HostMix-TOO host-attraction gap (post hoc ablation)		
share_aux_rnaseq_pure03	results/stage9/ablation/shares.tsv	cohort == 'aux_rnaseq' and share == 'PURE-Zs'	value	none	3	num	post hoc	aux	pure C=0.03	share of host-attraction gap	at risk	aux, pure C=0.03, share of the baseline minus HostMix-TOO host-attraction gap (post hoc ablation)		
share_aux_rnaseq_pure15	results/stage9/ablation/shares.tsv	cohort == 'aux_rnaseq' and share == 'PURE-Zs-w'	value	none	3	num	post hoc	aux	pure C=0.15	share of host-attraction gap	at risk	aux, pure C=0.15, share of the baseline minus HostMix-TOO host-attraction gap (post hoc ablation)		
share_aux_rnaseq_mix	results/stage9/ablation/shares.tsv	cohort == 'aux_rnaseq' and share == 'MIX-Z0'	value	none	3	num	post hoc	aux	mixture model	share of host-attraction gap	at risk	aux, mixture model, share of the baseline minus HostMix-TOO host-attraction gap (post hoc ablation)		
ma_layer_base_top1	results/stage10/ablation_microarray/metrics.tsv	model == 'BASE-Z' and set == 'evaluation' and cohort == 'all' and metric == 'top1'	value	none	3	num	post hoc	microarray	baseline	top-1 accuracy	evaluation	microarray layer, baseline, top-1 accuracy, evaluation set (post hoc)		
ma_layer_n_evaluation	results/stage10/ablation_microarray/metrics.tsv	model == 'BASE-Z' and set == 'evaluation' and cohort == 'all' and metric == 'top1'	n	none	0	num	post hoc	microarray		n	evaluation	microarray layer, n of the evaluation set (one sample per patient across the layer)		
ma_layer_base_top1_pct	results/stage10/ablation_microarray/metrics.tsv	model == 'BASE-Z' and set == 'evaluation' and cohort == 'all' and metric == 'top1'	value	x100	1	num	post hoc	microarray	baseline	top-1 accuracy	evaluation	microarray layer, baseline, top-1 accuracy, evaluation set (percent, post hoc)		
ma_layer_base_n_esophagus	results/stage10/ablation_microarray/metrics.tsv	model == 'BASE-Z' and set == 'evaluation' and cohort == 'all' and metric == 'n_esophagus'	value	none	0	num	post hoc	microarray	baseline	esophagus calls	evaluation	microarray layer, baseline, esophagus calls, evaluation set (post hoc)		
ma_fhcrc_base_top1	results/stage10/ablation_microarray/metrics.tsv	model == 'BASE-Z' and set == 'evaluation' and cohort == 'prad_fhcrc' and metric == 'top1'	value	none	3	num	post hoc	FHCRC	baseline	top-1 accuracy	evaluation	microarray cohort FHCRC, baseline, top-1 accuracy, evaluation set (post hoc)		
ma_fhcrc_n_evaluation	results/stage10/ablation_microarray/metrics.tsv	model == 'BASE-Z' and set == 'evaluation' and cohort == 'prad_fhcrc' and metric == 'top1'	n	none	0	num	post hoc	FHCRC		n	evaluation	microarray cohort FHCRC, n of the evaluation set (one sample per patient across the layer)		
ma_fhcrc_base_n_esophagus	results/stage10/ablation_microarray/metrics.tsv	model == 'BASE-Z' and set == 'evaluation' and cohort == 'prad_fhcrc' and metric == 'n_esophagus'	value	none	0	num	post hoc	FHCRC	baseline	esophagus calls	evaluation	microarray cohort FHCRC, baseline, esophagus calls, evaluation set (post hoc)		
ma_gse41258_base_top1	results/stage10/ablation_microarray/metrics.tsv	model == 'BASE-Z' and set == 'evaluation' and cohort == 'GSE41258' and metric == 'top1'	value	none	3	num	post hoc	GSE41258	baseline	top-1 accuracy	evaluation	microarray cohort GSE41258, baseline, top-1 accuracy, evaluation set (post hoc)		
ma_gse41258_n_evaluation	results/stage10/ablation_microarray/metrics.tsv	model == 'BASE-Z' and set == 'evaluation' and cohort == 'GSE41258' and metric == 'top1'	n	none	0	num	post hoc	GSE41258		n	evaluation	microarray cohort GSE41258, n of the evaluation set (one sample per patient across the layer)		
ma_gse41258_base_n_esophagus	results/stage10/ablation_microarray/metrics.tsv	model == 'BASE-Z' and set == 'evaluation' and cohort == 'GSE41258' and metric == 'n_esophagus'	value	none	0	num	post hoc	GSE41258	baseline	esophagus calls	evaluation	microarray cohort GSE41258, baseline, esophagus calls, evaluation set (post hoc)		
ma_gse74685_base_top1	results/stage10/ablation_microarray/metrics.tsv	model == 'BASE-Z' and set == 'evaluation' and cohort == 'GSE74685' and metric == 'top1'	value	none	3	num	post hoc	GSE74685	baseline	top-1 accuracy	evaluation	microarray cohort GSE74685, baseline, top-1 accuracy, evaluation set (post hoc)		
ma_gse74685_n_evaluation	results/stage10/ablation_microarray/metrics.tsv	model == 'BASE-Z' and set == 'evaluation' and cohort == 'GSE74685' and metric == 'top1'	n	none	0	num	post hoc	GSE74685		n	evaluation	microarray cohort GSE74685, n of the evaluation set (one sample per patient across the layer)		
ma_gse74685_base_n_esophagus	results/stage10/ablation_microarray/metrics.tsv	model == 'BASE-Z' and set == 'evaluation' and cohort == 'GSE74685' and metric == 'n_esophagus'	value	none	0	num	post hoc	GSE74685	baseline	esophagus calls	evaluation	microarray cohort GSE74685, baseline, esophagus calls, evaluation set (post hoc)		
ma_gse71729_base_top1	results/stage10/ablation_microarray/metrics.tsv	model == 'BASE-Z' and set == 'evaluation' and cohort == 'GSE71729' and metric == 'top1'	value	none	3	num	post hoc	GSE71729	baseline	top-1 accuracy	evaluation	microarray cohort GSE71729, baseline, top-1 accuracy, evaluation set (post hoc)		
ma_gse71729_n_evaluation	results/stage10/ablation_microarray/metrics.tsv	model == 'BASE-Z' and set == 'evaluation' and cohort == 'GSE71729' and metric == 'top1'	n	none	0	num	post hoc	GSE71729		n	evaluation	microarray cohort GSE71729, n of the evaluation set (one sample per patient across the layer)		
ma_gse71729_base_n_esophagus	results/stage10/ablation_microarray/metrics.tsv	model == 'BASE-Z' and set == 'evaluation' and cohort == 'GSE71729' and metric == 'n_esophagus'	value	none	0	num	post hoc	GSE71729	baseline	esophagus calls	evaluation	microarray cohort GSE71729, baseline, esophagus calls, evaluation set (post hoc)		
ma_gse14018_base_top1	results/stage10/ablation_microarray/metrics.tsv	model == 'BASE-Z' and set == 'evaluation' and cohort == 'GSE14018' and metric == 'top1'	value	none	3	num	post hoc	GSE14018	baseline	top-1 accuracy	evaluation	microarray cohort GSE14018, baseline, top-1 accuracy, evaluation set (post hoc)		
ma_gse14018_n_evaluation	results/stage10/ablation_microarray/metrics.tsv	model == 'BASE-Z' and set == 'evaluation' and cohort == 'GSE14018' and metric == 'top1'	n	none	0	num	post hoc	GSE14018		n	evaluation	microarray cohort GSE14018, n of the evaluation set (one sample per patient across the layer)		
ma_gse14018_base_n_esophagus	results/stage10/ablation_microarray/metrics.tsv	model == 'BASE-Z' and set == 'evaluation' and cohort == 'GSE14018' and metric == 'n_esophagus'	value	none	0	num	post hoc	GSE14018	baseline	esophagus calls	evaluation	microarray cohort GSE14018, baseline, esophagus calls, evaluation set (post hoc)		
ma_layer_base_host_rate	results/stage10/ablation_microarray/metrics.tsv	model == 'BASE-Z' and set == 'at_risk' and cohort == 'all' and metric == 'host_rate'	value	none	3	num	post hoc	microarray	baseline	host-attraction rate	at risk	microarray layer, baseline, host-attraction rate, at risk set (post hoc)		
ma_layer_n_at_risk	results/stage10/ablation_microarray/metrics.tsv	model == 'BASE-Z' and set == 'at_risk' and cohort == 'all' and metric == 'host_rate'	n	none	0	num	post hoc	microarray		n	at risk	microarray layer, n of the at risk set (one sample per patient across the layer)		
ma_layer_base_host_rate_pct	results/stage10/ablation_microarray/metrics.tsv	model == 'BASE-Z' and set == 'at_risk' and cohort == 'all' and metric == 'host_rate'	value	x100	1	num	post hoc	microarray	baseline	host-attraction rate	at risk	microarray layer, baseline, host-attraction rate, at risk set (percent, post hoc)		
ma_fhcrc_base_host_rate	results/stage10/ablation_microarray/metrics.tsv	model == 'BASE-Z' and set == 'at_risk' and cohort == 'prad_fhcrc' and metric == 'host_rate'	value	none	3	num	post hoc	FHCRC	baseline	host-attraction rate	at risk	microarray cohort FHCRC, baseline, host-attraction rate, at risk set (post hoc)		
ma_fhcrc_n_at_risk	results/stage10/ablation_microarray/metrics.tsv	model == 'BASE-Z' and set == 'at_risk' and cohort == 'prad_fhcrc' and metric == 'host_rate'	n	none	0	num	post hoc	FHCRC		n	at risk	microarray cohort FHCRC, n of the at risk set (one sample per patient across the layer)		
ma_gse41258_base_host_rate	results/stage10/ablation_microarray/metrics.tsv	model == 'BASE-Z' and set == 'at_risk' and cohort == 'GSE41258' and metric == 'host_rate'	value	none	3	num	post hoc	GSE41258	baseline	host-attraction rate	at risk	microarray cohort GSE41258, baseline, host-attraction rate, at risk set (post hoc)		
ma_gse41258_n_at_risk	results/stage10/ablation_microarray/metrics.tsv	model == 'BASE-Z' and set == 'at_risk' and cohort == 'GSE41258' and metric == 'host_rate'	n	none	0	num	post hoc	GSE41258		n	at risk	microarray cohort GSE41258, n of the at risk set (one sample per patient across the layer)		
ma_gse74685_base_host_rate	results/stage10/ablation_microarray/metrics.tsv	model == 'BASE-Z' and set == 'at_risk' and cohort == 'GSE74685' and metric == 'host_rate'	value	none	3	num	post hoc	GSE74685	baseline	host-attraction rate	at risk	microarray cohort GSE74685, baseline, host-attraction rate, at risk set (post hoc)		
ma_gse74685_n_at_risk	results/stage10/ablation_microarray/metrics.tsv	model == 'BASE-Z' and set == 'at_risk' and cohort == 'GSE74685' and metric == 'host_rate'	n	none	0	num	post hoc	GSE74685		n	at risk	microarray cohort GSE74685, n of the at risk set (one sample per patient across the layer)		
ma_gse71729_base_host_rate	results/stage10/ablation_microarray/metrics.tsv	model == 'BASE-Z' and set == 'at_risk' and cohort == 'GSE71729' and metric == 'host_rate'	value	none	3	num	post hoc	GSE71729	baseline	host-attraction rate	at risk	microarray cohort GSE71729, baseline, host-attraction rate, at risk set (post hoc)		
ma_gse71729_n_at_risk	results/stage10/ablation_microarray/metrics.tsv	model == 'BASE-Z' and set == 'at_risk' and cohort == 'GSE71729' and metric == 'host_rate'	n	none	0	num	post hoc	GSE71729		n	at risk	microarray cohort GSE71729, n of the at risk set (one sample per patient across the layer)		
ma_gse14018_base_host_rate	results/stage10/ablation_microarray/metrics.tsv	model == 'BASE-Z' and set == 'at_risk' and cohort == 'GSE14018' and metric == 'host_rate'	value	none	3	num	post hoc	GSE14018	baseline	host-attraction rate	at risk	microarray cohort GSE14018, baseline, host-attraction rate, at risk set (post hoc)		
ma_gse14018_n_at_risk	results/stage10/ablation_microarray/metrics.tsv	model == 'BASE-Z' and set == 'at_risk' and cohort == 'GSE14018' and metric == 'host_rate'	n	none	0	num	post hoc	GSE14018		n	at risk	microarray cohort GSE14018, n of the at risk set (one sample per patient across the layer)		
ma_layer_base_native_truth_top1	results/stage10/ablation_microarray/metrics.tsv	model == 'BASE-Z' and set == 'native_truth' and cohort == 'all' and metric == 'native_truth_top1'	value	none	3	num	post hoc	microarray	baseline	top-1 accuracy	native truth	microarray layer, baseline, top-1 accuracy, native truth set (post hoc)		
ma_layer_n_native_truth	results/stage10/ablation_microarray/metrics.tsv	model == 'BASE-Z' and set == 'native_truth' and cohort == 'all' and metric == 'native_truth_top1'	n	none	0	num	post hoc	microarray		n	native truth	microarray layer, n of the native truth set (one sample per patient across the layer)		
ma_layer_base_native_truth_top1_pct	results/stage10/ablation_microarray/metrics.tsv	model == 'BASE-Z' and set == 'native_truth' and cohort == 'all' and metric == 'native_truth_top1'	value	x100	1	num	post hoc	microarray	baseline	top-1 accuracy	native truth	microarray layer, baseline, top-1 accuracy, native truth set (percent, post hoc)		
ma_gse41258_base_native_truth_top1	results/stage10/ablation_microarray/metrics.tsv	model == 'BASE-Z' and set == 'native_truth' and cohort == 'GSE41258' and metric == 'native_truth_top1'	value	none	3	num	post hoc	GSE41258	baseline	top-1 accuracy	native truth	microarray cohort GSE41258, baseline, top-1 accuracy, native truth set (post hoc)		
ma_gse41258_n_native_truth	results/stage10/ablation_microarray/metrics.tsv	model == 'BASE-Z' and set == 'native_truth' and cohort == 'GSE41258' and metric == 'native_truth_top1'	n	none	0	num	post hoc	GSE41258		n	native truth	microarray cohort GSE41258, n of the native truth set (one sample per patient across the layer)		
ma_gse71729_base_native_truth_top1	results/stage10/ablation_microarray/metrics.tsv	model == 'BASE-Z' and set == 'native_truth' and cohort == 'GSE71729' and metric == 'native_truth_top1'	value	none	3	num	post hoc	GSE71729	baseline	top-1 accuracy	native truth	microarray cohort GSE71729, baseline, top-1 accuracy, native truth set (post hoc)		
ma_gse71729_n_native_truth	results/stage10/ablation_microarray/metrics.tsv	model == 'BASE-Z' and set == 'native_truth' and cohort == 'GSE71729' and metric == 'native_truth_top1'	n	none	0	num	post hoc	GSE71729		n	native truth	microarray cohort GSE71729, n of the native truth set (one sample per patient across the layer)		
ma_fhcrc_base_native_truth_top1	results/stage10/ablation_microarray/metrics.tsv	model == 'BASE-Z' and set == 'native_truth' and cohort == 'prad_fhcrc' and metric == 'native_truth_top1'	value	none	3	num	post hoc	FHCRC	baseline	top-1 accuracy	native truth	microarray cohort FHCRC, baseline, top-1 accuracy, native truth set (post hoc)		
ma_fhcrc_n_native_truth	results/stage10/ablation_microarray/metrics.tsv	model == 'BASE-Z' and set == 'native_truth' and cohort == 'prad_fhcrc' and metric == 'native_truth_top1'	n	none	0	num	post hoc	FHCRC		n	native truth	microarray cohort FHCRC, n of the native truth set (one sample per patient across the layer)		
ma_layer_pure03_top1	results/stage10/ablation_microarray/metrics.tsv	model == 'PURE-Zs' and set == 'evaluation' and cohort == 'all' and metric == 'top1'	value	none	3	num	post hoc	microarray	pure C=0.03	top-1 accuracy	evaluation	microarray layer, pure C=0.03, top-1 accuracy, evaluation set (post hoc)		
ma_layer_pure03_top1_pct	results/stage10/ablation_microarray/metrics.tsv	model == 'PURE-Zs' and set == 'evaluation' and cohort == 'all' and metric == 'top1'	value	x100	1	num	post hoc	microarray	pure C=0.03	top-1 accuracy	evaluation	microarray layer, pure C=0.03, top-1 accuracy, evaluation set (percent, post hoc)		
ma_layer_pure03_n_esophagus	results/stage10/ablation_microarray/metrics.tsv	model == 'PURE-Zs' and set == 'evaluation' and cohort == 'all' and metric == 'n_esophagus'	value	none	0	num	post hoc	microarray	pure C=0.03	esophagus calls	evaluation	microarray layer, pure C=0.03, esophagus calls, evaluation set (post hoc)		
ma_fhcrc_pure03_top1	results/stage10/ablation_microarray/metrics.tsv	model == 'PURE-Zs' and set == 'evaluation' and cohort == 'prad_fhcrc' and metric == 'top1'	value	none	3	num	post hoc	FHCRC	pure C=0.03	top-1 accuracy	evaluation	microarray cohort FHCRC, pure C=0.03, top-1 accuracy, evaluation set (post hoc)		
ma_fhcrc_pure03_n_esophagus	results/stage10/ablation_microarray/metrics.tsv	model == 'PURE-Zs' and set == 'evaluation' and cohort == 'prad_fhcrc' and metric == 'n_esophagus'	value	none	0	num	post hoc	FHCRC	pure C=0.03	esophagus calls	evaluation	microarray cohort FHCRC, pure C=0.03, esophagus calls, evaluation set (post hoc)		
ma_gse41258_pure03_top1	results/stage10/ablation_microarray/metrics.tsv	model == 'PURE-Zs' and set == 'evaluation' and cohort == 'GSE41258' and metric == 'top1'	value	none	3	num	post hoc	GSE41258	pure C=0.03	top-1 accuracy	evaluation	microarray cohort GSE41258, pure C=0.03, top-1 accuracy, evaluation set (post hoc)		
ma_gse41258_pure03_n_esophagus	results/stage10/ablation_microarray/metrics.tsv	model == 'PURE-Zs' and set == 'evaluation' and cohort == 'GSE41258' and metric == 'n_esophagus'	value	none	0	num	post hoc	GSE41258	pure C=0.03	esophagus calls	evaluation	microarray cohort GSE41258, pure C=0.03, esophagus calls, evaluation set (post hoc)		
ma_gse74685_pure03_top1	results/stage10/ablation_microarray/metrics.tsv	model == 'PURE-Zs' and set == 'evaluation' and cohort == 'GSE74685' and metric == 'top1'	value	none	3	num	post hoc	GSE74685	pure C=0.03	top-1 accuracy	evaluation	microarray cohort GSE74685, pure C=0.03, top-1 accuracy, evaluation set (post hoc)		
ma_gse74685_pure03_n_esophagus	results/stage10/ablation_microarray/metrics.tsv	model == 'PURE-Zs' and set == 'evaluation' and cohort == 'GSE74685' and metric == 'n_esophagus'	value	none	0	num	post hoc	GSE74685	pure C=0.03	esophagus calls	evaluation	microarray cohort GSE74685, pure C=0.03, esophagus calls, evaluation set (post hoc)		
ma_gse71729_pure03_top1	results/stage10/ablation_microarray/metrics.tsv	model == 'PURE-Zs' and set == 'evaluation' and cohort == 'GSE71729' and metric == 'top1'	value	none	3	num	post hoc	GSE71729	pure C=0.03	top-1 accuracy	evaluation	microarray cohort GSE71729, pure C=0.03, top-1 accuracy, evaluation set (post hoc)		
ma_gse71729_pure03_n_esophagus	results/stage10/ablation_microarray/metrics.tsv	model == 'PURE-Zs' and set == 'evaluation' and cohort == 'GSE71729' and metric == 'n_esophagus'	value	none	0	num	post hoc	GSE71729	pure C=0.03	esophagus calls	evaluation	microarray cohort GSE71729, pure C=0.03, esophagus calls, evaluation set (post hoc)		
ma_gse14018_pure03_top1	results/stage10/ablation_microarray/metrics.tsv	model == 'PURE-Zs' and set == 'evaluation' and cohort == 'GSE14018' and metric == 'top1'	value	none	3	num	post hoc	GSE14018	pure C=0.03	top-1 accuracy	evaluation	microarray cohort GSE14018, pure C=0.03, top-1 accuracy, evaluation set (post hoc)		
ma_gse14018_pure03_n_esophagus	results/stage10/ablation_microarray/metrics.tsv	model == 'PURE-Zs' and set == 'evaluation' and cohort == 'GSE14018' and metric == 'n_esophagus'	value	none	0	num	post hoc	GSE14018	pure C=0.03	esophagus calls	evaluation	microarray cohort GSE14018, pure C=0.03, esophagus calls, evaluation set (post hoc)		
ma_layer_pure03_host_rate	results/stage10/ablation_microarray/metrics.tsv	model == 'PURE-Zs' and set == 'at_risk' and cohort == 'all' and metric == 'host_rate'	value	none	3	num	post hoc	microarray	pure C=0.03	host-attraction rate	at risk	microarray layer, pure C=0.03, host-attraction rate, at risk set (post hoc)		
ma_layer_pure03_host_rate_pct	results/stage10/ablation_microarray/metrics.tsv	model == 'PURE-Zs' and set == 'at_risk' and cohort == 'all' and metric == 'host_rate'	value	x100	1	num	post hoc	microarray	pure C=0.03	host-attraction rate	at risk	microarray layer, pure C=0.03, host-attraction rate, at risk set (percent, post hoc)		
ma_fhcrc_pure03_host_rate	results/stage10/ablation_microarray/metrics.tsv	model == 'PURE-Zs' and set == 'at_risk' and cohort == 'prad_fhcrc' and metric == 'host_rate'	value	none	3	num	post hoc	FHCRC	pure C=0.03	host-attraction rate	at risk	microarray cohort FHCRC, pure C=0.03, host-attraction rate, at risk set (post hoc)		
ma_gse41258_pure03_host_rate	results/stage10/ablation_microarray/metrics.tsv	model == 'PURE-Zs' and set == 'at_risk' and cohort == 'GSE41258' and metric == 'host_rate'	value	none	3	num	post hoc	GSE41258	pure C=0.03	host-attraction rate	at risk	microarray cohort GSE41258, pure C=0.03, host-attraction rate, at risk set (post hoc)		
ma_gse74685_pure03_host_rate	results/stage10/ablation_microarray/metrics.tsv	model == 'PURE-Zs' and set == 'at_risk' and cohort == 'GSE74685' and metric == 'host_rate'	value	none	3	num	post hoc	GSE74685	pure C=0.03	host-attraction rate	at risk	microarray cohort GSE74685, pure C=0.03, host-attraction rate, at risk set (post hoc)		
ma_gse71729_pure03_host_rate	results/stage10/ablation_microarray/metrics.tsv	model == 'PURE-Zs' and set == 'at_risk' and cohort == 'GSE71729' and metric == 'host_rate'	value	none	3	num	post hoc	GSE71729	pure C=0.03	host-attraction rate	at risk	microarray cohort GSE71729, pure C=0.03, host-attraction rate, at risk set (post hoc)		
ma_gse14018_pure03_host_rate	results/stage10/ablation_microarray/metrics.tsv	model == 'PURE-Zs' and set == 'at_risk' and cohort == 'GSE14018' and metric == 'host_rate'	value	none	3	num	post hoc	GSE14018	pure C=0.03	host-attraction rate	at risk	microarray cohort GSE14018, pure C=0.03, host-attraction rate, at risk set (post hoc)		
ma_layer_pure03_native_truth_top1	results/stage10/ablation_microarray/metrics.tsv	model == 'PURE-Zs' and set == 'native_truth' and cohort == 'all' and metric == 'native_truth_top1'	value	none	3	num	post hoc	microarray	pure C=0.03	top-1 accuracy	native truth	microarray layer, pure C=0.03, top-1 accuracy, native truth set (post hoc)		
ma_layer_pure03_native_truth_top1_pct	results/stage10/ablation_microarray/metrics.tsv	model == 'PURE-Zs' and set == 'native_truth' and cohort == 'all' and metric == 'native_truth_top1'	value	x100	1	num	post hoc	microarray	pure C=0.03	top-1 accuracy	native truth	microarray layer, pure C=0.03, top-1 accuracy, native truth set (percent, post hoc)		
ma_gse41258_pure03_native_truth_top1	results/stage10/ablation_microarray/metrics.tsv	model == 'PURE-Zs' and set == 'native_truth' and cohort == 'GSE41258' and metric == 'native_truth_top1'	value	none	3	num	post hoc	GSE41258	pure C=0.03	top-1 accuracy	native truth	microarray cohort GSE41258, pure C=0.03, top-1 accuracy, native truth set (post hoc)		
ma_gse71729_pure03_native_truth_top1	results/stage10/ablation_microarray/metrics.tsv	model == 'PURE-Zs' and set == 'native_truth' and cohort == 'GSE71729' and metric == 'native_truth_top1'	value	none	3	num	post hoc	GSE71729	pure C=0.03	top-1 accuracy	native truth	microarray cohort GSE71729, pure C=0.03, top-1 accuracy, native truth set (post hoc)		
ma_fhcrc_pure03_native_truth_top1	results/stage10/ablation_microarray/metrics.tsv	model == 'PURE-Zs' and set == 'native_truth' and cohort == 'prad_fhcrc' and metric == 'native_truth_top1'	value	none	3	num	post hoc	FHCRC	pure C=0.03	top-1 accuracy	native truth	microarray cohort FHCRC, pure C=0.03, top-1 accuracy, native truth set (post hoc)		
ma_layer_pure15_top1	results/stage10/ablation_microarray/metrics.tsv	model == 'PURE-Zs-w' and set == 'evaluation' and cohort == 'all' and metric == 'top1'	value	none	3	num	post hoc	microarray	pure C=0.15	top-1 accuracy	evaluation	microarray layer, pure C=0.15, top-1 accuracy, evaluation set (post hoc)		
ma_layer_pure15_top1_pct	results/stage10/ablation_microarray/metrics.tsv	model == 'PURE-Zs-w' and set == 'evaluation' and cohort == 'all' and metric == 'top1'	value	x100	1	num	post hoc	microarray	pure C=0.15	top-1 accuracy	evaluation	microarray layer, pure C=0.15, top-1 accuracy, evaluation set (percent, post hoc)		
ma_layer_pure15_n_esophagus	results/stage10/ablation_microarray/metrics.tsv	model == 'PURE-Zs-w' and set == 'evaluation' and cohort == 'all' and metric == 'n_esophagus'	value	none	0	num	post hoc	microarray	pure C=0.15	esophagus calls	evaluation	microarray layer, pure C=0.15, esophagus calls, evaluation set (post hoc)		
ma_fhcrc_pure15_top1	results/stage10/ablation_microarray/metrics.tsv	model == 'PURE-Zs-w' and set == 'evaluation' and cohort == 'prad_fhcrc' and metric == 'top1'	value	none	3	num	post hoc	FHCRC	pure C=0.15	top-1 accuracy	evaluation	microarray cohort FHCRC, pure C=0.15, top-1 accuracy, evaluation set (post hoc)		
ma_fhcrc_pure15_n_esophagus	results/stage10/ablation_microarray/metrics.tsv	model == 'PURE-Zs-w' and set == 'evaluation' and cohort == 'prad_fhcrc' and metric == 'n_esophagus'	value	none	0	num	post hoc	FHCRC	pure C=0.15	esophagus calls	evaluation	microarray cohort FHCRC, pure C=0.15, esophagus calls, evaluation set (post hoc)		
ma_gse41258_pure15_top1	results/stage10/ablation_microarray/metrics.tsv	model == 'PURE-Zs-w' and set == 'evaluation' and cohort == 'GSE41258' and metric == 'top1'	value	none	3	num	post hoc	GSE41258	pure C=0.15	top-1 accuracy	evaluation	microarray cohort GSE41258, pure C=0.15, top-1 accuracy, evaluation set (post hoc)		
ma_gse41258_pure15_n_esophagus	results/stage10/ablation_microarray/metrics.tsv	model == 'PURE-Zs-w' and set == 'evaluation' and cohort == 'GSE41258' and metric == 'n_esophagus'	value	none	0	num	post hoc	GSE41258	pure C=0.15	esophagus calls	evaluation	microarray cohort GSE41258, pure C=0.15, esophagus calls, evaluation set (post hoc)		
ma_gse74685_pure15_top1	results/stage10/ablation_microarray/metrics.tsv	model == 'PURE-Zs-w' and set == 'evaluation' and cohort == 'GSE74685' and metric == 'top1'	value	none	3	num	post hoc	GSE74685	pure C=0.15	top-1 accuracy	evaluation	microarray cohort GSE74685, pure C=0.15, top-1 accuracy, evaluation set (post hoc)		
ma_gse74685_pure15_n_esophagus	results/stage10/ablation_microarray/metrics.tsv	model == 'PURE-Zs-w' and set == 'evaluation' and cohort == 'GSE74685' and metric == 'n_esophagus'	value	none	0	num	post hoc	GSE74685	pure C=0.15	esophagus calls	evaluation	microarray cohort GSE74685, pure C=0.15, esophagus calls, evaluation set (post hoc)		
ma_gse71729_pure15_top1	results/stage10/ablation_microarray/metrics.tsv	model == 'PURE-Zs-w' and set == 'evaluation' and cohort == 'GSE71729' and metric == 'top1'	value	none	3	num	post hoc	GSE71729	pure C=0.15	top-1 accuracy	evaluation	microarray cohort GSE71729, pure C=0.15, top-1 accuracy, evaluation set (post hoc)		
ma_gse71729_pure15_n_esophagus	results/stage10/ablation_microarray/metrics.tsv	model == 'PURE-Zs-w' and set == 'evaluation' and cohort == 'GSE71729' and metric == 'n_esophagus'	value	none	0	num	post hoc	GSE71729	pure C=0.15	esophagus calls	evaluation	microarray cohort GSE71729, pure C=0.15, esophagus calls, evaluation set (post hoc)		
ma_gse14018_pure15_top1	results/stage10/ablation_microarray/metrics.tsv	model == 'PURE-Zs-w' and set == 'evaluation' and cohort == 'GSE14018' and metric == 'top1'	value	none	3	num	post hoc	GSE14018	pure C=0.15	top-1 accuracy	evaluation	microarray cohort GSE14018, pure C=0.15, top-1 accuracy, evaluation set (post hoc)		
ma_gse14018_pure15_n_esophagus	results/stage10/ablation_microarray/metrics.tsv	model == 'PURE-Zs-w' and set == 'evaluation' and cohort == 'GSE14018' and metric == 'n_esophagus'	value	none	0	num	post hoc	GSE14018	pure C=0.15	esophagus calls	evaluation	microarray cohort GSE14018, pure C=0.15, esophagus calls, evaluation set (post hoc)		
ma_layer_pure15_host_rate	results/stage10/ablation_microarray/metrics.tsv	model == 'PURE-Zs-w' and set == 'at_risk' and cohort == 'all' and metric == 'host_rate'	value	none	3	num	post hoc	microarray	pure C=0.15	host-attraction rate	at risk	microarray layer, pure C=0.15, host-attraction rate, at risk set (post hoc)		
ma_layer_pure15_host_rate_pct	results/stage10/ablation_microarray/metrics.tsv	model == 'PURE-Zs-w' and set == 'at_risk' and cohort == 'all' and metric == 'host_rate'	value	x100	1	num	post hoc	microarray	pure C=0.15	host-attraction rate	at risk	microarray layer, pure C=0.15, host-attraction rate, at risk set (percent, post hoc)		
ma_fhcrc_pure15_host_rate	results/stage10/ablation_microarray/metrics.tsv	model == 'PURE-Zs-w' and set == 'at_risk' and cohort == 'prad_fhcrc' and metric == 'host_rate'	value	none	3	num	post hoc	FHCRC	pure C=0.15	host-attraction rate	at risk	microarray cohort FHCRC, pure C=0.15, host-attraction rate, at risk set (post hoc)		
ma_gse41258_pure15_host_rate	results/stage10/ablation_microarray/metrics.tsv	model == 'PURE-Zs-w' and set == 'at_risk' and cohort == 'GSE41258' and metric == 'host_rate'	value	none	3	num	post hoc	GSE41258	pure C=0.15	host-attraction rate	at risk	microarray cohort GSE41258, pure C=0.15, host-attraction rate, at risk set (post hoc)		
ma_gse74685_pure15_host_rate	results/stage10/ablation_microarray/metrics.tsv	model == 'PURE-Zs-w' and set == 'at_risk' and cohort == 'GSE74685' and metric == 'host_rate'	value	none	3	num	post hoc	GSE74685	pure C=0.15	host-attraction rate	at risk	microarray cohort GSE74685, pure C=0.15, host-attraction rate, at risk set (post hoc)		
ma_gse71729_pure15_host_rate	results/stage10/ablation_microarray/metrics.tsv	model == 'PURE-Zs-w' and set == 'at_risk' and cohort == 'GSE71729' and metric == 'host_rate'	value	none	3	num	post hoc	GSE71729	pure C=0.15	host-attraction rate	at risk	microarray cohort GSE71729, pure C=0.15, host-attraction rate, at risk set (post hoc)		
ma_gse14018_pure15_host_rate	results/stage10/ablation_microarray/metrics.tsv	model == 'PURE-Zs-w' and set == 'at_risk' and cohort == 'GSE14018' and metric == 'host_rate'	value	none	3	num	post hoc	GSE14018	pure C=0.15	host-attraction rate	at risk	microarray cohort GSE14018, pure C=0.15, host-attraction rate, at risk set (post hoc)		
ma_layer_pure15_native_truth_top1	results/stage10/ablation_microarray/metrics.tsv	model == 'PURE-Zs-w' and set == 'native_truth' and cohort == 'all' and metric == 'native_truth_top1'	value	none	3	num	post hoc	microarray	pure C=0.15	top-1 accuracy	native truth	microarray layer, pure C=0.15, top-1 accuracy, native truth set (post hoc)		
ma_layer_pure15_native_truth_top1_pct	results/stage10/ablation_microarray/metrics.tsv	model == 'PURE-Zs-w' and set == 'native_truth' and cohort == 'all' and metric == 'native_truth_top1'	value	x100	1	num	post hoc	microarray	pure C=0.15	top-1 accuracy	native truth	microarray layer, pure C=0.15, top-1 accuracy, native truth set (percent, post hoc)		
ma_gse41258_pure15_native_truth_top1	results/stage10/ablation_microarray/metrics.tsv	model == 'PURE-Zs-w' and set == 'native_truth' and cohort == 'GSE41258' and metric == 'native_truth_top1'	value	none	3	num	post hoc	GSE41258	pure C=0.15	top-1 accuracy	native truth	microarray cohort GSE41258, pure C=0.15, top-1 accuracy, native truth set (post hoc)		
ma_gse71729_pure15_native_truth_top1	results/stage10/ablation_microarray/metrics.tsv	model == 'PURE-Zs-w' and set == 'native_truth' and cohort == 'GSE71729' and metric == 'native_truth_top1'	value	none	3	num	post hoc	GSE71729	pure C=0.15	top-1 accuracy	native truth	microarray cohort GSE71729, pure C=0.15, top-1 accuracy, native truth set (post hoc)		
ma_fhcrc_pure15_native_truth_top1	results/stage10/ablation_microarray/metrics.tsv	model == 'PURE-Zs-w' and set == 'native_truth' and cohort == 'prad_fhcrc' and metric == 'native_truth_top1'	value	none	3	num	post hoc	FHCRC	pure C=0.15	top-1 accuracy	native truth	microarray cohort FHCRC, pure C=0.15, top-1 accuracy, native truth set (post hoc)		
ma_layer_mix_top1	results/stage10/ablation_microarray/metrics.tsv	model == 'MIX-Z0' and set == 'evaluation' and cohort == 'all' and metric == 'top1'	value	none	3	num	post hoc	microarray	mixture model	top-1 accuracy	evaluation	microarray layer, mixture model, top-1 accuracy, evaluation set (post hoc)		
ma_layer_mix_top1_pct	results/stage10/ablation_microarray/metrics.tsv	model == 'MIX-Z0' and set == 'evaluation' and cohort == 'all' and metric == 'top1'	value	x100	1	num	post hoc	microarray	mixture model	top-1 accuracy	evaluation	microarray layer, mixture model, top-1 accuracy, evaluation set (percent, post hoc)		
ma_layer_mix_n_esophagus	results/stage10/ablation_microarray/metrics.tsv	model == 'MIX-Z0' and set == 'evaluation' and cohort == 'all' and metric == 'n_esophagus'	value	none	0	num	post hoc	microarray	mixture model	esophagus calls	evaluation	microarray layer, mixture model, esophagus calls, evaluation set (post hoc)		
ma_fhcrc_mix_top1	results/stage10/ablation_microarray/metrics.tsv	model == 'MIX-Z0' and set == 'evaluation' and cohort == 'prad_fhcrc' and metric == 'top1'	value	none	3	num	post hoc	FHCRC	mixture model	top-1 accuracy	evaluation	microarray cohort FHCRC, mixture model, top-1 accuracy, evaluation set (post hoc)		
ma_fhcrc_mix_n_esophagus	results/stage10/ablation_microarray/metrics.tsv	model == 'MIX-Z0' and set == 'evaluation' and cohort == 'prad_fhcrc' and metric == 'n_esophagus'	value	none	0	num	post hoc	FHCRC	mixture model	esophagus calls	evaluation	microarray cohort FHCRC, mixture model, esophagus calls, evaluation set (post hoc)		
ma_gse41258_mix_top1	results/stage10/ablation_microarray/metrics.tsv	model == 'MIX-Z0' and set == 'evaluation' and cohort == 'GSE41258' and metric == 'top1'	value	none	3	num	post hoc	GSE41258	mixture model	top-1 accuracy	evaluation	microarray cohort GSE41258, mixture model, top-1 accuracy, evaluation set (post hoc)		
ma_gse41258_mix_n_esophagus	results/stage10/ablation_microarray/metrics.tsv	model == 'MIX-Z0' and set == 'evaluation' and cohort == 'GSE41258' and metric == 'n_esophagus'	value	none	0	num	post hoc	GSE41258	mixture model	esophagus calls	evaluation	microarray cohort GSE41258, mixture model, esophagus calls, evaluation set (post hoc)		
ma_gse74685_mix_top1	results/stage10/ablation_microarray/metrics.tsv	model == 'MIX-Z0' and set == 'evaluation' and cohort == 'GSE74685' and metric == 'top1'	value	none	3	num	post hoc	GSE74685	mixture model	top-1 accuracy	evaluation	microarray cohort GSE74685, mixture model, top-1 accuracy, evaluation set (post hoc)		
ma_gse74685_mix_n_esophagus	results/stage10/ablation_microarray/metrics.tsv	model == 'MIX-Z0' and set == 'evaluation' and cohort == 'GSE74685' and metric == 'n_esophagus'	value	none	0	num	post hoc	GSE74685	mixture model	esophagus calls	evaluation	microarray cohort GSE74685, mixture model, esophagus calls, evaluation set (post hoc)		
ma_gse71729_mix_top1	results/stage10/ablation_microarray/metrics.tsv	model == 'MIX-Z0' and set == 'evaluation' and cohort == 'GSE71729' and metric == 'top1'	value	none	3	num	post hoc	GSE71729	mixture model	top-1 accuracy	evaluation	microarray cohort GSE71729, mixture model, top-1 accuracy, evaluation set (post hoc)		
ma_gse71729_mix_n_esophagus	results/stage10/ablation_microarray/metrics.tsv	model == 'MIX-Z0' and set == 'evaluation' and cohort == 'GSE71729' and metric == 'n_esophagus'	value	none	0	num	post hoc	GSE71729	mixture model	esophagus calls	evaluation	microarray cohort GSE71729, mixture model, esophagus calls, evaluation set (post hoc)		
ma_gse14018_mix_top1	results/stage10/ablation_microarray/metrics.tsv	model == 'MIX-Z0' and set == 'evaluation' and cohort == 'GSE14018' and metric == 'top1'	value	none	3	num	post hoc	GSE14018	mixture model	top-1 accuracy	evaluation	microarray cohort GSE14018, mixture model, top-1 accuracy, evaluation set (post hoc)		
ma_gse14018_mix_n_esophagus	results/stage10/ablation_microarray/metrics.tsv	model == 'MIX-Z0' and set == 'evaluation' and cohort == 'GSE14018' and metric == 'n_esophagus'	value	none	0	num	post hoc	GSE14018	mixture model	esophagus calls	evaluation	microarray cohort GSE14018, mixture model, esophagus calls, evaluation set (post hoc)		
ma_layer_mix_host_rate	results/stage10/ablation_microarray/metrics.tsv	model == 'MIX-Z0' and set == 'at_risk' and cohort == 'all' and metric == 'host_rate'	value	none	3	num	post hoc	microarray	mixture model	host-attraction rate	at risk	microarray layer, mixture model, host-attraction rate, at risk set (post hoc)		
ma_layer_mix_host_rate_pct	results/stage10/ablation_microarray/metrics.tsv	model == 'MIX-Z0' and set == 'at_risk' and cohort == 'all' and metric == 'host_rate'	value	x100	1	num	post hoc	microarray	mixture model	host-attraction rate	at risk	microarray layer, mixture model, host-attraction rate, at risk set (percent, post hoc)		
ma_fhcrc_mix_host_rate	results/stage10/ablation_microarray/metrics.tsv	model == 'MIX-Z0' and set == 'at_risk' and cohort == 'prad_fhcrc' and metric == 'host_rate'	value	none	3	num	post hoc	FHCRC	mixture model	host-attraction rate	at risk	microarray cohort FHCRC, mixture model, host-attraction rate, at risk set (post hoc)		
ma_gse41258_mix_host_rate	results/stage10/ablation_microarray/metrics.tsv	model == 'MIX-Z0' and set == 'at_risk' and cohort == 'GSE41258' and metric == 'host_rate'	value	none	3	num	post hoc	GSE41258	mixture model	host-attraction rate	at risk	microarray cohort GSE41258, mixture model, host-attraction rate, at risk set (post hoc)		
ma_gse74685_mix_host_rate	results/stage10/ablation_microarray/metrics.tsv	model == 'MIX-Z0' and set == 'at_risk' and cohort == 'GSE74685' and metric == 'host_rate'	value	none	3	num	post hoc	GSE74685	mixture model	host-attraction rate	at risk	microarray cohort GSE74685, mixture model, host-attraction rate, at risk set (post hoc)		
ma_gse71729_mix_host_rate	results/stage10/ablation_microarray/metrics.tsv	model == 'MIX-Z0' and set == 'at_risk' and cohort == 'GSE71729' and metric == 'host_rate'	value	none	3	num	post hoc	GSE71729	mixture model	host-attraction rate	at risk	microarray cohort GSE71729, mixture model, host-attraction rate, at risk set (post hoc)		
ma_gse14018_mix_host_rate	results/stage10/ablation_microarray/metrics.tsv	model == 'MIX-Z0' and set == 'at_risk' and cohort == 'GSE14018' and metric == 'host_rate'	value	none	3	num	post hoc	GSE14018	mixture model	host-attraction rate	at risk	microarray cohort GSE14018, mixture model, host-attraction rate, at risk set (post hoc)		
ma_layer_mix_native_truth_top1	results/stage10/ablation_microarray/metrics.tsv	model == 'MIX-Z0' and set == 'native_truth' and cohort == 'all' and metric == 'native_truth_top1'	value	none	3	num	post hoc	microarray	mixture model	top-1 accuracy	native truth	microarray layer, mixture model, top-1 accuracy, native truth set (post hoc)		
ma_layer_mix_native_truth_top1_pct	results/stage10/ablation_microarray/metrics.tsv	model == 'MIX-Z0' and set == 'native_truth' and cohort == 'all' and metric == 'native_truth_top1'	value	x100	1	num	post hoc	microarray	mixture model	top-1 accuracy	native truth	microarray layer, mixture model, top-1 accuracy, native truth set (percent, post hoc)		
ma_gse41258_mix_native_truth_top1	results/stage10/ablation_microarray/metrics.tsv	model == 'MIX-Z0' and set == 'native_truth' and cohort == 'GSE41258' and metric == 'native_truth_top1'	value	none	3	num	post hoc	GSE41258	mixture model	top-1 accuracy	native truth	microarray cohort GSE41258, mixture model, top-1 accuracy, native truth set (post hoc)		
ma_gse71729_mix_native_truth_top1	results/stage10/ablation_microarray/metrics.tsv	model == 'MIX-Z0' and set == 'native_truth' and cohort == 'GSE71729' and metric == 'native_truth_top1'	value	none	3	num	post hoc	GSE71729	mixture model	top-1 accuracy	native truth	microarray cohort GSE71729, mixture model, top-1 accuracy, native truth set (post hoc)		
ma_fhcrc_mix_native_truth_top1	results/stage10/ablation_microarray/metrics.tsv	model == 'MIX-Z0' and set == 'native_truth' and cohort == 'prad_fhcrc' and metric == 'native_truth_top1'	value	none	3	num	post hoc	FHCRC	mixture model	top-1 accuracy	native truth	microarray cohort FHCRC, mixture model, top-1 accuracy, native truth set (post hoc)		
ma_layer_sa_top1	results/stage10/ablation_microarray/metrics.tsv	model == 'SA-Z' and set == 'evaluation' and cohort == 'all' and metric == 'top1'	value	none	3	num	post hoc	microarray	HostMix-TOO	top-1 accuracy	evaluation	microarray layer, HostMix-TOO, top-1 accuracy, evaluation set (post hoc)		
ma_layer_sa_top1_pct	results/stage10/ablation_microarray/metrics.tsv	model == 'SA-Z' and set == 'evaluation' and cohort == 'all' and metric == 'top1'	value	x100	1	num	post hoc	microarray	HostMix-TOO	top-1 accuracy	evaluation	microarray layer, HostMix-TOO, top-1 accuracy, evaluation set (percent, post hoc)		
ma_layer_sa_n_esophagus	results/stage10/ablation_microarray/metrics.tsv	model == 'SA-Z' and set == 'evaluation' and cohort == 'all' and metric == 'n_esophagus'	value	none	0	num	post hoc	microarray	HostMix-TOO	esophagus calls	evaluation	microarray layer, HostMix-TOO, esophagus calls, evaluation set (post hoc)		
ma_fhcrc_sa_top1	results/stage10/ablation_microarray/metrics.tsv	model == 'SA-Z' and set == 'evaluation' and cohort == 'prad_fhcrc' and metric == 'top1'	value	none	3	num	post hoc	FHCRC	HostMix-TOO	top-1 accuracy	evaluation	microarray cohort FHCRC, HostMix-TOO, top-1 accuracy, evaluation set (post hoc)		
ma_fhcrc_sa_n_esophagus	results/stage10/ablation_microarray/metrics.tsv	model == 'SA-Z' and set == 'evaluation' and cohort == 'prad_fhcrc' and metric == 'n_esophagus'	value	none	0	num	post hoc	FHCRC	HostMix-TOO	esophagus calls	evaluation	microarray cohort FHCRC, HostMix-TOO, esophagus calls, evaluation set (post hoc)		
ma_gse41258_sa_top1	results/stage10/ablation_microarray/metrics.tsv	model == 'SA-Z' and set == 'evaluation' and cohort == 'GSE41258' and metric == 'top1'	value	none	3	num	post hoc	GSE41258	HostMix-TOO	top-1 accuracy	evaluation	microarray cohort GSE41258, HostMix-TOO, top-1 accuracy, evaluation set (post hoc)		
ma_gse41258_sa_n_esophagus	results/stage10/ablation_microarray/metrics.tsv	model == 'SA-Z' and set == 'evaluation' and cohort == 'GSE41258' and metric == 'n_esophagus'	value	none	0	num	post hoc	GSE41258	HostMix-TOO	esophagus calls	evaluation	microarray cohort GSE41258, HostMix-TOO, esophagus calls, evaluation set (post hoc)		
ma_gse74685_sa_top1	results/stage10/ablation_microarray/metrics.tsv	model == 'SA-Z' and set == 'evaluation' and cohort == 'GSE74685' and metric == 'top1'	value	none	3	num	post hoc	GSE74685	HostMix-TOO	top-1 accuracy	evaluation	microarray cohort GSE74685, HostMix-TOO, top-1 accuracy, evaluation set (post hoc)		
ma_gse74685_sa_n_esophagus	results/stage10/ablation_microarray/metrics.tsv	model == 'SA-Z' and set == 'evaluation' and cohort == 'GSE74685' and metric == 'n_esophagus'	value	none	0	num	post hoc	GSE74685	HostMix-TOO	esophagus calls	evaluation	microarray cohort GSE74685, HostMix-TOO, esophagus calls, evaluation set (post hoc)		
ma_gse71729_sa_top1	results/stage10/ablation_microarray/metrics.tsv	model == 'SA-Z' and set == 'evaluation' and cohort == 'GSE71729' and metric == 'top1'	value	none	3	num	post hoc	GSE71729	HostMix-TOO	top-1 accuracy	evaluation	microarray cohort GSE71729, HostMix-TOO, top-1 accuracy, evaluation set (post hoc)		
ma_gse71729_sa_n_esophagus	results/stage10/ablation_microarray/metrics.tsv	model == 'SA-Z' and set == 'evaluation' and cohort == 'GSE71729' and metric == 'n_esophagus'	value	none	0	num	post hoc	GSE71729	HostMix-TOO	esophagus calls	evaluation	microarray cohort GSE71729, HostMix-TOO, esophagus calls, evaluation set (post hoc)		
ma_gse14018_sa_top1	results/stage10/ablation_microarray/metrics.tsv	model == 'SA-Z' and set == 'evaluation' and cohort == 'GSE14018' and metric == 'top1'	value	none	3	num	post hoc	GSE14018	HostMix-TOO	top-1 accuracy	evaluation	microarray cohort GSE14018, HostMix-TOO, top-1 accuracy, evaluation set (post hoc)		
ma_gse14018_sa_n_esophagus	results/stage10/ablation_microarray/metrics.tsv	model == 'SA-Z' and set == 'evaluation' and cohort == 'GSE14018' and metric == 'n_esophagus'	value	none	0	num	post hoc	GSE14018	HostMix-TOO	esophagus calls	evaluation	microarray cohort GSE14018, HostMix-TOO, esophagus calls, evaluation set (post hoc)		
ma_layer_sa_host_rate	results/stage10/ablation_microarray/metrics.tsv	model == 'SA-Z' and set == 'at_risk' and cohort == 'all' and metric == 'host_rate'	value	none	3	num	post hoc	microarray	HostMix-TOO	host-attraction rate	at risk	microarray layer, HostMix-TOO, host-attraction rate, at risk set (post hoc)		
ma_layer_sa_host_rate_pct	results/stage10/ablation_microarray/metrics.tsv	model == 'SA-Z' and set == 'at_risk' and cohort == 'all' and metric == 'host_rate'	value	x100	1	num	post hoc	microarray	HostMix-TOO	host-attraction rate	at risk	microarray layer, HostMix-TOO, host-attraction rate, at risk set (percent, post hoc)		
ma_fhcrc_sa_host_rate	results/stage10/ablation_microarray/metrics.tsv	model == 'SA-Z' and set == 'at_risk' and cohort == 'prad_fhcrc' and metric == 'host_rate'	value	none	3	num	post hoc	FHCRC	HostMix-TOO	host-attraction rate	at risk	microarray cohort FHCRC, HostMix-TOO, host-attraction rate, at risk set (post hoc)		
ma_gse41258_sa_host_rate	results/stage10/ablation_microarray/metrics.tsv	model == 'SA-Z' and set == 'at_risk' and cohort == 'GSE41258' and metric == 'host_rate'	value	none	3	num	post hoc	GSE41258	HostMix-TOO	host-attraction rate	at risk	microarray cohort GSE41258, HostMix-TOO, host-attraction rate, at risk set (post hoc)		
ma_gse74685_sa_host_rate	results/stage10/ablation_microarray/metrics.tsv	model == 'SA-Z' and set == 'at_risk' and cohort == 'GSE74685' and metric == 'host_rate'	value	none	3	num	post hoc	GSE74685	HostMix-TOO	host-attraction rate	at risk	microarray cohort GSE74685, HostMix-TOO, host-attraction rate, at risk set (post hoc)		
ma_gse71729_sa_host_rate	results/stage10/ablation_microarray/metrics.tsv	model == 'SA-Z' and set == 'at_risk' and cohort == 'GSE71729' and metric == 'host_rate'	value	none	3	num	post hoc	GSE71729	HostMix-TOO	host-attraction rate	at risk	microarray cohort GSE71729, HostMix-TOO, host-attraction rate, at risk set (post hoc)		
ma_gse14018_sa_host_rate	results/stage10/ablation_microarray/metrics.tsv	model == 'SA-Z' and set == 'at_risk' and cohort == 'GSE14018' and metric == 'host_rate'	value	none	3	num	post hoc	GSE14018	HostMix-TOO	host-attraction rate	at risk	microarray cohort GSE14018, HostMix-TOO, host-attraction rate, at risk set (post hoc)		
ma_layer_sa_native_truth_top1	results/stage10/ablation_microarray/metrics.tsv	model == 'SA-Z' and set == 'native_truth' and cohort == 'all' and metric == 'native_truth_top1'	value	none	3	num	post hoc	microarray	HostMix-TOO	top-1 accuracy	native truth	microarray layer, HostMix-TOO, top-1 accuracy, native truth set (post hoc)		
ma_layer_sa_native_truth_top1_pct	results/stage10/ablation_microarray/metrics.tsv	model == 'SA-Z' and set == 'native_truth' and cohort == 'all' and metric == 'native_truth_top1'	value	x100	1	num	post hoc	microarray	HostMix-TOO	top-1 accuracy	native truth	microarray layer, HostMix-TOO, top-1 accuracy, native truth set (percent, post hoc)		
ma_gse41258_sa_native_truth_top1	results/stage10/ablation_microarray/metrics.tsv	model == 'SA-Z' and set == 'native_truth' and cohort == 'GSE41258' and metric == 'native_truth_top1'	value	none	3	num	post hoc	GSE41258	HostMix-TOO	top-1 accuracy	native truth	microarray cohort GSE41258, HostMix-TOO, top-1 accuracy, native truth set (post hoc)		
ma_gse71729_sa_native_truth_top1	results/stage10/ablation_microarray/metrics.tsv	model == 'SA-Z' and set == 'native_truth' and cohort == 'GSE71729' and metric == 'native_truth_top1'	value	none	3	num	post hoc	GSE71729	HostMix-TOO	top-1 accuracy	native truth	microarray cohort GSE71729, HostMix-TOO, top-1 accuracy, native truth set (post hoc)		
ma_fhcrc_sa_native_truth_top1	results/stage10/ablation_microarray/metrics.tsv	model == 'SA-Z' and set == 'native_truth' and cohort == 'prad_fhcrc' and metric == 'native_truth_top1'	value	none	3	num	post hoc	FHCRC	HostMix-TOO	top-1 accuracy	native truth	microarray cohort FHCRC, HostMix-TOO, top-1 accuracy, native truth set (post hoc)		
mg_base_restriction_drop_mean	results/stage10/ablation_microarray/restriction.tsv	model == 'BASE-Z'		mean:restriction_drop	3	num	post hoc	POG570 and MET500	baseline	mean restriction_drop	evaluation	missing-gene simulation, baseline, mean restriction_drop over the 8 platform-cohort pairs (post hoc)		
mg_base_random_mean_mean	results/stage10/ablation_microarray/restriction.tsv	model == 'BASE-Z'		mean:random_mean	3	num	post hoc	POG570 and MET500	baseline	mean random_mean	evaluation	missing-gene simulation, baseline, mean random_mean over the 8 platform-cohort pairs (post hoc)		
mg_base_gpl15659_met500_restriction_drop	results/stage10/ablation_microarray/restriction.tsv	model == 'BASE-Z' and platform == 'GPL15659' and cohort == 'MET500'	restriction_drop	none	3	num	post hoc	MET500	baseline	restriction_drop	evaluation	missing-gene simulation, MET500, platform GPL15659, baseline, restriction_drop		
mg_base_gpl15659_met500_random_mean	results/stage10/ablation_microarray/restriction.tsv	model == 'BASE-Z' and platform == 'GPL15659' and cohort == 'MET500'	random_mean	none	3	num	post hoc	MET500	baseline	random_mean	evaluation	missing-gene simulation, MET500, platform GPL15659, baseline, random_mean		
mg_base_gpl15659_met500_random_min	results/stage10/ablation_microarray/restriction.tsv	model == 'BASE-Z' and platform == 'GPL15659' and cohort == 'MET500'	random_min	none	3	num	post hoc	MET500	baseline	random_min	evaluation	missing-gene simulation, MET500, platform GPL15659, baseline, random_min		
mg_base_gpl15659_met500_random_max	results/stage10/ablation_microarray/restriction.tsv	model == 'BASE-Z' and platform == 'GPL15659' and cohort == 'MET500'	random_max	none	3	num	post hoc	MET500	baseline	random_max	evaluation	missing-gene simulation, MET500, platform GPL15659, baseline, random_max		
mg_base_gpl15659_pog570_restriction_drop	results/stage10/ablation_microarray/restriction.tsv	model == 'BASE-Z' and platform == 'GPL15659' and cohort == 'POG570'	restriction_drop	none	3	num	post hoc	POG570	baseline	restriction_drop	evaluation	missing-gene simulation, POG570, platform GPL15659, baseline, restriction_drop		
mg_base_gpl15659_pog570_random_mean	results/stage10/ablation_microarray/restriction.tsv	model == 'BASE-Z' and platform == 'GPL15659' and cohort == 'POG570'	random_mean	none	3	num	post hoc	POG570	baseline	random_mean	evaluation	missing-gene simulation, POG570, platform GPL15659, baseline, random_mean		
mg_base_gpl15659_pog570_random_min	results/stage10/ablation_microarray/restriction.tsv	model == 'BASE-Z' and platform == 'GPL15659' and cohort == 'POG570'	random_min	none	3	num	post hoc	POG570	baseline	random_min	evaluation	missing-gene simulation, POG570, platform GPL15659, baseline, random_min		
mg_base_gpl15659_pog570_random_max	results/stage10/ablation_microarray/restriction.tsv	model == 'BASE-Z' and platform == 'GPL15659' and cohort == 'POG570'	random_max	none	3	num	post hoc	POG570	baseline	random_max	evaluation	missing-gene simulation, POG570, platform GPL15659, baseline, random_max		
mg_base_gpl20769_met500_restriction_drop	results/stage10/ablation_microarray/restriction.tsv	model == 'BASE-Z' and platform == 'GPL20769' and cohort == 'MET500'	restriction_drop	none	3	num	post hoc	MET500	baseline	restriction_drop	evaluation	missing-gene simulation, MET500, platform GPL20769, baseline, restriction_drop		
mg_base_gpl20769_met500_random_mean	results/stage10/ablation_microarray/restriction.tsv	model == 'BASE-Z' and platform == 'GPL20769' and cohort == 'MET500'	random_mean	none	3	num	post hoc	MET500	baseline	random_mean	evaluation	missing-gene simulation, MET500, platform GPL20769, baseline, random_mean		
mg_base_gpl20769_met500_random_min	results/stage10/ablation_microarray/restriction.tsv	model == 'BASE-Z' and platform == 'GPL20769' and cohort == 'MET500'	random_min	none	3	num	post hoc	MET500	baseline	random_min	evaluation	missing-gene simulation, MET500, platform GPL20769, baseline, random_min		
mg_base_gpl20769_met500_random_max	results/stage10/ablation_microarray/restriction.tsv	model == 'BASE-Z' and platform == 'GPL20769' and cohort == 'MET500'	random_max	none	3	num	post hoc	MET500	baseline	random_max	evaluation	missing-gene simulation, MET500, platform GPL20769, baseline, random_max		
mg_base_gpl20769_pog570_restriction_drop	results/stage10/ablation_microarray/restriction.tsv	model == 'BASE-Z' and platform == 'GPL20769' and cohort == 'POG570'	restriction_drop	none	3	num	post hoc	POG570	baseline	restriction_drop	evaluation	missing-gene simulation, POG570, platform GPL20769, baseline, restriction_drop		
mg_base_gpl20769_pog570_random_mean	results/stage10/ablation_microarray/restriction.tsv	model == 'BASE-Z' and platform == 'GPL20769' and cohort == 'POG570'	random_mean	none	3	num	post hoc	POG570	baseline	random_mean	evaluation	missing-gene simulation, POG570, platform GPL20769, baseline, random_mean		
mg_base_gpl20769_pog570_random_min	results/stage10/ablation_microarray/restriction.tsv	model == 'BASE-Z' and platform == 'GPL20769' and cohort == 'POG570'	random_min	none	3	num	post hoc	POG570	baseline	random_min	evaluation	missing-gene simulation, POG570, platform GPL20769, baseline, random_min		
mg_base_gpl20769_pog570_random_max	results/stage10/ablation_microarray/restriction.tsv	model == 'BASE-Z' and platform == 'GPL20769' and cohort == 'POG570'	random_max	none	3	num	post hoc	POG570	baseline	random_max	evaluation	missing-gene simulation, POG570, platform GPL20769, baseline, random_max		
mg_base_gpl96_met500_restriction_drop	results/stage10/ablation_microarray/restriction.tsv	model == 'BASE-Z' and platform == 'GPL96' and cohort == 'MET500'	restriction_drop	none	3	num	post hoc	MET500	baseline	restriction_drop	evaluation	missing-gene simulation, MET500, platform GPL96, baseline, restriction_drop		
mg_base_gpl96_met500_random_mean	results/stage10/ablation_microarray/restriction.tsv	model == 'BASE-Z' and platform == 'GPL96' and cohort == 'MET500'	random_mean	none	3	num	post hoc	MET500	baseline	random_mean	evaluation	missing-gene simulation, MET500, platform GPL96, baseline, random_mean		
mg_base_gpl96_met500_random_min	results/stage10/ablation_microarray/restriction.tsv	model == 'BASE-Z' and platform == 'GPL96' and cohort == 'MET500'	random_min	none	3	num	post hoc	MET500	baseline	random_min	evaluation	missing-gene simulation, MET500, platform GPL96, baseline, random_min		
mg_base_gpl96_met500_random_max	results/stage10/ablation_microarray/restriction.tsv	model == 'BASE-Z' and platform == 'GPL96' and cohort == 'MET500'	random_max	none	3	num	post hoc	MET500	baseline	random_max	evaluation	missing-gene simulation, MET500, platform GPL96, baseline, random_max		
mg_base_gpl96_pog570_restriction_drop	results/stage10/ablation_microarray/restriction.tsv	model == 'BASE-Z' and platform == 'GPL96' and cohort == 'POG570'	restriction_drop	none	3	num	post hoc	POG570	baseline	restriction_drop	evaluation	missing-gene simulation, POG570, platform GPL96, baseline, restriction_drop		
mg_base_gpl96_pog570_random_mean	results/stage10/ablation_microarray/restriction.tsv	model == 'BASE-Z' and platform == 'GPL96' and cohort == 'POG570'	random_mean	none	3	num	post hoc	POG570	baseline	random_mean	evaluation	missing-gene simulation, POG570, platform GPL96, baseline, random_mean		
mg_base_gpl96_pog570_random_min	results/stage10/ablation_microarray/restriction.tsv	model == 'BASE-Z' and platform == 'GPL96' and cohort == 'POG570'	random_min	none	3	num	post hoc	POG570	baseline	random_min	evaluation	missing-gene simulation, POG570, platform GPL96, baseline, random_min		
mg_base_gpl96_pog570_random_max	results/stage10/ablation_microarray/restriction.tsv	model == 'BASE-Z' and platform == 'GPL96' and cohort == 'POG570'	random_max	none	3	num	post hoc	POG570	baseline	random_max	evaluation	missing-gene simulation, POG570, platform GPL96, baseline, random_max		
mg_base_prad_fhcrc_agilent_met500_restriction_drop	results/stage10/ablation_microarray/restriction.tsv	model == 'BASE-Z' and platform == 'prad_fhcrc_agilent' and cohort == 'MET500'	restriction_drop	none	3	num	post hoc	MET500	baseline	restriction_drop	evaluation	missing-gene simulation, MET500, platform prad_fhcrc_agilent, baseline, restriction_drop		
mg_base_prad_fhcrc_agilent_met500_random_mean	results/stage10/ablation_microarray/restriction.tsv	model == 'BASE-Z' and platform == 'prad_fhcrc_agilent' and cohort == 'MET500'	random_mean	none	3	num	post hoc	MET500	baseline	random_mean	evaluation	missing-gene simulation, MET500, platform prad_fhcrc_agilent, baseline, random_mean		
mg_base_prad_fhcrc_agilent_met500_random_min	results/stage10/ablation_microarray/restriction.tsv	model == 'BASE-Z' and platform == 'prad_fhcrc_agilent' and cohort == 'MET500'	random_min	none	3	num	post hoc	MET500	baseline	random_min	evaluation	missing-gene simulation, MET500, platform prad_fhcrc_agilent, baseline, random_min		
mg_base_prad_fhcrc_agilent_met500_random_max	results/stage10/ablation_microarray/restriction.tsv	model == 'BASE-Z' and platform == 'prad_fhcrc_agilent' and cohort == 'MET500'	random_max	none	3	num	post hoc	MET500	baseline	random_max	evaluation	missing-gene simulation, MET500, platform prad_fhcrc_agilent, baseline, random_max		
mg_base_prad_fhcrc_agilent_pog570_restriction_drop	results/stage10/ablation_microarray/restriction.tsv	model == 'BASE-Z' and platform == 'prad_fhcrc_agilent' and cohort == 'POG570'	restriction_drop	none	3	num	post hoc	POG570	baseline	restriction_drop	evaluation	missing-gene simulation, POG570, platform prad_fhcrc_agilent, baseline, restriction_drop		
mg_base_prad_fhcrc_agilent_pog570_random_mean	results/stage10/ablation_microarray/restriction.tsv	model == 'BASE-Z' and platform == 'prad_fhcrc_agilent' and cohort == 'POG570'	random_mean	none	3	num	post hoc	POG570	baseline	random_mean	evaluation	missing-gene simulation, POG570, platform prad_fhcrc_agilent, baseline, random_mean		
mg_base_prad_fhcrc_agilent_pog570_random_min	results/stage10/ablation_microarray/restriction.tsv	model == 'BASE-Z' and platform == 'prad_fhcrc_agilent' and cohort == 'POG570'	random_min	none	3	num	post hoc	POG570	baseline	random_min	evaluation	missing-gene simulation, POG570, platform prad_fhcrc_agilent, baseline, random_min		
mg_base_prad_fhcrc_agilent_pog570_random_max	results/stage10/ablation_microarray/restriction.tsv	model == 'BASE-Z' and platform == 'prad_fhcrc_agilent' and cohort == 'POG570'	random_max	none	3	num	post hoc	POG570	baseline	random_max	evaluation	missing-gene simulation, POG570, platform prad_fhcrc_agilent, baseline, random_max		
mg_mix_restriction_drop_mean	results/stage10/ablation_microarray/restriction.tsv	model == 'MIX-Z0'		mean:restriction_drop	3	num	post hoc	POG570 and MET500	mixture model	mean restriction_drop	evaluation	missing-gene simulation, mixture model, mean restriction_drop over the 8 platform-cohort pairs (post hoc)		
mg_mix_random_mean_mean	results/stage10/ablation_microarray/restriction.tsv	model == 'MIX-Z0'		mean:random_mean	3	num	post hoc	POG570 and MET500	mixture model	mean random_mean	evaluation	missing-gene simulation, mixture model, mean random_mean over the 8 platform-cohort pairs (post hoc)		
mg_mix_gpl15659_met500_restriction_drop	results/stage10/ablation_microarray/restriction.tsv	model == 'MIX-Z0' and platform == 'GPL15659' and cohort == 'MET500'	restriction_drop	none	3	num	post hoc	MET500	mixture model	restriction_drop	evaluation	missing-gene simulation, MET500, platform GPL15659, mixture model, restriction_drop		
mg_mix_gpl15659_met500_random_mean	results/stage10/ablation_microarray/restriction.tsv	model == 'MIX-Z0' and platform == 'GPL15659' and cohort == 'MET500'	random_mean	none	3	num	post hoc	MET500	mixture model	random_mean	evaluation	missing-gene simulation, MET500, platform GPL15659, mixture model, random_mean		
mg_mix_gpl15659_met500_random_min	results/stage10/ablation_microarray/restriction.tsv	model == 'MIX-Z0' and platform == 'GPL15659' and cohort == 'MET500'	random_min	none	3	num	post hoc	MET500	mixture model	random_min	evaluation	missing-gene simulation, MET500, platform GPL15659, mixture model, random_min		
mg_mix_gpl15659_met500_random_max	results/stage10/ablation_microarray/restriction.tsv	model == 'MIX-Z0' and platform == 'GPL15659' and cohort == 'MET500'	random_max	none	3	num	post hoc	MET500	mixture model	random_max	evaluation	missing-gene simulation, MET500, platform GPL15659, mixture model, random_max		
mg_mix_gpl15659_pog570_restriction_drop	results/stage10/ablation_microarray/restriction.tsv	model == 'MIX-Z0' and platform == 'GPL15659' and cohort == 'POG570'	restriction_drop	none	3	num	post hoc	POG570	mixture model	restriction_drop	evaluation	missing-gene simulation, POG570, platform GPL15659, mixture model, restriction_drop		
mg_mix_gpl15659_pog570_random_mean	results/stage10/ablation_microarray/restriction.tsv	model == 'MIX-Z0' and platform == 'GPL15659' and cohort == 'POG570'	random_mean	none	3	num	post hoc	POG570	mixture model	random_mean	evaluation	missing-gene simulation, POG570, platform GPL15659, mixture model, random_mean		
mg_mix_gpl15659_pog570_random_min	results/stage10/ablation_microarray/restriction.tsv	model == 'MIX-Z0' and platform == 'GPL15659' and cohort == 'POG570'	random_min	none	3	num	post hoc	POG570	mixture model	random_min	evaluation	missing-gene simulation, POG570, platform GPL15659, mixture model, random_min		
mg_mix_gpl15659_pog570_random_max	results/stage10/ablation_microarray/restriction.tsv	model == 'MIX-Z0' and platform == 'GPL15659' and cohort == 'POG570'	random_max	none	3	num	post hoc	POG570	mixture model	random_max	evaluation	missing-gene simulation, POG570, platform GPL15659, mixture model, random_max		
mg_mix_gpl20769_met500_restriction_drop	results/stage10/ablation_microarray/restriction.tsv	model == 'MIX-Z0' and platform == 'GPL20769' and cohort == 'MET500'	restriction_drop	none	3	num	post hoc	MET500	mixture model	restriction_drop	evaluation	missing-gene simulation, MET500, platform GPL20769, mixture model, restriction_drop		
mg_mix_gpl20769_met500_random_mean	results/stage10/ablation_microarray/restriction.tsv	model == 'MIX-Z0' and platform == 'GPL20769' and cohort == 'MET500'	random_mean	none	3	num	post hoc	MET500	mixture model	random_mean	evaluation	missing-gene simulation, MET500, platform GPL20769, mixture model, random_mean		
mg_mix_gpl20769_met500_random_min	results/stage10/ablation_microarray/restriction.tsv	model == 'MIX-Z0' and platform == 'GPL20769' and cohort == 'MET500'	random_min	none	3	num	post hoc	MET500	mixture model	random_min	evaluation	missing-gene simulation, MET500, platform GPL20769, mixture model, random_min		
mg_mix_gpl20769_met500_random_max	results/stage10/ablation_microarray/restriction.tsv	model == 'MIX-Z0' and platform == 'GPL20769' and cohort == 'MET500'	random_max	none	3	num	post hoc	MET500	mixture model	random_max	evaluation	missing-gene simulation, MET500, platform GPL20769, mixture model, random_max		
mg_mix_gpl20769_pog570_restriction_drop	results/stage10/ablation_microarray/restriction.tsv	model == 'MIX-Z0' and platform == 'GPL20769' and cohort == 'POG570'	restriction_drop	none	3	num	post hoc	POG570	mixture model	restriction_drop	evaluation	missing-gene simulation, POG570, platform GPL20769, mixture model, restriction_drop		
mg_mix_gpl20769_pog570_random_mean	results/stage10/ablation_microarray/restriction.tsv	model == 'MIX-Z0' and platform == 'GPL20769' and cohort == 'POG570'	random_mean	none	3	num	post hoc	POG570	mixture model	random_mean	evaluation	missing-gene simulation, POG570, platform GPL20769, mixture model, random_mean		
mg_mix_gpl20769_pog570_random_min	results/stage10/ablation_microarray/restriction.tsv	model == 'MIX-Z0' and platform == 'GPL20769' and cohort == 'POG570'	random_min	none	3	num	post hoc	POG570	mixture model	random_min	evaluation	missing-gene simulation, POG570, platform GPL20769, mixture model, random_min		
mg_mix_gpl20769_pog570_random_max	results/stage10/ablation_microarray/restriction.tsv	model == 'MIX-Z0' and platform == 'GPL20769' and cohort == 'POG570'	random_max	none	3	num	post hoc	POG570	mixture model	random_max	evaluation	missing-gene simulation, POG570, platform GPL20769, mixture model, random_max		
mg_mix_gpl96_met500_restriction_drop	results/stage10/ablation_microarray/restriction.tsv	model == 'MIX-Z0' and platform == 'GPL96' and cohort == 'MET500'	restriction_drop	none	3	num	post hoc	MET500	mixture model	restriction_drop	evaluation	missing-gene simulation, MET500, platform GPL96, mixture model, restriction_drop		
mg_mix_gpl96_met500_random_mean	results/stage10/ablation_microarray/restriction.tsv	model == 'MIX-Z0' and platform == 'GPL96' and cohort == 'MET500'	random_mean	none	3	num	post hoc	MET500	mixture model	random_mean	evaluation	missing-gene simulation, MET500, platform GPL96, mixture model, random_mean		
mg_mix_gpl96_met500_random_min	results/stage10/ablation_microarray/restriction.tsv	model == 'MIX-Z0' and platform == 'GPL96' and cohort == 'MET500'	random_min	none	3	num	post hoc	MET500	mixture model	random_min	evaluation	missing-gene simulation, MET500, platform GPL96, mixture model, random_min		
mg_mix_gpl96_met500_random_max	results/stage10/ablation_microarray/restriction.tsv	model == 'MIX-Z0' and platform == 'GPL96' and cohort == 'MET500'	random_max	none	3	num	post hoc	MET500	mixture model	random_max	evaluation	missing-gene simulation, MET500, platform GPL96, mixture model, random_max		
mg_mix_gpl96_pog570_restriction_drop	results/stage10/ablation_microarray/restriction.tsv	model == 'MIX-Z0' and platform == 'GPL96' and cohort == 'POG570'	restriction_drop	none	3	num	post hoc	POG570	mixture model	restriction_drop	evaluation	missing-gene simulation, POG570, platform GPL96, mixture model, restriction_drop		
mg_mix_gpl96_pog570_random_mean	results/stage10/ablation_microarray/restriction.tsv	model == 'MIX-Z0' and platform == 'GPL96' and cohort == 'POG570'	random_mean	none	3	num	post hoc	POG570	mixture model	random_mean	evaluation	missing-gene simulation, POG570, platform GPL96, mixture model, random_mean		
mg_mix_gpl96_pog570_random_min	results/stage10/ablation_microarray/restriction.tsv	model == 'MIX-Z0' and platform == 'GPL96' and cohort == 'POG570'	random_min	none	3	num	post hoc	POG570	mixture model	random_min	evaluation	missing-gene simulation, POG570, platform GPL96, mixture model, random_min		
mg_mix_gpl96_pog570_random_max	results/stage10/ablation_microarray/restriction.tsv	model == 'MIX-Z0' and platform == 'GPL96' and cohort == 'POG570'	random_max	none	3	num	post hoc	POG570	mixture model	random_max	evaluation	missing-gene simulation, POG570, platform GPL96, mixture model, random_max		
mg_mix_prad_fhcrc_agilent_met500_restriction_drop	results/stage10/ablation_microarray/restriction.tsv	model == 'MIX-Z0' and platform == 'prad_fhcrc_agilent' and cohort == 'MET500'	restriction_drop	none	3	num	post hoc	MET500	mixture model	restriction_drop	evaluation	missing-gene simulation, MET500, platform prad_fhcrc_agilent, mixture model, restriction_drop		
mg_mix_prad_fhcrc_agilent_met500_random_mean	results/stage10/ablation_microarray/restriction.tsv	model == 'MIX-Z0' and platform == 'prad_fhcrc_agilent' and cohort == 'MET500'	random_mean	none	3	num	post hoc	MET500	mixture model	random_mean	evaluation	missing-gene simulation, MET500, platform prad_fhcrc_agilent, mixture model, random_mean		
mg_mix_prad_fhcrc_agilent_met500_random_min	results/stage10/ablation_microarray/restriction.tsv	model == 'MIX-Z0' and platform == 'prad_fhcrc_agilent' and cohort == 'MET500'	random_min	none	3	num	post hoc	MET500	mixture model	random_min	evaluation	missing-gene simulation, MET500, platform prad_fhcrc_agilent, mixture model, random_min		
mg_mix_prad_fhcrc_agilent_met500_random_max	results/stage10/ablation_microarray/restriction.tsv	model == 'MIX-Z0' and platform == 'prad_fhcrc_agilent' and cohort == 'MET500'	random_max	none	3	num	post hoc	MET500	mixture model	random_max	evaluation	missing-gene simulation, MET500, platform prad_fhcrc_agilent, mixture model, random_max		
mg_mix_prad_fhcrc_agilent_pog570_restriction_drop	results/stage10/ablation_microarray/restriction.tsv	model == 'MIX-Z0' and platform == 'prad_fhcrc_agilent' and cohort == 'POG570'	restriction_drop	none	3	num	post hoc	POG570	mixture model	restriction_drop	evaluation	missing-gene simulation, POG570, platform prad_fhcrc_agilent, mixture model, restriction_drop		
mg_mix_prad_fhcrc_agilent_pog570_random_mean	results/stage10/ablation_microarray/restriction.tsv	model == 'MIX-Z0' and platform == 'prad_fhcrc_agilent' and cohort == 'POG570'	random_mean	none	3	num	post hoc	POG570	mixture model	random_mean	evaluation	missing-gene simulation, POG570, platform prad_fhcrc_agilent, mixture model, random_mean		
mg_mix_prad_fhcrc_agilent_pog570_random_min	results/stage10/ablation_microarray/restriction.tsv	model == 'MIX-Z0' and platform == 'prad_fhcrc_agilent' and cohort == 'POG570'	random_min	none	3	num	post hoc	POG570	mixture model	random_min	evaluation	missing-gene simulation, POG570, platform prad_fhcrc_agilent, mixture model, random_min		
mg_mix_prad_fhcrc_agilent_pog570_random_max	results/stage10/ablation_microarray/restriction.tsv	model == 'MIX-Z0' and platform == 'prad_fhcrc_agilent' and cohort == 'POG570'	random_max	none	3	num	post hoc	POG570	mixture model	random_max	evaluation	missing-gene simulation, POG570, platform prad_fhcrc_agilent, mixture model, random_max		
mg_pure03_restriction_drop_mean	results/stage10/ablation_microarray/restriction.tsv	model == 'PURE-Zs'		mean:restriction_drop	3	num	post hoc	POG570 and MET500	pure C=0.03	mean restriction_drop	evaluation	missing-gene simulation, pure C=0.03, mean restriction_drop over the 8 platform-cohort pairs (post hoc)		
mg_pure03_random_mean_mean	results/stage10/ablation_microarray/restriction.tsv	model == 'PURE-Zs'		mean:random_mean	3	num	post hoc	POG570 and MET500	pure C=0.03	mean random_mean	evaluation	missing-gene simulation, pure C=0.03, mean random_mean over the 8 platform-cohort pairs (post hoc)		
mg_pure03_gpl15659_met500_restriction_drop	results/stage10/ablation_microarray/restriction.tsv	model == 'PURE-Zs' and platform == 'GPL15659' and cohort == 'MET500'	restriction_drop	none	3	num	post hoc	MET500	pure C=0.03	restriction_drop	evaluation	missing-gene simulation, MET500, platform GPL15659, pure C=0.03, restriction_drop		
mg_pure03_gpl15659_met500_random_mean	results/stage10/ablation_microarray/restriction.tsv	model == 'PURE-Zs' and platform == 'GPL15659' and cohort == 'MET500'	random_mean	none	3	num	post hoc	MET500	pure C=0.03	random_mean	evaluation	missing-gene simulation, MET500, platform GPL15659, pure C=0.03, random_mean		
mg_pure03_gpl15659_met500_random_min	results/stage10/ablation_microarray/restriction.tsv	model == 'PURE-Zs' and platform == 'GPL15659' and cohort == 'MET500'	random_min	none	3	num	post hoc	MET500	pure C=0.03	random_min	evaluation	missing-gene simulation, MET500, platform GPL15659, pure C=0.03, random_min		
mg_pure03_gpl15659_met500_random_max	results/stage10/ablation_microarray/restriction.tsv	model == 'PURE-Zs' and platform == 'GPL15659' and cohort == 'MET500'	random_max	none	3	num	post hoc	MET500	pure C=0.03	random_max	evaluation	missing-gene simulation, MET500, platform GPL15659, pure C=0.03, random_max		
mg_pure03_gpl15659_pog570_restriction_drop	results/stage10/ablation_microarray/restriction.tsv	model == 'PURE-Zs' and platform == 'GPL15659' and cohort == 'POG570'	restriction_drop	none	3	num	post hoc	POG570	pure C=0.03	restriction_drop	evaluation	missing-gene simulation, POG570, platform GPL15659, pure C=0.03, restriction_drop		
mg_pure03_gpl15659_pog570_random_mean	results/stage10/ablation_microarray/restriction.tsv	model == 'PURE-Zs' and platform == 'GPL15659' and cohort == 'POG570'	random_mean	none	3	num	post hoc	POG570	pure C=0.03	random_mean	evaluation	missing-gene simulation, POG570, platform GPL15659, pure C=0.03, random_mean		
mg_pure03_gpl15659_pog570_random_min	results/stage10/ablation_microarray/restriction.tsv	model == 'PURE-Zs' and platform == 'GPL15659' and cohort == 'POG570'	random_min	none	3	num	post hoc	POG570	pure C=0.03	random_min	evaluation	missing-gene simulation, POG570, platform GPL15659, pure C=0.03, random_min		
mg_pure03_gpl15659_pog570_random_max	results/stage10/ablation_microarray/restriction.tsv	model == 'PURE-Zs' and platform == 'GPL15659' and cohort == 'POG570'	random_max	none	3	num	post hoc	POG570	pure C=0.03	random_max	evaluation	missing-gene simulation, POG570, platform GPL15659, pure C=0.03, random_max		
mg_pure03_gpl20769_met500_restriction_drop	results/stage10/ablation_microarray/restriction.tsv	model == 'PURE-Zs' and platform == 'GPL20769' and cohort == 'MET500'	restriction_drop	none	3	num	post hoc	MET500	pure C=0.03	restriction_drop	evaluation	missing-gene simulation, MET500, platform GPL20769, pure C=0.03, restriction_drop		
mg_pure03_gpl20769_met500_random_mean	results/stage10/ablation_microarray/restriction.tsv	model == 'PURE-Zs' and platform == 'GPL20769' and cohort == 'MET500'	random_mean	none	3	num	post hoc	MET500	pure C=0.03	random_mean	evaluation	missing-gene simulation, MET500, platform GPL20769, pure C=0.03, random_mean		
mg_pure03_gpl20769_met500_random_min	results/stage10/ablation_microarray/restriction.tsv	model == 'PURE-Zs' and platform == 'GPL20769' and cohort == 'MET500'	random_min	none	3	num	post hoc	MET500	pure C=0.03	random_min	evaluation	missing-gene simulation, MET500, platform GPL20769, pure C=0.03, random_min		
mg_pure03_gpl20769_met500_random_max	results/stage10/ablation_microarray/restriction.tsv	model == 'PURE-Zs' and platform == 'GPL20769' and cohort == 'MET500'	random_max	none	3	num	post hoc	MET500	pure C=0.03	random_max	evaluation	missing-gene simulation, MET500, platform GPL20769, pure C=0.03, random_max		
mg_pure03_gpl20769_pog570_restriction_drop	results/stage10/ablation_microarray/restriction.tsv	model == 'PURE-Zs' and platform == 'GPL20769' and cohort == 'POG570'	restriction_drop	none	3	num	post hoc	POG570	pure C=0.03	restriction_drop	evaluation	missing-gene simulation, POG570, platform GPL20769, pure C=0.03, restriction_drop		
mg_pure03_gpl20769_pog570_random_mean	results/stage10/ablation_microarray/restriction.tsv	model == 'PURE-Zs' and platform == 'GPL20769' and cohort == 'POG570'	random_mean	none	3	num	post hoc	POG570	pure C=0.03	random_mean	evaluation	missing-gene simulation, POG570, platform GPL20769, pure C=0.03, random_mean		
mg_pure03_gpl20769_pog570_random_min	results/stage10/ablation_microarray/restriction.tsv	model == 'PURE-Zs' and platform == 'GPL20769' and cohort == 'POG570'	random_min	none	3	num	post hoc	POG570	pure C=0.03	random_min	evaluation	missing-gene simulation, POG570, platform GPL20769, pure C=0.03, random_min		
mg_pure03_gpl20769_pog570_random_max	results/stage10/ablation_microarray/restriction.tsv	model == 'PURE-Zs' and platform == 'GPL20769' and cohort == 'POG570'	random_max	none	3	num	post hoc	POG570	pure C=0.03	random_max	evaluation	missing-gene simulation, POG570, platform GPL20769, pure C=0.03, random_max		
mg_pure03_gpl96_met500_restriction_drop	results/stage10/ablation_microarray/restriction.tsv	model == 'PURE-Zs' and platform == 'GPL96' and cohort == 'MET500'	restriction_drop	none	3	num	post hoc	MET500	pure C=0.03	restriction_drop	evaluation	missing-gene simulation, MET500, platform GPL96, pure C=0.03, restriction_drop		
mg_pure03_gpl96_met500_random_mean	results/stage10/ablation_microarray/restriction.tsv	model == 'PURE-Zs' and platform == 'GPL96' and cohort == 'MET500'	random_mean	none	3	num	post hoc	MET500	pure C=0.03	random_mean	evaluation	missing-gene simulation, MET500, platform GPL96, pure C=0.03, random_mean		
mg_pure03_gpl96_met500_random_min	results/stage10/ablation_microarray/restriction.tsv	model == 'PURE-Zs' and platform == 'GPL96' and cohort == 'MET500'	random_min	none	3	num	post hoc	MET500	pure C=0.03	random_min	evaluation	missing-gene simulation, MET500, platform GPL96, pure C=0.03, random_min		
mg_pure03_gpl96_met500_random_max	results/stage10/ablation_microarray/restriction.tsv	model == 'PURE-Zs' and platform == 'GPL96' and cohort == 'MET500'	random_max	none	3	num	post hoc	MET500	pure C=0.03	random_max	evaluation	missing-gene simulation, MET500, platform GPL96, pure C=0.03, random_max		
mg_pure03_gpl96_pog570_restriction_drop	results/stage10/ablation_microarray/restriction.tsv	model == 'PURE-Zs' and platform == 'GPL96' and cohort == 'POG570'	restriction_drop	none	3	num	post hoc	POG570	pure C=0.03	restriction_drop	evaluation	missing-gene simulation, POG570, platform GPL96, pure C=0.03, restriction_drop		
mg_pure03_gpl96_pog570_random_mean	results/stage10/ablation_microarray/restriction.tsv	model == 'PURE-Zs' and platform == 'GPL96' and cohort == 'POG570'	random_mean	none	3	num	post hoc	POG570	pure C=0.03	random_mean	evaluation	missing-gene simulation, POG570, platform GPL96, pure C=0.03, random_mean		
mg_pure03_gpl96_pog570_random_min	results/stage10/ablation_microarray/restriction.tsv	model == 'PURE-Zs' and platform == 'GPL96' and cohort == 'POG570'	random_min	none	3	num	post hoc	POG570	pure C=0.03	random_min	evaluation	missing-gene simulation, POG570, platform GPL96, pure C=0.03, random_min		
mg_pure03_gpl96_pog570_random_max	results/stage10/ablation_microarray/restriction.tsv	model == 'PURE-Zs' and platform == 'GPL96' and cohort == 'POG570'	random_max	none	3	num	post hoc	POG570	pure C=0.03	random_max	evaluation	missing-gene simulation, POG570, platform GPL96, pure C=0.03, random_max		
mg_pure03_prad_fhcrc_agilent_met500_restriction_drop	results/stage10/ablation_microarray/restriction.tsv	model == 'PURE-Zs' and platform == 'prad_fhcrc_agilent' and cohort == 'MET500'	restriction_drop	none	3	num	post hoc	MET500	pure C=0.03	restriction_drop	evaluation	missing-gene simulation, MET500, platform prad_fhcrc_agilent, pure C=0.03, restriction_drop		
mg_pure03_prad_fhcrc_agilent_met500_random_mean	results/stage10/ablation_microarray/restriction.tsv	model == 'PURE-Zs' and platform == 'prad_fhcrc_agilent' and cohort == 'MET500'	random_mean	none	3	num	post hoc	MET500	pure C=0.03	random_mean	evaluation	missing-gene simulation, MET500, platform prad_fhcrc_agilent, pure C=0.03, random_mean		
mg_pure03_prad_fhcrc_agilent_met500_random_min	results/stage10/ablation_microarray/restriction.tsv	model == 'PURE-Zs' and platform == 'prad_fhcrc_agilent' and cohort == 'MET500'	random_min	none	3	num	post hoc	MET500	pure C=0.03	random_min	evaluation	missing-gene simulation, MET500, platform prad_fhcrc_agilent, pure C=0.03, random_min		
mg_pure03_prad_fhcrc_agilent_met500_random_max	results/stage10/ablation_microarray/restriction.tsv	model == 'PURE-Zs' and platform == 'prad_fhcrc_agilent' and cohort == 'MET500'	random_max	none	3	num	post hoc	MET500	pure C=0.03	random_max	evaluation	missing-gene simulation, MET500, platform prad_fhcrc_agilent, pure C=0.03, random_max		
mg_pure03_prad_fhcrc_agilent_pog570_restriction_drop	results/stage10/ablation_microarray/restriction.tsv	model == 'PURE-Zs' and platform == 'prad_fhcrc_agilent' and cohort == 'POG570'	restriction_drop	none	3	num	post hoc	POG570	pure C=0.03	restriction_drop	evaluation	missing-gene simulation, POG570, platform prad_fhcrc_agilent, pure C=0.03, restriction_drop		
mg_pure03_prad_fhcrc_agilent_pog570_random_mean	results/stage10/ablation_microarray/restriction.tsv	model == 'PURE-Zs' and platform == 'prad_fhcrc_agilent' and cohort == 'POG570'	random_mean	none	3	num	post hoc	POG570	pure C=0.03	random_mean	evaluation	missing-gene simulation, POG570, platform prad_fhcrc_agilent, pure C=0.03, random_mean		
mg_pure03_prad_fhcrc_agilent_pog570_random_min	results/stage10/ablation_microarray/restriction.tsv	model == 'PURE-Zs' and platform == 'prad_fhcrc_agilent' and cohort == 'POG570'	random_min	none	3	num	post hoc	POG570	pure C=0.03	random_min	evaluation	missing-gene simulation, POG570, platform prad_fhcrc_agilent, pure C=0.03, random_min		
mg_pure03_prad_fhcrc_agilent_pog570_random_max	results/stage10/ablation_microarray/restriction.tsv	model == 'PURE-Zs' and platform == 'prad_fhcrc_agilent' and cohort == 'POG570'	random_max	none	3	num	post hoc	POG570	pure C=0.03	random_max	evaluation	missing-gene simulation, POG570, platform prad_fhcrc_agilent, pure C=0.03, random_max		
mg_pure15_restriction_drop_mean	results/stage10/ablation_microarray/restriction.tsv	model == 'PURE-Zs-w'		mean:restriction_drop	3	num	post hoc	POG570 and MET500	pure C=0.15	mean restriction_drop	evaluation	missing-gene simulation, pure C=0.15, mean restriction_drop over the 8 platform-cohort pairs (post hoc)		
mg_pure15_random_mean_mean	results/stage10/ablation_microarray/restriction.tsv	model == 'PURE-Zs-w'		mean:random_mean	3	num	post hoc	POG570 and MET500	pure C=0.15	mean random_mean	evaluation	missing-gene simulation, pure C=0.15, mean random_mean over the 8 platform-cohort pairs (post hoc)		
mg_pure15_gpl15659_met500_restriction_drop	results/stage10/ablation_microarray/restriction.tsv	model == 'PURE-Zs-w' and platform == 'GPL15659' and cohort == 'MET500'	restriction_drop	none	3	num	post hoc	MET500	pure C=0.15	restriction_drop	evaluation	missing-gene simulation, MET500, platform GPL15659, pure C=0.15, restriction_drop		
mg_pure15_gpl15659_met500_random_mean	results/stage10/ablation_microarray/restriction.tsv	model == 'PURE-Zs-w' and platform == 'GPL15659' and cohort == 'MET500'	random_mean	none	3	num	post hoc	MET500	pure C=0.15	random_mean	evaluation	missing-gene simulation, MET500, platform GPL15659, pure C=0.15, random_mean		
mg_pure15_gpl15659_met500_random_min	results/stage10/ablation_microarray/restriction.tsv	model == 'PURE-Zs-w' and platform == 'GPL15659' and cohort == 'MET500'	random_min	none	3	num	post hoc	MET500	pure C=0.15	random_min	evaluation	missing-gene simulation, MET500, platform GPL15659, pure C=0.15, random_min		
mg_pure15_gpl15659_met500_random_max	results/stage10/ablation_microarray/restriction.tsv	model == 'PURE-Zs-w' and platform == 'GPL15659' and cohort == 'MET500'	random_max	none	3	num	post hoc	MET500	pure C=0.15	random_max	evaluation	missing-gene simulation, MET500, platform GPL15659, pure C=0.15, random_max		
mg_pure15_gpl15659_pog570_restriction_drop	results/stage10/ablation_microarray/restriction.tsv	model == 'PURE-Zs-w' and platform == 'GPL15659' and cohort == 'POG570'	restriction_drop	none	3	num	post hoc	POG570	pure C=0.15	restriction_drop	evaluation	missing-gene simulation, POG570, platform GPL15659, pure C=0.15, restriction_drop		
mg_pure15_gpl15659_pog570_random_mean	results/stage10/ablation_microarray/restriction.tsv	model == 'PURE-Zs-w' and platform == 'GPL15659' and cohort == 'POG570'	random_mean	none	3	num	post hoc	POG570	pure C=0.15	random_mean	evaluation	missing-gene simulation, POG570, platform GPL15659, pure C=0.15, random_mean		
mg_pure15_gpl15659_pog570_random_min	results/stage10/ablation_microarray/restriction.tsv	model == 'PURE-Zs-w' and platform == 'GPL15659' and cohort == 'POG570'	random_min	none	3	num	post hoc	POG570	pure C=0.15	random_min	evaluation	missing-gene simulation, POG570, platform GPL15659, pure C=0.15, random_min		
mg_pure15_gpl15659_pog570_random_max	results/stage10/ablation_microarray/restriction.tsv	model == 'PURE-Zs-w' and platform == 'GPL15659' and cohort == 'POG570'	random_max	none	3	num	post hoc	POG570	pure C=0.15	random_max	evaluation	missing-gene simulation, POG570, platform GPL15659, pure C=0.15, random_max		
mg_pure15_gpl20769_met500_restriction_drop	results/stage10/ablation_microarray/restriction.tsv	model == 'PURE-Zs-w' and platform == 'GPL20769' and cohort == 'MET500'	restriction_drop	none	3	num	post hoc	MET500	pure C=0.15	restriction_drop	evaluation	missing-gene simulation, MET500, platform GPL20769, pure C=0.15, restriction_drop		
mg_pure15_gpl20769_met500_random_mean	results/stage10/ablation_microarray/restriction.tsv	model == 'PURE-Zs-w' and platform == 'GPL20769' and cohort == 'MET500'	random_mean	none	3	num	post hoc	MET500	pure C=0.15	random_mean	evaluation	missing-gene simulation, MET500, platform GPL20769, pure C=0.15, random_mean		
mg_pure15_gpl20769_met500_random_min	results/stage10/ablation_microarray/restriction.tsv	model == 'PURE-Zs-w' and platform == 'GPL20769' and cohort == 'MET500'	random_min	none	3	num	post hoc	MET500	pure C=0.15	random_min	evaluation	missing-gene simulation, MET500, platform GPL20769, pure C=0.15, random_min		
mg_pure15_gpl20769_met500_random_max	results/stage10/ablation_microarray/restriction.tsv	model == 'PURE-Zs-w' and platform == 'GPL20769' and cohort == 'MET500'	random_max	none	3	num	post hoc	MET500	pure C=0.15	random_max	evaluation	missing-gene simulation, MET500, platform GPL20769, pure C=0.15, random_max		
mg_pure15_gpl20769_pog570_restriction_drop	results/stage10/ablation_microarray/restriction.tsv	model == 'PURE-Zs-w' and platform == 'GPL20769' and cohort == 'POG570'	restriction_drop	none	3	num	post hoc	POG570	pure C=0.15	restriction_drop	evaluation	missing-gene simulation, POG570, platform GPL20769, pure C=0.15, restriction_drop		
mg_pure15_gpl20769_pog570_random_mean	results/stage10/ablation_microarray/restriction.tsv	model == 'PURE-Zs-w' and platform == 'GPL20769' and cohort == 'POG570'	random_mean	none	3	num	post hoc	POG570	pure C=0.15	random_mean	evaluation	missing-gene simulation, POG570, platform GPL20769, pure C=0.15, random_mean		
mg_pure15_gpl20769_pog570_random_min	results/stage10/ablation_microarray/restriction.tsv	model == 'PURE-Zs-w' and platform == 'GPL20769' and cohort == 'POG570'	random_min	none	3	num	post hoc	POG570	pure C=0.15	random_min	evaluation	missing-gene simulation, POG570, platform GPL20769, pure C=0.15, random_min		
mg_pure15_gpl20769_pog570_random_max	results/stage10/ablation_microarray/restriction.tsv	model == 'PURE-Zs-w' and platform == 'GPL20769' and cohort == 'POG570'	random_max	none	3	num	post hoc	POG570	pure C=0.15	random_max	evaluation	missing-gene simulation, POG570, platform GPL20769, pure C=0.15, random_max		
mg_pure15_gpl96_met500_restriction_drop	results/stage10/ablation_microarray/restriction.tsv	model == 'PURE-Zs-w' and platform == 'GPL96' and cohort == 'MET500'	restriction_drop	none	3	num	post hoc	MET500	pure C=0.15	restriction_drop	evaluation	missing-gene simulation, MET500, platform GPL96, pure C=0.15, restriction_drop		
mg_pure15_gpl96_met500_random_mean	results/stage10/ablation_microarray/restriction.tsv	model == 'PURE-Zs-w' and platform == 'GPL96' and cohort == 'MET500'	random_mean	none	3	num	post hoc	MET500	pure C=0.15	random_mean	evaluation	missing-gene simulation, MET500, platform GPL96, pure C=0.15, random_mean		
mg_pure15_gpl96_met500_random_min	results/stage10/ablation_microarray/restriction.tsv	model == 'PURE-Zs-w' and platform == 'GPL96' and cohort == 'MET500'	random_min	none	3	num	post hoc	MET500	pure C=0.15	random_min	evaluation	missing-gene simulation, MET500, platform GPL96, pure C=0.15, random_min		
mg_pure15_gpl96_met500_random_max	results/stage10/ablation_microarray/restriction.tsv	model == 'PURE-Zs-w' and platform == 'GPL96' and cohort == 'MET500'	random_max	none	3	num	post hoc	MET500	pure C=0.15	random_max	evaluation	missing-gene simulation, MET500, platform GPL96, pure C=0.15, random_max		
mg_pure15_gpl96_pog570_restriction_drop	results/stage10/ablation_microarray/restriction.tsv	model == 'PURE-Zs-w' and platform == 'GPL96' and cohort == 'POG570'	restriction_drop	none	3	num	post hoc	POG570	pure C=0.15	restriction_drop	evaluation	missing-gene simulation, POG570, platform GPL96, pure C=0.15, restriction_drop		
mg_pure15_gpl96_pog570_random_mean	results/stage10/ablation_microarray/restriction.tsv	model == 'PURE-Zs-w' and platform == 'GPL96' and cohort == 'POG570'	random_mean	none	3	num	post hoc	POG570	pure C=0.15	random_mean	evaluation	missing-gene simulation, POG570, platform GPL96, pure C=0.15, random_mean		
mg_pure15_gpl96_pog570_random_min	results/stage10/ablation_microarray/restriction.tsv	model == 'PURE-Zs-w' and platform == 'GPL96' and cohort == 'POG570'	random_min	none	3	num	post hoc	POG570	pure C=0.15	random_min	evaluation	missing-gene simulation, POG570, platform GPL96, pure C=0.15, random_min		
mg_pure15_gpl96_pog570_random_max	results/stage10/ablation_microarray/restriction.tsv	model == 'PURE-Zs-w' and platform == 'GPL96' and cohort == 'POG570'	random_max	none	3	num	post hoc	POG570	pure C=0.15	random_max	evaluation	missing-gene simulation, POG570, platform GPL96, pure C=0.15, random_max		
mg_pure15_prad_fhcrc_agilent_met500_restriction_drop	results/stage10/ablation_microarray/restriction.tsv	model == 'PURE-Zs-w' and platform == 'prad_fhcrc_agilent' and cohort == 'MET500'	restriction_drop	none	3	num	post hoc	MET500	pure C=0.15	restriction_drop	evaluation	missing-gene simulation, MET500, platform prad_fhcrc_agilent, pure C=0.15, restriction_drop		
mg_pure15_prad_fhcrc_agilent_met500_random_mean	results/stage10/ablation_microarray/restriction.tsv	model == 'PURE-Zs-w' and platform == 'prad_fhcrc_agilent' and cohort == 'MET500'	random_mean	none	3	num	post hoc	MET500	pure C=0.15	random_mean	evaluation	missing-gene simulation, MET500, platform prad_fhcrc_agilent, pure C=0.15, random_mean		
mg_pure15_prad_fhcrc_agilent_met500_random_min	results/stage10/ablation_microarray/restriction.tsv	model == 'PURE-Zs-w' and platform == 'prad_fhcrc_agilent' and cohort == 'MET500'	random_min	none	3	num	post hoc	MET500	pure C=0.15	random_min	evaluation	missing-gene simulation, MET500, platform prad_fhcrc_agilent, pure C=0.15, random_min		
mg_pure15_prad_fhcrc_agilent_met500_random_max	results/stage10/ablation_microarray/restriction.tsv	model == 'PURE-Zs-w' and platform == 'prad_fhcrc_agilent' and cohort == 'MET500'	random_max	none	3	num	post hoc	MET500	pure C=0.15	random_max	evaluation	missing-gene simulation, MET500, platform prad_fhcrc_agilent, pure C=0.15, random_max		
mg_pure15_prad_fhcrc_agilent_pog570_restriction_drop	results/stage10/ablation_microarray/restriction.tsv	model == 'PURE-Zs-w' and platform == 'prad_fhcrc_agilent' and cohort == 'POG570'	restriction_drop	none	3	num	post hoc	POG570	pure C=0.15	restriction_drop	evaluation	missing-gene simulation, POG570, platform prad_fhcrc_agilent, pure C=0.15, restriction_drop		
mg_pure15_prad_fhcrc_agilent_pog570_random_mean	results/stage10/ablation_microarray/restriction.tsv	model == 'PURE-Zs-w' and platform == 'prad_fhcrc_agilent' and cohort == 'POG570'	random_mean	none	3	num	post hoc	POG570	pure C=0.15	random_mean	evaluation	missing-gene simulation, POG570, platform prad_fhcrc_agilent, pure C=0.15, random_mean		
mg_pure15_prad_fhcrc_agilent_pog570_random_min	results/stage10/ablation_microarray/restriction.tsv	model == 'PURE-Zs-w' and platform == 'prad_fhcrc_agilent' and cohort == 'POG570'	random_min	none	3	num	post hoc	POG570	pure C=0.15	random_min	evaluation	missing-gene simulation, POG570, platform prad_fhcrc_agilent, pure C=0.15, random_min		
mg_pure15_prad_fhcrc_agilent_pog570_random_max	results/stage10/ablation_microarray/restriction.tsv	model == 'PURE-Zs-w' and platform == 'prad_fhcrc_agilent' and cohort == 'POG570'	random_max	none	3	num	post hoc	POG570	pure C=0.15	random_max	evaluation	missing-gene simulation, POG570, platform prad_fhcrc_agilent, pure C=0.15, random_max		
mg_sa_restriction_drop_mean	results/stage10/ablation_microarray/restriction.tsv	model == 'SA-Z'		mean:restriction_drop	3	num	post hoc	POG570 and MET500	HostMix-TOO	mean restriction_drop	evaluation	missing-gene simulation, HostMix-TOO, mean restriction_drop over the 8 platform-cohort pairs (post hoc)		
mg_sa_random_mean_mean	results/stage10/ablation_microarray/restriction.tsv	model == 'SA-Z'		mean:random_mean	3	num	post hoc	POG570 and MET500	HostMix-TOO	mean random_mean	evaluation	missing-gene simulation, HostMix-TOO, mean random_mean over the 8 platform-cohort pairs (post hoc)		
mg_sa_gpl15659_met500_restriction_drop	results/stage10/ablation_microarray/restriction.tsv	model == 'SA-Z' and platform == 'GPL15659' and cohort == 'MET500'	restriction_drop	none	3	num	post hoc	MET500	HostMix-TOO	restriction_drop	evaluation	missing-gene simulation, MET500, platform GPL15659, HostMix-TOO, restriction_drop		
mg_sa_gpl15659_met500_random_mean	results/stage10/ablation_microarray/restriction.tsv	model == 'SA-Z' and platform == 'GPL15659' and cohort == 'MET500'	random_mean	none	3	num	post hoc	MET500	HostMix-TOO	random_mean	evaluation	missing-gene simulation, MET500, platform GPL15659, HostMix-TOO, random_mean		
mg_sa_gpl15659_met500_random_min	results/stage10/ablation_microarray/restriction.tsv	model == 'SA-Z' and platform == 'GPL15659' and cohort == 'MET500'	random_min	none	3	num	post hoc	MET500	HostMix-TOO	random_min	evaluation	missing-gene simulation, MET500, platform GPL15659, HostMix-TOO, random_min		
mg_sa_gpl15659_met500_random_max	results/stage10/ablation_microarray/restriction.tsv	model == 'SA-Z' and platform == 'GPL15659' and cohort == 'MET500'	random_max	none	3	num	post hoc	MET500	HostMix-TOO	random_max	evaluation	missing-gene simulation, MET500, platform GPL15659, HostMix-TOO, random_max		
mg_sa_gpl15659_pog570_restriction_drop	results/stage10/ablation_microarray/restriction.tsv	model == 'SA-Z' and platform == 'GPL15659' and cohort == 'POG570'	restriction_drop	none	3	num	post hoc	POG570	HostMix-TOO	restriction_drop	evaluation	missing-gene simulation, POG570, platform GPL15659, HostMix-TOO, restriction_drop		
mg_sa_gpl15659_pog570_random_mean	results/stage10/ablation_microarray/restriction.tsv	model == 'SA-Z' and platform == 'GPL15659' and cohort == 'POG570'	random_mean	none	3	num	post hoc	POG570	HostMix-TOO	random_mean	evaluation	missing-gene simulation, POG570, platform GPL15659, HostMix-TOO, random_mean		
mg_sa_gpl15659_pog570_random_min	results/stage10/ablation_microarray/restriction.tsv	model == 'SA-Z' and platform == 'GPL15659' and cohort == 'POG570'	random_min	none	3	num	post hoc	POG570	HostMix-TOO	random_min	evaluation	missing-gene simulation, POG570, platform GPL15659, HostMix-TOO, random_min		
mg_sa_gpl15659_pog570_random_max	results/stage10/ablation_microarray/restriction.tsv	model == 'SA-Z' and platform == 'GPL15659' and cohort == 'POG570'	random_max	none	3	num	post hoc	POG570	HostMix-TOO	random_max	evaluation	missing-gene simulation, POG570, platform GPL15659, HostMix-TOO, random_max		
mg_sa_gpl20769_met500_restriction_drop	results/stage10/ablation_microarray/restriction.tsv	model == 'SA-Z' and platform == 'GPL20769' and cohort == 'MET500'	restriction_drop	none	3	num	post hoc	MET500	HostMix-TOO	restriction_drop	evaluation	missing-gene simulation, MET500, platform GPL20769, HostMix-TOO, restriction_drop		
mg_sa_gpl20769_met500_random_mean	results/stage10/ablation_microarray/restriction.tsv	model == 'SA-Z' and platform == 'GPL20769' and cohort == 'MET500'	random_mean	none	3	num	post hoc	MET500	HostMix-TOO	random_mean	evaluation	missing-gene simulation, MET500, platform GPL20769, HostMix-TOO, random_mean		
mg_sa_gpl20769_met500_random_min	results/stage10/ablation_microarray/restriction.tsv	model == 'SA-Z' and platform == 'GPL20769' and cohort == 'MET500'	random_min	none	3	num	post hoc	MET500	HostMix-TOO	random_min	evaluation	missing-gene simulation, MET500, platform GPL20769, HostMix-TOO, random_min		
mg_sa_gpl20769_met500_random_max	results/stage10/ablation_microarray/restriction.tsv	model == 'SA-Z' and platform == 'GPL20769' and cohort == 'MET500'	random_max	none	3	num	post hoc	MET500	HostMix-TOO	random_max	evaluation	missing-gene simulation, MET500, platform GPL20769, HostMix-TOO, random_max		
mg_sa_gpl20769_pog570_restriction_drop	results/stage10/ablation_microarray/restriction.tsv	model == 'SA-Z' and platform == 'GPL20769' and cohort == 'POG570'	restriction_drop	none	3	num	post hoc	POG570	HostMix-TOO	restriction_drop	evaluation	missing-gene simulation, POG570, platform GPL20769, HostMix-TOO, restriction_drop		
mg_sa_gpl20769_pog570_random_mean	results/stage10/ablation_microarray/restriction.tsv	model == 'SA-Z' and platform == 'GPL20769' and cohort == 'POG570'	random_mean	none	3	num	post hoc	POG570	HostMix-TOO	random_mean	evaluation	missing-gene simulation, POG570, platform GPL20769, HostMix-TOO, random_mean		
mg_sa_gpl20769_pog570_random_min	results/stage10/ablation_microarray/restriction.tsv	model == 'SA-Z' and platform == 'GPL20769' and cohort == 'POG570'	random_min	none	3	num	post hoc	POG570	HostMix-TOO	random_min	evaluation	missing-gene simulation, POG570, platform GPL20769, HostMix-TOO, random_min		
mg_sa_gpl20769_pog570_random_max	results/stage10/ablation_microarray/restriction.tsv	model == 'SA-Z' and platform == 'GPL20769' and cohort == 'POG570'	random_max	none	3	num	post hoc	POG570	HostMix-TOO	random_max	evaluation	missing-gene simulation, POG570, platform GPL20769, HostMix-TOO, random_max		
mg_sa_gpl96_met500_restriction_drop	results/stage10/ablation_microarray/restriction.tsv	model == 'SA-Z' and platform == 'GPL96' and cohort == 'MET500'	restriction_drop	none	3	num	post hoc	MET500	HostMix-TOO	restriction_drop	evaluation	missing-gene simulation, MET500, platform GPL96, HostMix-TOO, restriction_drop		
mg_sa_gpl96_met500_random_mean	results/stage10/ablation_microarray/restriction.tsv	model == 'SA-Z' and platform == 'GPL96' and cohort == 'MET500'	random_mean	none	3	num	post hoc	MET500	HostMix-TOO	random_mean	evaluation	missing-gene simulation, MET500, platform GPL96, HostMix-TOO, random_mean		
mg_sa_gpl96_met500_random_min	results/stage10/ablation_microarray/restriction.tsv	model == 'SA-Z' and platform == 'GPL96' and cohort == 'MET500'	random_min	none	3	num	post hoc	MET500	HostMix-TOO	random_min	evaluation	missing-gene simulation, MET500, platform GPL96, HostMix-TOO, random_min		
mg_sa_gpl96_met500_random_max	results/stage10/ablation_microarray/restriction.tsv	model == 'SA-Z' and platform == 'GPL96' and cohort == 'MET500'	random_max	none	3	num	post hoc	MET500	HostMix-TOO	random_max	evaluation	missing-gene simulation, MET500, platform GPL96, HostMix-TOO, random_max		
mg_sa_gpl96_pog570_restriction_drop	results/stage10/ablation_microarray/restriction.tsv	model == 'SA-Z' and platform == 'GPL96' and cohort == 'POG570'	restriction_drop	none	3	num	post hoc	POG570	HostMix-TOO	restriction_drop	evaluation	missing-gene simulation, POG570, platform GPL96, HostMix-TOO, restriction_drop		
mg_sa_gpl96_pog570_random_mean	results/stage10/ablation_microarray/restriction.tsv	model == 'SA-Z' and platform == 'GPL96' and cohort == 'POG570'	random_mean	none	3	num	post hoc	POG570	HostMix-TOO	random_mean	evaluation	missing-gene simulation, POG570, platform GPL96, HostMix-TOO, random_mean		
mg_sa_gpl96_pog570_random_min	results/stage10/ablation_microarray/restriction.tsv	model == 'SA-Z' and platform == 'GPL96' and cohort == 'POG570'	random_min	none	3	num	post hoc	POG570	HostMix-TOO	random_min	evaluation	missing-gene simulation, POG570, platform GPL96, HostMix-TOO, random_min		
mg_sa_gpl96_pog570_random_max	results/stage10/ablation_microarray/restriction.tsv	model == 'SA-Z' and platform == 'GPL96' and cohort == 'POG570'	random_max	none	3	num	post hoc	POG570	HostMix-TOO	random_max	evaluation	missing-gene simulation, POG570, platform GPL96, HostMix-TOO, random_max		
mg_sa_prad_fhcrc_agilent_met500_restriction_drop	results/stage10/ablation_microarray/restriction.tsv	model == 'SA-Z' and platform == 'prad_fhcrc_agilent' and cohort == 'MET500'	restriction_drop	none	3	num	post hoc	MET500	HostMix-TOO	restriction_drop	evaluation	missing-gene simulation, MET500, platform prad_fhcrc_agilent, HostMix-TOO, restriction_drop		
mg_sa_prad_fhcrc_agilent_met500_random_mean	results/stage10/ablation_microarray/restriction.tsv	model == 'SA-Z' and platform == 'prad_fhcrc_agilent' and cohort == 'MET500'	random_mean	none	3	num	post hoc	MET500	HostMix-TOO	random_mean	evaluation	missing-gene simulation, MET500, platform prad_fhcrc_agilent, HostMix-TOO, random_mean		
mg_sa_prad_fhcrc_agilent_met500_random_min	results/stage10/ablation_microarray/restriction.tsv	model == 'SA-Z' and platform == 'prad_fhcrc_agilent' and cohort == 'MET500'	random_min	none	3	num	post hoc	MET500	HostMix-TOO	random_min	evaluation	missing-gene simulation, MET500, platform prad_fhcrc_agilent, HostMix-TOO, random_min		
mg_sa_prad_fhcrc_agilent_met500_random_max	results/stage10/ablation_microarray/restriction.tsv	model == 'SA-Z' and platform == 'prad_fhcrc_agilent' and cohort == 'MET500'	random_max	none	3	num	post hoc	MET500	HostMix-TOO	random_max	evaluation	missing-gene simulation, MET500, platform prad_fhcrc_agilent, HostMix-TOO, random_max		
mg_sa_prad_fhcrc_agilent_pog570_restriction_drop	results/stage10/ablation_microarray/restriction.tsv	model == 'SA-Z' and platform == 'prad_fhcrc_agilent' and cohort == 'POG570'	restriction_drop	none	3	num	post hoc	POG570	HostMix-TOO	restriction_drop	evaluation	missing-gene simulation, POG570, platform prad_fhcrc_agilent, HostMix-TOO, restriction_drop		
mg_sa_prad_fhcrc_agilent_pog570_random_mean	results/stage10/ablation_microarray/restriction.tsv	model == 'SA-Z' and platform == 'prad_fhcrc_agilent' and cohort == 'POG570'	random_mean	none	3	num	post hoc	POG570	HostMix-TOO	random_mean	evaluation	missing-gene simulation, POG570, platform prad_fhcrc_agilent, HostMix-TOO, random_mean		
mg_sa_prad_fhcrc_agilent_pog570_random_min	results/stage10/ablation_microarray/restriction.tsv	model == 'SA-Z' and platform == 'prad_fhcrc_agilent' and cohort == 'POG570'	random_min	none	3	num	post hoc	POG570	HostMix-TOO	random_min	evaluation	missing-gene simulation, POG570, platform prad_fhcrc_agilent, HostMix-TOO, random_min		
mg_sa_prad_fhcrc_agilent_pog570_random_max	results/stage10/ablation_microarray/restriction.tsv	model == 'SA-Z' and platform == 'prad_fhcrc_agilent' and cohort == 'POG570'	random_max	none	3	num	post hoc	POG570	HostMix-TOO	random_max	evaluation	missing-gene simulation, POG570, platform prad_fhcrc_agilent, HostMix-TOO, random_max		
ms_accuracy_s_mix	results/stage10/ablation_microarray/shares.tsv	contrast == 'accuracy' and name == 's_mix'	value	none	3	num	post hoc	microarray	mixture model	share of loss	evaluation	microarray ablation, accuracy contrast, share s_mix of HostMix-TOO's loss (post hoc)		
ms_accuracy_s_std	results/stage10/ablation_microarray/shares.tsv	contrast == 'accuracy' and name == 's_std'	value	none	3	num	post hoc	microarray	pure C=0.03	share of loss	evaluation	microarray ablation, accuracy contrast, share s_std of HostMix-TOO's loss (post hoc)		
ms_accuracy_s_stdw	results/stage10/ablation_microarray/shares.tsv	contrast == 'accuracy' and name == 's_stdw'	value	none	3	num	post hoc	microarray	pure C=0.15	share of loss	evaluation	microarray ablation, accuracy contrast, share s_stdw of HostMix-TOO's loss (post hoc)		
ms_random_removal_s2_mix	results/stage10/ablation_microarray/shares.tsv	contrast == 'random_removal' and name == 's2_mix'	value	none	3	num	post hoc	microarray	s2_mix	share of loss	evaluation	microarray ablation, random_removal contrast, share s2_mix of HostMix-TOO's loss (post hoc)		
ms_random_removal_s2_std	results/stage10/ablation_microarray/shares.tsv	contrast == 'random_removal' and name == 's2_std'	value	none	3	num	post hoc	microarray	s2_std	share of loss	evaluation	microarray ablation, random_removal contrast, share s2_std of HostMix-TOO's loss (post hoc)		
ms_random_removal_s2_stdw	results/stage10/ablation_microarray/shares.tsv	contrast == 'random_removal' and name == 's2_stdw'	value	none	3	num	post hoc	microarray	s2_stdw	share of loss	evaluation	microarray ablation, random_removal contrast, share s2_stdw of HostMix-TOO's loss (post hoc)		
ms_accuracy_gap	results/stage10/ablation_microarray/shares.tsv	contrast == 'accuracy' and name == 's_mix'	gap	none	3	num	post hoc	microarray		gap	evaluation	microarray ablation, baseline minus HostMix-TOO top-1 gap (post hoc)		
ms_random_gap	results/stage10/ablation_microarray/category.tsv	contrast == 'random_removal'	gap	none	3	num	post hoc	POG570 and MET500		gap	evaluation	missing-gene simulation, HostMix-TOO minus baseline mean loss under random removal (post hoc)		
ms_random_s2_mix	results/stage10/ablation_microarray/category.tsv	contrast == 'random_removal'	s2_mix	none	3	num	post hoc	POG570 and MET500	mixture model	share of loss	evaluation	missing-gene simulation, share s2_mix of HostMix-TOO's extra loss under random removal (post hoc)		
ms_random_s2_std	results/stage10/ablation_microarray/category.tsv	contrast == 'random_removal'	s2_std	none	3	num	post hoc	POG570 and MET500	pure C=0.03	share of loss	evaluation	missing-gene simulation, share s2_std of HostMix-TOO's extra loss under random removal (post hoc)		
ms_random_s2_stdw	results/stage10/ablation_microarray/category.tsv	contrast == 'random_removal'	s2_stdw	none	3	num	post hoc	POG570 and MET500	pure C=0.15	share of loss	evaluation	missing-gene simulation, share s2_stdw of HostMix-TOO's extra loss under random removal (post hoc)		
sim_in_02_base	results/stage5/sim_ext/full.tsv	method == 'BASE-Z' and rho == 0.2 and tissue in @POOL		mean:host_pull_rate	3	num	exploratory	sim	baseline	host-attraction rate	in-pool tissues, rho 0.2	simulation, baseline, mean host-attraction rate over the ten host-pool tissues at rho 0.2		
sim_out_02_base	results/stage5/sim_ext/full.tsv	method == 'BASE-Z' and rho == 0.2 and tissue in @OUT		mean:host_pull_rate	3	num	exploratory	sim	baseline	host-attraction rate	pool-out tissues, rho 0.2	simulation, baseline, mean host-attraction rate over the twelve pool-out tissues at rho 0.2		
sim_in_04_base	results/stage5/sim_ext/full.tsv	method == 'BASE-Z' and rho == 0.4 and tissue in @POOL		mean:host_pull_rate	3	num	exploratory	sim	baseline	host-attraction rate	in-pool tissues, rho 0.4	simulation, baseline, mean host-attraction rate over the ten host-pool tissues at rho 0.4		
sim_out_04_base	results/stage5/sim_ext/full.tsv	method == 'BASE-Z' and rho == 0.4 and tissue in @OUT		mean:host_pull_rate	3	num	exploratory	sim	baseline	host-attraction rate	pool-out tissues, rho 0.4	simulation, baseline, mean host-attraction rate over the twelve pool-out tissues at rho 0.4		
sim_in_06_base	results/stage5/sim_ext/full.tsv	method == 'BASE-Z' and rho == 0.6 and tissue in @POOL		mean:host_pull_rate	3	num	exploratory	sim	baseline	host-attraction rate	in-pool tissues, rho 0.6	simulation, baseline, mean host-attraction rate over the ten host-pool tissues at rho 0.6		
sim_out_06_base	results/stage5/sim_ext/full.tsv	method == 'BASE-Z' and rho == 0.6 and tissue in @OUT		mean:host_pull_rate	3	num	exploratory	sim	baseline	host-attraction rate	pool-out tissues, rho 0.6	simulation, baseline, mean host-attraction rate over the twelve pool-out tissues at rho 0.6		
sim_in_08_base	results/stage5/sim_ext/full.tsv	method == 'BASE-Z' and rho == 0.8 and tissue in @POOL		mean:host_pull_rate	3	num	exploratory	sim	baseline	host-attraction rate	in-pool tissues, rho 0.8	simulation, baseline, mean host-attraction rate over the ten host-pool tissues at rho 0.8		
sim_out_08_base	results/stage5/sim_ext/full.tsv	method == 'BASE-Z' and rho == 0.8 and tissue in @OUT		mean:host_pull_rate	3	num	exploratory	sim	baseline	host-attraction rate	pool-out tissues, rho 0.8	simulation, baseline, mean host-attraction rate over the twelve pool-out tissues at rho 0.8		
sim_in_10_base	results/stage5/sim_ext/full.tsv	method == 'BASE-Z' and rho == 1.0 and tissue in @POOL		mean:host_pull_rate	3	num	exploratory	sim	baseline	host-attraction rate	in-pool tissues, rho 1.0	simulation, baseline, mean host-attraction rate over the ten host-pool tissues at rho 1.0		
sim_out_10_base	results/stage5/sim_ext/full.tsv	method == 'BASE-Z' and rho == 1.0 and tissue in @OUT		mean:host_pull_rate	3	num	exploratory	sim	baseline	host-attraction rate	pool-out tissues, rho 1.0	simulation, baseline, mean host-attraction rate over the twelve pool-out tissues at rho 1.0		
sim_in_02_sa	results/stage5/sim_ext/full.tsv	method == 'SA-Z' and rho == 0.2 and tissue in @POOL		mean:host_pull_rate	3	num	exploratory	sim	HostMix-TOO	host-attraction rate	in-pool tissues, rho 0.2	simulation, HostMix-TOO, mean host-attraction rate over the ten host-pool tissues at rho 0.2		
sim_out_02_sa	results/stage5/sim_ext/full.tsv	method == 'SA-Z' and rho == 0.2 and tissue in @OUT		mean:host_pull_rate	3	num	exploratory	sim	HostMix-TOO	host-attraction rate	pool-out tissues, rho 0.2	simulation, HostMix-TOO, mean host-attraction rate over the twelve pool-out tissues at rho 0.2		
sim_in_04_sa	results/stage5/sim_ext/full.tsv	method == 'SA-Z' and rho == 0.4 and tissue in @POOL		mean:host_pull_rate	3	num	exploratory	sim	HostMix-TOO	host-attraction rate	in-pool tissues, rho 0.4	simulation, HostMix-TOO, mean host-attraction rate over the ten host-pool tissues at rho 0.4		
sim_out_04_sa	results/stage5/sim_ext/full.tsv	method == 'SA-Z' and rho == 0.4 and tissue in @OUT		mean:host_pull_rate	3	num	exploratory	sim	HostMix-TOO	host-attraction rate	pool-out tissues, rho 0.4	simulation, HostMix-TOO, mean host-attraction rate over the twelve pool-out tissues at rho 0.4		
sim_in_06_sa	results/stage5/sim_ext/full.tsv	method == 'SA-Z' and rho == 0.6 and tissue in @POOL		mean:host_pull_rate	3	num	exploratory	sim	HostMix-TOO	host-attraction rate	in-pool tissues, rho 0.6	simulation, HostMix-TOO, mean host-attraction rate over the ten host-pool tissues at rho 0.6		
sim_out_06_sa	results/stage5/sim_ext/full.tsv	method == 'SA-Z' and rho == 0.6 and tissue in @OUT		mean:host_pull_rate	3	num	exploratory	sim	HostMix-TOO	host-attraction rate	pool-out tissues, rho 0.6	simulation, HostMix-TOO, mean host-attraction rate over the twelve pool-out tissues at rho 0.6		
sim_in_08_sa	results/stage5/sim_ext/full.tsv	method == 'SA-Z' and rho == 0.8 and tissue in @POOL		mean:host_pull_rate	3	num	exploratory	sim	HostMix-TOO	host-attraction rate	in-pool tissues, rho 0.8	simulation, HostMix-TOO, mean host-attraction rate over the ten host-pool tissues at rho 0.8		
sim_out_08_sa	results/stage5/sim_ext/full.tsv	method == 'SA-Z' and rho == 0.8 and tissue in @OUT		mean:host_pull_rate	3	num	exploratory	sim	HostMix-TOO	host-attraction rate	pool-out tissues, rho 0.8	simulation, HostMix-TOO, mean host-attraction rate over the twelve pool-out tissues at rho 0.8		
sim_in_10_sa	results/stage5/sim_ext/full.tsv	method == 'SA-Z' and rho == 1.0 and tissue in @POOL		mean:host_pull_rate	3	num	exploratory	sim	HostMix-TOO	host-attraction rate	in-pool tissues, rho 1.0	simulation, HostMix-TOO, mean host-attraction rate over the ten host-pool tissues at rho 1.0		
sim_out_10_sa	results/stage5/sim_ext/full.tsv	method == 'SA-Z' and rho == 1.0 and tissue in @OUT		mean:host_pull_rate	3	num	exploratory	sim	HostMix-TOO	host-attraction rate	pool-out tissues, rho 1.0	simulation, HostMix-TOO, mean host-attraction rate over the twelve pool-out tissues at rho 1.0		
sim_in_02_pool22	results/stage5/sim_ext/full.tsv	method == 'SA-pool22' and rho == 0.2 and tissue in @POOL		mean:host_pull_rate	3	num	exploratory	sim	22-tissue	host-attraction rate	in-pool tissues, rho 0.2	simulation, 22-tissue, mean host-attraction rate over the ten host-pool tissues at rho 0.2		
sim_out_02_pool22	results/stage5/sim_ext/full.tsv	method == 'SA-pool22' and rho == 0.2 and tissue in @OUT		mean:host_pull_rate	3	num	exploratory	sim	22-tissue	host-attraction rate	pool-out tissues, rho 0.2	simulation, 22-tissue, mean host-attraction rate over the twelve pool-out tissues at rho 0.2		
sim_in_04_pool22	results/stage5/sim_ext/full.tsv	method == 'SA-pool22' and rho == 0.4 and tissue in @POOL		mean:host_pull_rate	3	num	exploratory	sim	22-tissue	host-attraction rate	in-pool tissues, rho 0.4	simulation, 22-tissue, mean host-attraction rate over the ten host-pool tissues at rho 0.4		
sim_out_04_pool22	results/stage5/sim_ext/full.tsv	method == 'SA-pool22' and rho == 0.4 and tissue in @OUT		mean:host_pull_rate	3	num	exploratory	sim	22-tissue	host-attraction rate	pool-out tissues, rho 0.4	simulation, 22-tissue, mean host-attraction rate over the twelve pool-out tissues at rho 0.4		
sim_in_06_pool22	results/stage5/sim_ext/full.tsv	method == 'SA-pool22' and rho == 0.6 and tissue in @POOL		mean:host_pull_rate	3	num	exploratory	sim	22-tissue	host-attraction rate	in-pool tissues, rho 0.6	simulation, 22-tissue, mean host-attraction rate over the ten host-pool tissues at rho 0.6		
sim_out_06_pool22	results/stage5/sim_ext/full.tsv	method == 'SA-pool22' and rho == 0.6 and tissue in @OUT		mean:host_pull_rate	3	num	exploratory	sim	22-tissue	host-attraction rate	pool-out tissues, rho 0.6	simulation, 22-tissue, mean host-attraction rate over the twelve pool-out tissues at rho 0.6		
sim_in_08_pool22	results/stage5/sim_ext/full.tsv	method == 'SA-pool22' and rho == 0.8 and tissue in @POOL		mean:host_pull_rate	3	num	exploratory	sim	22-tissue	host-attraction rate	in-pool tissues, rho 0.8	simulation, 22-tissue, mean host-attraction rate over the ten host-pool tissues at rho 0.8		
sim_out_08_pool22	results/stage5/sim_ext/full.tsv	method == 'SA-pool22' and rho == 0.8 and tissue in @OUT		mean:host_pull_rate	3	num	exploratory	sim	22-tissue	host-attraction rate	pool-out tissues, rho 0.8	simulation, 22-tissue, mean host-attraction rate over the twelve pool-out tissues at rho 0.8		
sim_in_10_pool22	results/stage5/sim_ext/full.tsv	method == 'SA-pool22' and rho == 1.0 and tissue in @POOL		mean:host_pull_rate	3	num	exploratory	sim	22-tissue	host-attraction rate	in-pool tissues, rho 1.0	simulation, 22-tissue, mean host-attraction rate over the ten host-pool tissues at rho 1.0		
sim_out_10_pool22	results/stage5/sim_ext/full.tsv	method == 'SA-pool22' and rho == 1.0 and tissue in @OUT		mean:host_pull_rate	3	num	exploratory	sim	22-tissue	host-attraction rate	pool-out tissues, rho 1.0	simulation, 22-tissue, mean host-attraction rate over the twelve pool-out tissues at rho 1.0		
simt_liver_06_base_host	results/stage5/sim_ext/full.tsv	method == 'BASE-Z' and tissue == 'Liver' and rho == 0.6	host_rate	none	3	num	exploratory	sim	baseline	host-attraction rate	Liver, rho 0.6	simulation, Liver mixtures at rho 0.6, baseline, host-attraction rate		
simt_liver_06_base_top1	results/stage5/sim_ext/full.tsv	method == 'BASE-Z' and tissue == 'Liver' and rho == 0.6	top1	none	3	num	exploratory	sim	baseline	top-1 accuracy	Liver, rho 0.6	simulation, Liver mixtures at rho 0.6, baseline, top-1 accuracy		
simt_liver_06_base_nrisk	results/stage5/sim_ext/full.tsv	method == 'BASE-Z' and tissue == 'Liver' and rho == 0.6	n_at_risk	none	0	num	exploratory	sim	baseline	n	Liver, rho 0.6	simulation, Liver mixtures at rho 0.6, baseline, n		
simt_liver_06_base_n	results/stage5/sim_ext/full.tsv	method == 'BASE-Z' and tissue == 'Liver' and rho == 0.6	n	none	0	num	exploratory	sim	baseline	n	Liver, rho 0.6	simulation, Liver mixtures at rho 0.6, baseline, n		
simt_liver_06_sa_host	results/stage5/sim_ext/full.tsv	method == 'SA-Z' and tissue == 'Liver' and rho == 0.6	host_rate	none	3	num	exploratory	sim	HostMix-TOO	host-attraction rate	Liver, rho 0.6	simulation, Liver mixtures at rho 0.6, HostMix-TOO, host-attraction rate		
simt_liver_06_sa_top1	results/stage5/sim_ext/full.tsv	method == 'SA-Z' and tissue == 'Liver' and rho == 0.6	top1	none	3	num	exploratory	sim	HostMix-TOO	top-1 accuracy	Liver, rho 0.6	simulation, Liver mixtures at rho 0.6, HostMix-TOO, top-1 accuracy		
simt_liver_06_sa_nrisk	results/stage5/sim_ext/full.tsv	method == 'SA-Z' and tissue == 'Liver' and rho == 0.6	n_at_risk	none	0	num	exploratory	sim	HostMix-TOO	n	Liver, rho 0.6	simulation, Liver mixtures at rho 0.6, HostMix-TOO, n		
simt_liver_06_sa_n	results/stage5/sim_ext/full.tsv	method == 'SA-Z' and tissue == 'Liver' and rho == 0.6	n	none	0	num	exploratory	sim	HostMix-TOO	n	Liver, rho 0.6	simulation, Liver mixtures at rho 0.6, HostMix-TOO, n		
simt_liver_06_pool22_host	results/stage5/sim_ext/full.tsv	method == 'SA-pool22' and tissue == 'Liver' and rho == 0.6	host_rate	none	3	num	exploratory	sim	22-tissue	host-attraction rate	Liver, rho 0.6	simulation, Liver mixtures at rho 0.6, 22-tissue, host-attraction rate		
simt_liver_06_pool22_top1	results/stage5/sim_ext/full.tsv	method == 'SA-pool22' and tissue == 'Liver' and rho == 0.6	top1	none	3	num	exploratory	sim	22-tissue	top-1 accuracy	Liver, rho 0.6	simulation, Liver mixtures at rho 0.6, 22-tissue, top-1 accuracy		
simt_liver_06_pool22_nrisk	results/stage5/sim_ext/full.tsv	method == 'SA-pool22' and tissue == 'Liver' and rho == 0.6	n_at_risk	none	0	num	exploratory	sim	22-tissue	n	Liver, rho 0.6	simulation, Liver mixtures at rho 0.6, 22-tissue, n		
simt_liver_06_pool22_n	results/stage5/sim_ext/full.tsv	method == 'SA-pool22' and tissue == 'Liver' and rho == 0.6	n	none	0	num	exploratory	sim	22-tissue	n	Liver, rho 0.6	simulation, Liver mixtures at rho 0.6, 22-tissue, n		
simt_liver_06_loho_host	results/stage5/sim_ext/full.tsv	method == 'SA-LOHO-Liver' and tissue == 'Liver' and rho == 0.6	host_rate	none	3	num	exploratory	sim	leave-one-host-out	host-attraction rate	Liver, rho 0.6	simulation, Liver mixtures at rho 0.6, leave-one-host-out, host-attraction rate		
simt_liver_06_loho_top1	results/stage5/sim_ext/full.tsv	method == 'SA-LOHO-Liver' and tissue == 'Liver' and rho == 0.6	top1	none	3	num	exploratory	sim	leave-one-host-out	top-1 accuracy	Liver, rho 0.6	simulation, Liver mixtures at rho 0.6, leave-one-host-out, top-1 accuracy		
simt_liver_06_loho_nrisk	results/stage5/sim_ext/full.tsv	method == 'SA-LOHO-Liver' and tissue == 'Liver' and rho == 0.6	n_at_risk	none	0	num	exploratory	sim	leave-one-host-out	n	Liver, rho 0.6	simulation, Liver mixtures at rho 0.6, leave-one-host-out, n		
simt_liver_06_loho_n	results/stage5/sim_ext/full.tsv	method == 'SA-LOHO-Liver' and tissue == 'Liver' and rho == 0.6	n	none	0	num	exploratory	sim	leave-one-host-out	n	Liver, rho 0.6	simulation, Liver mixtures at rho 0.6, leave-one-host-out, n		
simt_lung_06_base_host	results/stage5/sim_ext/full.tsv	method == 'BASE-Z' and tissue == 'Lung' and rho == 0.6	host_rate	none	3	num	exploratory	sim	baseline	host-attraction rate	Lung, rho 0.6	simulation, Lung mixtures at rho 0.6, baseline, host-attraction rate		
simt_lung_06_base_top1	results/stage5/sim_ext/full.tsv	method == 'BASE-Z' and tissue == 'Lung' and rho == 0.6	top1	none	3	num	exploratory	sim	baseline	top-1 accuracy	Lung, rho 0.6	simulation, Lung mixtures at rho 0.6, baseline, top-1 accuracy		
simt_lung_06_base_nrisk	results/stage5/sim_ext/full.tsv	method == 'BASE-Z' and tissue == 'Lung' and rho == 0.6	n_at_risk	none	0	num	exploratory	sim	baseline	n	Lung, rho 0.6	simulation, Lung mixtures at rho 0.6, baseline, n		
simt_lung_06_base_n	results/stage5/sim_ext/full.tsv	method == 'BASE-Z' and tissue == 'Lung' and rho == 0.6	n	none	0	num	exploratory	sim	baseline	n	Lung, rho 0.6	simulation, Lung mixtures at rho 0.6, baseline, n		
simt_lung_06_sa_host	results/stage5/sim_ext/full.tsv	method == 'SA-Z' and tissue == 'Lung' and rho == 0.6	host_rate	none	3	num	exploratory	sim	HostMix-TOO	host-attraction rate	Lung, rho 0.6	simulation, Lung mixtures at rho 0.6, HostMix-TOO, host-attraction rate		
simt_lung_06_sa_top1	results/stage5/sim_ext/full.tsv	method == 'SA-Z' and tissue == 'Lung' and rho == 0.6	top1	none	3	num	exploratory	sim	HostMix-TOO	top-1 accuracy	Lung, rho 0.6	simulation, Lung mixtures at rho 0.6, HostMix-TOO, top-1 accuracy		
simt_lung_06_sa_nrisk	results/stage5/sim_ext/full.tsv	method == 'SA-Z' and tissue == 'Lung' and rho == 0.6	n_at_risk	none	0	num	exploratory	sim	HostMix-TOO	n	Lung, rho 0.6	simulation, Lung mixtures at rho 0.6, HostMix-TOO, n		
simt_lung_06_sa_n	results/stage5/sim_ext/full.tsv	method == 'SA-Z' and tissue == 'Lung' and rho == 0.6	n	none	0	num	exploratory	sim	HostMix-TOO	n	Lung, rho 0.6	simulation, Lung mixtures at rho 0.6, HostMix-TOO, n		
simt_lung_06_pool22_host	results/stage5/sim_ext/full.tsv	method == 'SA-pool22' and tissue == 'Lung' and rho == 0.6	host_rate	none	3	num	exploratory	sim	22-tissue	host-attraction rate	Lung, rho 0.6	simulation, Lung mixtures at rho 0.6, 22-tissue, host-attraction rate		
simt_lung_06_pool22_top1	results/stage5/sim_ext/full.tsv	method == 'SA-pool22' and tissue == 'Lung' and rho == 0.6	top1	none	3	num	exploratory	sim	22-tissue	top-1 accuracy	Lung, rho 0.6	simulation, Lung mixtures at rho 0.6, 22-tissue, top-1 accuracy		
simt_lung_06_pool22_nrisk	results/stage5/sim_ext/full.tsv	method == 'SA-pool22' and tissue == 'Lung' and rho == 0.6	n_at_risk	none	0	num	exploratory	sim	22-tissue	n	Lung, rho 0.6	simulation, Lung mixtures at rho 0.6, 22-tissue, n		
simt_lung_06_pool22_n	results/stage5/sim_ext/full.tsv	method == 'SA-pool22' and tissue == 'Lung' and rho == 0.6	n	none	0	num	exploratory	sim	22-tissue	n	Lung, rho 0.6	simulation, Lung mixtures at rho 0.6, 22-tissue, n		
simt_lung_06_loho_host	results/stage5/sim_ext/full.tsv	method == 'SA-LOHO-Lung' and tissue == 'Lung' and rho == 0.6	host_rate	none	3	num	exploratory	sim	leave-one-host-out	host-attraction rate	Lung, rho 0.6	simulation, Lung mixtures at rho 0.6, leave-one-host-out, host-attraction rate		
simt_lung_06_loho_top1	results/stage5/sim_ext/full.tsv	method == 'SA-LOHO-Lung' and tissue == 'Lung' and rho == 0.6	top1	none	3	num	exploratory	sim	leave-one-host-out	top-1 accuracy	Lung, rho 0.6	simulation, Lung mixtures at rho 0.6, leave-one-host-out, top-1 accuracy		
simt_lung_06_loho_nrisk	results/stage5/sim_ext/full.tsv	method == 'SA-LOHO-Lung' and tissue == 'Lung' and rho == 0.6	n_at_risk	none	0	num	exploratory	sim	leave-one-host-out	n	Lung, rho 0.6	simulation, Lung mixtures at rho 0.6, leave-one-host-out, n		
simt_lung_06_loho_n	results/stage5/sim_ext/full.tsv	method == 'SA-LOHO-Lung' and tissue == 'Lung' and rho == 0.6	n	none	0	num	exploratory	sim	leave-one-host-out	n	Lung, rho 0.6	simulation, Lung mixtures at rho 0.6, leave-one-host-out, n		
simt_brain_06_base_host	results/stage5/sim_ext/full.tsv	method == 'BASE-Z' and tissue == 'Brain - Cortex' and rho == 0.6	host_rate	none	3	num	exploratory	sim	baseline	host-attraction rate	Brain - Cortex, rho 0.6	simulation, Brain - Cortex mixtures at rho 0.6, baseline, host-attraction rate		
simt_brain_06_base_top1	results/stage5/sim_ext/full.tsv	method == 'BASE-Z' and tissue == 'Brain - Cortex' and rho == 0.6	top1	none	3	num	exploratory	sim	baseline	top-1 accuracy	Brain - Cortex, rho 0.6	simulation, Brain - Cortex mixtures at rho 0.6, baseline, top-1 accuracy		
simt_brain_06_base_nrisk	results/stage5/sim_ext/full.tsv	method == 'BASE-Z' and tissue == 'Brain - Cortex' and rho == 0.6	n_at_risk	none	0	num	exploratory	sim	baseline	n	Brain - Cortex, rho 0.6	simulation, Brain - Cortex mixtures at rho 0.6, baseline, n		
simt_brain_06_base_n	results/stage5/sim_ext/full.tsv	method == 'BASE-Z' and tissue == 'Brain - Cortex' and rho == 0.6	n	none	0	num	exploratory	sim	baseline	n	Brain - Cortex, rho 0.6	simulation, Brain - Cortex mixtures at rho 0.6, baseline, n		
simt_brain_06_sa_host	results/stage5/sim_ext/full.tsv	method == 'SA-Z' and tissue == 'Brain - Cortex' and rho == 0.6	host_rate	none	3	num	exploratory	sim	HostMix-TOO	host-attraction rate	Brain - Cortex, rho 0.6	simulation, Brain - Cortex mixtures at rho 0.6, HostMix-TOO, host-attraction rate		
simt_brain_06_sa_top1	results/stage5/sim_ext/full.tsv	method == 'SA-Z' and tissue == 'Brain - Cortex' and rho == 0.6	top1	none	3	num	exploratory	sim	HostMix-TOO	top-1 accuracy	Brain - Cortex, rho 0.6	simulation, Brain - Cortex mixtures at rho 0.6, HostMix-TOO, top-1 accuracy		
simt_brain_06_sa_nrisk	results/stage5/sim_ext/full.tsv	method == 'SA-Z' and tissue == 'Brain - Cortex' and rho == 0.6	n_at_risk	none	0	num	exploratory	sim	HostMix-TOO	n	Brain - Cortex, rho 0.6	simulation, Brain - Cortex mixtures at rho 0.6, HostMix-TOO, n		
simt_brain_06_sa_n	results/stage5/sim_ext/full.tsv	method == 'SA-Z' and tissue == 'Brain - Cortex' and rho == 0.6	n	none	0	num	exploratory	sim	HostMix-TOO	n	Brain - Cortex, rho 0.6	simulation, Brain - Cortex mixtures at rho 0.6, HostMix-TOO, n		
simt_brain_06_pool22_host	results/stage5/sim_ext/full.tsv	method == 'SA-pool22' and tissue == 'Brain - Cortex' and rho == 0.6	host_rate	none	3	num	exploratory	sim	22-tissue	host-attraction rate	Brain - Cortex, rho 0.6	simulation, Brain - Cortex mixtures at rho 0.6, 22-tissue, host-attraction rate		
simt_brain_06_pool22_top1	results/stage5/sim_ext/full.tsv	method == 'SA-pool22' and tissue == 'Brain - Cortex' and rho == 0.6	top1	none	3	num	exploratory	sim	22-tissue	top-1 accuracy	Brain - Cortex, rho 0.6	simulation, Brain - Cortex mixtures at rho 0.6, 22-tissue, top-1 accuracy		
simt_brain_06_pool22_nrisk	results/stage5/sim_ext/full.tsv	method == 'SA-pool22' and tissue == 'Brain - Cortex' and rho == 0.6	n_at_risk	none	0	num	exploratory	sim	22-tissue	n	Brain - Cortex, rho 0.6	simulation, Brain - Cortex mixtures at rho 0.6, 22-tissue, n		
simt_brain_06_pool22_n	results/stage5/sim_ext/full.tsv	method == 'SA-pool22' and tissue == 'Brain - Cortex' and rho == 0.6	n	none	0	num	exploratory	sim	22-tissue	n	Brain - Cortex, rho 0.6	simulation, Brain - Cortex mixtures at rho 0.6, 22-tissue, n		
simt_brain_06_loho_host	results/stage5/sim_ext/full.tsv	method == 'SA-LOHO-Brain - Cortex' and tissue == 'Brain - Cortex' and rho == 0.6	host_rate	none	3	num	exploratory	sim	leave-one-host-out	host-attraction rate	Brain - Cortex, rho 0.6	simulation, Brain - Cortex mixtures at rho 0.6, leave-one-host-out, host-attraction rate		
simt_brain_06_loho_top1	results/stage5/sim_ext/full.tsv	method == 'SA-LOHO-Brain - Cortex' and tissue == 'Brain - Cortex' and rho == 0.6	top1	none	3	num	exploratory	sim	leave-one-host-out	top-1 accuracy	Brain - Cortex, rho 0.6	simulation, Brain - Cortex mixtures at rho 0.6, leave-one-host-out, top-1 accuracy		
simt_brain_06_loho_nrisk	results/stage5/sim_ext/full.tsv	method == 'SA-LOHO-Brain - Cortex' and tissue == 'Brain - Cortex' and rho == 0.6	n_at_risk	none	0	num	exploratory	sim	leave-one-host-out	n	Brain - Cortex, rho 0.6	simulation, Brain - Cortex mixtures at rho 0.6, leave-one-host-out, n		
simt_brain_06_loho_n	results/stage5/sim_ext/full.tsv	method == 'SA-LOHO-Brain - Cortex' and tissue == 'Brain - Cortex' and rho == 0.6	n	none	0	num	exploratory	sim	leave-one-host-out	n	Brain - Cortex, rho 0.6	simulation, Brain - Cortex mixtures at rho 0.6, leave-one-host-out, n		
simt_adrenal_06_base_host	results/stage5/sim_ext/full.tsv	method == 'BASE-Z' and tissue == 'Adrenal Gland' and rho == 0.6	host_rate	none	3	num	exploratory	sim	baseline	host-attraction rate	Adrenal Gland, rho 0.6	simulation, Adrenal Gland mixtures at rho 0.6, baseline, host-attraction rate		
simt_adrenal_06_base_top1	results/stage5/sim_ext/full.tsv	method == 'BASE-Z' and tissue == 'Adrenal Gland' and rho == 0.6	top1	none	3	num	exploratory	sim	baseline	top-1 accuracy	Adrenal Gland, rho 0.6	simulation, Adrenal Gland mixtures at rho 0.6, baseline, top-1 accuracy		
simt_adrenal_06_base_nrisk	results/stage5/sim_ext/full.tsv	method == 'BASE-Z' and tissue == 'Adrenal Gland' and rho == 0.6	n_at_risk	none	0	num	exploratory	sim	baseline	n	Adrenal Gland, rho 0.6	simulation, Adrenal Gland mixtures at rho 0.6, baseline, n		
simt_adrenal_06_base_n	results/stage5/sim_ext/full.tsv	method == 'BASE-Z' and tissue == 'Adrenal Gland' and rho == 0.6	n	none	0	num	exploratory	sim	baseline	n	Adrenal Gland, rho 0.6	simulation, Adrenal Gland mixtures at rho 0.6, baseline, n		
simt_adrenal_06_sa_host	results/stage5/sim_ext/full.tsv	method == 'SA-Z' and tissue == 'Adrenal Gland' and rho == 0.6	host_rate	none	3	num	exploratory	sim	HostMix-TOO	host-attraction rate	Adrenal Gland, rho 0.6	simulation, Adrenal Gland mixtures at rho 0.6, HostMix-TOO, host-attraction rate		
simt_adrenal_06_sa_top1	results/stage5/sim_ext/full.tsv	method == 'SA-Z' and tissue == 'Adrenal Gland' and rho == 0.6	top1	none	3	num	exploratory	sim	HostMix-TOO	top-1 accuracy	Adrenal Gland, rho 0.6	simulation, Adrenal Gland mixtures at rho 0.6, HostMix-TOO, top-1 accuracy		
simt_adrenal_06_sa_nrisk	results/stage5/sim_ext/full.tsv	method == 'SA-Z' and tissue == 'Adrenal Gland' and rho == 0.6	n_at_risk	none	0	num	exploratory	sim	HostMix-TOO	n	Adrenal Gland, rho 0.6	simulation, Adrenal Gland mixtures at rho 0.6, HostMix-TOO, n		
simt_adrenal_06_sa_n	results/stage5/sim_ext/full.tsv	method == 'SA-Z' and tissue == 'Adrenal Gland' and rho == 0.6	n	none	0	num	exploratory	sim	HostMix-TOO	n	Adrenal Gland, rho 0.6	simulation, Adrenal Gland mixtures at rho 0.6, HostMix-TOO, n		
simt_adrenal_06_pool22_host	results/stage5/sim_ext/full.tsv	method == 'SA-pool22' and tissue == 'Adrenal Gland' and rho == 0.6	host_rate	none	3	num	exploratory	sim	22-tissue	host-attraction rate	Adrenal Gland, rho 0.6	simulation, Adrenal Gland mixtures at rho 0.6, 22-tissue, host-attraction rate		
simt_adrenal_06_pool22_top1	results/stage5/sim_ext/full.tsv	method == 'SA-pool22' and tissue == 'Adrenal Gland' and rho == 0.6	top1	none	3	num	exploratory	sim	22-tissue	top-1 accuracy	Adrenal Gland, rho 0.6	simulation, Adrenal Gland mixtures at rho 0.6, 22-tissue, top-1 accuracy		
simt_adrenal_06_pool22_nrisk	results/stage5/sim_ext/full.tsv	method == 'SA-pool22' and tissue == 'Adrenal Gland' and rho == 0.6	n_at_risk	none	0	num	exploratory	sim	22-tissue	n	Adrenal Gland, rho 0.6	simulation, Adrenal Gland mixtures at rho 0.6, 22-tissue, n		
simt_adrenal_06_pool22_n	results/stage5/sim_ext/full.tsv	method == 'SA-pool22' and tissue == 'Adrenal Gland' and rho == 0.6	n	none	0	num	exploratory	sim	22-tissue	n	Adrenal Gland, rho 0.6	simulation, Adrenal Gland mixtures at rho 0.6, 22-tissue, n		
simt_adrenal_06_loho_host	results/stage5/sim_ext/full.tsv	method == 'SA-LOHO-Adrenal Gland' and tissue == 'Adrenal Gland' and rho == 0.6	host_rate	none	3	num	exploratory	sim	leave-one-host-out	host-attraction rate	Adrenal Gland, rho 0.6	simulation, Adrenal Gland mixtures at rho 0.6, leave-one-host-out, host-attraction rate		
simt_adrenal_06_loho_top1	results/stage5/sim_ext/full.tsv	method == 'SA-LOHO-Adrenal Gland' and tissue == 'Adrenal Gland' and rho == 0.6	top1	none	3	num	exploratory	sim	leave-one-host-out	top-1 accuracy	Adrenal Gland, rho 0.6	simulation, Adrenal Gland mixtures at rho 0.6, leave-one-host-out, top-1 accuracy		
simt_adrenal_06_loho_nrisk	results/stage5/sim_ext/full.tsv	method == 'SA-LOHO-Adrenal Gland' and tissue == 'Adrenal Gland' and rho == 0.6	n_at_risk	none	0	num	exploratory	sim	leave-one-host-out	n	Adrenal Gland, rho 0.6	simulation, Adrenal Gland mixtures at rho 0.6, leave-one-host-out, n		
simt_adrenal_06_loho_n	results/stage5/sim_ext/full.tsv	method == 'SA-LOHO-Adrenal Gland' and tissue == 'Adrenal Gland' and rho == 0.6	n	none	0	num	exploratory	sim	leave-one-host-out	n	Adrenal Gland, rho 0.6	simulation, Adrenal Gland mixtures at rho 0.6, leave-one-host-out, n		
simt_skin_06_base_host	results/stage5/sim_ext/full.tsv	method == 'BASE-Z' and tissue == 'Skin - Not Sun Exposed (Suprapubic)' and rho == 0.6	host_rate	none	3	num	exploratory	sim	baseline	host-attraction rate	Skin - Not Sun Exposed (Suprapubic), rho 0.6	simulation, Skin - Not Sun Exposed (Suprapubic) mixtures at rho 0.6, baseline, host-attraction rate		
simt_skin_06_base_top1	results/stage5/sim_ext/full.tsv	method == 'BASE-Z' and tissue == 'Skin - Not Sun Exposed (Suprapubic)' and rho == 0.6	top1	none	3	num	exploratory	sim	baseline	top-1 accuracy	Skin - Not Sun Exposed (Suprapubic), rho 0.6	simulation, Skin - Not Sun Exposed (Suprapubic) mixtures at rho 0.6, baseline, top-1 accuracy		
simt_skin_06_base_nrisk	results/stage5/sim_ext/full.tsv	method == 'BASE-Z' and tissue == 'Skin - Not Sun Exposed (Suprapubic)' and rho == 0.6	n_at_risk	none	0	num	exploratory	sim	baseline	n	Skin - Not Sun Exposed (Suprapubic), rho 0.6	simulation, Skin - Not Sun Exposed (Suprapubic) mixtures at rho 0.6, baseline, n		
simt_skin_06_base_n	results/stage5/sim_ext/full.tsv	method == 'BASE-Z' and tissue == 'Skin - Not Sun Exposed (Suprapubic)' and rho == 0.6	n	none	0	num	exploratory	sim	baseline	n	Skin - Not Sun Exposed (Suprapubic), rho 0.6	simulation, Skin - Not Sun Exposed (Suprapubic) mixtures at rho 0.6, baseline, n		
simt_skin_06_sa_host	results/stage5/sim_ext/full.tsv	method == 'SA-Z' and tissue == 'Skin - Not Sun Exposed (Suprapubic)' and rho == 0.6	host_rate	none	3	num	exploratory	sim	HostMix-TOO	host-attraction rate	Skin - Not Sun Exposed (Suprapubic), rho 0.6	simulation, Skin - Not Sun Exposed (Suprapubic) mixtures at rho 0.6, HostMix-TOO, host-attraction rate		
simt_skin_06_sa_top1	results/stage5/sim_ext/full.tsv	method == 'SA-Z' and tissue == 'Skin - Not Sun Exposed (Suprapubic)' and rho == 0.6	top1	none	3	num	exploratory	sim	HostMix-TOO	top-1 accuracy	Skin - Not Sun Exposed (Suprapubic), rho 0.6	simulation, Skin - Not Sun Exposed (Suprapubic) mixtures at rho 0.6, HostMix-TOO, top-1 accuracy		
simt_skin_06_sa_nrisk	results/stage5/sim_ext/full.tsv	method == 'SA-Z' and tissue == 'Skin - Not Sun Exposed (Suprapubic)' and rho == 0.6	n_at_risk	none	0	num	exploratory	sim	HostMix-TOO	n	Skin - Not Sun Exposed (Suprapubic), rho 0.6	simulation, Skin - Not Sun Exposed (Suprapubic) mixtures at rho 0.6, HostMix-TOO, n		
simt_skin_06_sa_n	results/stage5/sim_ext/full.tsv	method == 'SA-Z' and tissue == 'Skin - Not Sun Exposed (Suprapubic)' and rho == 0.6	n	none	0	num	exploratory	sim	HostMix-TOO	n	Skin - Not Sun Exposed (Suprapubic), rho 0.6	simulation, Skin - Not Sun Exposed (Suprapubic) mixtures at rho 0.6, HostMix-TOO, n		
simt_skin_06_pool22_host	results/stage5/sim_ext/full.tsv	method == 'SA-pool22' and tissue == 'Skin - Not Sun Exposed (Suprapubic)' and rho == 0.6	host_rate	none	3	num	exploratory	sim	22-tissue	host-attraction rate	Skin - Not Sun Exposed (Suprapubic), rho 0.6	simulation, Skin - Not Sun Exposed (Suprapubic) mixtures at rho 0.6, 22-tissue, host-attraction rate		
simt_skin_06_pool22_top1	results/stage5/sim_ext/full.tsv	method == 'SA-pool22' and tissue == 'Skin - Not Sun Exposed (Suprapubic)' and rho == 0.6	top1	none	3	num	exploratory	sim	22-tissue	top-1 accuracy	Skin - Not Sun Exposed (Suprapubic), rho 0.6	simulation, Skin - Not Sun Exposed (Suprapubic) mixtures at rho 0.6, 22-tissue, top-1 accuracy		
simt_skin_06_pool22_nrisk	results/stage5/sim_ext/full.tsv	method == 'SA-pool22' and tissue == 'Skin - Not Sun Exposed (Suprapubic)' and rho == 0.6	n_at_risk	none	0	num	exploratory	sim	22-tissue	n	Skin - Not Sun Exposed (Suprapubic), rho 0.6	simulation, Skin - Not Sun Exposed (Suprapubic) mixtures at rho 0.6, 22-tissue, n		
simt_skin_06_pool22_n	results/stage5/sim_ext/full.tsv	method == 'SA-pool22' and tissue == 'Skin - Not Sun Exposed (Suprapubic)' and rho == 0.6	n	none	0	num	exploratory	sim	22-tissue	n	Skin - Not Sun Exposed (Suprapubic), rho 0.6	simulation, Skin - Not Sun Exposed (Suprapubic) mixtures at rho 0.6, 22-tissue, n		
simt_skin_06_loho_host	results/stage5/sim_ext/full.tsv	method == 'SA-LOHO-Skin - Not Sun Exposed (Suprapubic)' and tissue == 'Skin - Not Sun Exposed (Suprapubic)' and rho == 0.6	host_rate	none	3	num	exploratory	sim	leave-one-host-out	host-attraction rate	Skin - Not Sun Exposed (Suprapubic), rho 0.6	simulation, Skin - Not Sun Exposed (Suprapubic) mixtures at rho 0.6, leave-one-host-out, host-attraction rate		
simt_skin_06_loho_top1	results/stage5/sim_ext/full.tsv	method == 'SA-LOHO-Skin - Not Sun Exposed (Suprapubic)' and tissue == 'Skin - Not Sun Exposed (Suprapubic)' and rho == 0.6	top1	none	3	num	exploratory	sim	leave-one-host-out	top-1 accuracy	Skin - Not Sun Exposed (Suprapubic), rho 0.6	simulation, Skin - Not Sun Exposed (Suprapubic) mixtures at rho 0.6, leave-one-host-out, top-1 accuracy		
simt_skin_06_loho_nrisk	results/stage5/sim_ext/full.tsv	method == 'SA-LOHO-Skin - Not Sun Exposed (Suprapubic)' and tissue == 'Skin - Not Sun Exposed (Suprapubic)' and rho == 0.6	n_at_risk	none	0	num	exploratory	sim	leave-one-host-out	n	Skin - Not Sun Exposed (Suprapubic), rho 0.6	simulation, Skin - Not Sun Exposed (Suprapubic) mixtures at rho 0.6, leave-one-host-out, n		
simt_skin_06_loho_n	results/stage5/sim_ext/full.tsv	method == 'SA-LOHO-Skin - Not Sun Exposed (Suprapubic)' and tissue == 'Skin - Not Sun Exposed (Suprapubic)' and rho == 0.6	n	none	0	num	exploratory	sim	leave-one-host-out	n	Skin - Not Sun Exposed (Suprapubic), rho 0.6	simulation, Skin - Not Sun Exposed (Suprapubic) mixtures at rho 0.6, leave-one-host-out, n		
simt_muscle_06_base_host	results/stage5/sim_ext/full.tsv	method == 'BASE-Z' and tissue == 'Muscle - Skeletal' and rho == 0.6	host_rate	none	3	num	exploratory	sim	baseline	host-attraction rate	Muscle - Skeletal, rho 0.6	simulation, Muscle - Skeletal mixtures at rho 0.6, baseline, host-attraction rate		
simt_muscle_06_base_top1	results/stage5/sim_ext/full.tsv	method == 'BASE-Z' and tissue == 'Muscle - Skeletal' and rho == 0.6	top1	none	3	num	exploratory	sim	baseline	top-1 accuracy	Muscle - Skeletal, rho 0.6	simulation, Muscle - Skeletal mixtures at rho 0.6, baseline, top-1 accuracy		
simt_muscle_06_base_nrisk	results/stage5/sim_ext/full.tsv	method == 'BASE-Z' and tissue == 'Muscle - Skeletal' and rho == 0.6	n_at_risk	none	0	num	exploratory	sim	baseline	n	Muscle - Skeletal, rho 0.6	simulation, Muscle - Skeletal mixtures at rho 0.6, baseline, n		
simt_muscle_06_base_n	results/stage5/sim_ext/full.tsv	method == 'BASE-Z' and tissue == 'Muscle - Skeletal' and rho == 0.6	n	none	0	num	exploratory	sim	baseline	n	Muscle - Skeletal, rho 0.6	simulation, Muscle - Skeletal mixtures at rho 0.6, baseline, n		
simt_muscle_06_sa_host	results/stage5/sim_ext/full.tsv	method == 'SA-Z' and tissue == 'Muscle - Skeletal' and rho == 0.6	host_rate	none	3	num	exploratory	sim	HostMix-TOO	host-attraction rate	Muscle - Skeletal, rho 0.6	simulation, Muscle - Skeletal mixtures at rho 0.6, HostMix-TOO, host-attraction rate		
simt_muscle_06_sa_top1	results/stage5/sim_ext/full.tsv	method == 'SA-Z' and tissue == 'Muscle - Skeletal' and rho == 0.6	top1	none	3	num	exploratory	sim	HostMix-TOO	top-1 accuracy	Muscle - Skeletal, rho 0.6	simulation, Muscle - Skeletal mixtures at rho 0.6, HostMix-TOO, top-1 accuracy		
simt_muscle_06_sa_nrisk	results/stage5/sim_ext/full.tsv	method == 'SA-Z' and tissue == 'Muscle - Skeletal' and rho == 0.6	n_at_risk	none	0	num	exploratory	sim	HostMix-TOO	n	Muscle - Skeletal, rho 0.6	simulation, Muscle - Skeletal mixtures at rho 0.6, HostMix-TOO, n		
simt_muscle_06_sa_n	results/stage5/sim_ext/full.tsv	method == 'SA-Z' and tissue == 'Muscle - Skeletal' and rho == 0.6	n	none	0	num	exploratory	sim	HostMix-TOO	n	Muscle - Skeletal, rho 0.6	simulation, Muscle - Skeletal mixtures at rho 0.6, HostMix-TOO, n		
simt_muscle_06_pool22_host	results/stage5/sim_ext/full.tsv	method == 'SA-pool22' and tissue == 'Muscle - Skeletal' and rho == 0.6	host_rate	none	3	num	exploratory	sim	22-tissue	host-attraction rate	Muscle - Skeletal, rho 0.6	simulation, Muscle - Skeletal mixtures at rho 0.6, 22-tissue, host-attraction rate		
simt_muscle_06_pool22_top1	results/stage5/sim_ext/full.tsv	method == 'SA-pool22' and tissue == 'Muscle - Skeletal' and rho == 0.6	top1	none	3	num	exploratory	sim	22-tissue	top-1 accuracy	Muscle - Skeletal, rho 0.6	simulation, Muscle - Skeletal mixtures at rho 0.6, 22-tissue, top-1 accuracy		
simt_muscle_06_pool22_nrisk	results/stage5/sim_ext/full.tsv	method == 'SA-pool22' and tissue == 'Muscle - Skeletal' and rho == 0.6	n_at_risk	none	0	num	exploratory	sim	22-tissue	n	Muscle - Skeletal, rho 0.6	simulation, Muscle - Skeletal mixtures at rho 0.6, 22-tissue, n		
simt_muscle_06_pool22_n	results/stage5/sim_ext/full.tsv	method == 'SA-pool22' and tissue == 'Muscle - Skeletal' and rho == 0.6	n	none	0	num	exploratory	sim	22-tissue	n	Muscle - Skeletal, rho 0.6	simulation, Muscle - Skeletal mixtures at rho 0.6, 22-tissue, n		
simt_muscle_06_loho_host	results/stage5/sim_ext/full.tsv	method == 'SA-LOHO-Muscle - Skeletal' and tissue == 'Muscle - Skeletal' and rho == 0.6	host_rate	none	3	num	exploratory	sim	leave-one-host-out	host-attraction rate	Muscle - Skeletal, rho 0.6	simulation, Muscle - Skeletal mixtures at rho 0.6, leave-one-host-out, host-attraction rate		
simt_muscle_06_loho_top1	results/stage5/sim_ext/full.tsv	method == 'SA-LOHO-Muscle - Skeletal' and tissue == 'Muscle - Skeletal' and rho == 0.6	top1	none	3	num	exploratory	sim	leave-one-host-out	top-1 accuracy	Muscle - Skeletal, rho 0.6	simulation, Muscle - Skeletal mixtures at rho 0.6, leave-one-host-out, top-1 accuracy		
simt_muscle_06_loho_nrisk	results/stage5/sim_ext/full.tsv	method == 'SA-LOHO-Muscle - Skeletal' and tissue == 'Muscle - Skeletal' and rho == 0.6	n_at_risk	none	0	num	exploratory	sim	leave-one-host-out	n	Muscle - Skeletal, rho 0.6	simulation, Muscle - Skeletal mixtures at rho 0.6, leave-one-host-out, n		
simt_muscle_06_loho_n	results/stage5/sim_ext/full.tsv	method == 'SA-LOHO-Muscle - Skeletal' and tissue == 'Muscle - Skeletal' and rho == 0.6	n	none	0	num	exploratory	sim	leave-one-host-out	n	Muscle - Skeletal, rho 0.6	simulation, Muscle - Skeletal mixtures at rho 0.6, leave-one-host-out, n		
simt_adiposesc_06_base_host	results/stage5/sim_ext/full.tsv	method == 'BASE-Z' and tissue == 'Adipose - Subcutaneous' and rho == 0.6	host_rate	none	3	num	exploratory	sim	baseline	host-attraction rate	Adipose - Subcutaneous, rho 0.6	simulation, Adipose - Subcutaneous mixtures at rho 0.6, baseline, host-attraction rate		
simt_adiposesc_06_base_top1	results/stage5/sim_ext/full.tsv	method == 'BASE-Z' and tissue == 'Adipose - Subcutaneous' and rho == 0.6	top1	none	3	num	exploratory	sim	baseline	top-1 accuracy	Adipose - Subcutaneous, rho 0.6	simulation, Adipose - Subcutaneous mixtures at rho 0.6, baseline, top-1 accuracy		
simt_adiposesc_06_base_nrisk	results/stage5/sim_ext/full.tsv	method == 'BASE-Z' and tissue == 'Adipose - Subcutaneous' and rho == 0.6	n_at_risk	none	0	num	exploratory	sim	baseline	n	Adipose - Subcutaneous, rho 0.6	simulation, Adipose - Subcutaneous mixtures at rho 0.6, baseline, n		
simt_adiposesc_06_base_n	results/stage5/sim_ext/full.tsv	method == 'BASE-Z' and tissue == 'Adipose - Subcutaneous' and rho == 0.6	n	none	0	num	exploratory	sim	baseline	n	Adipose - Subcutaneous, rho 0.6	simulation, Adipose - Subcutaneous mixtures at rho 0.6, baseline, n		
simt_adiposesc_06_sa_host	results/stage5/sim_ext/full.tsv	method == 'SA-Z' and tissue == 'Adipose - Subcutaneous' and rho == 0.6	host_rate	none	3	num	exploratory	sim	HostMix-TOO	host-attraction rate	Adipose - Subcutaneous, rho 0.6	simulation, Adipose - Subcutaneous mixtures at rho 0.6, HostMix-TOO, host-attraction rate		
simt_adiposesc_06_sa_top1	results/stage5/sim_ext/full.tsv	method == 'SA-Z' and tissue == 'Adipose - Subcutaneous' and rho == 0.6	top1	none	3	num	exploratory	sim	HostMix-TOO	top-1 accuracy	Adipose - Subcutaneous, rho 0.6	simulation, Adipose - Subcutaneous mixtures at rho 0.6, HostMix-TOO, top-1 accuracy		
simt_adiposesc_06_sa_nrisk	results/stage5/sim_ext/full.tsv	method == 'SA-Z' and tissue == 'Adipose - Subcutaneous' and rho == 0.6	n_at_risk	none	0	num	exploratory	sim	HostMix-TOO	n	Adipose - Subcutaneous, rho 0.6	simulation, Adipose - Subcutaneous mixtures at rho 0.6, HostMix-TOO, n		
simt_adiposesc_06_sa_n	results/stage5/sim_ext/full.tsv	method == 'SA-Z' and tissue == 'Adipose - Subcutaneous' and rho == 0.6	n	none	0	num	exploratory	sim	HostMix-TOO	n	Adipose - Subcutaneous, rho 0.6	simulation, Adipose - Subcutaneous mixtures at rho 0.6, HostMix-TOO, n		
simt_adiposesc_06_pool22_host	results/stage5/sim_ext/full.tsv	method == 'SA-pool22' and tissue == 'Adipose - Subcutaneous' and rho == 0.6	host_rate	none	3	num	exploratory	sim	22-tissue	host-attraction rate	Adipose - Subcutaneous, rho 0.6	simulation, Adipose - Subcutaneous mixtures at rho 0.6, 22-tissue, host-attraction rate		
simt_adiposesc_06_pool22_top1	results/stage5/sim_ext/full.tsv	method == 'SA-pool22' and tissue == 'Adipose - Subcutaneous' and rho == 0.6	top1	none	3	num	exploratory	sim	22-tissue	top-1 accuracy	Adipose - Subcutaneous, rho 0.6	simulation, Adipose - Subcutaneous mixtures at rho 0.6, 22-tissue, top-1 accuracy		
simt_adiposesc_06_pool22_nrisk	results/stage5/sim_ext/full.tsv	method == 'SA-pool22' and tissue == 'Adipose - Subcutaneous' and rho == 0.6	n_at_risk	none	0	num	exploratory	sim	22-tissue	n	Adipose - Subcutaneous, rho 0.6	simulation, Adipose - Subcutaneous mixtures at rho 0.6, 22-tissue, n		
simt_adiposesc_06_pool22_n	results/stage5/sim_ext/full.tsv	method == 'SA-pool22' and tissue == 'Adipose - Subcutaneous' and rho == 0.6	n	none	0	num	exploratory	sim	22-tissue	n	Adipose - Subcutaneous, rho 0.6	simulation, Adipose - Subcutaneous mixtures at rho 0.6, 22-tissue, n		
simt_adiposesc_06_loho_host	results/stage5/sim_ext/full.tsv	method == 'SA-LOHO-Adipose - Subcutaneous' and tissue == 'Adipose - Subcutaneous' and rho == 0.6	host_rate	none	3	num	exploratory	sim	leave-one-host-out	host-attraction rate	Adipose - Subcutaneous, rho 0.6	simulation, Adipose - Subcutaneous mixtures at rho 0.6, leave-one-host-out, host-attraction rate		
simt_adiposesc_06_loho_top1	results/stage5/sim_ext/full.tsv	method == 'SA-LOHO-Adipose - Subcutaneous' and tissue == 'Adipose - Subcutaneous' and rho == 0.6	top1	none	3	num	exploratory	sim	leave-one-host-out	top-1 accuracy	Adipose - Subcutaneous, rho 0.6	simulation, Adipose - Subcutaneous mixtures at rho 0.6, leave-one-host-out, top-1 accuracy		
simt_adiposesc_06_loho_nrisk	results/stage5/sim_ext/full.tsv	method == 'SA-LOHO-Adipose - Subcutaneous' and tissue == 'Adipose - Subcutaneous' and rho == 0.6	n_at_risk	none	0	num	exploratory	sim	leave-one-host-out	n	Adipose - Subcutaneous, rho 0.6	simulation, Adipose - Subcutaneous mixtures at rho 0.6, leave-one-host-out, n		
simt_adiposesc_06_loho_n	results/stage5/sim_ext/full.tsv	method == 'SA-LOHO-Adipose - Subcutaneous' and tissue == 'Adipose - Subcutaneous' and rho == 0.6	n	none	0	num	exploratory	sim	leave-one-host-out	n	Adipose - Subcutaneous, rho 0.6	simulation, Adipose - Subcutaneous mixtures at rho 0.6, leave-one-host-out, n		
simt_adiposevis_06_base_host	results/stage5/sim_ext/full.tsv	method == 'BASE-Z' and tissue == 'Adipose - Visceral (Omentum)' and rho == 0.6	host_rate	none	3	num	exploratory	sim	baseline	host-attraction rate	Adipose - Visceral (Omentum), rho 0.6	simulation, Adipose - Visceral (Omentum) mixtures at rho 0.6, baseline, host-attraction rate		
simt_adiposevis_06_base_top1	results/stage5/sim_ext/full.tsv	method == 'BASE-Z' and tissue == 'Adipose - Visceral (Omentum)' and rho == 0.6	top1	none	3	num	exploratory	sim	baseline	top-1 accuracy	Adipose - Visceral (Omentum), rho 0.6	simulation, Adipose - Visceral (Omentum) mixtures at rho 0.6, baseline, top-1 accuracy		
simt_adiposevis_06_base_nrisk	results/stage5/sim_ext/full.tsv	method == 'BASE-Z' and tissue == 'Adipose - Visceral (Omentum)' and rho == 0.6	n_at_risk	none	0	num	exploratory	sim	baseline	n	Adipose - Visceral (Omentum), rho 0.6	simulation, Adipose - Visceral (Omentum) mixtures at rho 0.6, baseline, n		
simt_adiposevis_06_base_n	results/stage5/sim_ext/full.tsv	method == 'BASE-Z' and tissue == 'Adipose - Visceral (Omentum)' and rho == 0.6	n	none	0	num	exploratory	sim	baseline	n	Adipose - Visceral (Omentum), rho 0.6	simulation, Adipose - Visceral (Omentum) mixtures at rho 0.6, baseline, n		
simt_adiposevis_06_sa_host	results/stage5/sim_ext/full.tsv	method == 'SA-Z' and tissue == 'Adipose - Visceral (Omentum)' and rho == 0.6	host_rate	none	3	num	exploratory	sim	HostMix-TOO	host-attraction rate	Adipose - Visceral (Omentum), rho 0.6	simulation, Adipose - Visceral (Omentum) mixtures at rho 0.6, HostMix-TOO, host-attraction rate		
simt_adiposevis_06_sa_top1	results/stage5/sim_ext/full.tsv	method == 'SA-Z' and tissue == 'Adipose - Visceral (Omentum)' and rho == 0.6	top1	none	3	num	exploratory	sim	HostMix-TOO	top-1 accuracy	Adipose - Visceral (Omentum), rho 0.6	simulation, Adipose - Visceral (Omentum) mixtures at rho 0.6, HostMix-TOO, top-1 accuracy		
simt_adiposevis_06_sa_nrisk	results/stage5/sim_ext/full.tsv	method == 'SA-Z' and tissue == 'Adipose - Visceral (Omentum)' and rho == 0.6	n_at_risk	none	0	num	exploratory	sim	HostMix-TOO	n	Adipose - Visceral (Omentum), rho 0.6	simulation, Adipose - Visceral (Omentum) mixtures at rho 0.6, HostMix-TOO, n		
simt_adiposevis_06_sa_n	results/stage5/sim_ext/full.tsv	method == 'SA-Z' and tissue == 'Adipose - Visceral (Omentum)' and rho == 0.6	n	none	0	num	exploratory	sim	HostMix-TOO	n	Adipose - Visceral (Omentum), rho 0.6	simulation, Adipose - Visceral (Omentum) mixtures at rho 0.6, HostMix-TOO, n		
simt_adiposevis_06_pool22_host	results/stage5/sim_ext/full.tsv	method == 'SA-pool22' and tissue == 'Adipose - Visceral (Omentum)' and rho == 0.6	host_rate	none	3	num	exploratory	sim	22-tissue	host-attraction rate	Adipose - Visceral (Omentum), rho 0.6	simulation, Adipose - Visceral (Omentum) mixtures at rho 0.6, 22-tissue, host-attraction rate		
simt_adiposevis_06_pool22_top1	results/stage5/sim_ext/full.tsv	method == 'SA-pool22' and tissue == 'Adipose - Visceral (Omentum)' and rho == 0.6	top1	none	3	num	exploratory	sim	22-tissue	top-1 accuracy	Adipose - Visceral (Omentum), rho 0.6	simulation, Adipose - Visceral (Omentum) mixtures at rho 0.6, 22-tissue, top-1 accuracy		
simt_adiposevis_06_pool22_nrisk	results/stage5/sim_ext/full.tsv	method == 'SA-pool22' and tissue == 'Adipose - Visceral (Omentum)' and rho == 0.6	n_at_risk	none	0	num	exploratory	sim	22-tissue	n	Adipose - Visceral (Omentum), rho 0.6	simulation, Adipose - Visceral (Omentum) mixtures at rho 0.6, 22-tissue, n		
simt_adiposevis_06_pool22_n	results/stage5/sim_ext/full.tsv	method == 'SA-pool22' and tissue == 'Adipose - Visceral (Omentum)' and rho == 0.6	n	none	0	num	exploratory	sim	22-tissue	n	Adipose - Visceral (Omentum), rho 0.6	simulation, Adipose - Visceral (Omentum) mixtures at rho 0.6, 22-tissue, n		
simt_adiposevis_06_loho_host	results/stage5/sim_ext/full.tsv	method == 'SA-LOHO-Adipose - Visceral (Omentum)' and tissue == 'Adipose - Visceral (Omentum)' and rho == 0.6	host_rate	none	3	num	exploratory	sim	leave-one-host-out	host-attraction rate	Adipose - Visceral (Omentum), rho 0.6	simulation, Adipose - Visceral (Omentum) mixtures at rho 0.6, leave-one-host-out, host-attraction rate		
simt_adiposevis_06_loho_top1	results/stage5/sim_ext/full.tsv	method == 'SA-LOHO-Adipose - Visceral (Omentum)' and tissue == 'Adipose - Visceral (Omentum)' and rho == 0.6	top1	none	3	num	exploratory	sim	leave-one-host-out	top-1 accuracy	Adipose - Visceral (Omentum), rho 0.6	simulation, Adipose - Visceral (Omentum) mixtures at rho 0.6, leave-one-host-out, top-1 accuracy		
simt_adiposevis_06_loho_nrisk	results/stage5/sim_ext/full.tsv	method == 'SA-LOHO-Adipose - Visceral (Omentum)' and tissue == 'Adipose - Visceral (Omentum)' and rho == 0.6	n_at_risk	none	0	num	exploratory	sim	leave-one-host-out	n	Adipose - Visceral (Omentum), rho 0.6	simulation, Adipose - Visceral (Omentum) mixtures at rho 0.6, leave-one-host-out, n		
simt_adiposevis_06_loho_n	results/stage5/sim_ext/full.tsv	method == 'SA-LOHO-Adipose - Visceral (Omentum)' and tissue == 'Adipose - Visceral (Omentum)' and rho == 0.6	n	none	0	num	exploratory	sim	leave-one-host-out	n	Adipose - Visceral (Omentum), rho 0.6	simulation, Adipose - Visceral (Omentum) mixtures at rho 0.6, leave-one-host-out, n		
simt_spleen_06_base_host	results/stage5/sim_ext/full.tsv	method == 'BASE-Z' and tissue == 'Spleen' and rho == 0.6	host_rate	none	3	num	exploratory	sim	baseline	host-attraction rate	Spleen, rho 0.6	simulation, Spleen mixtures at rho 0.6, baseline, host-attraction rate		
simt_spleen_06_base_top1	results/stage5/sim_ext/full.tsv	method == 'BASE-Z' and tissue == 'Spleen' and rho == 0.6	top1	none	3	num	exploratory	sim	baseline	top-1 accuracy	Spleen, rho 0.6	simulation, Spleen mixtures at rho 0.6, baseline, top-1 accuracy		
simt_spleen_06_base_nrisk	results/stage5/sim_ext/full.tsv	method == 'BASE-Z' and tissue == 'Spleen' and rho == 0.6	n_at_risk	none	0	num	exploratory	sim	baseline	n	Spleen, rho 0.6	simulation, Spleen mixtures at rho 0.6, baseline, n		
simt_spleen_06_base_n	results/stage5/sim_ext/full.tsv	method == 'BASE-Z' and tissue == 'Spleen' and rho == 0.6	n	none	0	num	exploratory	sim	baseline	n	Spleen, rho 0.6	simulation, Spleen mixtures at rho 0.6, baseline, n		
simt_spleen_06_sa_host	results/stage5/sim_ext/full.tsv	method == 'SA-Z' and tissue == 'Spleen' and rho == 0.6	host_rate	none	3	num	exploratory	sim	HostMix-TOO	host-attraction rate	Spleen, rho 0.6	simulation, Spleen mixtures at rho 0.6, HostMix-TOO, host-attraction rate		
simt_spleen_06_sa_top1	results/stage5/sim_ext/full.tsv	method == 'SA-Z' and tissue == 'Spleen' and rho == 0.6	top1	none	3	num	exploratory	sim	HostMix-TOO	top-1 accuracy	Spleen, rho 0.6	simulation, Spleen mixtures at rho 0.6, HostMix-TOO, top-1 accuracy		
simt_spleen_06_sa_nrisk	results/stage5/sim_ext/full.tsv	method == 'SA-Z' and tissue == 'Spleen' and rho == 0.6	n_at_risk	none	0	num	exploratory	sim	HostMix-TOO	n	Spleen, rho 0.6	simulation, Spleen mixtures at rho 0.6, HostMix-TOO, n		
simt_spleen_06_sa_n	results/stage5/sim_ext/full.tsv	method == 'SA-Z' and tissue == 'Spleen' and rho == 0.6	n	none	0	num	exploratory	sim	HostMix-TOO	n	Spleen, rho 0.6	simulation, Spleen mixtures at rho 0.6, HostMix-TOO, n		
simt_spleen_06_pool22_host	results/stage5/sim_ext/full.tsv	method == 'SA-pool22' and tissue == 'Spleen' and rho == 0.6	host_rate	none	3	num	exploratory	sim	22-tissue	host-attraction rate	Spleen, rho 0.6	simulation, Spleen mixtures at rho 0.6, 22-tissue, host-attraction rate		
simt_spleen_06_pool22_top1	results/stage5/sim_ext/full.tsv	method == 'SA-pool22' and tissue == 'Spleen' and rho == 0.6	top1	none	3	num	exploratory	sim	22-tissue	top-1 accuracy	Spleen, rho 0.6	simulation, Spleen mixtures at rho 0.6, 22-tissue, top-1 accuracy		
simt_spleen_06_pool22_nrisk	results/stage5/sim_ext/full.tsv	method == 'SA-pool22' and tissue == 'Spleen' and rho == 0.6	n_at_risk	none	0	num	exploratory	sim	22-tissue	n	Spleen, rho 0.6	simulation, Spleen mixtures at rho 0.6, 22-tissue, n		
simt_spleen_06_pool22_n	results/stage5/sim_ext/full.tsv	method == 'SA-pool22' and tissue == 'Spleen' and rho == 0.6	n	none	0	num	exploratory	sim	22-tissue	n	Spleen, rho 0.6	simulation, Spleen mixtures at rho 0.6, 22-tissue, n		
simt_spleen_06_loho_host	results/stage5/sim_ext/full.tsv	method == 'SA-LOHO-Spleen' and tissue == 'Spleen' and rho == 0.6	host_rate	none	3	num	exploratory	sim	leave-one-host-out	host-attraction rate	Spleen, rho 0.6	simulation, Spleen mixtures at rho 0.6, leave-one-host-out, host-attraction rate		
simt_spleen_06_loho_top1	results/stage5/sim_ext/full.tsv	method == 'SA-LOHO-Spleen' and tissue == 'Spleen' and rho == 0.6	top1	none	3	num	exploratory	sim	leave-one-host-out	top-1 accuracy	Spleen, rho 0.6	simulation, Spleen mixtures at rho 0.6, leave-one-host-out, top-1 accuracy		
simt_spleen_06_loho_nrisk	results/stage5/sim_ext/full.tsv	method == 'SA-LOHO-Spleen' and tissue == 'Spleen' and rho == 0.6	n_at_risk	none	0	num	exploratory	sim	leave-one-host-out	n	Spleen, rho 0.6	simulation, Spleen mixtures at rho 0.6, leave-one-host-out, n		
simt_spleen_06_loho_n	results/stage5/sim_ext/full.tsv	method == 'SA-LOHO-Spleen' and tissue == 'Spleen' and rho == 0.6	n	none	0	num	exploratory	sim	leave-one-host-out	n	Spleen, rho 0.6	simulation, Spleen mixtures at rho 0.6, leave-one-host-out, n		
simt_blood_06_base_host	results/stage5/sim_ext/full.tsv	method == 'BASE-Z' and tissue == 'Whole Blood' and rho == 0.6	host_rate	none	3	num	exploratory	sim	baseline	host-attraction rate	Whole Blood, rho 0.6	simulation, Whole Blood mixtures at rho 0.6, baseline, host-attraction rate		
simt_blood_06_base_top1	results/stage5/sim_ext/full.tsv	method == 'BASE-Z' and tissue == 'Whole Blood' and rho == 0.6	top1	none	3	num	exploratory	sim	baseline	top-1 accuracy	Whole Blood, rho 0.6	simulation, Whole Blood mixtures at rho 0.6, baseline, top-1 accuracy		
simt_blood_06_base_nrisk	results/stage5/sim_ext/full.tsv	method == 'BASE-Z' and tissue == 'Whole Blood' and rho == 0.6	n_at_risk	none	0	num	exploratory	sim	baseline	n	Whole Blood, rho 0.6	simulation, Whole Blood mixtures at rho 0.6, baseline, n		
simt_blood_06_base_n	results/stage5/sim_ext/full.tsv	method == 'BASE-Z' and tissue == 'Whole Blood' and rho == 0.6	n	none	0	num	exploratory	sim	baseline	n	Whole Blood, rho 0.6	simulation, Whole Blood mixtures at rho 0.6, baseline, n		
simt_blood_06_sa_host	results/stage5/sim_ext/full.tsv	method == 'SA-Z' and tissue == 'Whole Blood' and rho == 0.6	host_rate	none	3	num	exploratory	sim	HostMix-TOO	host-attraction rate	Whole Blood, rho 0.6	simulation, Whole Blood mixtures at rho 0.6, HostMix-TOO, host-attraction rate		
simt_blood_06_sa_top1	results/stage5/sim_ext/full.tsv	method == 'SA-Z' and tissue == 'Whole Blood' and rho == 0.6	top1	none	3	num	exploratory	sim	HostMix-TOO	top-1 accuracy	Whole Blood, rho 0.6	simulation, Whole Blood mixtures at rho 0.6, HostMix-TOO, top-1 accuracy		
simt_blood_06_sa_nrisk	results/stage5/sim_ext/full.tsv	method == 'SA-Z' and tissue == 'Whole Blood' and rho == 0.6	n_at_risk	none	0	num	exploratory	sim	HostMix-TOO	n	Whole Blood, rho 0.6	simulation, Whole Blood mixtures at rho 0.6, HostMix-TOO, n		
simt_blood_06_sa_n	results/stage5/sim_ext/full.tsv	method == 'SA-Z' and tissue == 'Whole Blood' and rho == 0.6	n	none	0	num	exploratory	sim	HostMix-TOO	n	Whole Blood, rho 0.6	simulation, Whole Blood mixtures at rho 0.6, HostMix-TOO, n		
simt_blood_06_pool22_host	results/stage5/sim_ext/full.tsv	method == 'SA-pool22' and tissue == 'Whole Blood' and rho == 0.6	host_rate	none	3	num	exploratory	sim	22-tissue	host-attraction rate	Whole Blood, rho 0.6	simulation, Whole Blood mixtures at rho 0.6, 22-tissue, host-attraction rate		
simt_blood_06_pool22_top1	results/stage5/sim_ext/full.tsv	method == 'SA-pool22' and tissue == 'Whole Blood' and rho == 0.6	top1	none	3	num	exploratory	sim	22-tissue	top-1 accuracy	Whole Blood, rho 0.6	simulation, Whole Blood mixtures at rho 0.6, 22-tissue, top-1 accuracy		
simt_blood_06_pool22_nrisk	results/stage5/sim_ext/full.tsv	method == 'SA-pool22' and tissue == 'Whole Blood' and rho == 0.6	n_at_risk	none	0	num	exploratory	sim	22-tissue	n	Whole Blood, rho 0.6	simulation, Whole Blood mixtures at rho 0.6, 22-tissue, n		
simt_blood_06_pool22_n	results/stage5/sim_ext/full.tsv	method == 'SA-pool22' and tissue == 'Whole Blood' and rho == 0.6	n	none	0	num	exploratory	sim	22-tissue	n	Whole Blood, rho 0.6	simulation, Whole Blood mixtures at rho 0.6, 22-tissue, n		
simt_blood_06_loho_host	results/stage5/sim_ext/full.tsv	method == 'SA-LOHO-Whole Blood' and tissue == 'Whole Blood' and rho == 0.6	host_rate	none	3	num	exploratory	sim	leave-one-host-out	host-attraction rate	Whole Blood, rho 0.6	simulation, Whole Blood mixtures at rho 0.6, leave-one-host-out, host-attraction rate		
simt_blood_06_loho_top1	results/stage5/sim_ext/full.tsv	method == 'SA-LOHO-Whole Blood' and tissue == 'Whole Blood' and rho == 0.6	top1	none	3	num	exploratory	sim	leave-one-host-out	top-1 accuracy	Whole Blood, rho 0.6	simulation, Whole Blood mixtures at rho 0.6, leave-one-host-out, top-1 accuracy		
simt_blood_06_loho_nrisk	results/stage5/sim_ext/full.tsv	method == 'SA-LOHO-Whole Blood' and tissue == 'Whole Blood' and rho == 0.6	n_at_risk	none	0	num	exploratory	sim	leave-one-host-out	n	Whole Blood, rho 0.6	simulation, Whole Blood mixtures at rho 0.6, leave-one-host-out, n		
simt_blood_06_loho_n	results/stage5/sim_ext/full.tsv	method == 'SA-LOHO-Whole Blood' and tissue == 'Whole Blood' and rho == 0.6	n	none	0	num	exploratory	sim	leave-one-host-out	n	Whole Blood, rho 0.6	simulation, Whole Blood mixtures at rho 0.6, leave-one-host-out, n		
simt_bladder_06_base_host	results/stage5/sim_ext/full.tsv	method == 'BASE-Z' and tissue == 'Bladder' and rho == 0.6	host_rate	none	3	num	exploratory	sim	baseline	host-attraction rate	Bladder, rho 0.6	simulation, Bladder mixtures at rho 0.6, baseline, host-attraction rate		
simt_bladder_06_base_top1	results/stage5/sim_ext/full.tsv	method == 'BASE-Z' and tissue == 'Bladder' and rho == 0.6	top1	none	3	num	exploratory	sim	baseline	top-1 accuracy	Bladder, rho 0.6	simulation, Bladder mixtures at rho 0.6, baseline, top-1 accuracy		
simt_bladder_06_base_nrisk	results/stage5/sim_ext/full.tsv	method == 'BASE-Z' and tissue == 'Bladder' and rho == 0.6	n_at_risk	none	0	num	exploratory	sim	baseline	n	Bladder, rho 0.6	simulation, Bladder mixtures at rho 0.6, baseline, n		
simt_bladder_06_base_n	results/stage5/sim_ext/full.tsv	method == 'BASE-Z' and tissue == 'Bladder' and rho == 0.6	n	none	0	num	exploratory	sim	baseline	n	Bladder, rho 0.6	simulation, Bladder mixtures at rho 0.6, baseline, n		
simt_bladder_06_sa_host	results/stage5/sim_ext/full.tsv	method == 'SA-Z' and tissue == 'Bladder' and rho == 0.6	host_rate	none	3	num	exploratory	sim	HostMix-TOO	host-attraction rate	Bladder, rho 0.6	simulation, Bladder mixtures at rho 0.6, HostMix-TOO, host-attraction rate		
simt_bladder_06_sa_top1	results/stage5/sim_ext/full.tsv	method == 'SA-Z' and tissue == 'Bladder' and rho == 0.6	top1	none	3	num	exploratory	sim	HostMix-TOO	top-1 accuracy	Bladder, rho 0.6	simulation, Bladder mixtures at rho 0.6, HostMix-TOO, top-1 accuracy		
simt_bladder_06_sa_nrisk	results/stage5/sim_ext/full.tsv	method == 'SA-Z' and tissue == 'Bladder' and rho == 0.6	n_at_risk	none	0	num	exploratory	sim	HostMix-TOO	n	Bladder, rho 0.6	simulation, Bladder mixtures at rho 0.6, HostMix-TOO, n		
simt_bladder_06_sa_n	results/stage5/sim_ext/full.tsv	method == 'SA-Z' and tissue == 'Bladder' and rho == 0.6	n	none	0	num	exploratory	sim	HostMix-TOO	n	Bladder, rho 0.6	simulation, Bladder mixtures at rho 0.6, HostMix-TOO, n		
simt_bladder_06_pool22_host	results/stage5/sim_ext/full.tsv	method == 'SA-pool22' and tissue == 'Bladder' and rho == 0.6	host_rate	none	3	num	exploratory	sim	22-tissue	host-attraction rate	Bladder, rho 0.6	simulation, Bladder mixtures at rho 0.6, 22-tissue, host-attraction rate		
simt_bladder_06_pool22_top1	results/stage5/sim_ext/full.tsv	method == 'SA-pool22' and tissue == 'Bladder' and rho == 0.6	top1	none	3	num	exploratory	sim	22-tissue	top-1 accuracy	Bladder, rho 0.6	simulation, Bladder mixtures at rho 0.6, 22-tissue, top-1 accuracy		
simt_bladder_06_pool22_nrisk	results/stage5/sim_ext/full.tsv	method == 'SA-pool22' and tissue == 'Bladder' and rho == 0.6	n_at_risk	none	0	num	exploratory	sim	22-tissue	n	Bladder, rho 0.6	simulation, Bladder mixtures at rho 0.6, 22-tissue, n		
simt_bladder_06_pool22_n	results/stage5/sim_ext/full.tsv	method == 'SA-pool22' and tissue == 'Bladder' and rho == 0.6	n	none	0	num	exploratory	sim	22-tissue	n	Bladder, rho 0.6	simulation, Bladder mixtures at rho 0.6, 22-tissue, n		
simt_breast_06_base_host	results/stage5/sim_ext/full.tsv	method == 'BASE-Z' and tissue == 'Breast - Mammary Tissue' and rho == 0.6	host_rate	none	3	num	exploratory	sim	baseline	host-attraction rate	Breast - Mammary Tissue, rho 0.6	simulation, Breast - Mammary Tissue mixtures at rho 0.6, baseline, host-attraction rate		
simt_breast_06_base_top1	results/stage5/sim_ext/full.tsv	method == 'BASE-Z' and tissue == 'Breast - Mammary Tissue' and rho == 0.6	top1	none	3	num	exploratory	sim	baseline	top-1 accuracy	Breast - Mammary Tissue, rho 0.6	simulation, Breast - Mammary Tissue mixtures at rho 0.6, baseline, top-1 accuracy		
simt_breast_06_base_nrisk	results/stage5/sim_ext/full.tsv	method == 'BASE-Z' and tissue == 'Breast - Mammary Tissue' and rho == 0.6	n_at_risk	none	0	num	exploratory	sim	baseline	n	Breast - Mammary Tissue, rho 0.6	simulation, Breast - Mammary Tissue mixtures at rho 0.6, baseline, n		
simt_breast_06_base_n	results/stage5/sim_ext/full.tsv	method == 'BASE-Z' and tissue == 'Breast - Mammary Tissue' and rho == 0.6	n	none	0	num	exploratory	sim	baseline	n	Breast - Mammary Tissue, rho 0.6	simulation, Breast - Mammary Tissue mixtures at rho 0.6, baseline, n		
simt_breast_06_sa_host	results/stage5/sim_ext/full.tsv	method == 'SA-Z' and tissue == 'Breast - Mammary Tissue' and rho == 0.6	host_rate	none	3	num	exploratory	sim	HostMix-TOO	host-attraction rate	Breast - Mammary Tissue, rho 0.6	simulation, Breast - Mammary Tissue mixtures at rho 0.6, HostMix-TOO, host-attraction rate		
simt_breast_06_sa_top1	results/stage5/sim_ext/full.tsv	method == 'SA-Z' and tissue == 'Breast - Mammary Tissue' and rho == 0.6	top1	none	3	num	exploratory	sim	HostMix-TOO	top-1 accuracy	Breast - Mammary Tissue, rho 0.6	simulation, Breast - Mammary Tissue mixtures at rho 0.6, HostMix-TOO, top-1 accuracy		
simt_breast_06_sa_nrisk	results/stage5/sim_ext/full.tsv	method == 'SA-Z' and tissue == 'Breast - Mammary Tissue' and rho == 0.6	n_at_risk	none	0	num	exploratory	sim	HostMix-TOO	n	Breast - Mammary Tissue, rho 0.6	simulation, Breast - Mammary Tissue mixtures at rho 0.6, HostMix-TOO, n		
simt_breast_06_sa_n	results/stage5/sim_ext/full.tsv	method == 'SA-Z' and tissue == 'Breast - Mammary Tissue' and rho == 0.6	n	none	0	num	exploratory	sim	HostMix-TOO	n	Breast - Mammary Tissue, rho 0.6	simulation, Breast - Mammary Tissue mixtures at rho 0.6, HostMix-TOO, n		
simt_breast_06_pool22_host	results/stage5/sim_ext/full.tsv	method == 'SA-pool22' and tissue == 'Breast - Mammary Tissue' and rho == 0.6	host_rate	none	3	num	exploratory	sim	22-tissue	host-attraction rate	Breast - Mammary Tissue, rho 0.6	simulation, Breast - Mammary Tissue mixtures at rho 0.6, 22-tissue, host-attraction rate		
simt_breast_06_pool22_top1	results/stage5/sim_ext/full.tsv	method == 'SA-pool22' and tissue == 'Breast - Mammary Tissue' and rho == 0.6	top1	none	3	num	exploratory	sim	22-tissue	top-1 accuracy	Breast - Mammary Tissue, rho 0.6	simulation, Breast - Mammary Tissue mixtures at rho 0.6, 22-tissue, top-1 accuracy		
simt_breast_06_pool22_nrisk	results/stage5/sim_ext/full.tsv	method == 'SA-pool22' and tissue == 'Breast - Mammary Tissue' and rho == 0.6	n_at_risk	none	0	num	exploratory	sim	22-tissue	n	Breast - Mammary Tissue, rho 0.6	simulation, Breast - Mammary Tissue mixtures at rho 0.6, 22-tissue, n		
simt_breast_06_pool22_n	results/stage5/sim_ext/full.tsv	method == 'SA-pool22' and tissue == 'Breast - Mammary Tissue' and rho == 0.6	n	none	0	num	exploratory	sim	22-tissue	n	Breast - Mammary Tissue, rho 0.6	simulation, Breast - Mammary Tissue mixtures at rho 0.6, 22-tissue, n		
simt_cervix_06_base_host	results/stage5/sim_ext/full.tsv	method == 'BASE-Z' and tissue == 'Cervix - Ectocervix' and rho == 0.6	host_rate	none	3	num	exploratory	sim	baseline	host-attraction rate	Cervix - Ectocervix, rho 0.6	simulation, Cervix - Ectocervix mixtures at rho 0.6, baseline, host-attraction rate		
simt_cervix_06_base_top1	results/stage5/sim_ext/full.tsv	method == 'BASE-Z' and tissue == 'Cervix - Ectocervix' and rho == 0.6	top1	none	3	num	exploratory	sim	baseline	top-1 accuracy	Cervix - Ectocervix, rho 0.6	simulation, Cervix - Ectocervix mixtures at rho 0.6, baseline, top-1 accuracy		
simt_cervix_06_base_nrisk	results/stage5/sim_ext/full.tsv	method == 'BASE-Z' and tissue == 'Cervix - Ectocervix' and rho == 0.6	n_at_risk	none	0	num	exploratory	sim	baseline	n	Cervix - Ectocervix, rho 0.6	simulation, Cervix - Ectocervix mixtures at rho 0.6, baseline, n		
simt_cervix_06_base_n	results/stage5/sim_ext/full.tsv	method == 'BASE-Z' and tissue == 'Cervix - Ectocervix' and rho == 0.6	n	none	0	num	exploratory	sim	baseline	n	Cervix - Ectocervix, rho 0.6	simulation, Cervix - Ectocervix mixtures at rho 0.6, baseline, n		
simt_cervix_06_sa_host	results/stage5/sim_ext/full.tsv	method == 'SA-Z' and tissue == 'Cervix - Ectocervix' and rho == 0.6	host_rate	none	3	num	exploratory	sim	HostMix-TOO	host-attraction rate	Cervix - Ectocervix, rho 0.6	simulation, Cervix - Ectocervix mixtures at rho 0.6, HostMix-TOO, host-attraction rate		
simt_cervix_06_sa_top1	results/stage5/sim_ext/full.tsv	method == 'SA-Z' and tissue == 'Cervix - Ectocervix' and rho == 0.6	top1	none	3	num	exploratory	sim	HostMix-TOO	top-1 accuracy	Cervix - Ectocervix, rho 0.6	simulation, Cervix - Ectocervix mixtures at rho 0.6, HostMix-TOO, top-1 accuracy		
simt_cervix_06_sa_nrisk	results/stage5/sim_ext/full.tsv	method == 'SA-Z' and tissue == 'Cervix - Ectocervix' and rho == 0.6	n_at_risk	none	0	num	exploratory	sim	HostMix-TOO	n	Cervix - Ectocervix, rho 0.6	simulation, Cervix - Ectocervix mixtures at rho 0.6, HostMix-TOO, n		
simt_cervix_06_sa_n	results/stage5/sim_ext/full.tsv	method == 'SA-Z' and tissue == 'Cervix - Ectocervix' and rho == 0.6	n	none	0	num	exploratory	sim	HostMix-TOO	n	Cervix - Ectocervix, rho 0.6	simulation, Cervix - Ectocervix mixtures at rho 0.6, HostMix-TOO, n		
simt_cervix_06_pool22_host	results/stage5/sim_ext/full.tsv	method == 'SA-pool22' and tissue == 'Cervix - Ectocervix' and rho == 0.6	host_rate	none	3	num	exploratory	sim	22-tissue	host-attraction rate	Cervix - Ectocervix, rho 0.6	simulation, Cervix - Ectocervix mixtures at rho 0.6, 22-tissue, host-attraction rate		
simt_cervix_06_pool22_top1	results/stage5/sim_ext/full.tsv	method == 'SA-pool22' and tissue == 'Cervix - Ectocervix' and rho == 0.6	top1	none	3	num	exploratory	sim	22-tissue	top-1 accuracy	Cervix - Ectocervix, rho 0.6	simulation, Cervix - Ectocervix mixtures at rho 0.6, 22-tissue, top-1 accuracy		
simt_cervix_06_pool22_nrisk	results/stage5/sim_ext/full.tsv	method == 'SA-pool22' and tissue == 'Cervix - Ectocervix' and rho == 0.6	n_at_risk	none	0	num	exploratory	sim	22-tissue	n	Cervix - Ectocervix, rho 0.6	simulation, Cervix - Ectocervix mixtures at rho 0.6, 22-tissue, n		
simt_cervix_06_pool22_n	results/stage5/sim_ext/full.tsv	method == 'SA-pool22' and tissue == 'Cervix - Ectocervix' and rho == 0.6	n	none	0	num	exploratory	sim	22-tissue	n	Cervix - Ectocervix, rho 0.6	simulation, Cervix - Ectocervix mixtures at rho 0.6, 22-tissue, n		
simt_colon_06_base_host	results/stage5/sim_ext/full.tsv	method == 'BASE-Z' and tissue == 'Colon - Transverse' and rho == 0.6	host_rate	none	3	num	exploratory	sim	baseline	host-attraction rate	Colon - Transverse, rho 0.6	simulation, Colon - Transverse mixtures at rho 0.6, baseline, host-attraction rate		
simt_colon_06_base_top1	results/stage5/sim_ext/full.tsv	method == 'BASE-Z' and tissue == 'Colon - Transverse' and rho == 0.6	top1	none	3	num	exploratory	sim	baseline	top-1 accuracy	Colon - Transverse, rho 0.6	simulation, Colon - Transverse mixtures at rho 0.6, baseline, top-1 accuracy		
simt_colon_06_base_nrisk	results/stage5/sim_ext/full.tsv	method == 'BASE-Z' and tissue == 'Colon - Transverse' and rho == 0.6	n_at_risk	none	0	num	exploratory	sim	baseline	n	Colon - Transverse, rho 0.6	simulation, Colon - Transverse mixtures at rho 0.6, baseline, n		
simt_colon_06_base_n	results/stage5/sim_ext/full.tsv	method == 'BASE-Z' and tissue == 'Colon - Transverse' and rho == 0.6	n	none	0	num	exploratory	sim	baseline	n	Colon - Transverse, rho 0.6	simulation, Colon - Transverse mixtures at rho 0.6, baseline, n		
simt_colon_06_sa_host	results/stage5/sim_ext/full.tsv	method == 'SA-Z' and tissue == 'Colon - Transverse' and rho == 0.6	host_rate	none	3	num	exploratory	sim	HostMix-TOO	host-attraction rate	Colon - Transverse, rho 0.6	simulation, Colon - Transverse mixtures at rho 0.6, HostMix-TOO, host-attraction rate		
simt_colon_06_sa_top1	results/stage5/sim_ext/full.tsv	method == 'SA-Z' and tissue == 'Colon - Transverse' and rho == 0.6	top1	none	3	num	exploratory	sim	HostMix-TOO	top-1 accuracy	Colon - Transverse, rho 0.6	simulation, Colon - Transverse mixtures at rho 0.6, HostMix-TOO, top-1 accuracy		
simt_colon_06_sa_nrisk	results/stage5/sim_ext/full.tsv	method == 'SA-Z' and tissue == 'Colon - Transverse' and rho == 0.6	n_at_risk	none	0	num	exploratory	sim	HostMix-TOO	n	Colon - Transverse, rho 0.6	simulation, Colon - Transverse mixtures at rho 0.6, HostMix-TOO, n		
simt_colon_06_sa_n	results/stage5/sim_ext/full.tsv	method == 'SA-Z' and tissue == 'Colon - Transverse' and rho == 0.6	n	none	0	num	exploratory	sim	HostMix-TOO	n	Colon - Transverse, rho 0.6	simulation, Colon - Transverse mixtures at rho 0.6, HostMix-TOO, n		
simt_colon_06_pool22_host	results/stage5/sim_ext/full.tsv	method == 'SA-pool22' and tissue == 'Colon - Transverse' and rho == 0.6	host_rate	none	3	num	exploratory	sim	22-tissue	host-attraction rate	Colon - Transverse, rho 0.6	simulation, Colon - Transverse mixtures at rho 0.6, 22-tissue, host-attraction rate		
simt_colon_06_pool22_top1	results/stage5/sim_ext/full.tsv	method == 'SA-pool22' and tissue == 'Colon - Transverse' and rho == 0.6	top1	none	3	num	exploratory	sim	22-tissue	top-1 accuracy	Colon - Transverse, rho 0.6	simulation, Colon - Transverse mixtures at rho 0.6, 22-tissue, top-1 accuracy		
simt_colon_06_pool22_nrisk	results/stage5/sim_ext/full.tsv	method == 'SA-pool22' and tissue == 'Colon - Transverse' and rho == 0.6	n_at_risk	none	0	num	exploratory	sim	22-tissue	n	Colon - Transverse, rho 0.6	simulation, Colon - Transverse mixtures at rho 0.6, 22-tissue, n		
simt_colon_06_pool22_n	results/stage5/sim_ext/full.tsv	method == 'SA-pool22' and tissue == 'Colon - Transverse' and rho == 0.6	n	none	0	num	exploratory	sim	22-tissue	n	Colon - Transverse, rho 0.6	simulation, Colon - Transverse mixtures at rho 0.6, 22-tissue, n		
simt_esophagus_06_base_host	results/stage5/sim_ext/full.tsv	method == 'BASE-Z' and tissue == 'Esophagus - Mucosa' and rho == 0.6	host_rate	none	3	num	exploratory	sim	baseline	host-attraction rate	Esophagus - Mucosa, rho 0.6	simulation, Esophagus - Mucosa mixtures at rho 0.6, baseline, host-attraction rate		
simt_esophagus_06_base_top1	results/stage5/sim_ext/full.tsv	method == 'BASE-Z' and tissue == 'Esophagus - Mucosa' and rho == 0.6	top1	none	3	num	exploratory	sim	baseline	top-1 accuracy	Esophagus - Mucosa, rho 0.6	simulation, Esophagus - Mucosa mixtures at rho 0.6, baseline, top-1 accuracy		
simt_esophagus_06_base_nrisk	results/stage5/sim_ext/full.tsv	method == 'BASE-Z' and tissue == 'Esophagus - Mucosa' and rho == 0.6	n_at_risk	none	0	num	exploratory	sim	baseline	n	Esophagus - Mucosa, rho 0.6	simulation, Esophagus - Mucosa mixtures at rho 0.6, baseline, n		
simt_esophagus_06_base_n	results/stage5/sim_ext/full.tsv	method == 'BASE-Z' and tissue == 'Esophagus - Mucosa' and rho == 0.6	n	none	0	num	exploratory	sim	baseline	n	Esophagus - Mucosa, rho 0.6	simulation, Esophagus - Mucosa mixtures at rho 0.6, baseline, n		
simt_esophagus_06_sa_host	results/stage5/sim_ext/full.tsv	method == 'SA-Z' and tissue == 'Esophagus - Mucosa' and rho == 0.6	host_rate	none	3	num	exploratory	sim	HostMix-TOO	host-attraction rate	Esophagus - Mucosa, rho 0.6	simulation, Esophagus - Mucosa mixtures at rho 0.6, HostMix-TOO, host-attraction rate		
simt_esophagus_06_sa_top1	results/stage5/sim_ext/full.tsv	method == 'SA-Z' and tissue == 'Esophagus - Mucosa' and rho == 0.6	top1	none	3	num	exploratory	sim	HostMix-TOO	top-1 accuracy	Esophagus - Mucosa, rho 0.6	simulation, Esophagus - Mucosa mixtures at rho 0.6, HostMix-TOO, top-1 accuracy		
simt_esophagus_06_sa_nrisk	results/stage5/sim_ext/full.tsv	method == 'SA-Z' and tissue == 'Esophagus - Mucosa' and rho == 0.6	n_at_risk	none	0	num	exploratory	sim	HostMix-TOO	n	Esophagus - Mucosa, rho 0.6	simulation, Esophagus - Mucosa mixtures at rho 0.6, HostMix-TOO, n		
simt_esophagus_06_sa_n	results/stage5/sim_ext/full.tsv	method == 'SA-Z' and tissue == 'Esophagus - Mucosa' and rho == 0.6	n	none	0	num	exploratory	sim	HostMix-TOO	n	Esophagus - Mucosa, rho 0.6	simulation, Esophagus - Mucosa mixtures at rho 0.6, HostMix-TOO, n		
simt_esophagus_06_pool22_host	results/stage5/sim_ext/full.tsv	method == 'SA-pool22' and tissue == 'Esophagus - Mucosa' and rho == 0.6	host_rate	none	3	num	exploratory	sim	22-tissue	host-attraction rate	Esophagus - Mucosa, rho 0.6	simulation, Esophagus - Mucosa mixtures at rho 0.6, 22-tissue, host-attraction rate		
simt_esophagus_06_pool22_top1	results/stage5/sim_ext/full.tsv	method == 'SA-pool22' and tissue == 'Esophagus - Mucosa' and rho == 0.6	top1	none	3	num	exploratory	sim	22-tissue	top-1 accuracy	Esophagus - Mucosa, rho 0.6	simulation, Esophagus - Mucosa mixtures at rho 0.6, 22-tissue, top-1 accuracy		
simt_esophagus_06_pool22_nrisk	results/stage5/sim_ext/full.tsv	method == 'SA-pool22' and tissue == 'Esophagus - Mucosa' and rho == 0.6	n_at_risk	none	0	num	exploratory	sim	22-tissue	n	Esophagus - Mucosa, rho 0.6	simulation, Esophagus - Mucosa mixtures at rho 0.6, 22-tissue, n		
simt_esophagus_06_pool22_n	results/stage5/sim_ext/full.tsv	method == 'SA-pool22' and tissue == 'Esophagus - Mucosa' and rho == 0.6	n	none	0	num	exploratory	sim	22-tissue	n	Esophagus - Mucosa, rho 0.6	simulation, Esophagus - Mucosa mixtures at rho 0.6, 22-tissue, n		
simt_kidney_06_base_host	results/stage5/sim_ext/full.tsv	method == 'BASE-Z' and tissue == 'Kidney - Cortex' and rho == 0.6	host_rate	none	3	num	exploratory	sim	baseline	host-attraction rate	Kidney - Cortex, rho 0.6	simulation, Kidney - Cortex mixtures at rho 0.6, baseline, host-attraction rate		
simt_kidney_06_base_top1	results/stage5/sim_ext/full.tsv	method == 'BASE-Z' and tissue == 'Kidney - Cortex' and rho == 0.6	top1	none	3	num	exploratory	sim	baseline	top-1 accuracy	Kidney - Cortex, rho 0.6	simulation, Kidney - Cortex mixtures at rho 0.6, baseline, top-1 accuracy		
simt_kidney_06_base_nrisk	results/stage5/sim_ext/full.tsv	method == 'BASE-Z' and tissue == 'Kidney - Cortex' and rho == 0.6	n_at_risk	none	0	num	exploratory	sim	baseline	n	Kidney - Cortex, rho 0.6	simulation, Kidney - Cortex mixtures at rho 0.6, baseline, n		
simt_kidney_06_base_n	results/stage5/sim_ext/full.tsv	method == 'BASE-Z' and tissue == 'Kidney - Cortex' and rho == 0.6	n	none	0	num	exploratory	sim	baseline	n	Kidney - Cortex, rho 0.6	simulation, Kidney - Cortex mixtures at rho 0.6, baseline, n		
simt_kidney_06_sa_host	results/stage5/sim_ext/full.tsv	method == 'SA-Z' and tissue == 'Kidney - Cortex' and rho == 0.6	host_rate	none	3	num	exploratory	sim	HostMix-TOO	host-attraction rate	Kidney - Cortex, rho 0.6	simulation, Kidney - Cortex mixtures at rho 0.6, HostMix-TOO, host-attraction rate		
simt_kidney_06_sa_top1	results/stage5/sim_ext/full.tsv	method == 'SA-Z' and tissue == 'Kidney - Cortex' and rho == 0.6	top1	none	3	num	exploratory	sim	HostMix-TOO	top-1 accuracy	Kidney - Cortex, rho 0.6	simulation, Kidney - Cortex mixtures at rho 0.6, HostMix-TOO, top-1 accuracy		
simt_kidney_06_sa_nrisk	results/stage5/sim_ext/full.tsv	method == 'SA-Z' and tissue == 'Kidney - Cortex' and rho == 0.6	n_at_risk	none	0	num	exploratory	sim	HostMix-TOO	n	Kidney - Cortex, rho 0.6	simulation, Kidney - Cortex mixtures at rho 0.6, HostMix-TOO, n		
simt_kidney_06_sa_n	results/stage5/sim_ext/full.tsv	method == 'SA-Z' and tissue == 'Kidney - Cortex' and rho == 0.6	n	none	0	num	exploratory	sim	HostMix-TOO	n	Kidney - Cortex, rho 0.6	simulation, Kidney - Cortex mixtures at rho 0.6, HostMix-TOO, n		
simt_kidney_06_pool22_host	results/stage5/sim_ext/full.tsv	method == 'SA-pool22' and tissue == 'Kidney - Cortex' and rho == 0.6	host_rate	none	3	num	exploratory	sim	22-tissue	host-attraction rate	Kidney - Cortex, rho 0.6	simulation, Kidney - Cortex mixtures at rho 0.6, 22-tissue, host-attraction rate		
simt_kidney_06_pool22_top1	results/stage5/sim_ext/full.tsv	method == 'SA-pool22' and tissue == 'Kidney - Cortex' and rho == 0.6	top1	none	3	num	exploratory	sim	22-tissue	top-1 accuracy	Kidney - Cortex, rho 0.6	simulation, Kidney - Cortex mixtures at rho 0.6, 22-tissue, top-1 accuracy		
simt_kidney_06_pool22_nrisk	results/stage5/sim_ext/full.tsv	method == 'SA-pool22' and tissue == 'Kidney - Cortex' and rho == 0.6	n_at_risk	none	0	num	exploratory	sim	22-tissue	n	Kidney - Cortex, rho 0.6	simulation, Kidney - Cortex mixtures at rho 0.6, 22-tissue, n		
simt_kidney_06_pool22_n	results/stage5/sim_ext/full.tsv	method == 'SA-pool22' and tissue == 'Kidney - Cortex' and rho == 0.6	n	none	0	num	exploratory	sim	22-tissue	n	Kidney - Cortex, rho 0.6	simulation, Kidney - Cortex mixtures at rho 0.6, 22-tissue, n		
simt_salivary_06_base_host	results/stage5/sim_ext/full.tsv	method == 'BASE-Z' and tissue == 'Minor Salivary Gland' and rho == 0.6	host_rate	none	3	num	exploratory	sim	baseline	host-attraction rate	Minor Salivary Gland, rho 0.6	simulation, Minor Salivary Gland mixtures at rho 0.6, baseline, host-attraction rate		
simt_salivary_06_base_top1	results/stage5/sim_ext/full.tsv	method == 'BASE-Z' and tissue == 'Minor Salivary Gland' and rho == 0.6	top1	none	3	num	exploratory	sim	baseline	top-1 accuracy	Minor Salivary Gland, rho 0.6	simulation, Minor Salivary Gland mixtures at rho 0.6, baseline, top-1 accuracy		
simt_salivary_06_base_nrisk	results/stage5/sim_ext/full.tsv	method == 'BASE-Z' and tissue == 'Minor Salivary Gland' and rho == 0.6	n_at_risk	none	0	num	exploratory	sim	baseline	n	Minor Salivary Gland, rho 0.6	simulation, Minor Salivary Gland mixtures at rho 0.6, baseline, n		
simt_salivary_06_base_n	results/stage5/sim_ext/full.tsv	method == 'BASE-Z' and tissue == 'Minor Salivary Gland' and rho == 0.6	n	none	0	num	exploratory	sim	baseline	n	Minor Salivary Gland, rho 0.6	simulation, Minor Salivary Gland mixtures at rho 0.6, baseline, n		
simt_salivary_06_sa_host	results/stage5/sim_ext/full.tsv	method == 'SA-Z' and tissue == 'Minor Salivary Gland' and rho == 0.6	host_rate	none	3	num	exploratory	sim	HostMix-TOO	host-attraction rate	Minor Salivary Gland, rho 0.6	simulation, Minor Salivary Gland mixtures at rho 0.6, HostMix-TOO, host-attraction rate		
simt_salivary_06_sa_top1	results/stage5/sim_ext/full.tsv	method == 'SA-Z' and tissue == 'Minor Salivary Gland' and rho == 0.6	top1	none	3	num	exploratory	sim	HostMix-TOO	top-1 accuracy	Minor Salivary Gland, rho 0.6	simulation, Minor Salivary Gland mixtures at rho 0.6, HostMix-TOO, top-1 accuracy		
simt_salivary_06_sa_nrisk	results/stage5/sim_ext/full.tsv	method == 'SA-Z' and tissue == 'Minor Salivary Gland' and rho == 0.6	n_at_risk	none	0	num	exploratory	sim	HostMix-TOO	n	Minor Salivary Gland, rho 0.6	simulation, Minor Salivary Gland mixtures at rho 0.6, HostMix-TOO, n		
simt_salivary_06_sa_n	results/stage5/sim_ext/full.tsv	method == 'SA-Z' and tissue == 'Minor Salivary Gland' and rho == 0.6	n	none	0	num	exploratory	sim	HostMix-TOO	n	Minor Salivary Gland, rho 0.6	simulation, Minor Salivary Gland mixtures at rho 0.6, HostMix-TOO, n		
simt_salivary_06_pool22_host	results/stage5/sim_ext/full.tsv	method == 'SA-pool22' and tissue == 'Minor Salivary Gland' and rho == 0.6	host_rate	none	3	num	exploratory	sim	22-tissue	host-attraction rate	Minor Salivary Gland, rho 0.6	simulation, Minor Salivary Gland mixtures at rho 0.6, 22-tissue, host-attraction rate		
simt_salivary_06_pool22_top1	results/stage5/sim_ext/full.tsv	method == 'SA-pool22' and tissue == 'Minor Salivary Gland' and rho == 0.6	top1	none	3	num	exploratory	sim	22-tissue	top-1 accuracy	Minor Salivary Gland, rho 0.6	simulation, Minor Salivary Gland mixtures at rho 0.6, 22-tissue, top-1 accuracy		
simt_salivary_06_pool22_nrisk	results/stage5/sim_ext/full.tsv	method == 'SA-pool22' and tissue == 'Minor Salivary Gland' and rho == 0.6	n_at_risk	none	0	num	exploratory	sim	22-tissue	n	Minor Salivary Gland, rho 0.6	simulation, Minor Salivary Gland mixtures at rho 0.6, 22-tissue, n		
simt_salivary_06_pool22_n	results/stage5/sim_ext/full.tsv	method == 'SA-pool22' and tissue == 'Minor Salivary Gland' and rho == 0.6	n	none	0	num	exploratory	sim	22-tissue	n	Minor Salivary Gland, rho 0.6	simulation, Minor Salivary Gland mixtures at rho 0.6, 22-tissue, n		
simt_ovary_06_base_host	results/stage5/sim_ext/full.tsv	method == 'BASE-Z' and tissue == 'Ovary' and rho == 0.6	host_rate	none	3	num	exploratory	sim	baseline	host-attraction rate	Ovary, rho 0.6	simulation, Ovary mixtures at rho 0.6, baseline, host-attraction rate		
simt_ovary_06_base_top1	results/stage5/sim_ext/full.tsv	method == 'BASE-Z' and tissue == 'Ovary' and rho == 0.6	top1	none	3	num	exploratory	sim	baseline	top-1 accuracy	Ovary, rho 0.6	simulation, Ovary mixtures at rho 0.6, baseline, top-1 accuracy		
simt_ovary_06_base_nrisk	results/stage5/sim_ext/full.tsv	method == 'BASE-Z' and tissue == 'Ovary' and rho == 0.6	n_at_risk	none	0	num	exploratory	sim	baseline	n	Ovary, rho 0.6	simulation, Ovary mixtures at rho 0.6, baseline, n		
simt_ovary_06_base_n	results/stage5/sim_ext/full.tsv	method == 'BASE-Z' and tissue == 'Ovary' and rho == 0.6	n	none	0	num	exploratory	sim	baseline	n	Ovary, rho 0.6	simulation, Ovary mixtures at rho 0.6, baseline, n		
simt_ovary_06_sa_host	results/stage5/sim_ext/full.tsv	method == 'SA-Z' and tissue == 'Ovary' and rho == 0.6	host_rate	none	3	num	exploratory	sim	HostMix-TOO	host-attraction rate	Ovary, rho 0.6	simulation, Ovary mixtures at rho 0.6, HostMix-TOO, host-attraction rate		
simt_ovary_06_sa_top1	results/stage5/sim_ext/full.tsv	method == 'SA-Z' and tissue == 'Ovary' and rho == 0.6	top1	none	3	num	exploratory	sim	HostMix-TOO	top-1 accuracy	Ovary, rho 0.6	simulation, Ovary mixtures at rho 0.6, HostMix-TOO, top-1 accuracy		
simt_ovary_06_sa_nrisk	results/stage5/sim_ext/full.tsv	method == 'SA-Z' and tissue == 'Ovary' and rho == 0.6	n_at_risk	none	0	num	exploratory	sim	HostMix-TOO	n	Ovary, rho 0.6	simulation, Ovary mixtures at rho 0.6, HostMix-TOO, n		
simt_ovary_06_sa_n	results/stage5/sim_ext/full.tsv	method == 'SA-Z' and tissue == 'Ovary' and rho == 0.6	n	none	0	num	exploratory	sim	HostMix-TOO	n	Ovary, rho 0.6	simulation, Ovary mixtures at rho 0.6, HostMix-TOO, n		
simt_ovary_06_pool22_host	results/stage5/sim_ext/full.tsv	method == 'SA-pool22' and tissue == 'Ovary' and rho == 0.6	host_rate	none	3	num	exploratory	sim	22-tissue	host-attraction rate	Ovary, rho 0.6	simulation, Ovary mixtures at rho 0.6, 22-tissue, host-attraction rate		
simt_ovary_06_pool22_top1	results/stage5/sim_ext/full.tsv	method == 'SA-pool22' and tissue == 'Ovary' and rho == 0.6	top1	none	3	num	exploratory	sim	22-tissue	top-1 accuracy	Ovary, rho 0.6	simulation, Ovary mixtures at rho 0.6, 22-tissue, top-1 accuracy		
simt_ovary_06_pool22_nrisk	results/stage5/sim_ext/full.tsv	method == 'SA-pool22' and tissue == 'Ovary' and rho == 0.6	n_at_risk	none	0	num	exploratory	sim	22-tissue	n	Ovary, rho 0.6	simulation, Ovary mixtures at rho 0.6, 22-tissue, n		
simt_ovary_06_pool22_n	results/stage5/sim_ext/full.tsv	method == 'SA-pool22' and tissue == 'Ovary' and rho == 0.6	n	none	0	num	exploratory	sim	22-tissue	n	Ovary, rho 0.6	simulation, Ovary mixtures at rho 0.6, 22-tissue, n		
simt_pancreas_06_base_host	results/stage5/sim_ext/full.tsv	method == 'BASE-Z' and tissue == 'Pancreas' and rho == 0.6	host_rate	none	3	num	exploratory	sim	baseline	host-attraction rate	Pancreas, rho 0.6	simulation, Pancreas mixtures at rho 0.6, baseline, host-attraction rate		
simt_pancreas_06_base_top1	results/stage5/sim_ext/full.tsv	method == 'BASE-Z' and tissue == 'Pancreas' and rho == 0.6	top1	none	3	num	exploratory	sim	baseline	top-1 accuracy	Pancreas, rho 0.6	simulation, Pancreas mixtures at rho 0.6, baseline, top-1 accuracy		
simt_pancreas_06_base_nrisk	results/stage5/sim_ext/full.tsv	method == 'BASE-Z' and tissue == 'Pancreas' and rho == 0.6	n_at_risk	none	0	num	exploratory	sim	baseline	n	Pancreas, rho 0.6	simulation, Pancreas mixtures at rho 0.6, baseline, n		
simt_pancreas_06_base_n	results/stage5/sim_ext/full.tsv	method == 'BASE-Z' and tissue == 'Pancreas' and rho == 0.6	n	none	0	num	exploratory	sim	baseline	n	Pancreas, rho 0.6	simulation, Pancreas mixtures at rho 0.6, baseline, n		
simt_pancreas_06_sa_host	results/stage5/sim_ext/full.tsv	method == 'SA-Z' and tissue == 'Pancreas' and rho == 0.6	host_rate	none	3	num	exploratory	sim	HostMix-TOO	host-attraction rate	Pancreas, rho 0.6	simulation, Pancreas mixtures at rho 0.6, HostMix-TOO, host-attraction rate		
simt_pancreas_06_sa_top1	results/stage5/sim_ext/full.tsv	method == 'SA-Z' and tissue == 'Pancreas' and rho == 0.6	top1	none	3	num	exploratory	sim	HostMix-TOO	top-1 accuracy	Pancreas, rho 0.6	simulation, Pancreas mixtures at rho 0.6, HostMix-TOO, top-1 accuracy		
simt_pancreas_06_sa_nrisk	results/stage5/sim_ext/full.tsv	method == 'SA-Z' and tissue == 'Pancreas' and rho == 0.6	n_at_risk	none	0	num	exploratory	sim	HostMix-TOO	n	Pancreas, rho 0.6	simulation, Pancreas mixtures at rho 0.6, HostMix-TOO, n		
simt_pancreas_06_sa_n	results/stage5/sim_ext/full.tsv	method == 'SA-Z' and tissue == 'Pancreas' and rho == 0.6	n	none	0	num	exploratory	sim	HostMix-TOO	n	Pancreas, rho 0.6	simulation, Pancreas mixtures at rho 0.6, HostMix-TOO, n		
simt_pancreas_06_pool22_host	results/stage5/sim_ext/full.tsv	method == 'SA-pool22' and tissue == 'Pancreas' and rho == 0.6	host_rate	none	3	num	exploratory	sim	22-tissue	host-attraction rate	Pancreas, rho 0.6	simulation, Pancreas mixtures at rho 0.6, 22-tissue, host-attraction rate		
simt_pancreas_06_pool22_top1	results/stage5/sim_ext/full.tsv	method == 'SA-pool22' and tissue == 'Pancreas' and rho == 0.6	top1	none	3	num	exploratory	sim	22-tissue	top-1 accuracy	Pancreas, rho 0.6	simulation, Pancreas mixtures at rho 0.6, 22-tissue, top-1 accuracy		
simt_pancreas_06_pool22_nrisk	results/stage5/sim_ext/full.tsv	method == 'SA-pool22' and tissue == 'Pancreas' and rho == 0.6	n_at_risk	none	0	num	exploratory	sim	22-tissue	n	Pancreas, rho 0.6	simulation, Pancreas mixtures at rho 0.6, 22-tissue, n		
simt_pancreas_06_pool22_n	results/stage5/sim_ext/full.tsv	method == 'SA-pool22' and tissue == 'Pancreas' and rho == 0.6	n	none	0	num	exploratory	sim	22-tissue	n	Pancreas, rho 0.6	simulation, Pancreas mixtures at rho 0.6, 22-tissue, n		
simt_prostate_06_base_host	results/stage5/sim_ext/full.tsv	method == 'BASE-Z' and tissue == 'Prostate' and rho == 0.6	host_rate	none	3	num	exploratory	sim	baseline	host-attraction rate	Prostate, rho 0.6	simulation, Prostate mixtures at rho 0.6, baseline, host-attraction rate		
simt_prostate_06_base_top1	results/stage5/sim_ext/full.tsv	method == 'BASE-Z' and tissue == 'Prostate' and rho == 0.6	top1	none	3	num	exploratory	sim	baseline	top-1 accuracy	Prostate, rho 0.6	simulation, Prostate mixtures at rho 0.6, baseline, top-1 accuracy		
simt_prostate_06_base_nrisk	results/stage5/sim_ext/full.tsv	method == 'BASE-Z' and tissue == 'Prostate' and rho == 0.6	n_at_risk	none	0	num	exploratory	sim	baseline	n	Prostate, rho 0.6	simulation, Prostate mixtures at rho 0.6, baseline, n		
simt_prostate_06_base_n	results/stage5/sim_ext/full.tsv	method == 'BASE-Z' and tissue == 'Prostate' and rho == 0.6	n	none	0	num	exploratory	sim	baseline	n	Prostate, rho 0.6	simulation, Prostate mixtures at rho 0.6, baseline, n		
simt_prostate_06_sa_host	results/stage5/sim_ext/full.tsv	method == 'SA-Z' and tissue == 'Prostate' and rho == 0.6	host_rate	none	3	num	exploratory	sim	HostMix-TOO	host-attraction rate	Prostate, rho 0.6	simulation, Prostate mixtures at rho 0.6, HostMix-TOO, host-attraction rate		
simt_prostate_06_sa_top1	results/stage5/sim_ext/full.tsv	method == 'SA-Z' and tissue == 'Prostate' and rho == 0.6	top1	none	3	num	exploratory	sim	HostMix-TOO	top-1 accuracy	Prostate, rho 0.6	simulation, Prostate mixtures at rho 0.6, HostMix-TOO, top-1 accuracy		
simt_prostate_06_sa_nrisk	results/stage5/sim_ext/full.tsv	method == 'SA-Z' and tissue == 'Prostate' and rho == 0.6	n_at_risk	none	0	num	exploratory	sim	HostMix-TOO	n	Prostate, rho 0.6	simulation, Prostate mixtures at rho 0.6, HostMix-TOO, n		
simt_prostate_06_sa_n	results/stage5/sim_ext/full.tsv	method == 'SA-Z' and tissue == 'Prostate' and rho == 0.6	n	none	0	num	exploratory	sim	HostMix-TOO	n	Prostate, rho 0.6	simulation, Prostate mixtures at rho 0.6, HostMix-TOO, n		
simt_prostate_06_pool22_host	results/stage5/sim_ext/full.tsv	method == 'SA-pool22' and tissue == 'Prostate' and rho == 0.6	host_rate	none	3	num	exploratory	sim	22-tissue	host-attraction rate	Prostate, rho 0.6	simulation, Prostate mixtures at rho 0.6, 22-tissue, host-attraction rate		
simt_prostate_06_pool22_top1	results/stage5/sim_ext/full.tsv	method == 'SA-pool22' and tissue == 'Prostate' and rho == 0.6	top1	none	3	num	exploratory	sim	22-tissue	top-1 accuracy	Prostate, rho 0.6	simulation, Prostate mixtures at rho 0.6, 22-tissue, top-1 accuracy		
simt_prostate_06_pool22_nrisk	results/stage5/sim_ext/full.tsv	method == 'SA-pool22' and tissue == 'Prostate' and rho == 0.6	n_at_risk	none	0	num	exploratory	sim	22-tissue	n	Prostate, rho 0.6	simulation, Prostate mixtures at rho 0.6, 22-tissue, n		
simt_prostate_06_pool22_n	results/stage5/sim_ext/full.tsv	method == 'SA-pool22' and tissue == 'Prostate' and rho == 0.6	n	none	0	num	exploratory	sim	22-tissue	n	Prostate, rho 0.6	simulation, Prostate mixtures at rho 0.6, 22-tissue, n		
simt_stomach_06_base_host	results/stage5/sim_ext/full.tsv	method == 'BASE-Z' and tissue == 'Stomach' and rho == 0.6	host_rate	none	3	num	exploratory	sim	baseline	host-attraction rate	Stomach, rho 0.6	simulation, Stomach mixtures at rho 0.6, baseline, host-attraction rate		
simt_stomach_06_base_top1	results/stage5/sim_ext/full.tsv	method == 'BASE-Z' and tissue == 'Stomach' and rho == 0.6	top1	none	3	num	exploratory	sim	baseline	top-1 accuracy	Stomach, rho 0.6	simulation, Stomach mixtures at rho 0.6, baseline, top-1 accuracy		
simt_stomach_06_base_nrisk	results/stage5/sim_ext/full.tsv	method == 'BASE-Z' and tissue == 'Stomach' and rho == 0.6	n_at_risk	none	0	num	exploratory	sim	baseline	n	Stomach, rho 0.6	simulation, Stomach mixtures at rho 0.6, baseline, n		
simt_stomach_06_base_n	results/stage5/sim_ext/full.tsv	method == 'BASE-Z' and tissue == 'Stomach' and rho == 0.6	n	none	0	num	exploratory	sim	baseline	n	Stomach, rho 0.6	simulation, Stomach mixtures at rho 0.6, baseline, n		
simt_stomach_06_sa_host	results/stage5/sim_ext/full.tsv	method == 'SA-Z' and tissue == 'Stomach' and rho == 0.6	host_rate	none	3	num	exploratory	sim	HostMix-TOO	host-attraction rate	Stomach, rho 0.6	simulation, Stomach mixtures at rho 0.6, HostMix-TOO, host-attraction rate		
simt_stomach_06_sa_top1	results/stage5/sim_ext/full.tsv	method == 'SA-Z' and tissue == 'Stomach' and rho == 0.6	top1	none	3	num	exploratory	sim	HostMix-TOO	top-1 accuracy	Stomach, rho 0.6	simulation, Stomach mixtures at rho 0.6, HostMix-TOO, top-1 accuracy		
simt_stomach_06_sa_nrisk	results/stage5/sim_ext/full.tsv	method == 'SA-Z' and tissue == 'Stomach' and rho == 0.6	n_at_risk	none	0	num	exploratory	sim	HostMix-TOO	n	Stomach, rho 0.6	simulation, Stomach mixtures at rho 0.6, HostMix-TOO, n		
simt_stomach_06_sa_n	results/stage5/sim_ext/full.tsv	method == 'SA-Z' and tissue == 'Stomach' and rho == 0.6	n	none	0	num	exploratory	sim	HostMix-TOO	n	Stomach, rho 0.6	simulation, Stomach mixtures at rho 0.6, HostMix-TOO, n		
simt_stomach_06_pool22_host	results/stage5/sim_ext/full.tsv	method == 'SA-pool22' and tissue == 'Stomach' and rho == 0.6	host_rate	none	3	num	exploratory	sim	22-tissue	host-attraction rate	Stomach, rho 0.6	simulation, Stomach mixtures at rho 0.6, 22-tissue, host-attraction rate		
simt_stomach_06_pool22_top1	results/stage5/sim_ext/full.tsv	method == 'SA-pool22' and tissue == 'Stomach' and rho == 0.6	top1	none	3	num	exploratory	sim	22-tissue	top-1 accuracy	Stomach, rho 0.6	simulation, Stomach mixtures at rho 0.6, 22-tissue, top-1 accuracy		
simt_stomach_06_pool22_nrisk	results/stage5/sim_ext/full.tsv	method == 'SA-pool22' and tissue == 'Stomach' and rho == 0.6	n_at_risk	none	0	num	exploratory	sim	22-tissue	n	Stomach, rho 0.6	simulation, Stomach mixtures at rho 0.6, 22-tissue, n		
simt_stomach_06_pool22_n	results/stage5/sim_ext/full.tsv	method == 'SA-pool22' and tissue == 'Stomach' and rho == 0.6	n	none	0	num	exploratory	sim	22-tissue	n	Stomach, rho 0.6	simulation, Stomach mixtures at rho 0.6, 22-tissue, n		
simt_thyroid_06_base_host	results/stage5/sim_ext/full.tsv	method == 'BASE-Z' and tissue == 'Thyroid' and rho == 0.6	host_rate	none	3	num	exploratory	sim	baseline	host-attraction rate	Thyroid, rho 0.6	simulation, Thyroid mixtures at rho 0.6, baseline, host-attraction rate		
simt_thyroid_06_base_top1	results/stage5/sim_ext/full.tsv	method == 'BASE-Z' and tissue == 'Thyroid' and rho == 0.6	top1	none	3	num	exploratory	sim	baseline	top-1 accuracy	Thyroid, rho 0.6	simulation, Thyroid mixtures at rho 0.6, baseline, top-1 accuracy		
simt_thyroid_06_base_nrisk	results/stage5/sim_ext/full.tsv	method == 'BASE-Z' and tissue == 'Thyroid' and rho == 0.6	n_at_risk	none	0	num	exploratory	sim	baseline	n	Thyroid, rho 0.6	simulation, Thyroid mixtures at rho 0.6, baseline, n		
simt_thyroid_06_base_n	results/stage5/sim_ext/full.tsv	method == 'BASE-Z' and tissue == 'Thyroid' and rho == 0.6	n	none	0	num	exploratory	sim	baseline	n	Thyroid, rho 0.6	simulation, Thyroid mixtures at rho 0.6, baseline, n		
simt_thyroid_06_sa_host	results/stage5/sim_ext/full.tsv	method == 'SA-Z' and tissue == 'Thyroid' and rho == 0.6	host_rate	none	3	num	exploratory	sim	HostMix-TOO	host-attraction rate	Thyroid, rho 0.6	simulation, Thyroid mixtures at rho 0.6, HostMix-TOO, host-attraction rate		
simt_thyroid_06_sa_top1	results/stage5/sim_ext/full.tsv	method == 'SA-Z' and tissue == 'Thyroid' and rho == 0.6	top1	none	3	num	exploratory	sim	HostMix-TOO	top-1 accuracy	Thyroid, rho 0.6	simulation, Thyroid mixtures at rho 0.6, HostMix-TOO, top-1 accuracy		
simt_thyroid_06_sa_nrisk	results/stage5/sim_ext/full.tsv	method == 'SA-Z' and tissue == 'Thyroid' and rho == 0.6	n_at_risk	none	0	num	exploratory	sim	HostMix-TOO	n	Thyroid, rho 0.6	simulation, Thyroid mixtures at rho 0.6, HostMix-TOO, n		
simt_thyroid_06_sa_n	results/stage5/sim_ext/full.tsv	method == 'SA-Z' and tissue == 'Thyroid' and rho == 0.6	n	none	0	num	exploratory	sim	HostMix-TOO	n	Thyroid, rho 0.6	simulation, Thyroid mixtures at rho 0.6, HostMix-TOO, n		
simt_thyroid_06_pool22_host	results/stage5/sim_ext/full.tsv	method == 'SA-pool22' and tissue == 'Thyroid' and rho == 0.6	host_rate	none	3	num	exploratory	sim	22-tissue	host-attraction rate	Thyroid, rho 0.6	simulation, Thyroid mixtures at rho 0.6, 22-tissue, host-attraction rate		
simt_thyroid_06_pool22_top1	results/stage5/sim_ext/full.tsv	method == 'SA-pool22' and tissue == 'Thyroid' and rho == 0.6	top1	none	3	num	exploratory	sim	22-tissue	top-1 accuracy	Thyroid, rho 0.6	simulation, Thyroid mixtures at rho 0.6, 22-tissue, top-1 accuracy		
simt_thyroid_06_pool22_nrisk	results/stage5/sim_ext/full.tsv	method == 'SA-pool22' and tissue == 'Thyroid' and rho == 0.6	n_at_risk	none	0	num	exploratory	sim	22-tissue	n	Thyroid, rho 0.6	simulation, Thyroid mixtures at rho 0.6, 22-tissue, n		
simt_thyroid_06_pool22_n	results/stage5/sim_ext/full.tsv	method == 'SA-pool22' and tissue == 'Thyroid' and rho == 0.6	n	none	0	num	exploratory	sim	22-tissue	n	Thyroid, rho 0.6	simulation, Thyroid mixtures at rho 0.6, 22-tissue, n		
tt_base_top1	results/stage5/tcga_test/overall.tsv	method == 'BASE-Z'	top1	none	3	num	exploratory	TCGA-test	baseline	top-1 accuracy	all	TCGA-test, baseline, top-1 accuracy		
tt_base_n	results/stage5/tcga_test/overall.tsv	method == 'BASE-Z'	n	none	0	num	exploratory	TCGA-test	baseline	n	all	TCGA-test, baseline, n		
tt_sa_top1	results/stage5/tcga_test/overall.tsv	method == 'SA-Z'	top1	none	3	num	exploratory	TCGA-test	HostMix-TOO	top-1 accuracy	all	TCGA-test, HostMix-TOO, top-1 accuracy		
tt_sa_n	results/stage5/tcga_test/overall.tsv	method == 'SA-Z'	n	none	0	num	exploratory	TCGA-test	HostMix-TOO	n	all	TCGA-test, HostMix-TOO, n		
tt_nc_top1	results/stage5/tcga_test/overall.tsv	method == 'NC-Z'	top1	none	3	num	exploratory	TCGA-test	normal classes	top-1 accuracy	all	TCGA-test, normal classes, top-1 accuracy		
tt_nc_n	results/stage5/tcga_test/overall.tsv	method == 'NC-Z'	n	none	0	num	exploratory	TCGA-test	normal classes	n	all	TCGA-test, normal classes, n		
tt_basek_top1	results/stage5/tcga_test/overall.tsv	method == 'BASE-K'	top1	none	3	num	exploratory	TCGA-test	gene sets	top-1 accuracy	all	TCGA-test, gene sets, top-1 accuracy		
tt_basek_n	results/stage5/tcga_test/overall.tsv	method == 'BASE-K'	n	none	0	num	exploratory	TCGA-test	gene sets	n	all	TCGA-test, gene sets, n		
tt_sak_top1	results/stage5/tcga_test/overall.tsv	method == 'SA-K'	top1	none	3	num	exploratory	TCGA-test	gene sets	top-1 accuracy	all	TCGA-test, gene sets, top-1 accuracy		
tt_sak_n	results/stage5/tcga_test/overall.tsv	method == 'SA-K'	n	none	0	num	exploratory	TCGA-test	gene sets	n	all	TCGA-test, gene sets, n		
tm_base_top1	results/stage5/tcga_met/overall.tsv	method == 'BASE-Z'	top1	none	3	num	exploratory	TCGA-met	baseline	top-1 accuracy	all	TCGA-met, baseline, top-1 accuracy		
tm_base_n	results/stage5/tcga_met/overall.tsv	method == 'BASE-Z'	n	none	0	num	exploratory	TCGA-met	baseline	n	all	TCGA-met, baseline, n		
tm_sa_top1	results/stage5/tcga_met/overall.tsv	method == 'SA-Z'	top1	none	3	num	exploratory	TCGA-met	HostMix-TOO	top-1 accuracy	all	TCGA-met, HostMix-TOO, top-1 accuracy		
tm_sa_n	results/stage5/tcga_met/overall.tsv	method == 'SA-Z'	n	none	0	num	exploratory	TCGA-met	HostMix-TOO	n	all	TCGA-met, HostMix-TOO, n		
tm_nc_top1	results/stage5/tcga_met/overall.tsv	method == 'NC-Z'	top1	none	3	num	exploratory	TCGA-met	normal classes	top-1 accuracy	all	TCGA-met, normal classes, top-1 accuracy		
tm_nc_n	results/stage5/tcga_met/overall.tsv	method == 'NC-Z'	n	none	0	num	exploratory	TCGA-met	normal classes	n	all	TCGA-met, normal classes, n		
tm_basek_top1	results/stage5/tcga_met/overall.tsv	method == 'BASE-K'	top1	none	3	num	exploratory	TCGA-met	gene sets	top-1 accuracy	all	TCGA-met, gene sets, top-1 accuracy		
tm_basek_n	results/stage5/tcga_met/overall.tsv	method == 'BASE-K'	n	none	0	num	exploratory	TCGA-met	gene sets	n	all	TCGA-met, gene sets, n		
tm_sak_top1	results/stage5/tcga_met/overall.tsv	method == 'SA-K'	top1	none	3	num	exploratory	TCGA-met	gene sets	top-1 accuracy	all	TCGA-met, gene sets, top-1 accuracy		
tm_sak_n	results/stage5/tcga_met/overall.tsv	method == 'SA-K'	n	none	0	num	exploratory	TCGA-met	gene sets	n	all	TCGA-met, gene sets, n		
tt_paired_diff	results/stage5/tcga_test/paired.tsv	comparison == 'SA-Z - BASE-Z'	diff	none	3	num	exploratory	TCGA-test	HostMix-TOO	top-1 accuracy	all	TCGA-test, HostMix-TOO minus baseline top-1 accuracy, difference		
tt_paired_ci_low	results/stage5/tcga_test/paired.tsv	comparison == 'SA-Z - BASE-Z'	ci_low	none	3	num	exploratory	TCGA-test	HostMix-TOO	top-1 accuracy	all	TCGA-test, HostMix-TOO minus baseline top-1 accuracy, 95% CI lower end		
tt_paired_ci_high	results/stage5/tcga_test/paired.tsv	comparison == 'SA-Z - BASE-Z'	ci_high	none	3	num	exploratory	TCGA-test	HostMix-TOO	top-1 accuracy	all	TCGA-test, HostMix-TOO minus baseline top-1 accuracy, 95% CI upper end		
tt_paired_n	results/stage5/tcga_test/paired.tsv	comparison == 'SA-Z - BASE-Z'	n	none	0	num	exploratory	TCGA-test	HostMix-TOO	top-1 accuracy	all	TCGA-test, HostMix-TOO minus baseline top-1 accuracy, n		
tt_paired_p_two_sided	results/stage5/tcga_test/paired.tsv	comparison == 'SA-Z - BASE-Z'	p_two_sided	none	3	p	exploratory	TCGA-test	HostMix-TOO	top-1 accuracy	all	TCGA-test, HostMix-TOO minus baseline top-1 accuracy, two-sided p		
dev_base_top1	results/stage2/met500_overall.tsv	method == 'BASE' and representation == 'Z'	top1	none	3	num	exploratory	MET500	baseline	top-1 accuracy	evaluation	MET500 development, baseline, top-1 accuracy, evaluation set		
dev_base_host	results/stage2/met500_overall.tsv	method == 'BASE' and representation == 'Z'	host_rate	none	3	num	exploratory	MET500	baseline	host-attraction rate	at risk	MET500 development, baseline, host-attraction rate, at risk set		
dev_base_native	results/stage2/met500_overall.tsv	method == 'BASE' and representation == 'Z'	native_truth_top1	none	3	num	exploratory	MET500	baseline	top-1 accuracy	native truth	MET500 development, baseline, top-1 accuracy, native truth set		
dev_base_n	results/stage2/met500_overall.tsv	method == 'BASE' and representation == 'Z'	n	none	0	num	exploratory	MET500		n	evaluation	MET500 development, n, evaluation set		
dev_base_nrisk	results/stage2/met500_overall.tsv	method == 'BASE' and representation == 'Z'	n_at_risk	none	0	num	exploratory	MET500		n	at risk	MET500 development, n, at risk set		
dev_base_nnative	results/stage2/met500_overall.tsv	method == 'BASE' and representation == 'Z'	n_native_truth	none	0	num	exploratory	MET500		n	native truth	MET500 development, n, native truth set		
dev_base_top3	results/stage2/met500_overall.tsv	method == 'BASE' and representation == 'Z'	top3	none	3	num	exploratory	MET500	baseline	top-3 accuracy	evaluation	MET500 development, baseline, top-3 accuracy, evaluation set		
dev_base_f1	results/stage2/met500_overall.tsv	method == 'BASE' and representation == 'Z'	macro_f1	none	3	num	exploratory	MET500	baseline	macro-F1	evaluation	MET500 development, baseline, macro-F1, evaluation set		
dev_base_nhost	results/stage2/met500_overall.tsv	method == 'BASE' and representation == 'Z'	n_host	none	0	num	exploratory	MET500	baseline	host-attraction errors	at risk	MET500 development, baseline, number of host-attraction errors		
dev_m1_top1	results/stage2/met500_overall.tsv	method == 'M1' and representation == 'Z'	top1	none	3	num	exploratory	MET500	masking	top-1 accuracy	evaluation	MET500 development, masking, top-1 accuracy, evaluation set		
dev_m1_host	results/stage2/met500_overall.tsv	method == 'M1' and representation == 'Z'	host_rate	none	3	num	exploratory	MET500	masking	host-attraction rate	at risk	MET500 development, masking, host-attraction rate, at risk set		
dev_m1_native	results/stage2/met500_overall.tsv	method == 'M1' and representation == 'Z'	native_truth_top1	none	3	num	exploratory	MET500	masking	top-1 accuracy	native truth	MET500 development, masking, top-1 accuracy, native truth set		
dev_m1_n	results/stage2/met500_overall.tsv	method == 'M1' and representation == 'Z'	n	none	0	num	exploratory	MET500		n	evaluation	MET500 development, n, evaluation set		
dev_m1_nrisk	results/stage2/met500_overall.tsv	method == 'M1' and representation == 'Z'	n_at_risk	none	0	num	exploratory	MET500		n	at risk	MET500 development, n, at risk set		
dev_m1_nnative	results/stage2/met500_overall.tsv	method == 'M1' and representation == 'Z'	n_native_truth	none	0	num	exploratory	MET500		n	native truth	MET500 development, n, native truth set		
dev_m1_top3	results/stage2/met500_overall.tsv	method == 'M1' and representation == 'Z'	top3	none	3	num	exploratory	MET500	masking	top-3 accuracy	evaluation	MET500 development, masking, top-3 accuracy, evaluation set		
dev_m1_f1	results/stage2/met500_overall.tsv	method == 'M1' and representation == 'Z'	macro_f1	none	3	num	exploratory	MET500	masking	macro-F1	evaluation	MET500 development, masking, macro-F1, evaluation set		
dev_m1_nhost	results/stage2/met500_overall.tsv	method == 'M1' and representation == 'Z'	n_host	none	0	num	exploratory	MET500	masking	host-attraction errors	at risk	MET500 development, masking, number of host-attraction errors		
dev_nc_top1	results/stage2/met500_overall.tsv	method == 'NC' and representation == 'Z'	top1	none	3	num	exploratory	MET500	normal classes	top-1 accuracy	evaluation	MET500 development, normal classes, top-1 accuracy, evaluation set		
dev_nc_host	results/stage2/met500_overall.tsv	method == 'NC' and representation == 'Z'	host_rate	none	3	num	exploratory	MET500	normal classes	host-attraction rate	at risk	MET500 development, normal classes, host-attraction rate, at risk set		
dev_nc_native	results/stage2/met500_overall.tsv	method == 'NC' and representation == 'Z'	native_truth_top1	none	3	num	exploratory	MET500	normal classes	top-1 accuracy	native truth	MET500 development, normal classes, top-1 accuracy, native truth set		
dev_nc_n	results/stage2/met500_overall.tsv	method == 'NC' and representation == 'Z'	n	none	0	num	exploratory	MET500		n	evaluation	MET500 development, n, evaluation set		
dev_nc_nrisk	results/stage2/met500_overall.tsv	method == 'NC' and representation == 'Z'	n_at_risk	none	0	num	exploratory	MET500		n	at risk	MET500 development, n, at risk set		
dev_nc_nnative	results/stage2/met500_overall.tsv	method == 'NC' and representation == 'Z'	n_native_truth	none	0	num	exploratory	MET500		n	native truth	MET500 development, n, native truth set		
dev_nc_top3	results/stage2/met500_overall.tsv	method == 'NC' and representation == 'Z'	top3	none	3	num	exploratory	MET500	normal classes	top-3 accuracy	evaluation	MET500 development, normal classes, top-3 accuracy, evaluation set		
dev_nc_f1	results/stage2/met500_overall.tsv	method == 'NC' and representation == 'Z'	macro_f1	none	3	num	exploratory	MET500	normal classes	macro-F1	evaluation	MET500 development, normal classes, macro-F1, evaluation set		
dev_nc_nhost	results/stage2/met500_overall.tsv	method == 'NC' and representation == 'Z'	n_host	none	0	num	exploratory	MET500	normal classes	host-attraction errors	at risk	MET500 development, normal classes, number of host-attraction errors		
dev_ld_top1	results/stage2/met500_overall.tsv	method == 'LD' and representation == 'Z'	top1	none	3	num	exploratory	MET500	deconvolution	top-1 accuracy	evaluation	MET500 development, deconvolution, top-1 accuracy, evaluation set		
dev_ld_host	results/stage2/met500_overall.tsv	method == 'LD' and representation == 'Z'	host_rate	none	3	num	exploratory	MET500	deconvolution	host-attraction rate	at risk	MET500 development, deconvolution, host-attraction rate, at risk set		
dev_ld_native	results/stage2/met500_overall.tsv	method == 'LD' and representation == 'Z'	native_truth_top1	none	3	num	exploratory	MET500	deconvolution	top-1 accuracy	native truth	MET500 development, deconvolution, top-1 accuracy, native truth set		
dev_ld_n	results/stage2/met500_overall.tsv	method == 'LD' and representation == 'Z'	n	none	0	num	exploratory	MET500		n	evaluation	MET500 development, n, evaluation set		
dev_ld_nrisk	results/stage2/met500_overall.tsv	method == 'LD' and representation == 'Z'	n_at_risk	none	0	num	exploratory	MET500		n	at risk	MET500 development, n, at risk set		
dev_ld_nnative	results/stage2/met500_overall.tsv	method == 'LD' and representation == 'Z'	n_native_truth	none	0	num	exploratory	MET500		n	native truth	MET500 development, n, native truth set		
dev_ld_top3	results/stage2/met500_overall.tsv	method == 'LD' and representation == 'Z'	top3	none	3	num	exploratory	MET500	deconvolution	top-3 accuracy	evaluation	MET500 development, deconvolution, top-3 accuracy, evaluation set		
dev_ld_f1	results/stage2/met500_overall.tsv	method == 'LD' and representation == 'Z'	macro_f1	none	3	num	exploratory	MET500	deconvolution	macro-F1	evaluation	MET500 development, deconvolution, macro-F1, evaluation set		
dev_ld_nhost	results/stage2/met500_overall.tsv	method == 'LD' and representation == 'Z'	n_host	none	0	num	exploratory	MET500	deconvolution	host-attraction errors	at risk	MET500 development, deconvolution, number of host-attraction errors		
dev_sa_top1	results/stage2/met500_overall.tsv	method == 'SA' and representation == 'Z'	top1	none	3	num	exploratory	MET500	HostMix-TOO	top-1 accuracy	evaluation	MET500 development, HostMix-TOO, top-1 accuracy, evaluation set		
dev_sa_host	results/stage2/met500_overall.tsv	method == 'SA' and representation == 'Z'	host_rate	none	3	num	exploratory	MET500	HostMix-TOO	host-attraction rate	at risk	MET500 development, HostMix-TOO, host-attraction rate, at risk set		
dev_sa_native	results/stage2/met500_overall.tsv	method == 'SA' and representation == 'Z'	native_truth_top1	none	3	num	exploratory	MET500	HostMix-TOO	top-1 accuracy	native truth	MET500 development, HostMix-TOO, top-1 accuracy, native truth set		
dev_sa_n	results/stage2/met500_overall.tsv	method == 'SA' and representation == 'Z'	n	none	0	num	exploratory	MET500		n	evaluation	MET500 development, n, evaluation set		
dev_sa_nrisk	results/stage2/met500_overall.tsv	method == 'SA' and representation == 'Z'	n_at_risk	none	0	num	exploratory	MET500		n	at risk	MET500 development, n, at risk set		
dev_sa_nnative	results/stage2/met500_overall.tsv	method == 'SA' and representation == 'Z'	n_native_truth	none	0	num	exploratory	MET500		n	native truth	MET500 development, n, native truth set		
dev_sa_top3	results/stage2/met500_overall.tsv	method == 'SA' and representation == 'Z'	top3	none	3	num	exploratory	MET500	HostMix-TOO	top-3 accuracy	evaluation	MET500 development, HostMix-TOO, top-3 accuracy, evaluation set		
dev_sa_f1	results/stage2/met500_overall.tsv	method == 'SA' and representation == 'Z'	macro_f1	none	3	num	exploratory	MET500	HostMix-TOO	macro-F1	evaluation	MET500 development, HostMix-TOO, macro-F1, evaluation set		
dev_sa_nhost	results/stage2/met500_overall.tsv	method == 'SA' and representation == 'Z'	n_host	none	0	num	exploratory	MET500	HostMix-TOO	host-attraction errors	at risk	MET500 development, HostMix-TOO, number of host-attraction errors		
dev_if20_top1	results/stage2/met500_overall.tsv	method == 'IF20' and representation == 'Z'	top1	none	3	num	exploratory	MET500	gene removal	top-1 accuracy	evaluation	MET500 development, gene removal, top-1 accuracy, evaluation set		
dev_if20_host	results/stage2/met500_overall.tsv	method == 'IF20' and representation == 'Z'	host_rate	none	3	num	exploratory	MET500	gene removal	host-attraction rate	at risk	MET500 development, gene removal, host-attraction rate, at risk set		
dev_if20_native	results/stage2/met500_overall.tsv	method == 'IF20' and representation == 'Z'	native_truth_top1	none	3	num	exploratory	MET500	gene removal	top-1 accuracy	native truth	MET500 development, gene removal, top-1 accuracy, native truth set		
dev_if20_n	results/stage2/met500_overall.tsv	method == 'IF20' and representation == 'Z'	n	none	0	num	exploratory	MET500		n	evaluation	MET500 development, n, evaluation set		
dev_if20_nrisk	results/stage2/met500_overall.tsv	method == 'IF20' and representation == 'Z'	n_at_risk	none	0	num	exploratory	MET500		n	at risk	MET500 development, n, at risk set		
dev_if20_nnative	results/stage2/met500_overall.tsv	method == 'IF20' and representation == 'Z'	n_native_truth	none	0	num	exploratory	MET500		n	native truth	MET500 development, n, native truth set		
dev_if20_top3	results/stage2/met500_overall.tsv	method == 'IF20' and representation == 'Z'	top3	none	3	num	exploratory	MET500	gene removal	top-3 accuracy	evaluation	MET500 development, gene removal, top-3 accuracy, evaluation set		
dev_if20_f1	results/stage2/met500_overall.tsv	method == 'IF20' and representation == 'Z'	macro_f1	none	3	num	exploratory	MET500	gene removal	macro-F1	evaluation	MET500 development, gene removal, macro-F1, evaluation set		
dev_if20_nhost	results/stage2/met500_overall.tsv	method == 'IF20' and representation == 'Z'	n_host	none	0	num	exploratory	MET500	gene removal	host-attraction errors	at risk	MET500 development, gene removal, number of host-attraction errors		
dev_sc_top1	results/stage2/met500_overall.tsv	method == 'SC' and representation == 'Z'	top1	none	3	num	exploratory	MET500	site-specific	top-1 accuracy	evaluation	MET500 development, site-specific, top-1 accuracy, evaluation set		
dev_sc_host	results/stage2/met500_overall.tsv	method == 'SC' and representation == 'Z'	host_rate	none	3	num	exploratory	MET500	site-specific	host-attraction rate	at risk	MET500 development, site-specific, host-attraction rate, at risk set		
dev_sc_native	results/stage2/met500_overall.tsv	method == 'SC' and representation == 'Z'	native_truth_top1	none	3	num	exploratory	MET500	site-specific	top-1 accuracy	native truth	MET500 development, site-specific, top-1 accuracy, native truth set		
dev_sc_n	results/stage2/met500_overall.tsv	method == 'SC' and representation == 'Z'	n	none	0	num	exploratory	MET500		n	evaluation	MET500 development, n, evaluation set		
dev_sc_nrisk	results/stage2/met500_overall.tsv	method == 'SC' and representation == 'Z'	n_at_risk	none	0	num	exploratory	MET500		n	at risk	MET500 development, n, at risk set		
dev_sc_nnative	results/stage2/met500_overall.tsv	method == 'SC' and representation == 'Z'	n_native_truth	none	0	num	exploratory	MET500		n	native truth	MET500 development, n, native truth set		
dev_sc_top3	results/stage2/met500_overall.tsv	method == 'SC' and representation == 'Z'	top3	none	3	num	exploratory	MET500	site-specific	top-3 accuracy	evaluation	MET500 development, site-specific, top-3 accuracy, evaluation set		
dev_sc_f1	results/stage2/met500_overall.tsv	method == 'SC' and representation == 'Z'	macro_f1	none	3	num	exploratory	MET500	site-specific	macro-F1	evaluation	MET500 development, site-specific, macro-F1, evaluation set		
dev_sc_nhost	results/stage2/met500_overall.tsv	method == 'SC' and representation == 'Z'	n_host	none	0	num	exploratory	MET500	site-specific	host-attraction errors	at risk	MET500 development, site-specific, number of host-attraction errors		
dev_scif20_top1	results/stage2/met500_overall.tsv	method == 'SC+IF20' and representation == 'Z'	top1	none	3	num	exploratory	MET500	gene removal	top-1 accuracy	evaluation	MET500 development, gene removal, top-1 accuracy, evaluation set		
dev_scif20_host	results/stage2/met500_overall.tsv	method == 'SC+IF20' and representation == 'Z'	host_rate	none	3	num	exploratory	MET500	gene removal	host-attraction rate	at risk	MET500 development, gene removal, host-attraction rate, at risk set		
dev_scif20_native	results/stage2/met500_overall.tsv	method == 'SC+IF20' and representation == 'Z'	native_truth_top1	none	3	num	exploratory	MET500	gene removal	top-1 accuracy	native truth	MET500 development, gene removal, top-1 accuracy, native truth set		
dev_scif20_n	results/stage2/met500_overall.tsv	method == 'SC+IF20' and representation == 'Z'	n	none	0	num	exploratory	MET500		n	evaluation	MET500 development, n, evaluation set		
dev_scif20_nrisk	results/stage2/met500_overall.tsv	method == 'SC+IF20' and representation == 'Z'	n_at_risk	none	0	num	exploratory	MET500		n	at risk	MET500 development, n, at risk set		
dev_scif20_nnative	results/stage2/met500_overall.tsv	method == 'SC+IF20' and representation == 'Z'	n_native_truth	none	0	num	exploratory	MET500		n	native truth	MET500 development, n, native truth set		
dev_scif20_top3	results/stage2/met500_overall.tsv	method == 'SC+IF20' and representation == 'Z'	top3	none	3	num	exploratory	MET500	gene removal	top-3 accuracy	evaluation	MET500 development, gene removal, top-3 accuracy, evaluation set		
dev_scif20_f1	results/stage2/met500_overall.tsv	method == 'SC+IF20' and representation == 'Z'	macro_f1	none	3	num	exploratory	MET500	gene removal	macro-F1	evaluation	MET500 development, gene removal, macro-F1, evaluation set		
dev_scif20_nhost	results/stage2/met500_overall.tsv	method == 'SC+IF20' and representation == 'Z'	n_host	none	0	num	exploratory	MET500	gene removal	host-attraction errors	at risk	MET500 development, gene removal, number of host-attraction errors		
dev_scif40_top1	results/stage2/met500_overall.tsv	method == 'SC+IF40' and representation == 'Z'	top1	none	3	num	exploratory	MET500	gene removal	top-1 accuracy	evaluation	MET500 development, gene removal, top-1 accuracy, evaluation set		
dev_scif40_host	results/stage2/met500_overall.tsv	method == 'SC+IF40' and representation == 'Z'	host_rate	none	3	num	exploratory	MET500	gene removal	host-attraction rate	at risk	MET500 development, gene removal, host-attraction rate, at risk set		
dev_scif40_native	results/stage2/met500_overall.tsv	method == 'SC+IF40' and representation == 'Z'	native_truth_top1	none	3	num	exploratory	MET500	gene removal	top-1 accuracy	native truth	MET500 development, gene removal, top-1 accuracy, native truth set		
dev_scif40_n	results/stage2/met500_overall.tsv	method == 'SC+IF40' and representation == 'Z'	n	none	0	num	exploratory	MET500		n	evaluation	MET500 development, n, evaluation set		
dev_scif40_nrisk	results/stage2/met500_overall.tsv	method == 'SC+IF40' and representation == 'Z'	n_at_risk	none	0	num	exploratory	MET500		n	at risk	MET500 development, n, at risk set		
dev_scif40_nnative	results/stage2/met500_overall.tsv	method == 'SC+IF40' and representation == 'Z'	n_native_truth	none	0	num	exploratory	MET500		n	native truth	MET500 development, n, native truth set		
dev_scif40_top3	results/stage2/met500_overall.tsv	method == 'SC+IF40' and representation == 'Z'	top3	none	3	num	exploratory	MET500	gene removal	top-3 accuracy	evaluation	MET500 development, gene removal, top-3 accuracy, evaluation set		
dev_scif40_f1	results/stage2/met500_overall.tsv	method == 'SC+IF40' and representation == 'Z'	macro_f1	none	3	num	exploratory	MET500	gene removal	macro-F1	evaluation	MET500 development, gene removal, macro-F1, evaluation set		
dev_scif40_nhost	results/stage2/met500_overall.tsv	method == 'SC+IF40' and representation == 'Z'	n_host	none	0	num	exploratory	MET500	gene removal	host-attraction errors	at risk	MET500 development, gene removal, number of host-attraction errors		
dev_basek_top1	results/stage2/met500_overall.tsv	method == 'BASE' and representation == 'K'	top1	none	3	num	exploratory	MET500	gene sets	top-1 accuracy	evaluation	MET500 development, gene sets, top-1 accuracy, evaluation set		
dev_basek_host	results/stage2/met500_overall.tsv	method == 'BASE' and representation == 'K'	host_rate	none	3	num	exploratory	MET500	gene sets	host-attraction rate	at risk	MET500 development, gene sets, host-attraction rate, at risk set		
dev_basek_native	results/stage2/met500_overall.tsv	method == 'BASE' and representation == 'K'	native_truth_top1	none	3	num	exploratory	MET500	gene sets	top-1 accuracy	native truth	MET500 development, gene sets, top-1 accuracy, native truth set		
dev_basek_n	results/stage2/met500_overall.tsv	method == 'BASE' and representation == 'K'	n	none	0	num	exploratory	MET500		n	evaluation	MET500 development, n, evaluation set		
dev_basek_nrisk	results/stage2/met500_overall.tsv	method == 'BASE' and representation == 'K'	n_at_risk	none	0	num	exploratory	MET500		n	at risk	MET500 development, n, at risk set		
dev_basek_nnative	results/stage2/met500_overall.tsv	method == 'BASE' and representation == 'K'	n_native_truth	none	0	num	exploratory	MET500		n	native truth	MET500 development, n, native truth set		
dev_basek_top3	results/stage2/met500_overall.tsv	method == 'BASE' and representation == 'K'	top3	none	3	num	exploratory	MET500	gene sets	top-3 accuracy	evaluation	MET500 development, gene sets, top-3 accuracy, evaluation set		
dev_basek_f1	results/stage2/met500_overall.tsv	method == 'BASE' and representation == 'K'	macro_f1	none	3	num	exploratory	MET500	gene sets	macro-F1	evaluation	MET500 development, gene sets, macro-F1, evaluation set		
dev_basek_nhost	results/stage2/met500_overall.tsv	method == 'BASE' and representation == 'K'	n_host	none	0	num	exploratory	MET500	gene sets	host-attraction errors	at risk	MET500 development, gene sets, number of host-attraction errors		
dev_m1k_top1	results/stage2/met500_overall.tsv	method == 'M1' and representation == 'K'	top1	none	3	num	exploratory	MET500	M1-K	top-1 accuracy	evaluation	MET500 development, M1-K, top-1 accuracy, evaluation set		
dev_m1k_host	results/stage2/met500_overall.tsv	method == 'M1' and representation == 'K'	host_rate	none	3	num	exploratory	MET500	M1-K	host-attraction rate	at risk	MET500 development, M1-K, host-attraction rate, at risk set		
dev_m1k_native	results/stage2/met500_overall.tsv	method == 'M1' and representation == 'K'	native_truth_top1	none	3	num	exploratory	MET500	M1-K	top-1 accuracy	native truth	MET500 development, M1-K, top-1 accuracy, native truth set		
dev_m1k_n	results/stage2/met500_overall.tsv	method == 'M1' and representation == 'K'	n	none	0	num	exploratory	MET500		n	evaluation	MET500 development, n, evaluation set		
dev_m1k_nrisk	results/stage2/met500_overall.tsv	method == 'M1' and representation == 'K'	n_at_risk	none	0	num	exploratory	MET500		n	at risk	MET500 development, n, at risk set		
dev_m1k_nnative	results/stage2/met500_overall.tsv	method == 'M1' and representation == 'K'	n_native_truth	none	0	num	exploratory	MET500		n	native truth	MET500 development, n, native truth set		
dev_m1k_top3	results/stage2/met500_overall.tsv	method == 'M1' and representation == 'K'	top3	none	3	num	exploratory	MET500	M1-K	top-3 accuracy	evaluation	MET500 development, M1-K, top-3 accuracy, evaluation set		
dev_m1k_f1	results/stage2/met500_overall.tsv	method == 'M1' and representation == 'K'	macro_f1	none	3	num	exploratory	MET500	M1-K	macro-F1	evaluation	MET500 development, M1-K, macro-F1, evaluation set		
dev_m1k_nhost	results/stage2/met500_overall.tsv	method == 'M1' and representation == 'K'	n_host	none	0	num	exploratory	MET500	M1-K	host-attraction errors	at risk	MET500 development, M1-K, number of host-attraction errors		
dev_v0k_top1	results/stage2/met500_overall.tsv	method == 'V0' and representation == 'K'	top1	none	3	num	exploratory	MET500	gene sets	top-1 accuracy	evaluation	MET500 development, gene sets, top-1 accuracy, evaluation set		
dev_v0k_host	results/stage2/met500_overall.tsv	method == 'V0' and representation == 'K'	host_rate	none	3	num	exploratory	MET500	gene sets	host-attraction rate	at risk	MET500 development, gene sets, host-attraction rate, at risk set		
dev_v0k_native	results/stage2/met500_overall.tsv	method == 'V0' and representation == 'K'	native_truth_top1	none	3	num	exploratory	MET500	gene sets	top-1 accuracy	native truth	MET500 development, gene sets, top-1 accuracy, native truth set		
dev_v0k_n	results/stage2/met500_overall.tsv	method == 'V0' and representation == 'K'	n	none	0	num	exploratory	MET500		n	evaluation	MET500 development, n, evaluation set		
dev_v0k_nrisk	results/stage2/met500_overall.tsv	method == 'V0' and representation == 'K'	n_at_risk	none	0	num	exploratory	MET500		n	at risk	MET500 development, n, at risk set		
dev_v0k_nnative	results/stage2/met500_overall.tsv	method == 'V0' and representation == 'K'	n_native_truth	none	0	num	exploratory	MET500		n	native truth	MET500 development, n, native truth set		
dev_v0k_top3	results/stage2/met500_overall.tsv	method == 'V0' and representation == 'K'	top3	none	3	num	exploratory	MET500	gene sets	top-3 accuracy	evaluation	MET500 development, gene sets, top-3 accuracy, evaluation set		
dev_v0k_f1	results/stage2/met500_overall.tsv	method == 'V0' and representation == 'K'	macro_f1	none	3	num	exploratory	MET500	gene sets	macro-F1	evaluation	MET500 development, gene sets, macro-F1, evaluation set		
dev_v0k_nhost	results/stage2/met500_overall.tsv	method == 'V0' and representation == 'K'	n_host	none	0	num	exploratory	MET500	gene sets	host-attraction errors	at risk	MET500 development, gene sets, number of host-attraction errors		
dev_nck_top1	results/stage2/met500_overall.tsv	method == 'NC' and representation == 'K'	top1	none	3	num	exploratory	MET500	NC-K	top-1 accuracy	evaluation	MET500 development, NC-K, top-1 accuracy, evaluation set		
dev_nck_host	results/stage2/met500_overall.tsv	method == 'NC' and representation == 'K'	host_rate	none	3	num	exploratory	MET500	NC-K	host-attraction rate	at risk	MET500 development, NC-K, host-attraction rate, at risk set		
dev_nck_native	results/stage2/met500_overall.tsv	method == 'NC' and representation == 'K'	native_truth_top1	none	3	num	exploratory	MET500	NC-K	top-1 accuracy	native truth	MET500 development, NC-K, top-1 accuracy, native truth set		
dev_nck_n	results/stage2/met500_overall.tsv	method == 'NC' and representation == 'K'	n	none	0	num	exploratory	MET500		n	evaluation	MET500 development, n, evaluation set		
dev_nck_nrisk	results/stage2/met500_overall.tsv	method == 'NC' and representation == 'K'	n_at_risk	none	0	num	exploratory	MET500		n	at risk	MET500 development, n, at risk set		
dev_nck_nnative	results/stage2/met500_overall.tsv	method == 'NC' and representation == 'K'	n_native_truth	none	0	num	exploratory	MET500		n	native truth	MET500 development, n, native truth set		
dev_nck_top3	results/stage2/met500_overall.tsv	method == 'NC' and representation == 'K'	top3	none	3	num	exploratory	MET500	NC-K	top-3 accuracy	evaluation	MET500 development, NC-K, top-3 accuracy, evaluation set		
dev_nck_f1	results/stage2/met500_overall.tsv	method == 'NC' and representation == 'K'	macro_f1	none	3	num	exploratory	MET500	NC-K	macro-F1	evaluation	MET500 development, NC-K, macro-F1, evaluation set		
dev_nck_nhost	results/stage2/met500_overall.tsv	method == 'NC' and representation == 'K'	n_host	none	0	num	exploratory	MET500	NC-K	host-attraction errors	at risk	MET500 development, NC-K, number of host-attraction errors		
dev_ldk_top1	results/stage2/met500_overall.tsv	method == 'LD' and representation == 'K'	top1	none	3	num	exploratory	MET500	LD-K	top-1 accuracy	evaluation	MET500 development, LD-K, top-1 accuracy, evaluation set		
dev_ldk_host	results/stage2/met500_overall.tsv	method == 'LD' and representation == 'K'	host_rate	none	3	num	exploratory	MET500	LD-K	host-attraction rate	at risk	MET500 development, LD-K, host-attraction rate, at risk set		
dev_ldk_native	results/stage2/met500_overall.tsv	method == 'LD' and representation == 'K'	native_truth_top1	none	3	num	exploratory	MET500	LD-K	top-1 accuracy	native truth	MET500 development, LD-K, top-1 accuracy, native truth set		
dev_ldk_n	results/stage2/met500_overall.tsv	method == 'LD' and representation == 'K'	n	none	0	num	exploratory	MET500		n	evaluation	MET500 development, n, evaluation set		
dev_ldk_nrisk	results/stage2/met500_overall.tsv	method == 'LD' and representation == 'K'	n_at_risk	none	0	num	exploratory	MET500		n	at risk	MET500 development, n, at risk set		
dev_ldk_nnative	results/stage2/met500_overall.tsv	method == 'LD' and representation == 'K'	n_native_truth	none	0	num	exploratory	MET500		n	native truth	MET500 development, n, native truth set		
dev_ldk_top3	results/stage2/met500_overall.tsv	method == 'LD' and representation == 'K'	top3	none	3	num	exploratory	MET500	LD-K	top-3 accuracy	evaluation	MET500 development, LD-K, top-3 accuracy, evaluation set		
dev_ldk_f1	results/stage2/met500_overall.tsv	method == 'LD' and representation == 'K'	macro_f1	none	3	num	exploratory	MET500	LD-K	macro-F1	evaluation	MET500 development, LD-K, macro-F1, evaluation set		
dev_ldk_nhost	results/stage2/met500_overall.tsv	method == 'LD' and representation == 'K'	n_host	none	0	num	exploratory	MET500	LD-K	host-attraction errors	at risk	MET500 development, LD-K, number of host-attraction errors		
dev_sak_top1	results/stage2/met500_overall.tsv	method == 'SA' and representation == 'K'	top1	none	3	num	exploratory	MET500	gene sets	top-1 accuracy	evaluation	MET500 development, gene sets, top-1 accuracy, evaluation set		
dev_sak_host	results/stage2/met500_overall.tsv	method == 'SA' and representation == 'K'	host_rate	none	3	num	exploratory	MET500	gene sets	host-attraction rate	at risk	MET500 development, gene sets, host-attraction rate, at risk set		
dev_sak_native	results/stage2/met500_overall.tsv	method == 'SA' and representation == 'K'	native_truth_top1	none	3	num	exploratory	MET500	gene sets	top-1 accuracy	native truth	MET500 development, gene sets, top-1 accuracy, native truth set		
dev_sak_n	results/stage2/met500_overall.tsv	method == 'SA' and representation == 'K'	n	none	0	num	exploratory	MET500		n	evaluation	MET500 development, n, evaluation set		
dev_sak_nrisk	results/stage2/met500_overall.tsv	method == 'SA' and representation == 'K'	n_at_risk	none	0	num	exploratory	MET500		n	at risk	MET500 development, n, at risk set		
dev_sak_nnative	results/stage2/met500_overall.tsv	method == 'SA' and representation == 'K'	n_native_truth	none	0	num	exploratory	MET500		n	native truth	MET500 development, n, native truth set		
dev_sak_top3	results/stage2/met500_overall.tsv	method == 'SA' and representation == 'K'	top3	none	3	num	exploratory	MET500	gene sets	top-3 accuracy	evaluation	MET500 development, gene sets, top-3 accuracy, evaluation set		
dev_sak_f1	results/stage2/met500_overall.tsv	method == 'SA' and representation == 'K'	macro_f1	none	3	num	exploratory	MET500	gene sets	macro-F1	evaluation	MET500 development, gene sets, macro-F1, evaluation set		
dev_sak_nhost	results/stage2/met500_overall.tsv	method == 'SA' and representation == 'K'	n_host	none	0	num	exploratory	MET500	gene sets	host-attraction errors	at risk	MET500 development, gene sets, number of host-attraction errors		
dev_if20k_top1	results/stage2/met500_overall.tsv	method == 'IF20' and representation == 'K'	top1	none	3	num	exploratory	MET500	IF20-K	top-1 accuracy	evaluation	MET500 development, IF20-K, top-1 accuracy, evaluation set		
dev_if20k_host	results/stage2/met500_overall.tsv	method == 'IF20' and representation == 'K'	host_rate	none	3	num	exploratory	MET500	IF20-K	host-attraction rate	at risk	MET500 development, IF20-K, host-attraction rate, at risk set		
dev_if20k_native	results/stage2/met500_overall.tsv	method == 'IF20' and representation == 'K'	native_truth_top1	none	3	num	exploratory	MET500	IF20-K	top-1 accuracy	native truth	MET500 development, IF20-K, top-1 accuracy, native truth set		
dev_if20k_n	results/stage2/met500_overall.tsv	method == 'IF20' and representation == 'K'	n	none	0	num	exploratory	MET500		n	evaluation	MET500 development, n, evaluation set		
dev_if20k_nrisk	results/stage2/met500_overall.tsv	method == 'IF20' and representation == 'K'	n_at_risk	none	0	num	exploratory	MET500		n	at risk	MET500 development, n, at risk set		
dev_if20k_nnative	results/stage2/met500_overall.tsv	method == 'IF20' and representation == 'K'	n_native_truth	none	0	num	exploratory	MET500		n	native truth	MET500 development, n, native truth set		
dev_if20k_top3	results/stage2/met500_overall.tsv	method == 'IF20' and representation == 'K'	top3	none	3	num	exploratory	MET500	IF20-K	top-3 accuracy	evaluation	MET500 development, IF20-K, top-3 accuracy, evaluation set		
dev_if20k_f1	results/stage2/met500_overall.tsv	method == 'IF20' and representation == 'K'	macro_f1	none	3	num	exploratory	MET500	IF20-K	macro-F1	evaluation	MET500 development, IF20-K, macro-F1, evaluation set		
dev_if20k_nhost	results/stage2/met500_overall.tsv	method == 'IF20' and representation == 'K'	n_host	none	0	num	exploratory	MET500	IF20-K	host-attraction errors	at risk	MET500 development, IF20-K, number of host-attraction errors		
dev_sck_top1	results/stage2/met500_overall.tsv	method == 'SC' and representation == 'K'	top1	none	3	num	exploratory	MET500	SC-K	top-1 accuracy	evaluation	MET500 development, SC-K, top-1 accuracy, evaluation set		
dev_sck_host	results/stage2/met500_overall.tsv	method == 'SC' and representation == 'K'	host_rate	none	3	num	exploratory	MET500	SC-K	host-attraction rate	at risk	MET500 development, SC-K, host-attraction rate, at risk set		
dev_sck_native	results/stage2/met500_overall.tsv	method == 'SC' and representation == 'K'	native_truth_top1	none	3	num	exploratory	MET500	SC-K	top-1 accuracy	native truth	MET500 development, SC-K, top-1 accuracy, native truth set		
dev_sck_n	results/stage2/met500_overall.tsv	method == 'SC' and representation == 'K'	n	none	0	num	exploratory	MET500		n	evaluation	MET500 development, n, evaluation set		
dev_sck_nrisk	results/stage2/met500_overall.tsv	method == 'SC' and representation == 'K'	n_at_risk	none	0	num	exploratory	MET500		n	at risk	MET500 development, n, at risk set		
dev_sck_nnative	results/stage2/met500_overall.tsv	method == 'SC' and representation == 'K'	n_native_truth	none	0	num	exploratory	MET500		n	native truth	MET500 development, n, native truth set		
dev_sck_top3	results/stage2/met500_overall.tsv	method == 'SC' and representation == 'K'	top3	none	3	num	exploratory	MET500	SC-K	top-3 accuracy	evaluation	MET500 development, SC-K, top-3 accuracy, evaluation set		
dev_sck_f1	results/stage2/met500_overall.tsv	method == 'SC' and representation == 'K'	macro_f1	none	3	num	exploratory	MET500	SC-K	macro-F1	evaluation	MET500 development, SC-K, macro-F1, evaluation set		
dev_sck_nhost	results/stage2/met500_overall.tsv	method == 'SC' and representation == 'K'	n_host	none	0	num	exploratory	MET500	SC-K	host-attraction errors	at risk	MET500 development, SC-K, number of host-attraction errors		
dev_scif20k_top1	results/stage2/met500_overall.tsv	method == 'SC+IF20' and representation == 'K'	top1	none	3	num	exploratory	MET500	SC+IF20-K	top-1 accuracy	evaluation	MET500 development, SC+IF20-K, top-1 accuracy, evaluation set		
dev_scif20k_host	results/stage2/met500_overall.tsv	method == 'SC+IF20' and representation == 'K'	host_rate	none	3	num	exploratory	MET500	SC+IF20-K	host-attraction rate	at risk	MET500 development, SC+IF20-K, host-attraction rate, at risk set		
dev_scif20k_native	results/stage2/met500_overall.tsv	method == 'SC+IF20' and representation == 'K'	native_truth_top1	none	3	num	exploratory	MET500	SC+IF20-K	top-1 accuracy	native truth	MET500 development, SC+IF20-K, top-1 accuracy, native truth set		
dev_scif20k_n	results/stage2/met500_overall.tsv	method == 'SC+IF20' and representation == 'K'	n	none	0	num	exploratory	MET500		n	evaluation	MET500 development, n, evaluation set		
dev_scif20k_nrisk	results/stage2/met500_overall.tsv	method == 'SC+IF20' and representation == 'K'	n_at_risk	none	0	num	exploratory	MET500		n	at risk	MET500 development, n, at risk set		
dev_scif20k_nnative	results/stage2/met500_overall.tsv	method == 'SC+IF20' and representation == 'K'	n_native_truth	none	0	num	exploratory	MET500		n	native truth	MET500 development, n, native truth set		
dev_scif20k_top3	results/stage2/met500_overall.tsv	method == 'SC+IF20' and representation == 'K'	top3	none	3	num	exploratory	MET500	SC+IF20-K	top-3 accuracy	evaluation	MET500 development, SC+IF20-K, top-3 accuracy, evaluation set		
dev_scif20k_f1	results/stage2/met500_overall.tsv	method == 'SC+IF20' and representation == 'K'	macro_f1	none	3	num	exploratory	MET500	SC+IF20-K	macro-F1	evaluation	MET500 development, SC+IF20-K, macro-F1, evaluation set		
dev_scif20k_nhost	results/stage2/met500_overall.tsv	method == 'SC+IF20' and representation == 'K'	n_host	none	0	num	exploratory	MET500	SC+IF20-K	host-attraction errors	at risk	MET500 development, SC+IF20-K, number of host-attraction errors		
dev_scif40k_top1	results/stage2/met500_overall.tsv	method == 'SC+IF40' and representation == 'K'	top1	none	3	num	exploratory	MET500	SC+IF40-K	top-1 accuracy	evaluation	MET500 development, SC+IF40-K, top-1 accuracy, evaluation set		
dev_scif40k_host	results/stage2/met500_overall.tsv	method == 'SC+IF40' and representation == 'K'	host_rate	none	3	num	exploratory	MET500	SC+IF40-K	host-attraction rate	at risk	MET500 development, SC+IF40-K, host-attraction rate, at risk set		
dev_scif40k_native	results/stage2/met500_overall.tsv	method == 'SC+IF40' and representation == 'K'	native_truth_top1	none	3	num	exploratory	MET500	SC+IF40-K	top-1 accuracy	native truth	MET500 development, SC+IF40-K, top-1 accuracy, native truth set		
dev_scif40k_n	results/stage2/met500_overall.tsv	method == 'SC+IF40' and representation == 'K'	n	none	0	num	exploratory	MET500		n	evaluation	MET500 development, n, evaluation set		
dev_scif40k_nrisk	results/stage2/met500_overall.tsv	method == 'SC+IF40' and representation == 'K'	n_at_risk	none	0	num	exploratory	MET500		n	at risk	MET500 development, n, at risk set		
dev_scif40k_nnative	results/stage2/met500_overall.tsv	method == 'SC+IF40' and representation == 'K'	n_native_truth	none	0	num	exploratory	MET500		n	native truth	MET500 development, n, native truth set		
dev_scif40k_top3	results/stage2/met500_overall.tsv	method == 'SC+IF40' and representation == 'K'	top3	none	3	num	exploratory	MET500	SC+IF40-K	top-3 accuracy	evaluation	MET500 development, SC+IF40-K, top-3 accuracy, evaluation set		
dev_scif40k_f1	results/stage2/met500_overall.tsv	method == 'SC+IF40' and representation == 'K'	macro_f1	none	3	num	exploratory	MET500	SC+IF40-K	macro-F1	evaluation	MET500 development, SC+IF40-K, macro-F1, evaluation set		
dev_scif40k_nhost	results/stage2/met500_overall.tsv	method == 'SC+IF40' and representation == 'K'	n_host	none	0	num	exploratory	MET500	SC+IF40-K	host-attraction errors	at risk	MET500 development, SC+IF40-K, number of host-attraction errors		
phm_base_top1	results/stage5/posthoc/met500_overall.tsv	method == 'BASE-Z'	top1	none	3	num	exploratory	MET500	baseline	top-1 accuracy	evaluation	MET500 exploratory variants, baseline, top-1 accuracy, evaluation set		
phm_base_host	results/stage5/posthoc/met500_overall.tsv	method == 'BASE-Z'	host_rate	none	3	num	exploratory	MET500	baseline	host-attraction rate	at risk	MET500 exploratory variants, baseline, host-attraction rate, at risk set		
phm_base_native	results/stage5/posthoc/met500_overall.tsv	method == 'BASE-Z'	native_truth_top1	none	3	num	exploratory	MET500	baseline	top-1 accuracy	native truth	MET500 exploratory variants, baseline, top-1 accuracy, native truth set		
phm_base_n	results/stage5/posthoc/met500_overall.tsv	method == 'BASE-Z'	n	none	0	num	exploratory	MET500		n	evaluation	MET500 exploratory variants, n, evaluation set		
phm_base_nrisk	results/stage5/posthoc/met500_overall.tsv	method == 'BASE-Z'	n_at_risk	none	0	num	exploratory	MET500		n	at risk	MET500 exploratory variants, n, at risk set		
phm_base_nnative	results/stage5/posthoc/met500_overall.tsv	method == 'BASE-Z'	n_native_truth	none	0	num	exploratory	MET500		n	native truth	MET500 exploratory variants, n, native truth set		
phm_sa_top1	results/stage5/posthoc/met500_overall.tsv	method == 'SA-Z'	top1	none	3	num	exploratory	MET500	HostMix-TOO	top-1 accuracy	evaluation	MET500 exploratory variants, HostMix-TOO, top-1 accuracy, evaluation set		
phm_sa_host	results/stage5/posthoc/met500_overall.tsv	method == 'SA-Z'	host_rate	none	3	num	exploratory	MET500	HostMix-TOO	host-attraction rate	at risk	MET500 exploratory variants, HostMix-TOO, host-attraction rate, at risk set		
phm_sa_native	results/stage5/posthoc/met500_overall.tsv	method == 'SA-Z'	native_truth_top1	none	3	num	exploratory	MET500	HostMix-TOO	top-1 accuracy	native truth	MET500 exploratory variants, HostMix-TOO, top-1 accuracy, native truth set		
phm_sa_n	results/stage5/posthoc/met500_overall.tsv	method == 'SA-Z'	n	none	0	num	exploratory	MET500		n	evaluation	MET500 exploratory variants, n, evaluation set		
phm_sa_nrisk	results/stage5/posthoc/met500_overall.tsv	method == 'SA-Z'	n_at_risk	none	0	num	exploratory	MET500		n	at risk	MET500 exploratory variants, n, at risk set		
phm_sa_nnative	results/stage5/posthoc/met500_overall.tsv	method == 'SA-Z'	n_native_truth	none	0	num	exploratory	MET500		n	native truth	MET500 exploratory variants, n, native truth set		
phm_basemlp_top1	results/stage5/posthoc/met500_overall.tsv	method == 'BASE-MLP'	top1	none	3	num	exploratory	MET500	perceptron	top-1 accuracy	evaluation	MET500 exploratory variants, perceptron, top-1 accuracy, evaluation set		
phm_basemlp_host	results/stage5/posthoc/met500_overall.tsv	method == 'BASE-MLP'	host_rate	none	3	num	exploratory	MET500	perceptron	host-attraction rate	at risk	MET500 exploratory variants, perceptron, host-attraction rate, at risk set		
phm_basemlp_native	results/stage5/posthoc/met500_overall.tsv	method == 'BASE-MLP'	native_truth_top1	none	3	num	exploratory	MET500	perceptron	top-1 accuracy	native truth	MET500 exploratory variants, perceptron, top-1 accuracy, native truth set		
phm_basemlp_n	results/stage5/posthoc/met500_overall.tsv	method == 'BASE-MLP'	n	none	0	num	exploratory	MET500		n	evaluation	MET500 exploratory variants, n, evaluation set		
phm_basemlp_nrisk	results/stage5/posthoc/met500_overall.tsv	method == 'BASE-MLP'	n_at_risk	none	0	num	exploratory	MET500		n	at risk	MET500 exploratory variants, n, at risk set		
phm_basemlp_nnative	results/stage5/posthoc/met500_overall.tsv	method == 'BASE-MLP'	n_native_truth	none	0	num	exploratory	MET500		n	native truth	MET500 exploratory variants, n, native truth set		
phm_c001_top1	results/stage5/posthoc/met500_overall.tsv	method == 'SA-C0.01'	top1	none	3	num	exploratory	MET500	variants	top-1 accuracy	evaluation	MET500 exploratory variants, variants, top-1 accuracy, evaluation set		
phm_c001_host	results/stage5/posthoc/met500_overall.tsv	method == 'SA-C0.01'	host_rate	none	3	num	exploratory	MET500	variants	host-attraction rate	at risk	MET500 exploratory variants, variants, host-attraction rate, at risk set		
phm_c001_native	results/stage5/posthoc/met500_overall.tsv	method == 'SA-C0.01'	native_truth_top1	none	3	num	exploratory	MET500	variants	top-1 accuracy	native truth	MET500 exploratory variants, variants, top-1 accuracy, native truth set		
phm_c001_n	results/stage5/posthoc/met500_overall.tsv	method == 'SA-C0.01'	n	none	0	num	exploratory	MET500		n	evaluation	MET500 exploratory variants, n, evaluation set		
phm_c001_nrisk	results/stage5/posthoc/met500_overall.tsv	method == 'SA-C0.01'	n_at_risk	none	0	num	exploratory	MET500		n	at risk	MET500 exploratory variants, n, at risk set		
phm_c001_nnative	results/stage5/posthoc/met500_overall.tsv	method == 'SA-C0.01'	n_native_truth	none	0	num	exploratory	MET500		n	native truth	MET500 exploratory variants, n, native truth set		
phm_c01_top1	results/stage5/posthoc/met500_overall.tsv	method == 'SA-C0.1'	top1	none	3	num	exploratory	MET500	variants	top-1 accuracy	evaluation	MET500 exploratory variants, variants, top-1 accuracy, evaluation set		
phm_c01_host	results/stage5/posthoc/met500_overall.tsv	method == 'SA-C0.1'	host_rate	none	3	num	exploratory	MET500	variants	host-attraction rate	at risk	MET500 exploratory variants, variants, host-attraction rate, at risk set		
phm_c01_native	results/stage5/posthoc/met500_overall.tsv	method == 'SA-C0.1'	native_truth_top1	none	3	num	exploratory	MET500	variants	top-1 accuracy	native truth	MET500 exploratory variants, variants, top-1 accuracy, native truth set		
phm_c01_n	results/stage5/posthoc/met500_overall.tsv	method == 'SA-C0.1'	n	none	0	num	exploratory	MET500		n	evaluation	MET500 exploratory variants, n, evaluation set		
phm_c01_nrisk	results/stage5/posthoc/met500_overall.tsv	method == 'SA-C0.1'	n_at_risk	none	0	num	exploratory	MET500		n	at risk	MET500 exploratory variants, n, at risk set		
phm_c01_nnative	results/stage5/posthoc/met500_overall.tsv	method == 'SA-C0.1'	n_native_truth	none	0	num	exploratory	MET500		n	native truth	MET500 exploratory variants, n, native truth set		
phm_lohoadiposesc_top1	results/stage5/posthoc/met500_overall.tsv	method == 'SA-LOHO-Adipose - Subcutaneous'	top1	none	3	num	exploratory	MET500	leave-one-host-out	top-1 accuracy	evaluation	MET500 exploratory variants, leave-one-host-out, top-1 accuracy, evaluation set		
phm_lohoadiposesc_host	results/stage5/posthoc/met500_overall.tsv	method == 'SA-LOHO-Adipose - Subcutaneous'	host_rate	none	3	num	exploratory	MET500	leave-one-host-out	host-attraction rate	at risk	MET500 exploratory variants, leave-one-host-out, host-attraction rate, at risk set		
phm_lohoadiposesc_native	results/stage5/posthoc/met500_overall.tsv	method == 'SA-LOHO-Adipose - Subcutaneous'	native_truth_top1	none	3	num	exploratory	MET500	leave-one-host-out	top-1 accuracy	native truth	MET500 exploratory variants, leave-one-host-out, top-1 accuracy, native truth set		
phm_lohoadiposesc_n	results/stage5/posthoc/met500_overall.tsv	method == 'SA-LOHO-Adipose - Subcutaneous'	n	none	0	num	exploratory	MET500		n	evaluation	MET500 exploratory variants, n, evaluation set		
phm_lohoadiposesc_nrisk	results/stage5/posthoc/met500_overall.tsv	method == 'SA-LOHO-Adipose - Subcutaneous'	n_at_risk	none	0	num	exploratory	MET500		n	at risk	MET500 exploratory variants, n, at risk set		
phm_lohoadiposesc_nnative	results/stage5/posthoc/met500_overall.tsv	method == 'SA-LOHO-Adipose - Subcutaneous'	n_native_truth	none	0	num	exploratory	MET500		n	native truth	MET500 exploratory variants, n, native truth set		
phm_lohoadiposevis_top1	results/stage5/posthoc/met500_overall.tsv	method == 'SA-LOHO-Adipose - Visceral (Omentum)'	top1	none	3	num	exploratory	MET500	leave-one-host-out	top-1 accuracy	evaluation	MET500 exploratory variants, leave-one-host-out, top-1 accuracy, evaluation set		
phm_lohoadiposevis_host	results/stage5/posthoc/met500_overall.tsv	method == 'SA-LOHO-Adipose - Visceral (Omentum)'	host_rate	none	3	num	exploratory	MET500	leave-one-host-out	host-attraction rate	at risk	MET500 exploratory variants, leave-one-host-out, host-attraction rate, at risk set		
phm_lohoadiposevis_native	results/stage5/posthoc/met500_overall.tsv	method == 'SA-LOHO-Adipose - Visceral (Omentum)'	native_truth_top1	none	3	num	exploratory	MET500	leave-one-host-out	top-1 accuracy	native truth	MET500 exploratory variants, leave-one-host-out, top-1 accuracy, native truth set		
phm_lohoadiposevis_n	results/stage5/posthoc/met500_overall.tsv	method == 'SA-LOHO-Adipose - Visceral (Omentum)'	n	none	0	num	exploratory	MET500		n	evaluation	MET500 exploratory variants, n, evaluation set		
phm_lohoadiposevis_nrisk	results/stage5/posthoc/met500_overall.tsv	method == 'SA-LOHO-Adipose - Visceral (Omentum)'	n_at_risk	none	0	num	exploratory	MET500		n	at risk	MET500 exploratory variants, n, at risk set		
phm_lohoadiposevis_nnative	results/stage5/posthoc/met500_overall.tsv	method == 'SA-LOHO-Adipose - Visceral (Omentum)'	n_native_truth	none	0	num	exploratory	MET500		n	native truth	MET500 exploratory variants, n, native truth set		
phm_lohoadrenal_top1	results/stage5/posthoc/met500_overall.tsv	method == 'SA-LOHO-Adrenal Gland'	top1	none	3	num	exploratory	MET500	leave-one-host-out	top-1 accuracy	evaluation	MET500 exploratory variants, leave-one-host-out, top-1 accuracy, evaluation set		
phm_lohoadrenal_host	results/stage5/posthoc/met500_overall.tsv	method == 'SA-LOHO-Adrenal Gland'	host_rate	none	3	num	exploratory	MET500	leave-one-host-out	host-attraction rate	at risk	MET500 exploratory variants, leave-one-host-out, host-attraction rate, at risk set		
phm_lohoadrenal_native	results/stage5/posthoc/met500_overall.tsv	method == 'SA-LOHO-Adrenal Gland'	native_truth_top1	none	3	num	exploratory	MET500	leave-one-host-out	top-1 accuracy	native truth	MET500 exploratory variants, leave-one-host-out, top-1 accuracy, native truth set		
phm_lohoadrenal_n	results/stage5/posthoc/met500_overall.tsv	method == 'SA-LOHO-Adrenal Gland'	n	none	0	num	exploratory	MET500		n	evaluation	MET500 exploratory variants, n, evaluation set		
phm_lohoadrenal_nrisk	results/stage5/posthoc/met500_overall.tsv	method == 'SA-LOHO-Adrenal Gland'	n_at_risk	none	0	num	exploratory	MET500		n	at risk	MET500 exploratory variants, n, at risk set		
phm_lohoadrenal_nnative	results/stage5/posthoc/met500_overall.tsv	method == 'SA-LOHO-Adrenal Gland'	n_native_truth	none	0	num	exploratory	MET500		n	native truth	MET500 exploratory variants, n, native truth set		
phm_lohobrain_top1	results/stage5/posthoc/met500_overall.tsv	method == 'SA-LOHO-Brain - Cortex'	top1	none	3	num	exploratory	MET500	leave-one-host-out	top-1 accuracy	evaluation	MET500 exploratory variants, leave-one-host-out, top-1 accuracy, evaluation set		
phm_lohobrain_host	results/stage5/posthoc/met500_overall.tsv	method == 'SA-LOHO-Brain - Cortex'	host_rate	none	3	num	exploratory	MET500	leave-one-host-out	host-attraction rate	at risk	MET500 exploratory variants, leave-one-host-out, host-attraction rate, at risk set		
phm_lohobrain_native	results/stage5/posthoc/met500_overall.tsv	method == 'SA-LOHO-Brain - Cortex'	native_truth_top1	none	3	num	exploratory	MET500	leave-one-host-out	top-1 accuracy	native truth	MET500 exploratory variants, leave-one-host-out, top-1 accuracy, native truth set		
phm_lohobrain_n	results/stage5/posthoc/met500_overall.tsv	method == 'SA-LOHO-Brain - Cortex'	n	none	0	num	exploratory	MET500		n	evaluation	MET500 exploratory variants, n, evaluation set		
phm_lohobrain_nrisk	results/stage5/posthoc/met500_overall.tsv	method == 'SA-LOHO-Brain - Cortex'	n_at_risk	none	0	num	exploratory	MET500		n	at risk	MET500 exploratory variants, n, at risk set		
phm_lohobrain_nnative	results/stage5/posthoc/met500_overall.tsv	method == 'SA-LOHO-Brain - Cortex'	n_native_truth	none	0	num	exploratory	MET500		n	native truth	MET500 exploratory variants, n, native truth set		
phm_loholiver_top1	results/stage5/posthoc/met500_overall.tsv	method == 'SA-LOHO-Liver'	top1	none	3	num	exploratory	MET500	leave-one-host-out	top-1 accuracy	evaluation	MET500 exploratory variants, leave-one-host-out, top-1 accuracy, evaluation set		
phm_loholiver_host	results/stage5/posthoc/met500_overall.tsv	method == 'SA-LOHO-Liver'	host_rate	none	3	num	exploratory	MET500	leave-one-host-out	host-attraction rate	at risk	MET500 exploratory variants, leave-one-host-out, host-attraction rate, at risk set		
phm_loholiver_native	results/stage5/posthoc/met500_overall.tsv	method == 'SA-LOHO-Liver'	native_truth_top1	none	3	num	exploratory	MET500	leave-one-host-out	top-1 accuracy	native truth	MET500 exploratory variants, leave-one-host-out, top-1 accuracy, native truth set		
phm_loholiver_n	results/stage5/posthoc/met500_overall.tsv	method == 'SA-LOHO-Liver'	n	none	0	num	exploratory	MET500		n	evaluation	MET500 exploratory variants, n, evaluation set		
phm_loholiver_nrisk	results/stage5/posthoc/met500_overall.tsv	method == 'SA-LOHO-Liver'	n_at_risk	none	0	num	exploratory	MET500		n	at risk	MET500 exploratory variants, n, at risk set		
phm_loholiver_nnative	results/stage5/posthoc/met500_overall.tsv	method == 'SA-LOHO-Liver'	n_native_truth	none	0	num	exploratory	MET500		n	native truth	MET500 exploratory variants, n, native truth set		
phm_loholung_top1	results/stage5/posthoc/met500_overall.tsv	method == 'SA-LOHO-Lung'	top1	none	3	num	exploratory	MET500	leave-one-host-out	top-1 accuracy	evaluation	MET500 exploratory variants, leave-one-host-out, top-1 accuracy, evaluation set		
phm_loholung_host	results/stage5/posthoc/met500_overall.tsv	method == 'SA-LOHO-Lung'	host_rate	none	3	num	exploratory	MET500	leave-one-host-out	host-attraction rate	at risk	MET500 exploratory variants, leave-one-host-out, host-attraction rate, at risk set		
phm_loholung_native	results/stage5/posthoc/met500_overall.tsv	method == 'SA-LOHO-Lung'	native_truth_top1	none	3	num	exploratory	MET500	leave-one-host-out	top-1 accuracy	native truth	MET500 exploratory variants, leave-one-host-out, top-1 accuracy, native truth set		
phm_loholung_n	results/stage5/posthoc/met500_overall.tsv	method == 'SA-LOHO-Lung'	n	none	0	num	exploratory	MET500		n	evaluation	MET500 exploratory variants, n, evaluation set		
phm_loholung_nrisk	results/stage5/posthoc/met500_overall.tsv	method == 'SA-LOHO-Lung'	n_at_risk	none	0	num	exploratory	MET500		n	at risk	MET500 exploratory variants, n, at risk set		
phm_loholung_nnative	results/stage5/posthoc/met500_overall.tsv	method == 'SA-LOHO-Lung'	n_native_truth	none	0	num	exploratory	MET500		n	native truth	MET500 exploratory variants, n, native truth set		
phm_lohomuscle_top1	results/stage5/posthoc/met500_overall.tsv	method == 'SA-LOHO-Muscle - Skeletal'	top1	none	3	num	exploratory	MET500	leave-one-host-out	top-1 accuracy	evaluation	MET500 exploratory variants, leave-one-host-out, top-1 accuracy, evaluation set		
phm_lohomuscle_host	results/stage5/posthoc/met500_overall.tsv	method == 'SA-LOHO-Muscle - Skeletal'	host_rate	none	3	num	exploratory	MET500	leave-one-host-out	host-attraction rate	at risk	MET500 exploratory variants, leave-one-host-out, host-attraction rate, at risk set		
phm_lohomuscle_native	results/stage5/posthoc/met500_overall.tsv	method == 'SA-LOHO-Muscle - Skeletal'	native_truth_top1	none	3	num	exploratory	MET500	leave-one-host-out	top-1 accuracy	native truth	MET500 exploratory variants, leave-one-host-out, top-1 accuracy, native truth set		
phm_lohomuscle_n	results/stage5/posthoc/met500_overall.tsv	method == 'SA-LOHO-Muscle - Skeletal'	n	none	0	num	exploratory	MET500		n	evaluation	MET500 exploratory variants, n, evaluation set		
phm_lohomuscle_nrisk	results/stage5/posthoc/met500_overall.tsv	method == 'SA-LOHO-Muscle - Skeletal'	n_at_risk	none	0	num	exploratory	MET500		n	at risk	MET500 exploratory variants, n, at risk set		
phm_lohomuscle_nnative	results/stage5/posthoc/met500_overall.tsv	method == 'SA-LOHO-Muscle - Skeletal'	n_native_truth	none	0	num	exploratory	MET500		n	native truth	MET500 exploratory variants, n, native truth set		
phm_lohoskin_top1	results/stage5/posthoc/met500_overall.tsv	method == 'SA-LOHO-Skin - Not Sun Exposed (Suprapubic)'	top1	none	3	num	exploratory	MET500	leave-one-host-out	top-1 accuracy	evaluation	MET500 exploratory variants, leave-one-host-out, top-1 accuracy, evaluation set		
phm_lohoskin_host	results/stage5/posthoc/met500_overall.tsv	method == 'SA-LOHO-Skin - Not Sun Exposed (Suprapubic)'	host_rate	none	3	num	exploratory	MET500	leave-one-host-out	host-attraction rate	at risk	MET500 exploratory variants, leave-one-host-out, host-attraction rate, at risk set		
phm_lohoskin_native	results/stage5/posthoc/met500_overall.tsv	method == 'SA-LOHO-Skin - Not Sun Exposed (Suprapubic)'	native_truth_top1	none	3	num	exploratory	MET500	leave-one-host-out	top-1 accuracy	native truth	MET500 exploratory variants, leave-one-host-out, top-1 accuracy, native truth set		
phm_lohoskin_n	results/stage5/posthoc/met500_overall.tsv	method == 'SA-LOHO-Skin - Not Sun Exposed (Suprapubic)'	n	none	0	num	exploratory	MET500		n	evaluation	MET500 exploratory variants, n, evaluation set		
phm_lohoskin_nrisk	results/stage5/posthoc/met500_overall.tsv	method == 'SA-LOHO-Skin - Not Sun Exposed (Suprapubic)'	n_at_risk	none	0	num	exploratory	MET500		n	at risk	MET500 exploratory variants, n, at risk set		
phm_lohoskin_nnative	results/stage5/posthoc/met500_overall.tsv	method == 'SA-LOHO-Skin - Not Sun Exposed (Suprapubic)'	n_native_truth	none	0	num	exploratory	MET500		n	native truth	MET500 exploratory variants, n, native truth set		
phm_lohospleen_top1	results/stage5/posthoc/met500_overall.tsv	method == 'SA-LOHO-Spleen'	top1	none	3	num	exploratory	MET500	leave-one-host-out	top-1 accuracy	evaluation	MET500 exploratory variants, leave-one-host-out, top-1 accuracy, evaluation set		
phm_lohospleen_host	results/stage5/posthoc/met500_overall.tsv	method == 'SA-LOHO-Spleen'	host_rate	none	3	num	exploratory	MET500	leave-one-host-out	host-attraction rate	at risk	MET500 exploratory variants, leave-one-host-out, host-attraction rate, at risk set		
phm_lohospleen_native	results/stage5/posthoc/met500_overall.tsv	method == 'SA-LOHO-Spleen'	native_truth_top1	none	3	num	exploratory	MET500	leave-one-host-out	top-1 accuracy	native truth	MET500 exploratory variants, leave-one-host-out, top-1 accuracy, native truth set		
phm_lohospleen_n	results/stage5/posthoc/met500_overall.tsv	method == 'SA-LOHO-Spleen'	n	none	0	num	exploratory	MET500		n	evaluation	MET500 exploratory variants, n, evaluation set		
phm_lohospleen_nrisk	results/stage5/posthoc/met500_overall.tsv	method == 'SA-LOHO-Spleen'	n_at_risk	none	0	num	exploratory	MET500		n	at risk	MET500 exploratory variants, n, at risk set		
phm_lohospleen_nnative	results/stage5/posthoc/met500_overall.tsv	method == 'SA-LOHO-Spleen'	n_native_truth	none	0	num	exploratory	MET500		n	native truth	MET500 exploratory variants, n, native truth set		
phm_lohoblood_top1	results/stage5/posthoc/met500_overall.tsv	method == 'SA-LOHO-Whole Blood'	top1	none	3	num	exploratory	MET500	leave-one-host-out	top-1 accuracy	evaluation	MET500 exploratory variants, leave-one-host-out, top-1 accuracy, evaluation set		
phm_lohoblood_host	results/stage5/posthoc/met500_overall.tsv	method == 'SA-LOHO-Whole Blood'	host_rate	none	3	num	exploratory	MET500	leave-one-host-out	host-attraction rate	at risk	MET500 exploratory variants, leave-one-host-out, host-attraction rate, at risk set		
phm_lohoblood_native	results/stage5/posthoc/met500_overall.tsv	method == 'SA-LOHO-Whole Blood'	native_truth_top1	none	3	num	exploratory	MET500	leave-one-host-out	top-1 accuracy	native truth	MET500 exploratory variants, leave-one-host-out, top-1 accuracy, native truth set		
phm_lohoblood_n	results/stage5/posthoc/met500_overall.tsv	method == 'SA-LOHO-Whole Blood'	n	none	0	num	exploratory	MET500		n	evaluation	MET500 exploratory variants, n, evaluation set		
phm_lohoblood_nrisk	results/stage5/posthoc/met500_overall.tsv	method == 'SA-LOHO-Whole Blood'	n_at_risk	none	0	num	exploratory	MET500		n	at risk	MET500 exploratory variants, n, at risk set		
phm_lohoblood_nnative	results/stage5/posthoc/met500_overall.tsv	method == 'SA-LOHO-Whole Blood'	n_native_truth	none	0	num	exploratory	MET500		n	native truth	MET500 exploratory variants, n, native truth set		
phm_samlp_top1	results/stage5/posthoc/met500_overall.tsv	method == 'SA-MLP'	top1	none	3	num	exploratory	MET500	perceptron	top-1 accuracy	evaluation	MET500 exploratory variants, perceptron, top-1 accuracy, evaluation set		
phm_samlp_host	results/stage5/posthoc/met500_overall.tsv	method == 'SA-MLP'	host_rate	none	3	num	exploratory	MET500	perceptron	host-attraction rate	at risk	MET500 exploratory variants, perceptron, host-attraction rate, at risk set		
phm_samlp_native	results/stage5/posthoc/met500_overall.tsv	method == 'SA-MLP'	native_truth_top1	none	3	num	exploratory	MET500	perceptron	top-1 accuracy	native truth	MET500 exploratory variants, perceptron, top-1 accuracy, native truth set		
phm_samlp_n	results/stage5/posthoc/met500_overall.tsv	method == 'SA-MLP'	n	none	0	num	exploratory	MET500		n	evaluation	MET500 exploratory variants, n, evaluation set		
phm_samlp_nrisk	results/stage5/posthoc/met500_overall.tsv	method == 'SA-MLP'	n_at_risk	none	0	num	exploratory	MET500		n	at risk	MET500 exploratory variants, n, at risk set		
phm_samlp_nnative	results/stage5/posthoc/met500_overall.tsv	method == 'SA-MLP'	n_native_truth	none	0	num	exploratory	MET500		n	native truth	MET500 exploratory variants, n, native truth set		
phm_m0_top1	results/stage5/posthoc/met500_overall.tsv	method == 'SA-m0'	top1	none	3	num	exploratory	MET500	variants	top-1 accuracy	evaluation	MET500 exploratory variants, variants, top-1 accuracy, evaluation set		
phm_m0_host	results/stage5/posthoc/met500_overall.tsv	method == 'SA-m0'	host_rate	none	3	num	exploratory	MET500	variants	host-attraction rate	at risk	MET500 exploratory variants, variants, host-attraction rate, at risk set		
phm_m0_native	results/stage5/posthoc/met500_overall.tsv	method == 'SA-m0'	native_truth_top1	none	3	num	exploratory	MET500	variants	top-1 accuracy	native truth	MET500 exploratory variants, variants, top-1 accuracy, native truth set		
phm_m0_n	results/stage5/posthoc/met500_overall.tsv	method == 'SA-m0'	n	none	0	num	exploratory	MET500		n	evaluation	MET500 exploratory variants, n, evaluation set		
phm_m0_nrisk	results/stage5/posthoc/met500_overall.tsv	method == 'SA-m0'	n_at_risk	none	0	num	exploratory	MET500		n	at risk	MET500 exploratory variants, n, at risk set		
phm_m0_nnative	results/stage5/posthoc/met500_overall.tsv	method == 'SA-m0'	n_native_truth	none	0	num	exploratory	MET500		n	native truth	MET500 exploratory variants, n, native truth set		
phm_mx1_top1	results/stage5/posthoc/met500_overall.tsv	method == 'SA-m1'	top1	none	3	num	exploratory	MET500	variants	top-1 accuracy	evaluation	MET500 exploratory variants, variants, top-1 accuracy, evaluation set		
phm_mx1_host	results/stage5/posthoc/met500_overall.tsv	method == 'SA-m1'	host_rate	none	3	num	exploratory	MET500	variants	host-attraction rate	at risk	MET500 exploratory variants, variants, host-attraction rate, at risk set		
phm_mx1_native	results/stage5/posthoc/met500_overall.tsv	method == 'SA-m1'	native_truth_top1	none	3	num	exploratory	MET500	variants	top-1 accuracy	native truth	MET500 exploratory variants, variants, top-1 accuracy, native truth set		
phm_mx1_n	results/stage5/posthoc/met500_overall.tsv	method == 'SA-m1'	n	none	0	num	exploratory	MET500		n	evaluation	MET500 exploratory variants, n, evaluation set		
phm_mx1_nrisk	results/stage5/posthoc/met500_overall.tsv	method == 'SA-m1'	n_at_risk	none	0	num	exploratory	MET500		n	at risk	MET500 exploratory variants, n, at risk set		
phm_mx1_nnative	results/stage5/posthoc/met500_overall.tsv	method == 'SA-m1'	n_native_truth	none	0	num	exploratory	MET500		n	native truth	MET500 exploratory variants, n, native truth set		
phm_m8_top1	results/stage5/posthoc/met500_overall.tsv	method == 'SA-m8'	top1	none	3	num	exploratory	MET500	variants	top-1 accuracy	evaluation	MET500 exploratory variants, variants, top-1 accuracy, evaluation set		
phm_m8_host	results/stage5/posthoc/met500_overall.tsv	method == 'SA-m8'	host_rate	none	3	num	exploratory	MET500	variants	host-attraction rate	at risk	MET500 exploratory variants, variants, host-attraction rate, at risk set		
phm_m8_native	results/stage5/posthoc/met500_overall.tsv	method == 'SA-m8'	native_truth_top1	none	3	num	exploratory	MET500	variants	top-1 accuracy	native truth	MET500 exploratory variants, variants, top-1 accuracy, native truth set		
phm_m8_n	results/stage5/posthoc/met500_overall.tsv	method == 'SA-m8'	n	none	0	num	exploratory	MET500		n	evaluation	MET500 exploratory variants, n, evaluation set		
phm_m8_nrisk	results/stage5/posthoc/met500_overall.tsv	method == 'SA-m8'	n_at_risk	none	0	num	exploratory	MET500		n	at risk	MET500 exploratory variants, n, at risk set		
phm_m8_nnative	results/stage5/posthoc/met500_overall.tsv	method == 'SA-m8'	n_native_truth	none	0	num	exploratory	MET500		n	native truth	MET500 exploratory variants, n, native truth set		
phm_pool22_top1	results/stage5/posthoc/met500_overall.tsv	method == 'SA-pool22'	top1	none	3	num	exploratory	MET500	22-tissue	top-1 accuracy	evaluation	MET500 exploratory variants, 22-tissue, top-1 accuracy, evaluation set		
phm_pool22_host	results/stage5/posthoc/met500_overall.tsv	method == 'SA-pool22'	host_rate	none	3	num	exploratory	MET500	22-tissue	host-attraction rate	at risk	MET500 exploratory variants, 22-tissue, host-attraction rate, at risk set		
phm_pool22_native	results/stage5/posthoc/met500_overall.tsv	method == 'SA-pool22'	native_truth_top1	none	3	num	exploratory	MET500	22-tissue	top-1 accuracy	native truth	MET500 exploratory variants, 22-tissue, top-1 accuracy, native truth set		
phm_pool22_n	results/stage5/posthoc/met500_overall.tsv	method == 'SA-pool22'	n	none	0	num	exploratory	MET500		n	evaluation	MET500 exploratory variants, n, evaluation set		
phm_pool22_nrisk	results/stage5/posthoc/met500_overall.tsv	method == 'SA-pool22'	n_at_risk	none	0	num	exploratory	MET500		n	at risk	MET500 exploratory variants, n, at risk set		
phm_pool22_nnative	results/stage5/posthoc/met500_overall.tsv	method == 'SA-pool22'	n_native_truth	none	0	num	exploratory	MET500		n	native truth	MET500 exploratory variants, n, native truth set		
phm_pool3_top1	results/stage5/posthoc/met500_overall.tsv	method == 'SA-pool3'	top1	none	3	num	exploratory	MET500	3-tissue	top-1 accuracy	evaluation	MET500 exploratory variants, 3-tissue, top-1 accuracy, evaluation set		
phm_pool3_host	results/stage5/posthoc/met500_overall.tsv	method == 'SA-pool3'	host_rate	none	3	num	exploratory	MET500	3-tissue	host-attraction rate	at risk	MET500 exploratory variants, 3-tissue, host-attraction rate, at risk set		
phm_pool3_native	results/stage5/posthoc/met500_overall.tsv	method == 'SA-pool3'	native_truth_top1	none	3	num	exploratory	MET500	3-tissue	top-1 accuracy	native truth	MET500 exploratory variants, 3-tissue, top-1 accuracy, native truth set		
phm_pool3_n	results/stage5/posthoc/met500_overall.tsv	method == 'SA-pool3'	n	none	0	num	exploratory	MET500		n	evaluation	MET500 exploratory variants, n, evaluation set		
phm_pool3_nrisk	results/stage5/posthoc/met500_overall.tsv	method == 'SA-pool3'	n_at_risk	none	0	num	exploratory	MET500		n	at risk	MET500 exploratory variants, n, at risk set		
phm_pool3_nnative	results/stage5/posthoc/met500_overall.tsv	method == 'SA-pool3'	n_native_truth	none	0	num	exploratory	MET500		n	native truth	MET500 exploratory variants, n, native truth set		
phm_r30_top1	results/stage5/posthoc/met500_overall.tsv	method == 'SA-r30'	top1	none	3	num	exploratory	MET500	variants	top-1 accuracy	evaluation	MET500 exploratory variants, variants, top-1 accuracy, evaluation set		
phm_r30_host	results/stage5/posthoc/met500_overall.tsv	method == 'SA-r30'	host_rate	none	3	num	exploratory	MET500	variants	host-attraction rate	at risk	MET500 exploratory variants, variants, host-attraction rate, at risk set		
phm_r30_native	results/stage5/posthoc/met500_overall.tsv	method == 'SA-r30'	native_truth_top1	none	3	num	exploratory	MET500	variants	top-1 accuracy	native truth	MET500 exploratory variants, variants, top-1 accuracy, native truth set		
phm_r30_n	results/stage5/posthoc/met500_overall.tsv	method == 'SA-r30'	n	none	0	num	exploratory	MET500		n	evaluation	MET500 exploratory variants, n, evaluation set		
phm_r30_nrisk	results/stage5/posthoc/met500_overall.tsv	method == 'SA-r30'	n_at_risk	none	0	num	exploratory	MET500		n	at risk	MET500 exploratory variants, n, at risk set		
phm_r30_nnative	results/stage5/posthoc/met500_overall.tsv	method == 'SA-r30'	n_native_truth	none	0	num	exploratory	MET500		n	native truth	MET500 exploratory variants, n, native truth set		
phm_r50_top1	results/stage5/posthoc/met500_overall.tsv	method == 'SA-r50'	top1	none	3	num	exploratory	MET500	variants	top-1 accuracy	evaluation	MET500 exploratory variants, variants, top-1 accuracy, evaluation set		
phm_r50_host	results/stage5/posthoc/met500_overall.tsv	method == 'SA-r50'	host_rate	none	3	num	exploratory	MET500	variants	host-attraction rate	at risk	MET500 exploratory variants, variants, host-attraction rate, at risk set		
phm_r50_native	results/stage5/posthoc/met500_overall.tsv	method == 'SA-r50'	native_truth_top1	none	3	num	exploratory	MET500	variants	top-1 accuracy	native truth	MET500 exploratory variants, variants, top-1 accuracy, native truth set		
phm_r50_n	results/stage5/posthoc/met500_overall.tsv	method == 'SA-r50'	n	none	0	num	exploratory	MET500		n	evaluation	MET500 exploratory variants, n, evaluation set		
phm_r50_nrisk	results/stage5/posthoc/met500_overall.tsv	method == 'SA-r50'	n_at_risk	none	0	num	exploratory	MET500		n	at risk	MET500 exploratory variants, n, at risk set		
phm_r50_nnative	results/stage5/posthoc/met500_overall.tsv	method == 'SA-r50'	n_native_truth	none	0	num	exploratory	MET500		n	native truth	MET500 exploratory variants, n, native truth set		
php_base_top1	results/stage5/posthoc/pog_overall.tsv	method == 'BASE-Z'	top1	none	3	num	exploratory	POG570	baseline	top-1 accuracy	evaluation	POG570 exploratory variants, baseline, top-1 accuracy, evaluation set		
php_base_host	results/stage5/posthoc/pog_overall.tsv	method == 'BASE-Z'	host_rate	none	3	num	exploratory	POG570	baseline	host-attraction rate	at risk	POG570 exploratory variants, baseline, host-attraction rate, at risk set		
php_base_native	results/stage5/posthoc/pog_overall.tsv	method == 'BASE-Z'	native_truth_top1	none	3	num	exploratory	POG570	baseline	top-1 accuracy	native truth	POG570 exploratory variants, baseline, top-1 accuracy, native truth set		
php_base_n	results/stage5/posthoc/pog_overall.tsv	method == 'BASE-Z'	n	none	0	num	exploratory	POG570		n	evaluation	POG570 exploratory variants, n, evaluation set		
php_base_nrisk	results/stage5/posthoc/pog_overall.tsv	method == 'BASE-Z'	n_at_risk	none	0	num	exploratory	POG570		n	at risk	POG570 exploratory variants, n, at risk set		
php_base_nnative	results/stage5/posthoc/pog_overall.tsv	method == 'BASE-Z'	n_native_truth	none	0	num	exploratory	POG570		n	native truth	POG570 exploratory variants, n, native truth set		
php_sa_top1	results/stage5/posthoc/pog_overall.tsv	method == 'SA-Z'	top1	none	3	num	exploratory	POG570	HostMix-TOO	top-1 accuracy	evaluation	POG570 exploratory variants, HostMix-TOO, top-1 accuracy, evaluation set		
php_sa_host	results/stage5/posthoc/pog_overall.tsv	method == 'SA-Z'	host_rate	none	3	num	exploratory	POG570	HostMix-TOO	host-attraction rate	at risk	POG570 exploratory variants, HostMix-TOO, host-attraction rate, at risk set		
php_sa_native	results/stage5/posthoc/pog_overall.tsv	method == 'SA-Z'	native_truth_top1	none	3	num	exploratory	POG570	HostMix-TOO	top-1 accuracy	native truth	POG570 exploratory variants, HostMix-TOO, top-1 accuracy, native truth set		
php_sa_n	results/stage5/posthoc/pog_overall.tsv	method == 'SA-Z'	n	none	0	num	exploratory	POG570		n	evaluation	POG570 exploratory variants, n, evaluation set		
php_sa_nrisk	results/stage5/posthoc/pog_overall.tsv	method == 'SA-Z'	n_at_risk	none	0	num	exploratory	POG570		n	at risk	POG570 exploratory variants, n, at risk set		
php_sa_nnative	results/stage5/posthoc/pog_overall.tsv	method == 'SA-Z'	n_native_truth	none	0	num	exploratory	POG570		n	native truth	POG570 exploratory variants, n, native truth set		
php_basemlp_top1	results/stage5/posthoc/pog_overall.tsv	method == 'BASE-MLP'	top1	none	3	num	exploratory	POG570	perceptron	top-1 accuracy	evaluation	POG570 exploratory variants, perceptron, top-1 accuracy, evaluation set		
php_basemlp_host	results/stage5/posthoc/pog_overall.tsv	method == 'BASE-MLP'	host_rate	none	3	num	exploratory	POG570	perceptron	host-attraction rate	at risk	POG570 exploratory variants, perceptron, host-attraction rate, at risk set		
php_basemlp_native	results/stage5/posthoc/pog_overall.tsv	method == 'BASE-MLP'	native_truth_top1	none	3	num	exploratory	POG570	perceptron	top-1 accuracy	native truth	POG570 exploratory variants, perceptron, top-1 accuracy, native truth set		
php_basemlp_n	results/stage5/posthoc/pog_overall.tsv	method == 'BASE-MLP'	n	none	0	num	exploratory	POG570		n	evaluation	POG570 exploratory variants, n, evaluation set		
php_basemlp_nrisk	results/stage5/posthoc/pog_overall.tsv	method == 'BASE-MLP'	n_at_risk	none	0	num	exploratory	POG570		n	at risk	POG570 exploratory variants, n, at risk set		
php_basemlp_nnative	results/stage5/posthoc/pog_overall.tsv	method == 'BASE-MLP'	n_native_truth	none	0	num	exploratory	POG570		n	native truth	POG570 exploratory variants, n, native truth set		
php_c001_top1	results/stage5/posthoc/pog_overall.tsv	method == 'SA-C0.01'	top1	none	3	num	exploratory	POG570	variants	top-1 accuracy	evaluation	POG570 exploratory variants, variants, top-1 accuracy, evaluation set		
php_c001_host	results/stage5/posthoc/pog_overall.tsv	method == 'SA-C0.01'	host_rate	none	3	num	exploratory	POG570	variants	host-attraction rate	at risk	POG570 exploratory variants, variants, host-attraction rate, at risk set		
php_c001_native	results/stage5/posthoc/pog_overall.tsv	method == 'SA-C0.01'	native_truth_top1	none	3	num	exploratory	POG570	variants	top-1 accuracy	native truth	POG570 exploratory variants, variants, top-1 accuracy, native truth set		
php_c001_n	results/stage5/posthoc/pog_overall.tsv	method == 'SA-C0.01'	n	none	0	num	exploratory	POG570		n	evaluation	POG570 exploratory variants, n, evaluation set		
php_c001_nrisk	results/stage5/posthoc/pog_overall.tsv	method == 'SA-C0.01'	n_at_risk	none	0	num	exploratory	POG570		n	at risk	POG570 exploratory variants, n, at risk set		
php_c001_nnative	results/stage5/posthoc/pog_overall.tsv	method == 'SA-C0.01'	n_native_truth	none	0	num	exploratory	POG570		n	native truth	POG570 exploratory variants, n, native truth set		
php_c01_top1	results/stage5/posthoc/pog_overall.tsv	method == 'SA-C0.1'	top1	none	3	num	exploratory	POG570	variants	top-1 accuracy	evaluation	POG570 exploratory variants, variants, top-1 accuracy, evaluation set		
php_c01_host	results/stage5/posthoc/pog_overall.tsv	method == 'SA-C0.1'	host_rate	none	3	num	exploratory	POG570	variants	host-attraction rate	at risk	POG570 exploratory variants, variants, host-attraction rate, at risk set		
php_c01_native	results/stage5/posthoc/pog_overall.tsv	method == 'SA-C0.1'	native_truth_top1	none	3	num	exploratory	POG570	variants	top-1 accuracy	native truth	POG570 exploratory variants, variants, top-1 accuracy, native truth set		
php_c01_n	results/stage5/posthoc/pog_overall.tsv	method == 'SA-C0.1'	n	none	0	num	exploratory	POG570		n	evaluation	POG570 exploratory variants, n, evaluation set		
php_c01_nrisk	results/stage5/posthoc/pog_overall.tsv	method == 'SA-C0.1'	n_at_risk	none	0	num	exploratory	POG570		n	at risk	POG570 exploratory variants, n, at risk set		
php_c01_nnative	results/stage5/posthoc/pog_overall.tsv	method == 'SA-C0.1'	n_native_truth	none	0	num	exploratory	POG570		n	native truth	POG570 exploratory variants, n, native truth set		
php_lohoadiposesc_top1	results/stage5/posthoc/pog_overall.tsv	method == 'SA-LOHO-Adipose - Subcutaneous'	top1	none	3	num	exploratory	POG570	leave-one-host-out	top-1 accuracy	evaluation	POG570 exploratory variants, leave-one-host-out, top-1 accuracy, evaluation set		
php_lohoadiposesc_host	results/stage5/posthoc/pog_overall.tsv	method == 'SA-LOHO-Adipose - Subcutaneous'	host_rate	none	3	num	exploratory	POG570	leave-one-host-out	host-attraction rate	at risk	POG570 exploratory variants, leave-one-host-out, host-attraction rate, at risk set		
php_lohoadiposesc_native	results/stage5/posthoc/pog_overall.tsv	method == 'SA-LOHO-Adipose - Subcutaneous'	native_truth_top1	none	3	num	exploratory	POG570	leave-one-host-out	top-1 accuracy	native truth	POG570 exploratory variants, leave-one-host-out, top-1 accuracy, native truth set		
php_lohoadiposesc_n	results/stage5/posthoc/pog_overall.tsv	method == 'SA-LOHO-Adipose - Subcutaneous'	n	none	0	num	exploratory	POG570		n	evaluation	POG570 exploratory variants, n, evaluation set		
php_lohoadiposesc_nrisk	results/stage5/posthoc/pog_overall.tsv	method == 'SA-LOHO-Adipose - Subcutaneous'	n_at_risk	none	0	num	exploratory	POG570		n	at risk	POG570 exploratory variants, n, at risk set		
php_lohoadiposesc_nnative	results/stage5/posthoc/pog_overall.tsv	method == 'SA-LOHO-Adipose - Subcutaneous'	n_native_truth	none	0	num	exploratory	POG570		n	native truth	POG570 exploratory variants, n, native truth set		
php_lohoadiposevis_top1	results/stage5/posthoc/pog_overall.tsv	method == 'SA-LOHO-Adipose - Visceral (Omentum)'	top1	none	3	num	exploratory	POG570	leave-one-host-out	top-1 accuracy	evaluation	POG570 exploratory variants, leave-one-host-out, top-1 accuracy, evaluation set		
php_lohoadiposevis_host	results/stage5/posthoc/pog_overall.tsv	method == 'SA-LOHO-Adipose - Visceral (Omentum)'	host_rate	none	3	num	exploratory	POG570	leave-one-host-out	host-attraction rate	at risk	POG570 exploratory variants, leave-one-host-out, host-attraction rate, at risk set		
php_lohoadiposevis_native	results/stage5/posthoc/pog_overall.tsv	method == 'SA-LOHO-Adipose - Visceral (Omentum)'	native_truth_top1	none	3	num	exploratory	POG570	leave-one-host-out	top-1 accuracy	native truth	POG570 exploratory variants, leave-one-host-out, top-1 accuracy, native truth set		
php_lohoadiposevis_n	results/stage5/posthoc/pog_overall.tsv	method == 'SA-LOHO-Adipose - Visceral (Omentum)'	n	none	0	num	exploratory	POG570		n	evaluation	POG570 exploratory variants, n, evaluation set		
php_lohoadiposevis_nrisk	results/stage5/posthoc/pog_overall.tsv	method == 'SA-LOHO-Adipose - Visceral (Omentum)'	n_at_risk	none	0	num	exploratory	POG570		n	at risk	POG570 exploratory variants, n, at risk set		
php_lohoadiposevis_nnative	results/stage5/posthoc/pog_overall.tsv	method == 'SA-LOHO-Adipose - Visceral (Omentum)'	n_native_truth	none	0	num	exploratory	POG570		n	native truth	POG570 exploratory variants, n, native truth set		
php_lohoadrenal_top1	results/stage5/posthoc/pog_overall.tsv	method == 'SA-LOHO-Adrenal Gland'	top1	none	3	num	exploratory	POG570	leave-one-host-out	top-1 accuracy	evaluation	POG570 exploratory variants, leave-one-host-out, top-1 accuracy, evaluation set		
php_lohoadrenal_host	results/stage5/posthoc/pog_overall.tsv	method == 'SA-LOHO-Adrenal Gland'	host_rate	none	3	num	exploratory	POG570	leave-one-host-out	host-attraction rate	at risk	POG570 exploratory variants, leave-one-host-out, host-attraction rate, at risk set		
php_lohoadrenal_native	results/stage5/posthoc/pog_overall.tsv	method == 'SA-LOHO-Adrenal Gland'	native_truth_top1	none	3	num	exploratory	POG570	leave-one-host-out	top-1 accuracy	native truth	POG570 exploratory variants, leave-one-host-out, top-1 accuracy, native truth set		
php_lohoadrenal_n	results/stage5/posthoc/pog_overall.tsv	method == 'SA-LOHO-Adrenal Gland'	n	none	0	num	exploratory	POG570		n	evaluation	POG570 exploratory variants, n, evaluation set		
php_lohoadrenal_nrisk	results/stage5/posthoc/pog_overall.tsv	method == 'SA-LOHO-Adrenal Gland'	n_at_risk	none	0	num	exploratory	POG570		n	at risk	POG570 exploratory variants, n, at risk set		
php_lohoadrenal_nnative	results/stage5/posthoc/pog_overall.tsv	method == 'SA-LOHO-Adrenal Gland'	n_native_truth	none	0	num	exploratory	POG570		n	native truth	POG570 exploratory variants, n, native truth set		
php_lohobrain_top1	results/stage5/posthoc/pog_overall.tsv	method == 'SA-LOHO-Brain - Cortex'	top1	none	3	num	exploratory	POG570	leave-one-host-out	top-1 accuracy	evaluation	POG570 exploratory variants, leave-one-host-out, top-1 accuracy, evaluation set		
php_lohobrain_host	results/stage5/posthoc/pog_overall.tsv	method == 'SA-LOHO-Brain - Cortex'	host_rate	none	3	num	exploratory	POG570	leave-one-host-out	host-attraction rate	at risk	POG570 exploratory variants, leave-one-host-out, host-attraction rate, at risk set		
php_lohobrain_native	results/stage5/posthoc/pog_overall.tsv	method == 'SA-LOHO-Brain - Cortex'	native_truth_top1	none	3	num	exploratory	POG570	leave-one-host-out	top-1 accuracy	native truth	POG570 exploratory variants, leave-one-host-out, top-1 accuracy, native truth set		
php_lohobrain_n	results/stage5/posthoc/pog_overall.tsv	method == 'SA-LOHO-Brain - Cortex'	n	none	0	num	exploratory	POG570		n	evaluation	POG570 exploratory variants, n, evaluation set		
php_lohobrain_nrisk	results/stage5/posthoc/pog_overall.tsv	method == 'SA-LOHO-Brain - Cortex'	n_at_risk	none	0	num	exploratory	POG570		n	at risk	POG570 exploratory variants, n, at risk set		
php_lohobrain_nnative	results/stage5/posthoc/pog_overall.tsv	method == 'SA-LOHO-Brain - Cortex'	n_native_truth	none	0	num	exploratory	POG570		n	native truth	POG570 exploratory variants, n, native truth set		
php_loholiver_top1	results/stage5/posthoc/pog_overall.tsv	method == 'SA-LOHO-Liver'	top1	none	3	num	exploratory	POG570	leave-one-host-out	top-1 accuracy	evaluation	POG570 exploratory variants, leave-one-host-out, top-1 accuracy, evaluation set		
php_loholiver_host	results/stage5/posthoc/pog_overall.tsv	method == 'SA-LOHO-Liver'	host_rate	none	3	num	exploratory	POG570	leave-one-host-out	host-attraction rate	at risk	POG570 exploratory variants, leave-one-host-out, host-attraction rate, at risk set		
php_loholiver_native	results/stage5/posthoc/pog_overall.tsv	method == 'SA-LOHO-Liver'	native_truth_top1	none	3	num	exploratory	POG570	leave-one-host-out	top-1 accuracy	native truth	POG570 exploratory variants, leave-one-host-out, top-1 accuracy, native truth set		
php_loholiver_n	results/stage5/posthoc/pog_overall.tsv	method == 'SA-LOHO-Liver'	n	none	0	num	exploratory	POG570		n	evaluation	POG570 exploratory variants, n, evaluation set		
php_loholiver_nrisk	results/stage5/posthoc/pog_overall.tsv	method == 'SA-LOHO-Liver'	n_at_risk	none	0	num	exploratory	POG570		n	at risk	POG570 exploratory variants, n, at risk set		
php_loholiver_nnative	results/stage5/posthoc/pog_overall.tsv	method == 'SA-LOHO-Liver'	n_native_truth	none	0	num	exploratory	POG570		n	native truth	POG570 exploratory variants, n, native truth set		
php_loholung_top1	results/stage5/posthoc/pog_overall.tsv	method == 'SA-LOHO-Lung'	top1	none	3	num	exploratory	POG570	leave-one-host-out	top-1 accuracy	evaluation	POG570 exploratory variants, leave-one-host-out, top-1 accuracy, evaluation set		
php_loholung_host	results/stage5/posthoc/pog_overall.tsv	method == 'SA-LOHO-Lung'	host_rate	none	3	num	exploratory	POG570	leave-one-host-out	host-attraction rate	at risk	POG570 exploratory variants, leave-one-host-out, host-attraction rate, at risk set		
php_loholung_native	results/stage5/posthoc/pog_overall.tsv	method == 'SA-LOHO-Lung'	native_truth_top1	none	3	num	exploratory	POG570	leave-one-host-out	top-1 accuracy	native truth	POG570 exploratory variants, leave-one-host-out, top-1 accuracy, native truth set		
php_loholung_n	results/stage5/posthoc/pog_overall.tsv	method == 'SA-LOHO-Lung'	n	none	0	num	exploratory	POG570		n	evaluation	POG570 exploratory variants, n, evaluation set		
php_loholung_nrisk	results/stage5/posthoc/pog_overall.tsv	method == 'SA-LOHO-Lung'	n_at_risk	none	0	num	exploratory	POG570		n	at risk	POG570 exploratory variants, n, at risk set		
php_loholung_nnative	results/stage5/posthoc/pog_overall.tsv	method == 'SA-LOHO-Lung'	n_native_truth	none	0	num	exploratory	POG570		n	native truth	POG570 exploratory variants, n, native truth set		
php_lohomuscle_top1	results/stage5/posthoc/pog_overall.tsv	method == 'SA-LOHO-Muscle - Skeletal'	top1	none	3	num	exploratory	POG570	leave-one-host-out	top-1 accuracy	evaluation	POG570 exploratory variants, leave-one-host-out, top-1 accuracy, evaluation set		
php_lohomuscle_host	results/stage5/posthoc/pog_overall.tsv	method == 'SA-LOHO-Muscle - Skeletal'	host_rate	none	3	num	exploratory	POG570	leave-one-host-out	host-attraction rate	at risk	POG570 exploratory variants, leave-one-host-out, host-attraction rate, at risk set		
php_lohomuscle_native	results/stage5/posthoc/pog_overall.tsv	method == 'SA-LOHO-Muscle - Skeletal'	native_truth_top1	none	3	num	exploratory	POG570	leave-one-host-out	top-1 accuracy	native truth	POG570 exploratory variants, leave-one-host-out, top-1 accuracy, native truth set		
php_lohomuscle_n	results/stage5/posthoc/pog_overall.tsv	method == 'SA-LOHO-Muscle - Skeletal'	n	none	0	num	exploratory	POG570		n	evaluation	POG570 exploratory variants, n, evaluation set		
php_lohomuscle_nrisk	results/stage5/posthoc/pog_overall.tsv	method == 'SA-LOHO-Muscle - Skeletal'	n_at_risk	none	0	num	exploratory	POG570		n	at risk	POG570 exploratory variants, n, at risk set		
php_lohomuscle_nnative	results/stage5/posthoc/pog_overall.tsv	method == 'SA-LOHO-Muscle - Skeletal'	n_native_truth	none	0	num	exploratory	POG570		n	native truth	POG570 exploratory variants, n, native truth set		
php_lohoskin_top1	results/stage5/posthoc/pog_overall.tsv	method == 'SA-LOHO-Skin - Not Sun Exposed (Suprapubic)'	top1	none	3	num	exploratory	POG570	leave-one-host-out	top-1 accuracy	evaluation	POG570 exploratory variants, leave-one-host-out, top-1 accuracy, evaluation set		
php_lohoskin_host	results/stage5/posthoc/pog_overall.tsv	method == 'SA-LOHO-Skin - Not Sun Exposed (Suprapubic)'	host_rate	none	3	num	exploratory	POG570	leave-one-host-out	host-attraction rate	at risk	POG570 exploratory variants, leave-one-host-out, host-attraction rate, at risk set		
php_lohoskin_native	results/stage5/posthoc/pog_overall.tsv	method == 'SA-LOHO-Skin - Not Sun Exposed (Suprapubic)'	native_truth_top1	none	3	num	exploratory	POG570	leave-one-host-out	top-1 accuracy	native truth	POG570 exploratory variants, leave-one-host-out, top-1 accuracy, native truth set		
php_lohoskin_n	results/stage5/posthoc/pog_overall.tsv	method == 'SA-LOHO-Skin - Not Sun Exposed (Suprapubic)'	n	none	0	num	exploratory	POG570		n	evaluation	POG570 exploratory variants, n, evaluation set		
php_lohoskin_nrisk	results/stage5/posthoc/pog_overall.tsv	method == 'SA-LOHO-Skin - Not Sun Exposed (Suprapubic)'	n_at_risk	none	0	num	exploratory	POG570		n	at risk	POG570 exploratory variants, n, at risk set		
php_lohoskin_nnative	results/stage5/posthoc/pog_overall.tsv	method == 'SA-LOHO-Skin - Not Sun Exposed (Suprapubic)'	n_native_truth	none	0	num	exploratory	POG570		n	native truth	POG570 exploratory variants, n, native truth set		
php_lohospleen_top1	results/stage5/posthoc/pog_overall.tsv	method == 'SA-LOHO-Spleen'	top1	none	3	num	exploratory	POG570	leave-one-host-out	top-1 accuracy	evaluation	POG570 exploratory variants, leave-one-host-out, top-1 accuracy, evaluation set		
php_lohospleen_host	results/stage5/posthoc/pog_overall.tsv	method == 'SA-LOHO-Spleen'	host_rate	none	3	num	exploratory	POG570	leave-one-host-out	host-attraction rate	at risk	POG570 exploratory variants, leave-one-host-out, host-attraction rate, at risk set		
php_lohospleen_native	results/stage5/posthoc/pog_overall.tsv	method == 'SA-LOHO-Spleen'	native_truth_top1	none	3	num	exploratory	POG570	leave-one-host-out	top-1 accuracy	native truth	POG570 exploratory variants, leave-one-host-out, top-1 accuracy, native truth set		
php_lohospleen_n	results/stage5/posthoc/pog_overall.tsv	method == 'SA-LOHO-Spleen'	n	none	0	num	exploratory	POG570		n	evaluation	POG570 exploratory variants, n, evaluation set		
php_lohospleen_nrisk	results/stage5/posthoc/pog_overall.tsv	method == 'SA-LOHO-Spleen'	n_at_risk	none	0	num	exploratory	POG570		n	at risk	POG570 exploratory variants, n, at risk set		
php_lohospleen_nnative	results/stage5/posthoc/pog_overall.tsv	method == 'SA-LOHO-Spleen'	n_native_truth	none	0	num	exploratory	POG570		n	native truth	POG570 exploratory variants, n, native truth set		
php_lohoblood_top1	results/stage5/posthoc/pog_overall.tsv	method == 'SA-LOHO-Whole Blood'	top1	none	3	num	exploratory	POG570	leave-one-host-out	top-1 accuracy	evaluation	POG570 exploratory variants, leave-one-host-out, top-1 accuracy, evaluation set		
php_lohoblood_host	results/stage5/posthoc/pog_overall.tsv	method == 'SA-LOHO-Whole Blood'	host_rate	none	3	num	exploratory	POG570	leave-one-host-out	host-attraction rate	at risk	POG570 exploratory variants, leave-one-host-out, host-attraction rate, at risk set		
php_lohoblood_native	results/stage5/posthoc/pog_overall.tsv	method == 'SA-LOHO-Whole Blood'	native_truth_top1	none	3	num	exploratory	POG570	leave-one-host-out	top-1 accuracy	native truth	POG570 exploratory variants, leave-one-host-out, top-1 accuracy, native truth set		
php_lohoblood_n	results/stage5/posthoc/pog_overall.tsv	method == 'SA-LOHO-Whole Blood'	n	none	0	num	exploratory	POG570		n	evaluation	POG570 exploratory variants, n, evaluation set		
php_lohoblood_nrisk	results/stage5/posthoc/pog_overall.tsv	method == 'SA-LOHO-Whole Blood'	n_at_risk	none	0	num	exploratory	POG570		n	at risk	POG570 exploratory variants, n, at risk set		
php_lohoblood_nnative	results/stage5/posthoc/pog_overall.tsv	method == 'SA-LOHO-Whole Blood'	n_native_truth	none	0	num	exploratory	POG570		n	native truth	POG570 exploratory variants, n, native truth set		
php_samlp_top1	results/stage5/posthoc/pog_overall.tsv	method == 'SA-MLP'	top1	none	3	num	exploratory	POG570	perceptron	top-1 accuracy	evaluation	POG570 exploratory variants, perceptron, top-1 accuracy, evaluation set		
php_samlp_host	results/stage5/posthoc/pog_overall.tsv	method == 'SA-MLP'	host_rate	none	3	num	exploratory	POG570	perceptron	host-attraction rate	at risk	POG570 exploratory variants, perceptron, host-attraction rate, at risk set		
php_samlp_native	results/stage5/posthoc/pog_overall.tsv	method == 'SA-MLP'	native_truth_top1	none	3	num	exploratory	POG570	perceptron	top-1 accuracy	native truth	POG570 exploratory variants, perceptron, top-1 accuracy, native truth set		
php_samlp_n	results/stage5/posthoc/pog_overall.tsv	method == 'SA-MLP'	n	none	0	num	exploratory	POG570		n	evaluation	POG570 exploratory variants, n, evaluation set		
php_samlp_nrisk	results/stage5/posthoc/pog_overall.tsv	method == 'SA-MLP'	n_at_risk	none	0	num	exploratory	POG570		n	at risk	POG570 exploratory variants, n, at risk set		
php_samlp_nnative	results/stage5/posthoc/pog_overall.tsv	method == 'SA-MLP'	n_native_truth	none	0	num	exploratory	POG570		n	native truth	POG570 exploratory variants, n, native truth set		
php_m0_top1	results/stage5/posthoc/pog_overall.tsv	method == 'SA-m0'	top1	none	3	num	exploratory	POG570	variants	top-1 accuracy	evaluation	POG570 exploratory variants, variants, top-1 accuracy, evaluation set		
php_m0_host	results/stage5/posthoc/pog_overall.tsv	method == 'SA-m0'	host_rate	none	3	num	exploratory	POG570	variants	host-attraction rate	at risk	POG570 exploratory variants, variants, host-attraction rate, at risk set		
php_m0_native	results/stage5/posthoc/pog_overall.tsv	method == 'SA-m0'	native_truth_top1	none	3	num	exploratory	POG570	variants	top-1 accuracy	native truth	POG570 exploratory variants, variants, top-1 accuracy, native truth set		
php_m0_n	results/stage5/posthoc/pog_overall.tsv	method == 'SA-m0'	n	none	0	num	exploratory	POG570		n	evaluation	POG570 exploratory variants, n, evaluation set		
php_m0_nrisk	results/stage5/posthoc/pog_overall.tsv	method == 'SA-m0'	n_at_risk	none	0	num	exploratory	POG570		n	at risk	POG570 exploratory variants, n, at risk set		
php_m0_nnative	results/stage5/posthoc/pog_overall.tsv	method == 'SA-m0'	n_native_truth	none	0	num	exploratory	POG570		n	native truth	POG570 exploratory variants, n, native truth set		
php_mx1_top1	results/stage5/posthoc/pog_overall.tsv	method == 'SA-m1'	top1	none	3	num	exploratory	POG570	variants	top-1 accuracy	evaluation	POG570 exploratory variants, variants, top-1 accuracy, evaluation set		
php_mx1_host	results/stage5/posthoc/pog_overall.tsv	method == 'SA-m1'	host_rate	none	3	num	exploratory	POG570	variants	host-attraction rate	at risk	POG570 exploratory variants, variants, host-attraction rate, at risk set		
php_mx1_native	results/stage5/posthoc/pog_overall.tsv	method == 'SA-m1'	native_truth_top1	none	3	num	exploratory	POG570	variants	top-1 accuracy	native truth	POG570 exploratory variants, variants, top-1 accuracy, native truth set		
php_mx1_n	results/stage5/posthoc/pog_overall.tsv	method == 'SA-m1'	n	none	0	num	exploratory	POG570		n	evaluation	POG570 exploratory variants, n, evaluation set		
php_mx1_nrisk	results/stage5/posthoc/pog_overall.tsv	method == 'SA-m1'	n_at_risk	none	0	num	exploratory	POG570		n	at risk	POG570 exploratory variants, n, at risk set		
php_mx1_nnative	results/stage5/posthoc/pog_overall.tsv	method == 'SA-m1'	n_native_truth	none	0	num	exploratory	POG570		n	native truth	POG570 exploratory variants, n, native truth set		
php_m8_top1	results/stage5/posthoc/pog_overall.tsv	method == 'SA-m8'	top1	none	3	num	exploratory	POG570	variants	top-1 accuracy	evaluation	POG570 exploratory variants, variants, top-1 accuracy, evaluation set		
php_m8_host	results/stage5/posthoc/pog_overall.tsv	method == 'SA-m8'	host_rate	none	3	num	exploratory	POG570	variants	host-attraction rate	at risk	POG570 exploratory variants, variants, host-attraction rate, at risk set		
php_m8_native	results/stage5/posthoc/pog_overall.tsv	method == 'SA-m8'	native_truth_top1	none	3	num	exploratory	POG570	variants	top-1 accuracy	native truth	POG570 exploratory variants, variants, top-1 accuracy, native truth set		
php_m8_n	results/stage5/posthoc/pog_overall.tsv	method == 'SA-m8'	n	none	0	num	exploratory	POG570		n	evaluation	POG570 exploratory variants, n, evaluation set		
php_m8_nrisk	results/stage5/posthoc/pog_overall.tsv	method == 'SA-m8'	n_at_risk	none	0	num	exploratory	POG570		n	at risk	POG570 exploratory variants, n, at risk set		
php_m8_nnative	results/stage5/posthoc/pog_overall.tsv	method == 'SA-m8'	n_native_truth	none	0	num	exploratory	POG570		n	native truth	POG570 exploratory variants, n, native truth set		
php_pool22_top1	results/stage5/posthoc/pog_overall.tsv	method == 'SA-pool22'	top1	none	3	num	exploratory	POG570	22-tissue	top-1 accuracy	evaluation	POG570 exploratory variants, 22-tissue, top-1 accuracy, evaluation set		
php_pool22_host	results/stage5/posthoc/pog_overall.tsv	method == 'SA-pool22'	host_rate	none	3	num	exploratory	POG570	22-tissue	host-attraction rate	at risk	POG570 exploratory variants, 22-tissue, host-attraction rate, at risk set		
php_pool22_native	results/stage5/posthoc/pog_overall.tsv	method == 'SA-pool22'	native_truth_top1	none	3	num	exploratory	POG570	22-tissue	top-1 accuracy	native truth	POG570 exploratory variants, 22-tissue, top-1 accuracy, native truth set		
php_pool22_n	results/stage5/posthoc/pog_overall.tsv	method == 'SA-pool22'	n	none	0	num	exploratory	POG570		n	evaluation	POG570 exploratory variants, n, evaluation set		
php_pool22_nrisk	results/stage5/posthoc/pog_overall.tsv	method == 'SA-pool22'	n_at_risk	none	0	num	exploratory	POG570		n	at risk	POG570 exploratory variants, n, at risk set		
php_pool22_nnative	results/stage5/posthoc/pog_overall.tsv	method == 'SA-pool22'	n_native_truth	none	0	num	exploratory	POG570		n	native truth	POG570 exploratory variants, n, native truth set		
php_pool3_top1	results/stage5/posthoc/pog_overall.tsv	method == 'SA-pool3'	top1	none	3	num	exploratory	POG570	3-tissue	top-1 accuracy	evaluation	POG570 exploratory variants, 3-tissue, top-1 accuracy, evaluation set		
php_pool3_host	results/stage5/posthoc/pog_overall.tsv	method == 'SA-pool3'	host_rate	none	3	num	exploratory	POG570	3-tissue	host-attraction rate	at risk	POG570 exploratory variants, 3-tissue, host-attraction rate, at risk set		
php_pool3_native	results/stage5/posthoc/pog_overall.tsv	method == 'SA-pool3'	native_truth_top1	none	3	num	exploratory	POG570	3-tissue	top-1 accuracy	native truth	POG570 exploratory variants, 3-tissue, top-1 accuracy, native truth set		
php_pool3_n	results/stage5/posthoc/pog_overall.tsv	method == 'SA-pool3'	n	none	0	num	exploratory	POG570		n	evaluation	POG570 exploratory variants, n, evaluation set		
php_pool3_nrisk	results/stage5/posthoc/pog_overall.tsv	method == 'SA-pool3'	n_at_risk	none	0	num	exploratory	POG570		n	at risk	POG570 exploratory variants, n, at risk set		
php_pool3_nnative	results/stage5/posthoc/pog_overall.tsv	method == 'SA-pool3'	n_native_truth	none	0	num	exploratory	POG570		n	native truth	POG570 exploratory variants, n, native truth set		
php_r30_top1	results/stage5/posthoc/pog_overall.tsv	method == 'SA-r30'	top1	none	3	num	exploratory	POG570	variants	top-1 accuracy	evaluation	POG570 exploratory variants, variants, top-1 accuracy, evaluation set		
php_r30_host	results/stage5/posthoc/pog_overall.tsv	method == 'SA-r30'	host_rate	none	3	num	exploratory	POG570	variants	host-attraction rate	at risk	POG570 exploratory variants, variants, host-attraction rate, at risk set		
php_r30_native	results/stage5/posthoc/pog_overall.tsv	method == 'SA-r30'	native_truth_top1	none	3	num	exploratory	POG570	variants	top-1 accuracy	native truth	POG570 exploratory variants, variants, top-1 accuracy, native truth set		
php_r30_n	results/stage5/posthoc/pog_overall.tsv	method == 'SA-r30'	n	none	0	num	exploratory	POG570		n	evaluation	POG570 exploratory variants, n, evaluation set		
php_r30_nrisk	results/stage5/posthoc/pog_overall.tsv	method == 'SA-r30'	n_at_risk	none	0	num	exploratory	POG570		n	at risk	POG570 exploratory variants, n, at risk set		
php_r30_nnative	results/stage5/posthoc/pog_overall.tsv	method == 'SA-r30'	n_native_truth	none	0	num	exploratory	POG570		n	native truth	POG570 exploratory variants, n, native truth set		
php_r50_top1	results/stage5/posthoc/pog_overall.tsv	method == 'SA-r50'	top1	none	3	num	exploratory	POG570	variants	top-1 accuracy	evaluation	POG570 exploratory variants, variants, top-1 accuracy, evaluation set		
php_r50_host	results/stage5/posthoc/pog_overall.tsv	method == 'SA-r50'	host_rate	none	3	num	exploratory	POG570	variants	host-attraction rate	at risk	POG570 exploratory variants, variants, host-attraction rate, at risk set		
php_r50_native	results/stage5/posthoc/pog_overall.tsv	method == 'SA-r50'	native_truth_top1	none	3	num	exploratory	POG570	variants	top-1 accuracy	native truth	POG570 exploratory variants, variants, top-1 accuracy, native truth set		
php_r50_n	results/stage5/posthoc/pog_overall.tsv	method == 'SA-r50'	n	none	0	num	exploratory	POG570		n	evaluation	POG570 exploratory variants, n, evaluation set		
php_r50_nrisk	results/stage5/posthoc/pog_overall.tsv	method == 'SA-r50'	n_at_risk	none	0	num	exploratory	POG570		n	at risk	POG570 exploratory variants, n, at risk set		
php_r50_nnative	results/stage5/posthoc/pog_overall.tsv	method == 'SA-r50'	n_native_truth	none	0	num	exploratory	POG570		n	native truth	POG570 exploratory variants, n, native truth set		
loc_none_AH1_n	results/stage8/diagnostics/leave_one_cohort.tsv	dropped == 'none' and hypothesis == 'AH1'	n	none	0	num	post hoc	aux	HostMix-TOO	host-attraction rate	at risk	auxiliary AH1 without none, n (leave-one-cohort)		
loc_none_AH1_diff	results/stage8/diagnostics/leave_one_cohort.tsv	dropped == 'none' and hypothesis == 'AH1'	diff_sa_minus_base	none	3	num	post hoc	aux	HostMix-TOO	host-attraction rate	at risk	auxiliary AH1 without none, difference (leave-one-cohort)		
loc_none_AH1_low	results/stage8/diagnostics/leave_one_cohort.tsv	dropped == 'none' and hypothesis == 'AH1'	ci_low	none	3	num	post hoc	aux	HostMix-TOO	host-attraction rate	at risk	auxiliary AH1 without none, 95% CI lower end (leave-one-cohort)		
loc_none_AH1_high	results/stage8/diagnostics/leave_one_cohort.tsv	dropped == 'none' and hypothesis == 'AH1'	ci_high	none	3	num	post hoc	aux	HostMix-TOO	host-attraction rate	at risk	auxiliary AH1 without none, 95% CI upper end (leave-one-cohort)		
loc_none_AH2_n	results/stage8/diagnostics/leave_one_cohort.tsv	dropped == 'none' and hypothesis == 'AH2'	n	none	0	num	post hoc	aux	HostMix-TOO	top-1 accuracy	evaluation	auxiliary AH2 without none, n (leave-one-cohort)		
loc_none_AH2_diff	results/stage8/diagnostics/leave_one_cohort.tsv	dropped == 'none' and hypothesis == 'AH2'	diff_sa_minus_base	none	3	num	post hoc	aux	HostMix-TOO	top-1 accuracy	evaluation	auxiliary AH2 without none, difference (leave-one-cohort)		
loc_none_AH2_low	results/stage8/diagnostics/leave_one_cohort.tsv	dropped == 'none' and hypothesis == 'AH2'	ci_low	none	3	num	post hoc	aux	HostMix-TOO	top-1 accuracy	evaluation	auxiliary AH2 without none, 95% CI lower end (leave-one-cohort)		
loc_none_AH2_high	results/stage8/diagnostics/leave_one_cohort.tsv	dropped == 'none' and hypothesis == 'AH2'	ci_high	none	3	num	post hoc	aux	HostMix-TOO	top-1 accuracy	evaluation	auxiliary AH2 without none, 95% CI upper end (leave-one-cohort)		
loc_none_AH3_n	results/stage8/diagnostics/leave_one_cohort.tsv	dropped == 'none' and hypothesis == 'AH3'	n	none	0	num	post hoc	aux	HostMix-TOO	top-1 accuracy	native truth	auxiliary AH3 without none, n (leave-one-cohort)		
loc_none_AH3_diff	results/stage8/diagnostics/leave_one_cohort.tsv	dropped == 'none' and hypothesis == 'AH3'	diff_sa_minus_base	none	3	num	post hoc	aux	HostMix-TOO	top-1 accuracy	native truth	auxiliary AH3 without none, difference (leave-one-cohort)		
loc_none_AH3_low	results/stage8/diagnostics/leave_one_cohort.tsv	dropped == 'none' and hypothesis == 'AH3'	ci_low	none	3	num	post hoc	aux	HostMix-TOO	top-1 accuracy	native truth	auxiliary AH3 without none, 95% CI lower end (leave-one-cohort)		
loc_none_AH3_high	results/stage8/diagnostics/leave_one_cohort.tsv	dropped == 'none' and hypothesis == 'AH3'	ci_high	none	3	num	post hoc	aux	HostMix-TOO	top-1 accuracy	native truth	auxiliary AH3 without none, 95% CI upper end (leave-one-cohort)		
loc_none_AH3_bound	results/stage8/diagnostics/leave_one_cohort.tsv	dropped == 'none' and hypothesis == 'AH3'	onesided_p05	none	3	num	post hoc	aux	HostMix-TOO	top-1 accuracy	native truth	auxiliary AH3 without none, one-sided 95% lower bound (leave-one-cohort)		
loc_imv_AH1_n	results/stage8/diagnostics/leave_one_cohort.tsv	dropped == 'blca_iatlas_imvigor210_2017' and hypothesis == 'AH1'	n	none	0	num	post hoc	aux	HostMix-TOO	host-attraction rate	at risk	auxiliary AH1 without blca_iatlas_imvigor210_2017, n (leave-one-cohort)		
loc_imv_AH1_diff	results/stage8/diagnostics/leave_one_cohort.tsv	dropped == 'blca_iatlas_imvigor210_2017' and hypothesis == 'AH1'	diff_sa_minus_base	none	3	num	post hoc	aux	HostMix-TOO	host-attraction rate	at risk	auxiliary AH1 without blca_iatlas_imvigor210_2017, difference (leave-one-cohort)		
loc_imv_AH1_low	results/stage8/diagnostics/leave_one_cohort.tsv	dropped == 'blca_iatlas_imvigor210_2017' and hypothesis == 'AH1'	ci_low	none	3	num	post hoc	aux	HostMix-TOO	host-attraction rate	at risk	auxiliary AH1 without blca_iatlas_imvigor210_2017, 95% CI lower end (leave-one-cohort)		
loc_imv_AH1_high	results/stage8/diagnostics/leave_one_cohort.tsv	dropped == 'blca_iatlas_imvigor210_2017' and hypothesis == 'AH1'	ci_high	none	3	num	post hoc	aux	HostMix-TOO	host-attraction rate	at risk	auxiliary AH1 without blca_iatlas_imvigor210_2017, 95% CI upper end (leave-one-cohort)		
loc_imv_AH2_n	results/stage8/diagnostics/leave_one_cohort.tsv	dropped == 'blca_iatlas_imvigor210_2017' and hypothesis == 'AH2'	n	none	0	num	post hoc	aux	HostMix-TOO	top-1 accuracy	evaluation	auxiliary AH2 without blca_iatlas_imvigor210_2017, n (leave-one-cohort)		
loc_imv_AH2_diff	results/stage8/diagnostics/leave_one_cohort.tsv	dropped == 'blca_iatlas_imvigor210_2017' and hypothesis == 'AH2'	diff_sa_minus_base	none	3	num	post hoc	aux	HostMix-TOO	top-1 accuracy	evaluation	auxiliary AH2 without blca_iatlas_imvigor210_2017, difference (leave-one-cohort)		
loc_imv_AH2_low	results/stage8/diagnostics/leave_one_cohort.tsv	dropped == 'blca_iatlas_imvigor210_2017' and hypothesis == 'AH2'	ci_low	none	3	num	post hoc	aux	HostMix-TOO	top-1 accuracy	evaluation	auxiliary AH2 without blca_iatlas_imvigor210_2017, 95% CI lower end (leave-one-cohort)		
loc_imv_AH2_high	results/stage8/diagnostics/leave_one_cohort.tsv	dropped == 'blca_iatlas_imvigor210_2017' and hypothesis == 'AH2'	ci_high	none	3	num	post hoc	aux	HostMix-TOO	top-1 accuracy	evaluation	auxiliary AH2 without blca_iatlas_imvigor210_2017, 95% CI upper end (leave-one-cohort)		
loc_imv_AH3_n	results/stage8/diagnostics/leave_one_cohort.tsv	dropped == 'blca_iatlas_imvigor210_2017' and hypothesis == 'AH3'	n	none	0	num	post hoc	aux	HostMix-TOO	top-1 accuracy	native truth	auxiliary AH3 without blca_iatlas_imvigor210_2017, n (leave-one-cohort)		
loc_imv_AH3_diff	results/stage8/diagnostics/leave_one_cohort.tsv	dropped == 'blca_iatlas_imvigor210_2017' and hypothesis == 'AH3'	diff_sa_minus_base	none	3	num	post hoc	aux	HostMix-TOO	top-1 accuracy	native truth	auxiliary AH3 without blca_iatlas_imvigor210_2017, difference (leave-one-cohort)		
loc_imv_AH3_low	results/stage8/diagnostics/leave_one_cohort.tsv	dropped == 'blca_iatlas_imvigor210_2017' and hypothesis == 'AH3'	ci_low	none	3	num	post hoc	aux	HostMix-TOO	top-1 accuracy	native truth	auxiliary AH3 without blca_iatlas_imvigor210_2017, 95% CI lower end (leave-one-cohort)		
loc_imv_AH3_high	results/stage8/diagnostics/leave_one_cohort.tsv	dropped == 'blca_iatlas_imvigor210_2017' and hypothesis == 'AH3'	ci_high	none	3	num	post hoc	aux	HostMix-TOO	top-1 accuracy	native truth	auxiliary AH3 without blca_iatlas_imvigor210_2017, 95% CI upper end (leave-one-cohort)		
loc_imv_AH3_bound	results/stage8/diagnostics/leave_one_cohort.tsv	dropped == 'blca_iatlas_imvigor210_2017' and hypothesis == 'AH3'	onesided_p05	none	3	num	post hoc	aux	HostMix-TOO	top-1 accuracy	native truth	auxiliary AH3 without blca_iatlas_imvigor210_2017, one-sided 95% lower bound (leave-one-cohort)		
loc_anders_AH1_n	results/stage8/diagnostics/leave_one_cohort.tsv	dropped == 'brca_iatlas_anders_2022' and hypothesis == 'AH1'	n	none	0	num	post hoc	aux	HostMix-TOO	host-attraction rate	at risk	auxiliary AH1 without brca_iatlas_anders_2022, n (leave-one-cohort)		
loc_anders_AH1_diff	results/stage8/diagnostics/leave_one_cohort.tsv	dropped == 'brca_iatlas_anders_2022' and hypothesis == 'AH1'	diff_sa_minus_base	none	3	num	post hoc	aux	HostMix-TOO	host-attraction rate	at risk	auxiliary AH1 without brca_iatlas_anders_2022, difference (leave-one-cohort)		
loc_anders_AH1_low	results/stage8/diagnostics/leave_one_cohort.tsv	dropped == 'brca_iatlas_anders_2022' and hypothesis == 'AH1'	ci_low	none	3	num	post hoc	aux	HostMix-TOO	host-attraction rate	at risk	auxiliary AH1 without brca_iatlas_anders_2022, 95% CI lower end (leave-one-cohort)		
loc_anders_AH1_high	results/stage8/diagnostics/leave_one_cohort.tsv	dropped == 'brca_iatlas_anders_2022' and hypothesis == 'AH1'	ci_high	none	3	num	post hoc	aux	HostMix-TOO	host-attraction rate	at risk	auxiliary AH1 without brca_iatlas_anders_2022, 95% CI upper end (leave-one-cohort)		
loc_anders_AH2_n	results/stage8/diagnostics/leave_one_cohort.tsv	dropped == 'brca_iatlas_anders_2022' and hypothesis == 'AH2'	n	none	0	num	post hoc	aux	HostMix-TOO	top-1 accuracy	evaluation	auxiliary AH2 without brca_iatlas_anders_2022, n (leave-one-cohort)		
loc_anders_AH2_diff	results/stage8/diagnostics/leave_one_cohort.tsv	dropped == 'brca_iatlas_anders_2022' and hypothesis == 'AH2'	diff_sa_minus_base	none	3	num	post hoc	aux	HostMix-TOO	top-1 accuracy	evaluation	auxiliary AH2 without brca_iatlas_anders_2022, difference (leave-one-cohort)		
loc_anders_AH2_low	results/stage8/diagnostics/leave_one_cohort.tsv	dropped == 'brca_iatlas_anders_2022' and hypothesis == 'AH2'	ci_low	none	3	num	post hoc	aux	HostMix-TOO	top-1 accuracy	evaluation	auxiliary AH2 without brca_iatlas_anders_2022, 95% CI lower end (leave-one-cohort)		
loc_anders_AH2_high	results/stage8/diagnostics/leave_one_cohort.tsv	dropped == 'brca_iatlas_anders_2022' and hypothesis == 'AH2'	ci_high	none	3	num	post hoc	aux	HostMix-TOO	top-1 accuracy	evaluation	auxiliary AH2 without brca_iatlas_anders_2022, 95% CI upper end (leave-one-cohort)		
loc_anders_AH3_n	results/stage8/diagnostics/leave_one_cohort.tsv	dropped == 'brca_iatlas_anders_2022' and hypothesis == 'AH3'	n	none	0	num	post hoc	aux	HostMix-TOO	top-1 accuracy	native truth	auxiliary AH3 without brca_iatlas_anders_2022, n (leave-one-cohort)		
loc_anders_AH3_diff	results/stage8/diagnostics/leave_one_cohort.tsv	dropped == 'brca_iatlas_anders_2022' and hypothesis == 'AH3'	diff_sa_minus_base	none	3	num	post hoc	aux	HostMix-TOO	top-1 accuracy	native truth	auxiliary AH3 without brca_iatlas_anders_2022, difference (leave-one-cohort)		
loc_anders_AH3_low	results/stage8/diagnostics/leave_one_cohort.tsv	dropped == 'brca_iatlas_anders_2022' and hypothesis == 'AH3'	ci_low	none	3	num	post hoc	aux	HostMix-TOO	top-1 accuracy	native truth	auxiliary AH3 without brca_iatlas_anders_2022, 95% CI lower end (leave-one-cohort)		
loc_anders_AH3_high	results/stage8/diagnostics/leave_one_cohort.tsv	dropped == 'brca_iatlas_anders_2022' and hypothesis == 'AH3'	ci_high	none	3	num	post hoc	aux	HostMix-TOO	top-1 accuracy	native truth	auxiliary AH3 without brca_iatlas_anders_2022, 95% CI upper end (leave-one-cohort)		
loc_anders_AH3_bound	results/stage8/diagnostics/leave_one_cohort.tsv	dropped == 'brca_iatlas_anders_2022' and hypothesis == 'AH3'	onesided_p05	none	3	num	post hoc	aux	HostMix-TOO	top-1 accuracy	native truth	auxiliary AH3 without brca_iatlas_anders_2022, one-sided 95% lower bound (leave-one-cohort)		
loc_dfci_AH1_n	results/stage8/diagnostics/leave_one_cohort.tsv	dropped == 'mel_dfci_2019' and hypothesis == 'AH1'	n	none	0	num	post hoc	aux	HostMix-TOO	host-attraction rate	at risk	auxiliary AH1 without mel_dfci_2019, n (leave-one-cohort)		
loc_dfci_AH1_diff	results/stage8/diagnostics/leave_one_cohort.tsv	dropped == 'mel_dfci_2019' and hypothesis == 'AH1'	diff_sa_minus_base	none	3	num	post hoc	aux	HostMix-TOO	host-attraction rate	at risk	auxiliary AH1 without mel_dfci_2019, difference (leave-one-cohort)		
loc_dfci_AH1_low	results/stage8/diagnostics/leave_one_cohort.tsv	dropped == 'mel_dfci_2019' and hypothesis == 'AH1'	ci_low	none	3	num	post hoc	aux	HostMix-TOO	host-attraction rate	at risk	auxiliary AH1 without mel_dfci_2019, 95% CI lower end (leave-one-cohort)		
loc_dfci_AH1_high	results/stage8/diagnostics/leave_one_cohort.tsv	dropped == 'mel_dfci_2019' and hypothesis == 'AH1'	ci_high	none	3	num	post hoc	aux	HostMix-TOO	host-attraction rate	at risk	auxiliary AH1 without mel_dfci_2019, 95% CI upper end (leave-one-cohort)		
loc_dfci_AH2_n	results/stage8/diagnostics/leave_one_cohort.tsv	dropped == 'mel_dfci_2019' and hypothesis == 'AH2'	n	none	0	num	post hoc	aux	HostMix-TOO	top-1 accuracy	evaluation	auxiliary AH2 without mel_dfci_2019, n (leave-one-cohort)		
loc_dfci_AH2_diff	results/stage8/diagnostics/leave_one_cohort.tsv	dropped == 'mel_dfci_2019' and hypothesis == 'AH2'	diff_sa_minus_base	none	3	num	post hoc	aux	HostMix-TOO	top-1 accuracy	evaluation	auxiliary AH2 without mel_dfci_2019, difference (leave-one-cohort)		
loc_dfci_AH2_low	results/stage8/diagnostics/leave_one_cohort.tsv	dropped == 'mel_dfci_2019' and hypothesis == 'AH2'	ci_low	none	3	num	post hoc	aux	HostMix-TOO	top-1 accuracy	evaluation	auxiliary AH2 without mel_dfci_2019, 95% CI lower end (leave-one-cohort)		
loc_dfci_AH2_high	results/stage8/diagnostics/leave_one_cohort.tsv	dropped == 'mel_dfci_2019' and hypothesis == 'AH2'	ci_high	none	3	num	post hoc	aux	HostMix-TOO	top-1 accuracy	evaluation	auxiliary AH2 without mel_dfci_2019, 95% CI upper end (leave-one-cohort)		
loc_dfci_AH3_n	results/stage8/diagnostics/leave_one_cohort.tsv	dropped == 'mel_dfci_2019' and hypothesis == 'AH3'	n	none	0	num	post hoc	aux	HostMix-TOO	top-1 accuracy	native truth	auxiliary AH3 without mel_dfci_2019, n (leave-one-cohort)		
loc_dfci_AH3_diff	results/stage8/diagnostics/leave_one_cohort.tsv	dropped == 'mel_dfci_2019' and hypothesis == 'AH3'	diff_sa_minus_base	none	3	num	post hoc	aux	HostMix-TOO	top-1 accuracy	native truth	auxiliary AH3 without mel_dfci_2019, difference (leave-one-cohort)		
loc_dfci_AH3_low	results/stage8/diagnostics/leave_one_cohort.tsv	dropped == 'mel_dfci_2019' and hypothesis == 'AH3'	ci_low	none	3	num	post hoc	aux	HostMix-TOO	top-1 accuracy	native truth	auxiliary AH3 without mel_dfci_2019, 95% CI lower end (leave-one-cohort)		
loc_dfci_AH3_high	results/stage8/diagnostics/leave_one_cohort.tsv	dropped == 'mel_dfci_2019' and hypothesis == 'AH3'	ci_high	none	3	num	post hoc	aux	HostMix-TOO	top-1 accuracy	native truth	auxiliary AH3 without mel_dfci_2019, 95% CI upper end (leave-one-cohort)		
loc_dfci_AH3_bound	results/stage8/diagnostics/leave_one_cohort.tsv	dropped == 'mel_dfci_2019' and hypothesis == 'AH3'	onesided_p05	none	3	num	post hoc	aux	HostMix-TOO	top-1 accuracy	native truth	auxiliary AH3 without mel_dfci_2019, one-sided 95% lower bound (leave-one-cohort)		
loc_prince_AH1_n	results/stage8/diagnostics/leave_one_cohort.tsv	dropped == 'paad_iatlas_prince_2022' and hypothesis == 'AH1'	n	none	0	num	post hoc	aux	HostMix-TOO	host-attraction rate	at risk	auxiliary AH1 without paad_iatlas_prince_2022, n (leave-one-cohort)		
loc_prince_AH1_diff	results/stage8/diagnostics/leave_one_cohort.tsv	dropped == 'paad_iatlas_prince_2022' and hypothesis == 'AH1'	diff_sa_minus_base	none	3	num	post hoc	aux	HostMix-TOO	host-attraction rate	at risk	auxiliary AH1 without paad_iatlas_prince_2022, difference (leave-one-cohort)		
loc_prince_AH1_low	results/stage8/diagnostics/leave_one_cohort.tsv	dropped == 'paad_iatlas_prince_2022' and hypothesis == 'AH1'	ci_low	none	3	num	post hoc	aux	HostMix-TOO	host-attraction rate	at risk	auxiliary AH1 without paad_iatlas_prince_2022, 95% CI lower end (leave-one-cohort)		
loc_prince_AH1_high	results/stage8/diagnostics/leave_one_cohort.tsv	dropped == 'paad_iatlas_prince_2022' and hypothesis == 'AH1'	ci_high	none	3	num	post hoc	aux	HostMix-TOO	host-attraction rate	at risk	auxiliary AH1 without paad_iatlas_prince_2022, 95% CI upper end (leave-one-cohort)		
loc_prince_AH2_n	results/stage8/diagnostics/leave_one_cohort.tsv	dropped == 'paad_iatlas_prince_2022' and hypothesis == 'AH2'	n	none	0	num	post hoc	aux	HostMix-TOO	top-1 accuracy	evaluation	auxiliary AH2 without paad_iatlas_prince_2022, n (leave-one-cohort)		
loc_prince_AH2_diff	results/stage8/diagnostics/leave_one_cohort.tsv	dropped == 'paad_iatlas_prince_2022' and hypothesis == 'AH2'	diff_sa_minus_base	none	3	num	post hoc	aux	HostMix-TOO	top-1 accuracy	evaluation	auxiliary AH2 without paad_iatlas_prince_2022, difference (leave-one-cohort)		
loc_prince_AH2_low	results/stage8/diagnostics/leave_one_cohort.tsv	dropped == 'paad_iatlas_prince_2022' and hypothesis == 'AH2'	ci_low	none	3	num	post hoc	aux	HostMix-TOO	top-1 accuracy	evaluation	auxiliary AH2 without paad_iatlas_prince_2022, 95% CI lower end (leave-one-cohort)		
loc_prince_AH2_high	results/stage8/diagnostics/leave_one_cohort.tsv	dropped == 'paad_iatlas_prince_2022' and hypothesis == 'AH2'	ci_high	none	3	num	post hoc	aux	HostMix-TOO	top-1 accuracy	evaluation	auxiliary AH2 without paad_iatlas_prince_2022, 95% CI upper end (leave-one-cohort)		
loc_prince_AH3_n	results/stage8/diagnostics/leave_one_cohort.tsv	dropped == 'paad_iatlas_prince_2022' and hypothesis == 'AH3'	n	none	0	num	post hoc	aux	HostMix-TOO	top-1 accuracy	native truth	auxiliary AH3 without paad_iatlas_prince_2022, n (leave-one-cohort)		
loc_prince_AH3_diff	results/stage8/diagnostics/leave_one_cohort.tsv	dropped == 'paad_iatlas_prince_2022' and hypothesis == 'AH3'	diff_sa_minus_base	none	3	num	post hoc	aux	HostMix-TOO	top-1 accuracy	native truth	auxiliary AH3 without paad_iatlas_prince_2022, difference (leave-one-cohort)		
loc_prince_AH3_low	results/stage8/diagnostics/leave_one_cohort.tsv	dropped == 'paad_iatlas_prince_2022' and hypothesis == 'AH3'	ci_low	none	3	num	post hoc	aux	HostMix-TOO	top-1 accuracy	native truth	auxiliary AH3 without paad_iatlas_prince_2022, 95% CI lower end (leave-one-cohort)		
loc_prince_AH3_high	results/stage8/diagnostics/leave_one_cohort.tsv	dropped == 'paad_iatlas_prince_2022' and hypothesis == 'AH3'	ci_high	none	3	num	post hoc	aux	HostMix-TOO	top-1 accuracy	native truth	auxiliary AH3 without paad_iatlas_prince_2022, 95% CI upper end (leave-one-cohort)		
loc_prince_AH3_bound	results/stage8/diagnostics/leave_one_cohort.tsv	dropped == 'paad_iatlas_prince_2022' and hypothesis == 'AH3'	onesided_p05	none	3	num	post hoc	aux	HostMix-TOO	top-1 accuracy	native truth	auxiliary AH3 without paad_iatlas_prince_2022, one-sided 95% lower bound (leave-one-cohort)		
loc_gse50760_AH1_n	results/stage8/diagnostics/leave_one_cohort.tsv	dropped == 'GSE50760' and hypothesis == 'AH1'	n	none	0	num	post hoc	aux	HostMix-TOO	host-attraction rate	at risk	auxiliary AH1 without GSE50760, n (leave-one-cohort)		
loc_gse50760_AH1_diff	results/stage8/diagnostics/leave_one_cohort.tsv	dropped == 'GSE50760' and hypothesis == 'AH1'	diff_sa_minus_base	none	3	num	post hoc	aux	HostMix-TOO	host-attraction rate	at risk	auxiliary AH1 without GSE50760, difference (leave-one-cohort)		
loc_gse50760_AH1_low	results/stage8/diagnostics/leave_one_cohort.tsv	dropped == 'GSE50760' and hypothesis == 'AH1'	ci_low	none	3	num	post hoc	aux	HostMix-TOO	host-attraction rate	at risk	auxiliary AH1 without GSE50760, 95% CI lower end (leave-one-cohort)		
loc_gse50760_AH1_high	results/stage8/diagnostics/leave_one_cohort.tsv	dropped == 'GSE50760' and hypothesis == 'AH1'	ci_high	none	3	num	post hoc	aux	HostMix-TOO	host-attraction rate	at risk	auxiliary AH1 without GSE50760, 95% CI upper end (leave-one-cohort)		
loc_gse50760_AH2_n	results/stage8/diagnostics/leave_one_cohort.tsv	dropped == 'GSE50760' and hypothesis == 'AH2'	n	none	0	num	post hoc	aux	HostMix-TOO	top-1 accuracy	evaluation	auxiliary AH2 without GSE50760, n (leave-one-cohort)		
loc_gse50760_AH2_diff	results/stage8/diagnostics/leave_one_cohort.tsv	dropped == 'GSE50760' and hypothesis == 'AH2'	diff_sa_minus_base	none	3	num	post hoc	aux	HostMix-TOO	top-1 accuracy	evaluation	auxiliary AH2 without GSE50760, difference (leave-one-cohort)		
loc_gse50760_AH2_low	results/stage8/diagnostics/leave_one_cohort.tsv	dropped == 'GSE50760' and hypothesis == 'AH2'	ci_low	none	3	num	post hoc	aux	HostMix-TOO	top-1 accuracy	evaluation	auxiliary AH2 without GSE50760, 95% CI lower end (leave-one-cohort)		
loc_gse50760_AH2_high	results/stage8/diagnostics/leave_one_cohort.tsv	dropped == 'GSE50760' and hypothesis == 'AH2'	ci_high	none	3	num	post hoc	aux	HostMix-TOO	top-1 accuracy	evaluation	auxiliary AH2 without GSE50760, 95% CI upper end (leave-one-cohort)		
loc_gse50760_AH3_n	results/stage8/diagnostics/leave_one_cohort.tsv	dropped == 'GSE50760' and hypothesis == 'AH3'	n	none	0	num	post hoc	aux	HostMix-TOO	top-1 accuracy	native truth	auxiliary AH3 without GSE50760, n (leave-one-cohort)		
loc_gse50760_AH3_diff	results/stage8/diagnostics/leave_one_cohort.tsv	dropped == 'GSE50760' and hypothesis == 'AH3'	diff_sa_minus_base	none	3	num	post hoc	aux	HostMix-TOO	top-1 accuracy	native truth	auxiliary AH3 without GSE50760, difference (leave-one-cohort)		
loc_gse50760_AH3_low	results/stage8/diagnostics/leave_one_cohort.tsv	dropped == 'GSE50760' and hypothesis == 'AH3'	ci_low	none	3	num	post hoc	aux	HostMix-TOO	top-1 accuracy	native truth	auxiliary AH3 without GSE50760, 95% CI lower end (leave-one-cohort)		
loc_gse50760_AH3_high	results/stage8/diagnostics/leave_one_cohort.tsv	dropped == 'GSE50760' and hypothesis == 'AH3'	ci_high	none	3	num	post hoc	aux	HostMix-TOO	top-1 accuracy	native truth	auxiliary AH3 without GSE50760, 95% CI upper end (leave-one-cohort)		
loc_gse50760_AH3_bound	results/stage8/diagnostics/leave_one_cohort.tsv	dropped == 'GSE50760' and hypothesis == 'AH3'	onesided_p05	none	3	num	post hoc	aux	HostMix-TOO	top-1 accuracy	native truth	auxiliary AH3 without GSE50760, one-sided 95% lower bound (leave-one-cohort)		
loc_su2c_AH1_n	results/stage8/diagnostics/leave_one_cohort.tsv	dropped == 'prad_su2c_2019' and hypothesis == 'AH1'	n	none	0	num	post hoc	aux	HostMix-TOO	host-attraction rate	at risk	auxiliary AH1 without prad_su2c_2019, n (leave-one-cohort)		
loc_su2c_AH1_diff	results/stage8/diagnostics/leave_one_cohort.tsv	dropped == 'prad_su2c_2019' and hypothesis == 'AH1'	diff_sa_minus_base	none	3	num	post hoc	aux	HostMix-TOO	host-attraction rate	at risk	auxiliary AH1 without prad_su2c_2019, difference (leave-one-cohort)		
loc_su2c_AH1_low	results/stage8/diagnostics/leave_one_cohort.tsv	dropped == 'prad_su2c_2019' and hypothesis == 'AH1'	ci_low	none	3	num	post hoc	aux	HostMix-TOO	host-attraction rate	at risk	auxiliary AH1 without prad_su2c_2019, 95% CI lower end (leave-one-cohort)		
loc_su2c_AH1_high	results/stage8/diagnostics/leave_one_cohort.tsv	dropped == 'prad_su2c_2019' and hypothesis == 'AH1'	ci_high	none	3	num	post hoc	aux	HostMix-TOO	host-attraction rate	at risk	auxiliary AH1 without prad_su2c_2019, 95% CI upper end (leave-one-cohort)		
loc_su2c_AH2_n	results/stage8/diagnostics/leave_one_cohort.tsv	dropped == 'prad_su2c_2019' and hypothesis == 'AH2'	n	none	0	num	post hoc	aux	HostMix-TOO	top-1 accuracy	evaluation	auxiliary AH2 without prad_su2c_2019, n (leave-one-cohort)		
loc_su2c_AH2_diff	results/stage8/diagnostics/leave_one_cohort.tsv	dropped == 'prad_su2c_2019' and hypothesis == 'AH2'	diff_sa_minus_base	none	3	num	post hoc	aux	HostMix-TOO	top-1 accuracy	evaluation	auxiliary AH2 without prad_su2c_2019, difference (leave-one-cohort)		
loc_su2c_AH2_low	results/stage8/diagnostics/leave_one_cohort.tsv	dropped == 'prad_su2c_2019' and hypothesis == 'AH2'	ci_low	none	3	num	post hoc	aux	HostMix-TOO	top-1 accuracy	evaluation	auxiliary AH2 without prad_su2c_2019, 95% CI lower end (leave-one-cohort)		
loc_su2c_AH2_high	results/stage8/diagnostics/leave_one_cohort.tsv	dropped == 'prad_su2c_2019' and hypothesis == 'AH2'	ci_high	none	3	num	post hoc	aux	HostMix-TOO	top-1 accuracy	evaluation	auxiliary AH2 without prad_su2c_2019, 95% CI upper end (leave-one-cohort)		
loc_su2c_AH3_n	results/stage8/diagnostics/leave_one_cohort.tsv	dropped == 'prad_su2c_2019' and hypothesis == 'AH3'	n	none	0	num	post hoc	aux	HostMix-TOO	top-1 accuracy	native truth	auxiliary AH3 without prad_su2c_2019, n (leave-one-cohort)		
loc_su2c_AH3_diff	results/stage8/diagnostics/leave_one_cohort.tsv	dropped == 'prad_su2c_2019' and hypothesis == 'AH3'	diff_sa_minus_base	none	3	num	post hoc	aux	HostMix-TOO	top-1 accuracy	native truth	auxiliary AH3 without prad_su2c_2019, difference (leave-one-cohort)		
loc_su2c_AH3_low	results/stage8/diagnostics/leave_one_cohort.tsv	dropped == 'prad_su2c_2019' and hypothesis == 'AH3'	ci_low	none	3	num	post hoc	aux	HostMix-TOO	top-1 accuracy	native truth	auxiliary AH3 without prad_su2c_2019, 95% CI lower end (leave-one-cohort)		
loc_su2c_AH3_high	results/stage8/diagnostics/leave_one_cohort.tsv	dropped == 'prad_su2c_2019' and hypothesis == 'AH3'	ci_high	none	3	num	post hoc	aux	HostMix-TOO	top-1 accuracy	native truth	auxiliary AH3 without prad_su2c_2019, 95% CI upper end (leave-one-cohort)		
loc_su2c_AH3_bound	results/stage8/diagnostics/leave_one_cohort.tsv	dropped == 'prad_su2c_2019' and hypothesis == 'AH3'	onesided_p05	none	3	num	post hoc	aux	HostMix-TOO	top-1 accuracy	native truth	auxiliary AH3 without prad_su2c_2019, one-sided 95% lower bound (leave-one-cohort)		
loc_drop_blca_and_paad_AH1_n	results/stage8/diagnostics/leave_one_cohort.tsv	dropped == 'drop_blca_and_paad' and hypothesis == 'AH1'	n	none	0	num	post hoc	aux	HostMix-TOO	host-attraction rate	at risk	auxiliary AH1 without drop_blca_and_paad, n (leave-one-cohort)		
loc_drop_blca_and_paad_AH1_diff	results/stage8/diagnostics/leave_one_cohort.tsv	dropped == 'drop_blca_and_paad' and hypothesis == 'AH1'	diff_sa_minus_base	none	3	num	post hoc	aux	HostMix-TOO	host-attraction rate	at risk	auxiliary AH1 without drop_blca_and_paad, difference (leave-one-cohort)		
loc_drop_blca_and_paad_AH1_low	results/stage8/diagnostics/leave_one_cohort.tsv	dropped == 'drop_blca_and_paad' and hypothesis == 'AH1'	ci_low	none	3	num	post hoc	aux	HostMix-TOO	host-attraction rate	at risk	auxiliary AH1 without drop_blca_and_paad, 95% CI lower end (leave-one-cohort)		
loc_drop_blca_and_paad_AH1_high	results/stage8/diagnostics/leave_one_cohort.tsv	dropped == 'drop_blca_and_paad' and hypothesis == 'AH1'	ci_high	none	3	num	post hoc	aux	HostMix-TOO	host-attraction rate	at risk	auxiliary AH1 without drop_blca_and_paad, 95% CI upper end (leave-one-cohort)		
loc_drop_blca_and_paad_AH2_n	results/stage8/diagnostics/leave_one_cohort.tsv	dropped == 'drop_blca_and_paad' and hypothesis == 'AH2'	n	none	0	num	post hoc	aux	HostMix-TOO	top-1 accuracy	evaluation	auxiliary AH2 without drop_blca_and_paad, n (leave-one-cohort)		
loc_drop_blca_and_paad_AH2_diff	results/stage8/diagnostics/leave_one_cohort.tsv	dropped == 'drop_blca_and_paad' and hypothesis == 'AH2'	diff_sa_minus_base	none	3	num	post hoc	aux	HostMix-TOO	top-1 accuracy	evaluation	auxiliary AH2 without drop_blca_and_paad, difference (leave-one-cohort)		
loc_drop_blca_and_paad_AH2_low	results/stage8/diagnostics/leave_one_cohort.tsv	dropped == 'drop_blca_and_paad' and hypothesis == 'AH2'	ci_low	none	3	num	post hoc	aux	HostMix-TOO	top-1 accuracy	evaluation	auxiliary AH2 without drop_blca_and_paad, 95% CI lower end (leave-one-cohort)		
loc_drop_blca_and_paad_AH2_high	results/stage8/diagnostics/leave_one_cohort.tsv	dropped == 'drop_blca_and_paad' and hypothesis == 'AH2'	ci_high	none	3	num	post hoc	aux	HostMix-TOO	top-1 accuracy	evaluation	auxiliary AH2 without drop_blca_and_paad, 95% CI upper end (leave-one-cohort)		
loc_drop_blca_and_paad_AH3_n	results/stage8/diagnostics/leave_one_cohort.tsv	dropped == 'drop_blca_and_paad' and hypothesis == 'AH3'	n	none	0	num	post hoc	aux	HostMix-TOO	top-1 accuracy	native truth	auxiliary AH3 without drop_blca_and_paad, n (leave-one-cohort)		
loc_drop_blca_and_paad_AH3_diff	results/stage8/diagnostics/leave_one_cohort.tsv	dropped == 'drop_blca_and_paad' and hypothesis == 'AH3'	diff_sa_minus_base	none	3	num	post hoc	aux	HostMix-TOO	top-1 accuracy	native truth	auxiliary AH3 without drop_blca_and_paad, difference (leave-one-cohort)		
loc_drop_blca_and_paad_AH3_low	results/stage8/diagnostics/leave_one_cohort.tsv	dropped == 'drop_blca_and_paad' and hypothesis == 'AH3'	ci_low	none	3	num	post hoc	aux	HostMix-TOO	top-1 accuracy	native truth	auxiliary AH3 without drop_blca_and_paad, 95% CI lower end (leave-one-cohort)		
loc_drop_blca_and_paad_AH3_high	results/stage8/diagnostics/leave_one_cohort.tsv	dropped == 'drop_blca_and_paad' and hypothesis == 'AH3'	ci_high	none	3	num	post hoc	aux	HostMix-TOO	top-1 accuracy	native truth	auxiliary AH3 without drop_blca_and_paad, 95% CI upper end (leave-one-cohort)		
loc_drop_blca_and_paad_AH3_bound	results/stage8/diagnostics/leave_one_cohort.tsv	dropped == 'drop_blca_and_paad' and hypothesis == 'AH3'	onesided_p05	none	3	num	post hoc	aux	HostMix-TOO	top-1 accuracy	native truth	auxiliary AH3 without drop_blca_and_paad, one-sided 95% lower bound (leave-one-cohort)		
mae_AH1_n	results/stage7/confirm/tables/microarray_effects.tsv	hypothesis == 'AH1'	n	none	0	num	pre-specified descriptive	microarray	HostMix-TOO	host-attraction rate	at risk	microarray layer, AH1 contrast, n (pre-specified descriptive)		
mae_AH1_diff	results/stage7/confirm/tables/microarray_effects.tsv	hypothesis == 'AH1'	diff_sa_minus_comparator	none	3	num	pre-specified descriptive	microarray	HostMix-TOO	host-attraction rate	at risk	microarray layer, AH1 contrast, difference (pre-specified descriptive)		
mae_AH1_low	results/stage7/confirm/tables/microarray_effects.tsv	hypothesis == 'AH1'	ci_low	none	3	num	pre-specified descriptive	microarray	HostMix-TOO	host-attraction rate	at risk	microarray layer, AH1 contrast, 95% CI lower end (pre-specified descriptive)		
mae_AH1_high	results/stage7/confirm/tables/microarray_effects.tsv	hypothesis == 'AH1'	ci_high	none	3	num	pre-specified descriptive	microarray	HostMix-TOO	host-attraction rate	at risk	microarray layer, AH1 contrast, 95% CI upper end (pre-specified descriptive)		
mae_AH2_n	results/stage7/confirm/tables/microarray_effects.tsv	hypothesis == 'AH2'	n	none	0	num	pre-specified descriptive	microarray	HostMix-TOO	top-1 accuracy	evaluation	microarray layer, AH2 contrast, n (pre-specified descriptive)		
mae_AH2_diff	results/stage7/confirm/tables/microarray_effects.tsv	hypothesis == 'AH2'	diff_sa_minus_comparator	none	3	num	pre-specified descriptive	microarray	HostMix-TOO	top-1 accuracy	evaluation	microarray layer, AH2 contrast, difference (pre-specified descriptive)		
mae_AH2_low	results/stage7/confirm/tables/microarray_effects.tsv	hypothesis == 'AH2'	ci_low	none	3	num	pre-specified descriptive	microarray	HostMix-TOO	top-1 accuracy	evaluation	microarray layer, AH2 contrast, 95% CI lower end (pre-specified descriptive)		
mae_AH2_high	results/stage7/confirm/tables/microarray_effects.tsv	hypothesis == 'AH2'	ci_high	none	3	num	pre-specified descriptive	microarray	HostMix-TOO	top-1 accuracy	evaluation	microarray layer, AH2 contrast, 95% CI upper end (pre-specified descriptive)		
mae_AH3_n	results/stage7/confirm/tables/microarray_effects.tsv	hypothesis == 'AH3'	n	none	0	num	pre-specified descriptive	microarray	HostMix-TOO	top-1 accuracy	native truth	microarray layer, AH3 contrast, n (pre-specified descriptive)		
mae_AH3_diff	results/stage7/confirm/tables/microarray_effects.tsv	hypothesis == 'AH3'	diff_sa_minus_comparator	none	3	num	pre-specified descriptive	microarray	HostMix-TOO	top-1 accuracy	native truth	microarray layer, AH3 contrast, difference (pre-specified descriptive)		
mae_AH3_low	results/stage7/confirm/tables/microarray_effects.tsv	hypothesis == 'AH3'	ci_low	none	3	num	pre-specified descriptive	microarray	HostMix-TOO	top-1 accuracy	native truth	microarray layer, AH3 contrast, 95% CI lower end (pre-specified descriptive)		
mae_AH3_high	results/stage7/confirm/tables/microarray_effects.tsv	hypothesis == 'AH3'	ci_high	none	3	num	pre-specified descriptive	microarray	HostMix-TOO	top-1 accuracy	native truth	microarray layer, AH3 contrast, 95% CI upper end (pre-specified descriptive)		
mae_AS1_n	results/stage7/confirm/tables/microarray_effects.tsv	hypothesis == 'AS1'	n	none	0	num	pre-specified descriptive	microarray	HostMix-TOO	top-1 accuracy		microarray layer, AS1 contrast, n (pre-specified descriptive)		
mae_AS1_low	results/stage7/confirm/tables/microarray_effects.tsv	hypothesis == 'AS1'	ci_low	none	3	num	pre-specified descriptive	microarray	HostMix-TOO	top-1 accuracy		microarray layer, AS1 contrast, 95% CI lower end (pre-specified descriptive)		
mae_AS1_high	results/stage7/confirm/tables/microarray_effects.tsv	hypothesis == 'AS1'	ci_high	none	3	num	pre-specified descriptive	microarray	HostMix-TOO	top-1 accuracy		microarray layer, AS1 contrast, 95% CI upper end (pre-specified descriptive)		
mae_AS2_n	results/stage7/confirm/tables/microarray_effects.tsv	hypothesis == 'AS2'	n	none	0	num	pre-specified descriptive	microarray	HostMix-TOO	top-1 accuracy		microarray layer, AS2 contrast, n (pre-specified descriptive)		
mae_AS2_low	results/stage7/confirm/tables/microarray_effects.tsv	hypothesis == 'AS2'	ci_low	none	3	num	pre-specified descriptive	microarray	HostMix-TOO	top-1 accuracy		microarray layer, AS2 contrast, 95% CI lower end (pre-specified descriptive)		
mae_AS2_high	results/stage7/confirm/tables/microarray_effects.tsv	hypothesis == 'AS2'	ci_high	none	3	num	pre-specified descriptive	microarray	HostMix-TOO	top-1 accuracy		microarray layer, AS2 contrast, 95% CI upper end (pre-specified descriptive)		
mae_AS3_n	results/stage7/confirm/tables/microarray_effects.tsv	hypothesis == 'AS3'	n	none	0	num	pre-specified descriptive	microarray	HostMix-TOO	top-1 accuracy		microarray layer, AS3 contrast, n (pre-specified descriptive)		
mae_AS3_low	results/stage7/confirm/tables/microarray_effects.tsv	hypothesis == 'AS3'	ci_low	none	3	num	pre-specified descriptive	microarray	HostMix-TOO	top-1 accuracy		microarray layer, AS3 contrast, 95% CI lower end (pre-specified descriptive)		
mae_AS3_high	results/stage7/confirm/tables/microarray_effects.tsv	hypothesis == 'AS3'	ci_high	none	3	num	pre-specified descriptive	microarray	HostMix-TOO	top-1 accuracy		microarray layer, AS3 contrast, 95% CI upper end (pre-specified descriptive)		
tcga_train_n	config/split_tcga.tsv	split == 'TCGA-train'		count	0	num	data description	TCGA-train		n	all	TCGA-train, number of primary tumors		
tcga_test_n	config/split_tcga.tsv	split == 'TCGA-test'		count	0	num	data description	TCGA-test		n	all	TCGA-test, number of primary tumors		
tcga_learning_n	results/audit/tcga_summary.json	all	n_learning	none	0	num	data description	TCGA		n	all	TCGA primary tumors kept (one per patient, sample type 01 or 03 for LAML)		
tcga_projects_n	config/split_tcga.tsv	split in ['TCGA-train', 'TCGA-test']		nunique:project	0	num	data description	TCGA		count	all	number of TCGA projects among the kept primary tumors		
n_labels	config/split_tcga.tsv	split == 'TCGA-train'		nunique:learning_label	0	num	data description	TCGA-train		count	all	number of tumor labels (learning labels) in TCGA-train		
n_organs	config/mappings/project_to_organ.tsv	all		nunique:organ	0	num	data description			count		number of organ groups the tumor labels map to		
gtex_n	config/split_gtex.tsv	all		count	0	num	data description	GTEx		n	all	GTEx samples from tissue donors kept for the study		
gtex_nondonor_n	results/audit/gtex_nondonor_ids.tsv	all		count	0	num	data description	GTEx		n		GTEx cell-line samples without a donor, removed		
gtexref_n	config/split_gtex.tsv	split == 'GTEx-ref'		count	0	num	data description	GTEx		n	GTEx-ref	GTEx-ref, number of samples		
gtexsim_n	config/split_gtex.tsv	split == 'GTEx-sim'		count	0	num	data description	GTEx		n	GTEx-sim	GTEx-sim, number of samples		
gtexref_pool_n	config/split_gtex.tsv	split == 'GTEx-ref' and tissue in @POOL		count	0	num	data description	GTEx		n	GTEx-ref, host pool	GTEx-ref samples of the ten host-pool tissues		
gtexsim_22_n	config/split_gtex.tsv	split == 'GTEx-sim' and (tissue in @POOL or tissue in @OUT)		count	0	num	data description	GTEx		n	GTEx-sim, 22 tissues	GTEx-sim samples of the 22 simulation tissues		
sim_tissues_n	results/stage5/sim_ext/full.tsv	all		nunique:tissue	0	num	exploratory	sim		count		number of GTEx tissues in the simulation benchmark		
sim_tumors_n	results/stage5/sim_ext/tumors.tsv	all		count	0	num	exploratory	TCGA-test		n		TCGA-test tumors drawn for the simulation benchmark		
imv_kidney_n	results/stage7/posthoc/imvigor_kidney_meta.json	all	n_kidney_in_predictions	none	0	num	post hoc	IMvigor210		n	pool-out at risk	IMvigor210 metastases biopsied from the kidney (pool-out at-risk biopsies)		
aux_sa_pooloutrisk_host	results/stage9/set_metrics.tsv	analysis_cohort == 'aux_rnaseq' and set == 'pool_out_risk' and method == 'SA-Z'	host_rate	none	3	num	post hoc	aux	HostMix-TOO	host-attraction rate	pool-out at risk	auxiliary RNA-seq, HostMix-TOO, host-attraction rate, pool-out at-risk set (post hoc set table)		
aux_gated_native	derived			derived: ext_aux_rnaseq_sa_native + AS1_diff	3	num	preregistered	aux	gated	top-1 accuracy	native truth	auxiliary RNA-seq, gated model, top-1 accuracy, native-truth set (HostMix-TOO arm plus AS1 difference)		
aux_gated_top1	derived			derived: ext_aux_rnaseq_sa_top1 + AS3_diff	3	num	preregistered	aux	gated	top-1 accuracy	evaluation	auxiliary RNA-seq, gated model, top-1 accuracy, evaluation set (HostMix-TOO arm plus AS3 difference)		
aux_pool22_pooloutrisk_host	derived			derived: aux_sa_pooloutrisk_host + AS2_diff	3	num	post hoc	aux	22-tissue	host-attraction rate	pool-out at risk	auxiliary RNA-seq, 22-tissue model, host-attraction rate, pool-out at-risk set (HostMix-TOO arm plus AS2 difference)		
AH1_n_favor	results/stage7/confirm/tables/hypothesis_primary.tsv	hypothesis == 'AH1'	n_favor	none	0	num	preregistered	aux	HostMix-TOO	discordant pairs	at risk	AH1, auxiliary RNA-seq, discordant pairs in favor		
AH1_n_against	results/stage7/confirm/tables/hypothesis_primary.tsv	hypothesis == 'AH1'	n_against	none	0	num	preregistered	aux	HostMix-TOO	discordant pairs	at risk	AH1, auxiliary RNA-seq, discordant pairs against		
AH2_n_favor	results/stage7/confirm/tables/hypothesis_primary.tsv	hypothesis == 'AH2'	n_favor	none	0	num	preregistered	aux	HostMix-TOO	discordant pairs	evaluation	AH2, auxiliary RNA-seq, discordant pairs in favor		
AH2_n_against	results/stage7/confirm/tables/hypothesis_primary.tsv	hypothesis == 'AH2'	n_against	none	0	num	preregistered	aux	HostMix-TOO	discordant pairs	evaluation	AH2, auxiliary RNA-seq, discordant pairs against		
AS2_n_favor	results/stage7/confirm/tables/hypothesis_secondary.tsv	hypothesis == 'AS2'	n_favor	none	0	num	preregistered	aux	22-tissue	discordant pairs	pool-out at risk	AS2, auxiliary RNA-seq, discordant pairs in favor		
AS2_n_against	results/stage7/confirm/tables/hypothesis_secondary.tsv	hypothesis == 'AS2'	n_against	none	0	num	preregistered	aux	22-tissue	discordant pairs	pool-out at risk	AS2, auxiliary RNA-seq, discordant pairs against		
pub_host_min_pct	derived			derived: min(ext_MET500_scope_host_pct, ext_POG570_scope_host_pct, ext_aux_rnaseq_scope_host_pct, ext_MET500_cup_host_pct, ext_POG570_cup_host_pct, ext_aux_rnaseq_cup_host_pct)	1	num	pre-specified descriptive	MET500 and POG570 and aux	SCOPE and CUP-AI-Dx	host-attraction rate	at risk	lowest host-attraction rate of SCOPE and CUP-AI-Dx over the three cohorts (percent)		
pub_host_max_pct	derived			derived: max(ext_MET500_scope_host_pct, ext_POG570_scope_host_pct, ext_aux_rnaseq_scope_host_pct, ext_MET500_cup_host_pct, ext_POG570_cup_host_pct, ext_aux_rnaseq_cup_host_pct)	1	num	pre-specified descriptive	MET500 and POG570 and aux	SCOPE and CUP-AI-Dx	host-attraction rate	at risk	highest host-attraction rate of SCOPE and CUP-AI-Dx over the three cohorts (percent)		
sa_host_min_pct	derived			derived: min(ext_MET500_sa_host_pct, ext_POG570_sa_host_pct, ext_aux_rnaseq_sa_host_pct)	1	num	post hoc	MET500 and POG570 and aux	HostMix-TOO	host-attraction rate	at risk	lowest HostMix-TOO host-attraction rate over the three cohorts (percent)		
sa_host_max_pct	derived			derived: max(ext_MET500_sa_host_pct, ext_POG570_sa_host_pct, ext_aux_rnaseq_sa_host_pct)	1	num	post hoc	MET500 and POG570 and aux	HostMix-TOO	host-attraction rate	at risk	highest HostMix-TOO host-attraction rate over the three cohorts (percent)		
pub_host_min	derived			derived: min(ext_MET500_scope_host, ext_POG570_scope_host, ext_aux_rnaseq_scope_host, ext_MET500_cup_host, ext_POG570_cup_host, ext_aux_rnaseq_cup_host)	3	num	pre-specified descriptive	MET500 and POG570 and aux	SCOPE and CUP-AI-Dx	host-attraction rate	at risk	min host-attraction rate of SCOPE and CUP-AI-Dx over the three cohorts		
sa_host_min	derived			derived: min(ext_MET500_sa_host, ext_POG570_sa_host, ext_aux_rnaseq_sa_host)	3	num	post hoc	MET500 and POG570 and aux	HostMix-TOO	host-attraction rate	at risk	min HostMix-TOO host-attraction rate over the three cohorts		
pub_host_max	derived			derived: max(ext_MET500_scope_host, ext_POG570_scope_host, ext_aux_rnaseq_scope_host, ext_MET500_cup_host, ext_POG570_cup_host, ext_aux_rnaseq_cup_host)	3	num	pre-specified descriptive	MET500 and POG570 and aux	SCOPE and CUP-AI-Dx	host-attraction rate	at risk	max host-attraction rate of SCOPE and CUP-AI-Dx over the three cohorts		
sa_host_max	derived			derived: max(ext_MET500_sa_host, ext_POG570_sa_host, ext_aux_rnaseq_sa_host)	3	num	post hoc	MET500 and POG570 and aux	HostMix-TOO	host-attraction rate	at risk	max HostMix-TOO host-attraction rate over the three cohorts		
dev_pair_sa_n_host_fixed	results/stage2/met500_paired.tsv	method == 'SA' and representation == 'Z'	n_host_fixed	none	0	num	exploratory	MET500	HostMix-TOO	discordant pairs	at risk	MET500 development, host-attraction errors under the baseline only		
dev_pair_sa_n_host_new	results/stage2/met500_paired.tsv	method == 'SA' and representation == 'Z'	n_host_new	none	0	num	exploratory	MET500	HostMix-TOO	discordant pairs	at risk	MET500 development, host-attraction errors under HostMix-TOO only		
dev_pair_sa_n_method_only	results/stage2/met500_paired.tsv	method == 'SA' and representation == 'Z'	n_method_only	none	0	num	exploratory	MET500	HostMix-TOO	discordant pairs	evaluation	MET500 development, biopsies correct under HostMix-TOO only		
dev_pair_sa_n_base_only	results/stage2/met500_paired.tsv	method == 'SA' and representation == 'Z'	n_base_only	none	0	num	exploratory	MET500	HostMix-TOO	discordant pairs	evaluation	MET500 development, biopsies correct under the baseline only		
pw_h1_half_favor	derived			derived: dev_pair_sa_n_host_fixed / 2	0	num	exploratory	MET500	HostMix-TOO	discordant pairs	at risk	half-effect H1 power scenario, numerator of p_favor (half of 34)		
pw_h2_half_den	derived			derived: dev_base_n * 2	0	num	exploratory	MET500		n	evaluation	half-effect H2 power scenario, denominator of p_favor (twice 437)		
var_m8_rows_per_tumor	results/stage5/variants/train_log.tsv	model == 'SA-m8'	n_per_tumor	none	0	num	exploratory		SA-m8	training rows per tumor		SA-m8 training rows per tumor (one pure profile plus mixtures)		
var_m8_nmix	derived			derived: var_m8_rows_per_tumor - 1	0	num	exploratory		SA-m8	mixtures per tumor		SA-m8 mixtures per tumor		
sa_train_rows	results/stage9/ablation/pipeline_table.tsv	model == 'SA-Z'	n_train_rows	none	0	num	post hoc		HostMix-TOO	n		HostMix-TOO training rows (pure profiles plus mixtures)		
sa_c	results/stage9/ablation/pipeline_table.tsv	model == 'SA-Z'	C	none	3	raw	post hoc		HostMix-TOO	C		regularization constant C of HostMix-TOO		
base_c	results/stage9/ablation/pipeline_table.tsv	model == 'BASE-Z'	C	none	3	raw	post hoc		baseline	C		regularization constant C of the baseline		
sa_n_features	results/stage9/ablation/pipeline_table.tsv	model == 'SA-Z'	n_features	none	0	num	post hoc		HostMix-TOO	genes		classifier genes of HostMix-TOO		
aux_cohorts_n	results/stage9/subcohort_metrics.tsv	all		nunique:cohort	0	num	post hoc	aux		count		auxiliary RNA-seq cohorts of confirmation 2		
sim_outside_n	results/stage5/sim_ext/full.tsv	tissue in @OUT		nunique:tissue	0	num	exploratory	sim		count		simulated host tissues outside the training host pool		
ma_cohorts_n	results/stage7/confirm/tables/metrics.tsv	layer == '마이크로어레이' and cohort != 'all'		nunique:cohort	0	num	pre-specified descriptive	microarray		count		microarray cohorts of the descriptive layer		
planted_compare_n	results/stage7/planted/compare.tsv	match == True		count	0	num	design	aux		count		auxiliary-family comparisons of the independent checker on planted predictions that matched		
split_test_pct	derived			derived: split_test_frac * 100	0	num	design	TCGA		percent		TCGA-test share of the split (percent)		
split_train_pct	derived			derived: 100 - split_test_frac * 100	0	num	design	TCGA		percent		TCGA-train share of the split (percent)		
met500_unmapped_n	config/met500_eval_samples.tsv	cohort in ['MISC', 'SECR']		count	0	num	data description	MET500		n		MET500 specimens of the unmapped cohorts MISC and SECR, excluded		
pog570_profiles_n	config/pog570_eval_labels.tsv	all		count	0	num	data description	POG570		n		POG570 expression profiles (one per patient)		
pog570_unmapped_n	config/pog570_eval_labels.tsv	organ == 'exclude'		count	0	num	data description	POG570		n		POG570 samples whose diagnosis could not be mapped to an organ group, excluded		
su2c_dup_removed_n	results/stage10/derived/duplicate_removed.tsv	cohort == 'prad_su2c_2019'	n_removed	none	0	num	post hoc	SU2C		n		SU2C samples removed by the duplicate screen (post hoc recount, both libraries)	post hoc recount, A17 section 4.7	
gse50760_late_n	results/stage8/external/scope/GSE50760_risk/SCOPE_topPredictions.txt	all		nunique:sample_name	0	num	pre-specified descriptive	GSE50760		n		GSE50760 at-risk liver-metastasis samples scored by the published classifiers afterwards		
kidney_projects_n	config/mappings/project_to_organ.tsv	organ == 'Kidney'		count	0	num	data description			count		TCGA kidney cancer projects mapped to the kidney organ group		
proxy_ln_spleen	results/stage2/proxy_correlation.tsv	hpa_query == 'lymph node' and gtex_tissue == 'Spleen'	spearman	none	3	num	exploratory			Spearman correlation		Spearman correlation of spleen with the lymph node consensus profile		
proxy_bm_blood	results/stage2/proxy_correlation.tsv	hpa_query == 'bone marrow' and gtex_tissue == 'Whole Blood'	spearman	none	3	num	exploratory			Spearman correlation		Spearman correlation of whole blood with the bone marrow consensus profile		
sa_mix_rows	derived			derived: sa_train_rows - tcga_train_n	0	num	post hoc		HostMix-TOO	n		HostMix-TOO training mixtures		
sa_rows_factor	derived			derived: sa_train_rows / tcga_train_n	0	num	post hoc		HostMix-TOO	ratio		HostMix-TOO training rows per pure tumor		
var_c001	results/stage5/variants/train_log.tsv	model == 'SA-C0.01'	C	none	3	raw	exploratory		SA-C0.01	C		C of the exploratory variant SA-C0.01		
var_c01	results/stage5/variants/train_log.tsv	model == 'SA-C0.1'	C	none	3	raw	exploratory		SA-C0.1	C		C of the exploratory variant SA-C0.1		
var_loho_n	results/stage5/variants/train_log.tsv	model.str.startswith('SA-LOHO-')		count	0	num	exploratory		LOHO	count		leave-one-host-out variant models		
pool22_outside_n	derived			derived: pool22_n - host_pool_n	0	num	design		22-tissue	count		tissues of the 22-tissue host pool outside the ten-tissue host pool		
cup_example_correct	derived			derived: round(cup_example_acc * cup_example_n / 100)	0	num	design		CUP-AI-Dx	n		CUP-AI-Dx example, correctly classified metastatic samples		
cup_example_acc_pct	derived			derived: cup_example_acc	1	num	design		CUP-AI-Dx	percent		CUP-AI-Dx example, overall metastatic accuracy (percent)		
abl_shares_total	derived			derived: abl_shares_n * abl_cohorts_n	0	num	design			count		shares of the ablation reading rule (models times cohorts)		
regen_coef_max	results/stage9/ablation/regeneration_check.json	all	coef_max_abs	none	2	sci	post hoc		HostMix-TOO	max abs coefficient difference		largest absolute coefficient difference between the regenerated and locked HostMix-TOO		
esca_train_n	results/stage9/esca_histology_counts.tsv	histology == 'adenocarcinoma'	n_train	none	0	num	post hoc	TCGA-train		n		TCGA-train esophageal carcinomas		
esca_adenocarcinoma_n	results/stage9/esca_histology_counts.tsv	histology == 'adenocarcinoma'	n	none	0	num	post hoc	TCGA-train		n		TCGA-train esophageal carcinomas, adenocarcinoma		
esca_squamous_n	results/stage9/esca_histology_counts.tsv	histology == 'squamous'	n	none	0	num	post hoc	TCGA-train		n		TCGA-train esophageal carcinomas, squamous		
esca_other_n	results/stage9/esca_histology_counts.tsv	histology == 'other'	n	none	0	num	post hoc	TCGA-train		n		TCGA-train esophageal carcinomas, other		
loho_loho_median_06	derived			derived: median(simt_adiposesc_06_loho_host, simt_adiposevis_06_loho_host, simt_adrenal_06_loho_host, simt_blood_06_loho_host, simt_brain_06_loho_host, simt_liver_06_loho_host, simt_lung_06_loho_host, simt_muscle_06_loho_host, simt_skin_06_loho_host, simt_spleen_06_loho_host)	3	num	exploratory		leave-one-host-out	host-attraction rate		simulation, rho 0.6, median host-attraction rate over the ten host-pool tissues, leave-one-host-out model on its left-out tissue		
loho_base_median_06	derived			derived: median(simt_adiposesc_06_base_host, simt_adiposevis_06_base_host, simt_adrenal_06_base_host, simt_blood_06_base_host, simt_brain_06_base_host, simt_liver_06_base_host, simt_lung_06_base_host, simt_muscle_06_base_host, simt_skin_06_base_host, simt_spleen_06_base_host)	3	num	exploratory		baseline	host-attraction rate		simulation, rho 0.6, median host-attraction rate over the ten host-pool tissues, baseline		
loho_sa_median_06	derived			derived: median(simt_adiposesc_06_sa_host, simt_adiposevis_06_sa_host, simt_adrenal_06_sa_host, simt_blood_06_sa_host, simt_brain_06_sa_host, simt_liver_06_sa_host, simt_lung_06_sa_host, simt_muscle_06_sa_host, simt_skin_06_sa_host, simt_spleen_06_sa_host)	3	num	exploratory		HostMix-TOO	host-attraction rate		simulation, rho 0.6, median host-attraction rate over the ten host-pool tissues, HostMix-TOO		
pog_st_base_ncorrect	derived			derived: round(pogsite_soft_tissue_base_native * pogsite_soft_tissue_base_nnative)	0	num	pre-specified descriptive	POG570	baseline	n correct	native truth	POG570 soft_tissue biopsies, correct calls in the native-truth set		
pog_st_sa_ncorrect	derived			derived: round(pogsite_soft_tissue_sa_native * pogsite_soft_tissue_sa_nnative)	0	num	pre-specified descriptive	POG570	HostMix-TOO	n correct	native truth	POG570 soft_tissue biopsies, correct calls in the native-truth set		
pog_rem_base_ncorrect	derived			derived: round(pogsite_remainder_base_native * pogsite_remainder_base_nnative)	0	num	pre-specified descriptive	POG570	baseline	n correct	native truth	POG570 remainder biopsies, correct calls in the native-truth set		
pog_rem_sa_ncorrect	derived			derived: round(pogsite_remainder_sa_native * pogsite_remainder_sa_nnative)	0	num	pre-specified descriptive	POG570	HostMix-TOO	n correct	native truth	POG570 remainder biopsies, correct calls in the native-truth set		
pog_native_net_loss	derived			derived: round((pog_base_native - pog_sa_native) * pog_base_nnative)	0	num	preregistered	POG570	HostMix-TOO	n correct	native truth	POG570 native-truth set, correct calls lost by HostMix-TOO relative to the baseline (net)		
prince_ah1_favor	results/stage8/diagnostics/error_shift_summary.tsv	cohort == 'paad_iatlas_prince_2022'	n_favor	none	0	num	post hoc	PRINCE	HostMix-TOO	discordant pairs	at risk	PRINCE, AH1 discordant pairs in favor of HostMix-TOO		
su2c_ah1_favor	results/stage8/diagnostics/error_shift_summary.tsv	cohort == 'prad_su2c_2019'		sum:n_favor	0	num	post hoc	SU2C	HostMix-TOO	discordant pairs	at risk	SU2C, AH1 discordant pairs in favor of HostMix-TOO (real and proxy host sites)		
prince_risk_liver_n	results/stage5/aux/cohorts/paad_iatlas_prince_2022/set_counts_after_flag.tsv	standard_site == 'liver' and set == 'risk'	n_patients	none	0	num	exploratory	PRINCE		n	at risk	PRINCE at-risk biopsies taken from the liver (patients)		
sens_lo0_AH1_diff	results/stage7/confirm/tables/sensitivity.tsv	analysis == 'leave_out_GSE50760_AH1'	diff	none	3	num	pre-specified descriptive	aux	HostMix-TOO	host-attraction rate	at risk	auxiliary RNA-seq without GSE50760, AH1 difference (pre-specified leave-one-cohort)		
sens_lo1_AH1_diff	results/stage7/confirm/tables/sensitivity.tsv	analysis == 'leave_out_blca_iatlas_imvigor210_2017_AH1'	diff	none	3	num	pre-specified descriptive	aux	HostMix-TOO	host-attraction rate	at risk	auxiliary RNA-seq without blca_iatlas_imvigor210_2017, AH1 difference (pre-specified leave-one-cohort)		
sens_lo2_AH1_diff	results/stage7/confirm/tables/sensitivity.tsv	analysis == 'leave_out_brca_iatlas_anders_2022_AH1'	diff	none	3	num	pre-specified descriptive	aux	HostMix-TOO	host-attraction rate	at risk	auxiliary RNA-seq without brca_iatlas_anders_2022, AH1 difference (pre-specified leave-one-cohort)		
sens_lo3_AH1_diff	results/stage7/confirm/tables/sensitivity.tsv	analysis == 'leave_out_mel_dfci_2019_AH1'	diff	none	3	num	pre-specified descriptive	aux	HostMix-TOO	host-attraction rate	at risk	auxiliary RNA-seq without mel_dfci_2019, AH1 difference (pre-specified leave-one-cohort)		
sens_lo4_AH1_diff	results/stage7/confirm/tables/sensitivity.tsv	analysis == 'leave_out_paad_iatlas_prince_2022_AH1'	diff	none	3	num	pre-specified descriptive	aux	HostMix-TOO	host-attraction rate	at risk	auxiliary RNA-seq without paad_iatlas_prince_2022, AH1 difference (pre-specified leave-one-cohort)		
sens_lo5_AH1_diff	results/stage7/confirm/tables/sensitivity.tsv	analysis == 'leave_out_prad_su2c_2019_AH1'	diff	none	3	num	pre-specified descriptive	aux	HostMix-TOO	host-attraction rate	at risk	auxiliary RNA-seq without prad_su2c_2019, AH1 difference (pre-specified leave-one-cohort)		
sens_lo_AH1_diff_max	derived			derived: max(sens_lo0_AH1_diff, sens_lo1_AH1_diff, sens_lo2_AH1_diff, sens_lo3_AH1_diff, sens_lo4_AH1_diff, sens_lo5_AH1_diff)	3	num	pre-specified descriptive	aux	HostMix-TOO	host-attraction rate	at risk	auxiliary RNA-seq, leave-one-cohort AH1 differences, largest (closest to zero)		
sens_lo_AH1_diff_min	derived			derived: min(sens_lo0_AH1_diff, sens_lo1_AH1_diff, sens_lo2_AH1_diff, sens_lo3_AH1_diff, sens_lo4_AH1_diff, sens_lo5_AH1_diff)	3	num	pre-specified descriptive	aux	HostMix-TOO	host-attraction rate	at risk	auxiliary RNA-seq, leave-one-cohort AH1 differences, smallest		
sens_lo_imv_AH2_diff	results/stage7/confirm/tables/sensitivity.tsv	analysis == 'leave_out_blca_iatlas_imvigor210_2017_AH2'	diff	none	3	num	pre-specified descriptive	aux	HostMix-TOO	top-1 accuracy	evaluation	auxiliary RNA-seq without IMvigor210, AH2 difference (pre-specified leave-one-cohort)		
sens_lo_imv_AH2_n	results/stage7/confirm/tables/sensitivity.tsv	analysis == 'leave_out_blca_iatlas_imvigor210_2017_AH2'	n	none	0	num	pre-specified descriptive	aux	HostMix-TOO	n	evaluation	auxiliary RNA-seq without IMvigor210, AH2 n (pre-specified leave-one-cohort)		
imv_native_base_esophagus	results/stage8/diagnostics/imvigor_top_classes.tsv	slice == 'native_truth' and method == 'BASE-Z' and predicted == 'Esophagus'	n	none	0	num	post hoc	IMvigor210	baseline	esophagus calls	native truth	IMvigor210 bladder tumors biopsied from the bladder, esophagus calls		
imv_native_sa_esophagus	results/stage8/diagnostics/imvigor_top_classes.tsv	slice == 'native_truth' and method == 'SA-Z' and predicted == 'Esophagus'	n	none	0	num	post hoc	IMvigor210	HostMix-TOO	esophagus calls	native truth	IMvigor210 bladder tumors biopsied from the bladder, esophagus calls		
imv_native_n	results/stage8/diagnostics/imvigor_top_classes.tsv	slice == 'native_truth' and method == 'BASE-Z' and predicted == 'Esophagus'	n_slice	none	0	num	post hoc	IMvigor210		n	native truth	IMvigor210 bladder tumors biopsied from the bladder		
gate_base_eval_n	results/stage10/derived/gate_decisions.tsv	set == 'evaluation'	n_baseline	none	0	num	post hoc	aux	gated	n	evaluation	auxiliary RNA-seq, evaluation samples sent to the baseline by the gate (post hoc count)	post hoc recount, A17 section 4.7	
gate_base_native_n	results/stage10/derived/gate_decisions.tsv	set == 'native truth'	n_baseline	none	0	num	post hoc	aux	gated	n	native truth	auxiliary RNA-seq, native truth samples sent to the baseline by the gate (post hoc count)	post hoc recount, A17 section 4.7	
ma_rates_ld_top1	results/stage10/derived/microarray_rates.tsv	cohort == 'all' and method == 'LD-Z'	top1	none	3	num	post hoc	microarray	deconvolution	top-1 accuracy	evaluation	microarray layer, linear deconvolution, top-1 accuracy, evaluation set (post hoc)		
ma_rates_ld_host	results/stage10/derived/microarray_rates.tsv	cohort == 'all' and method == 'LD-Z'	host_rate	none	3	num	post hoc	microarray	deconvolution	host-attraction rate	at risk	microarray layer, linear deconvolution, host-attraction rate, at-risk set (post hoc)		
share_min	derived			derived: min(share_MET500_mix, share_MET500_pure03, share_MET500_pure15, share_POG570_mix, share_POG570_pure03, share_POG570_pure15, share_aux_rnaseq_mix, share_aux_rnaseq_pure03, share_aux_rnaseq_pure15)	3	num	post hoc	MET500 and POG570 and aux		share		ablation, smallest share of the host-attraction gap (nine shares)		
share_max	derived			derived: max(share_MET500_mix, share_MET500_pure03, share_MET500_pure15, share_POG570_mix, share_POG570_pure03, share_POG570_pure15, share_aux_rnaseq_mix, share_aux_rnaseq_pure03, share_aux_rnaseq_pure15)	3	num	post hoc	MET500 and POG570 and aux		share		ablation, largest share of the host-attraction gap (nine shares)		
abl_ma_models_n	results/stage10/ablation_microarray/metrics.tsv	all		nunique:model	0	num	post hoc			count		models of the microarray ablation		
php_var_host_min	derived			derived: min(php_mx1_host, php_m8_host, php_r30_host, php_r50_host, php_c001_host, php_c01_host, php_samlp_host, php_sa_host)	3	num	exploratory	POG570	variants	host-attraction rate	at risk	POG570, lowest host-attraction rate over HostMix-TOO and the setting variants		
php_var_host_max	derived			derived: max(php_mx1_host, php_m8_host, php_r30_host, php_r50_host, php_c001_host, php_c01_host, php_samlp_host, php_sa_host)	3	num	exploratory	POG570	variants	host-attraction rate	at risk	POG570, highest host-attraction rate over HostMix-TOO and the setting variants		
scope_aux_ns_n	results/stage8/external/tables/metrics.tsv	analysis_cohort == 'aux_rnaseq' and subset == 'full' and method == 'SCOPE'	n_scope_ns_top1	none	0	num	pre-specified descriptive	aux	SCOPE	n	evaluation	auxiliary RNA-seq, SCOPE top-1 calls of a normal-tissue class		
scope_aux_top1_ns_organ	results/stage8/external/tables/metrics.tsv	analysis_cohort == 'aux_rnaseq' and subset == 'full' and method == 'SCOPE'	top1_ns_as_organ	none	3	num	pre-specified descriptive	aux	SCOPE	top-1 accuracy	evaluation	auxiliary RNA-seq, SCOPE top-1 accuracy with normal-tissue calls counted as the organ		
shift_POG570_n_favor	results/stage8/diagnostics/error_shift_totals.tsv	analysis == 'POG570'	n_favor	none	0	num	post hoc	POG570	HostMix-TOO	n	at risk	POG570, baseline host-attraction errors removed by HostMix-TOO, n_favor		
shift_POG570_n_sa_correct	results/stage8/diagnostics/error_shift_totals.tsv	analysis == 'POG570'	n_sa_correct	none	0	num	post hoc	POG570	HostMix-TOO	n	at risk	POG570, baseline host-attraction errors removed by HostMix-TOO, n_sa_correct		
shift_MET500_n_favor	results/stage8/diagnostics/error_shift_totals.tsv	analysis == 'MET500'	n_favor	none	0	num	post hoc	MET500	HostMix-TOO	n	at risk	MET500, baseline host-attraction errors removed by HostMix-TOO, n_favor		
shift_MET500_n_sa_correct	results/stage8/diagnostics/error_shift_totals.tsv	analysis == 'MET500'	n_sa_correct	none	0	num	post hoc	MET500	HostMix-TOO	n	at risk	MET500, baseline host-attraction errors removed by HostMix-TOO, n_sa_correct		
shift_aux_rnaseq_n_favor	results/stage8/diagnostics/error_shift_totals.tsv	analysis == 'aux_rnaseq'	n_favor	none	0	num	post hoc	aux	HostMix-TOO	n	at risk	aux_rnaseq, baseline host-attraction errors removed by HostMix-TOO, n_favor		
shift_aux_rnaseq_n_sa_correct	results/stage8/diagnostics/error_shift_totals.tsv	analysis == 'aux_rnaseq'	n_sa_correct	none	0	num	post hoc	aux	HostMix-TOO	n	at risk	aux_rnaseq, baseline host-attraction errors removed by HostMix-TOO, n_sa_correct		
cupsa_total	results/stage9/cup_correct_sa_wrong.tsv	field == 'cohort' and level == 'blca_iatlas_imvigor210_2017'	n_cup_correct_sa_wrong	none	0	num	post hoc	aux	CUP-AI-Dx and HostMix-TOO	n	evaluation	auxiliary RNA-seq, samples correct under CUP-AI-Dx and not under HostMix-TOO		
cupsa_imv	results/stage9/cup_correct_sa_wrong.tsv	field == 'cohort' and level == 'blca_iatlas_imvigor210_2017'	n	none	0	num	post hoc	IMvigor210	CUP-AI-Dx and HostMix-TOO	n	evaluation	IMvigor210, samples correct under CUP-AI-Dx and not under HostMix-TOO		
cupsa_anders	results/stage9/cup_correct_sa_wrong.tsv	field == 'cohort' and level == 'brca_iatlas_anders_2022'	n	none	0	num	post hoc	Anders	CUP-AI-Dx and HostMix-TOO	n	evaluation	Anders, samples correct under CUP-AI-Dx and not under HostMix-TOO		
cupsa_sa_esophagus	results/stage9/cup_correct_sa_wrong.tsv	field == 'SA-Z' and level == 'Esophagus'	n	none	0	num	post hoc	aux	HostMix-TOO	esophagus calls	evaluation	auxiliary RNA-seq, CUP-correct HostMix-TOO-wrong samples that HostMix-TOO called esophagus		
gse41258_sa_esophagus	results/stage8/diagnostics/gse41258_colon_confusion.tsv	method == 'SA-Z' and predicted == 'Esophagus'	n	none	0	num	post hoc	GSE41258	HostMix-TOO	esophagus calls		GSE41258 primary colorectal tumors, HostMix-TOO esophagus calls		
gse41258_colon_n	results/stage8/diagnostics/gse41258_colon_confusion.tsv	method == 'SA-Z' and predicted == 'Esophagus'	n_slice	none	0	num	post hoc	GSE41258		n		GSE41258 primary colorectal tumors		
hist_gse41258_sa_n	results/stage9/esophagus_histology_summary.tsv	method == 'SA-Z' and cohort == 'GSE41258'	n	none	0	num	post hoc	GSE41258	HostMix-TOO	esophagus calls		GSE41258, HostMix-TOO esophagus calls, n		
hist_gse41258_sa_n_closer_adenocarcinoma	results/stage9/esophagus_histology_summary.tsv	method == 'SA-Z' and cohort == 'GSE41258'	n_closer_adenocarcinoma	none	0	num	post hoc	GSE41258	HostMix-TOO	esophagus calls		GSE41258, HostMix-TOO esophagus calls, n_closer_adenocarcinoma		
hist_gse41258_sa_n_closer_squamous	results/stage9/esophagus_histology_summary.tsv	method == 'SA-Z' and cohort == 'GSE41258'	n_closer_squamous	none	0	num	post hoc	GSE41258	HostMix-TOO	esophagus calls		GSE41258, HostMix-TOO esophagus calls, n_closer_squamous		
hist_prince_sa_n	results/stage9/esophagus_histology_summary.tsv	method == 'SA-Z' and cohort == 'paad_iatlas_prince_2022'	n	none	0	num	post hoc	PRINCE	HostMix-TOO	esophagus calls		PRINCE, HostMix-TOO esophagus calls, n		
hist_prince_sa_n_closer_adenocarcinoma	results/stage9/esophagus_histology_summary.tsv	method == 'SA-Z' and cohort == 'paad_iatlas_prince_2022'	n_closer_adenocarcinoma	none	0	num	post hoc	PRINCE	HostMix-TOO	esophagus calls		PRINCE, HostMix-TOO esophagus calls, n_closer_adenocarcinoma		
hist_prince_sa_n_closer_squamous	results/stage9/esophagus_histology_summary.tsv	method == 'SA-Z' and cohort == 'paad_iatlas_prince_2022'	n_closer_squamous	none	0	num	post hoc	PRINCE	HostMix-TOO	esophagus calls		PRINCE, HostMix-TOO esophagus calls, n_closer_squamous		
hist_imv_sa_n	results/stage9/esophagus_histology_summary.tsv	method == 'SA-Z' and cohort == 'blca_iatlas_imvigor210_2017'	n	none	0	num	post hoc	IMvigor210	HostMix-TOO	esophagus calls		IMvigor210, HostMix-TOO esophagus calls, n		
hist_imv_sa_n_closer_adenocarcinoma	results/stage9/esophagus_histology_summary.tsv	method == 'SA-Z' and cohort == 'blca_iatlas_imvigor210_2017'	n_closer_adenocarcinoma	none	0	num	post hoc	IMvigor210	HostMix-TOO	esophagus calls		IMvigor210, HostMix-TOO esophagus calls, n_closer_adenocarcinoma		
hist_imv_sa_n_closer_squamous	results/stage9/esophagus_histology_summary.tsv	method == 'SA-Z' and cohort == 'blca_iatlas_imvigor210_2017'	n_closer_squamous	none	0	num	post hoc	IMvigor210	HostMix-TOO	esophagus calls		IMvigor210, HostMix-TOO esophagus calls, n_closer_squamous		
gpl96_pog570_missing_n	results/stage9/mask_feature_info.tsv	mask == 'GPL96' and cohort == 'POG570' and rep == '0'	n_B0_dropped	none	0	num	post hoc	POG570		n		classifier genes not measured on GPL96 (POG570 restriction)		
mg_base_gpl96_pog570_extra	derived			derived: mg_base_gpl96_pog570_restriction_drop - mg_base_gpl96_pog570_random_mean	3	num	post hoc	POG570	baseline	top-1 loss		POG570, GPL96 restriction loss minus the mean random-removal loss		
mg_sa_gpl96_pog570_extra	derived			derived: mg_sa_gpl96_pog570_restriction_drop - mg_sa_gpl96_pog570_random_mean	3	num	post hoc	POG570	HostMix-TOO	top-1 loss		POG570, GPL96 restriction loss minus the mean random-removal loss		
prince_top1_min	derived			derived: min(sub_prince_base_top1, sub_prince_sa_top1, sub_prince_scope_top1, sub_prince_cup_top1)	3	num	post hoc	PRINCE	any	top-1 accuracy	evaluation	PRINCE, lowest top-1 accuracy of the four methods		
prince_top1_max	derived			derived: max(sub_prince_base_top1, sub_prince_sa_top1, sub_prince_scope_top1, sub_prince_cup_top1)	3	num	post hoc	PRINCE	any	top-1 accuracy	evaluation	PRINCE, highest top-1 accuracy of the four methods		
sa_base_host_ratio_min	derived			derived: min(ext_MET500_sa_host / ext_MET500_base_host, ext_POG570_sa_host / ext_POG570_base_host, ext_aux_rnaseq_sa_host / ext_aux_rnaseq_base_host)	3	num	post hoc	MET500 and POG570 and aux	HostMix-TOO	host-attraction rate ratio	at risk	min over the three RNA-seq cohorts of the HostMix-TOO to baseline host-attraction ratio		0.01
sa_base_host_ratio_max	derived			derived: max(ext_MET500_sa_host / ext_MET500_base_host, ext_POG570_sa_host / ext_POG570_base_host, ext_aux_rnaseq_sa_host / ext_aux_rnaseq_base_host)	3	num	post hoc	MET500 and POG570 and aux	HostMix-TOO	host-attraction rate ratio	at risk	max over the three RNA-seq cohorts of the HostMix-TOO to baseline host-attraction ratio		0.01
aux6_nc_host	results/stage10/derived/aux_six_rates.tsv	method == 'NC-Z'	host_rate	none	3	num	post hoc	aux	normal classes	host-attraction rate	at risk	auxiliary RNA-seq (six cohorts pooled), normal classes, host-attraction rate (post hoc)		
nc_scope_host_min_pct	derived			derived: min(dev_nc_host, pog_nc_host, aux6_nc_host, ext_MET500_scope_host, ext_POG570_scope_host, ext_aux_rnaseq_scope_host) * 100	0	num	post hoc	MET500 and POG570 and aux	normal classes and SCOPE	host-attraction rate	at risk	min host-attraction rate of the normal-class model and SCOPE over the three RNA-seq cohorts (percent)		
nc_scope_host_max_pct	derived			derived: max(dev_nc_host, pog_nc_host, aux6_nc_host, ext_MET500_scope_host, ext_POG570_scope_host, ext_aux_rnaseq_scope_host) * 100	0	num	post hoc	MET500 and POG570 and aux	normal classes and SCOPE	host-attraction rate	at risk	max host-attraction rate of the normal-class model and SCOPE over the three RNA-seq cohorts (percent)		
pog_liver_share	derived			derived: pogsite_liver_base_n / pog_base_n	3	num	post hoc	POG570		share	evaluation	POG570, share of evaluation biopsies taken from the liver ('about a third')		0.05
geo_held_n	results/stage10/derived/screening_decisions.tsv	path == 'GEO' and decision == '보류'	n_studies	none	0	num	post hoc			n		GEO series held after a title-only screen (last decision per study)	post hoc recount, A17 section 4.7	
screen_rows_n	results/stage5/aux/screening_log.tsv	all		count	0	num	exploratory			n		rows of the cohort search log		
screen_ids_n	results/stage5/aux/screening_log.tsv	all		nunique:id	0	num	exploratory			n		study identifiers of the cohort search log		
screen_extra_rows_n	derived			derived: screen_rows_n - screen_ids_n	0	num	exploratory			n		search-log rows that update an identifier already in the log		
screen_excluded_n	results/stage10/derived/screening_decisions.tsv	decision == '제외'		sum:n_studies	0	num	post hoc			n		studies excluded (last decision per study, GEO and cBioPortal)	post hoc recount, A17 section 4.7	
screen_selected_n	results/stage10/derived/screening_decisions.tsv	decision == '선별'		sum:n_studies	0	num	post hoc			n		studies passed the biopsy-site screen (last decision per study, GEO and cBioPortal)	post hoc recount, A17 section 4.7	
screen_included_n	results/stage10/derived/screening_decisions.tsv	decision == '포함'		sum:n_studies	0	num	post hoc			n		studies marked included (last decision per study, GEO and cBioPortal)	post hoc recount, A17 section 4.7	
screen_forward_n	results/stage10/derived/screening_decisions.tsv	decision in ['포함', '선별']		sum:n_studies	0	num	post hoc			n		studies taken forward (last decision per study, GEO and cBioPortal)	post hoc recount, A17 section 4.7	
screen_crit2_n	results/stage10/derived/screening_criteria.tsv	failed_criterion == 2	n_studies	none	0	num	post hoc			n		excluded studies that failed eligibility criterion 2 (last decision per study)	post hoc recount, A17 section 4.7	
screen_crit3_n	results/stage10/derived/screening_criteria.tsv	failed_criterion == 3	n_studies	none	0	num	post hoc			n		excluded studies that failed eligibility criterion 3 (last decision per study)	post hoc recount, A17 section 4.7	
screen_crit4_n	results/stage10/derived/screening_criteria.tsv	failed_criterion == 4	n_studies	none	0	num	post hoc			n		excluded studies that failed eligibility criterion 4 (last decision per study)	post hoc recount, A17 section 4.7	
screen_crit6_n	results/stage10/derived/screening_criteria.tsv	failed_criterion == 6	n_studies	none	0	num	post hoc			n		excluded studies that failed eligibility criterion 6 (last decision per study)	post hoc recount, A17 section 4.7	
screen_crit7_n	results/stage10/derived/screening_criteria.tsv	failed_criterion == 7	n_studies	none	0	num	post hoc			n		excluded studies that failed eligibility criterion 7 (last decision per study)	post hoc recount, A17 section 4.7	
excl8_aurora_n	config/aux_eval_labels.tsv	cohort == 'GSE209998' and exclude_reason == 'organ_rule:8'		count	0	num	data description	GSE209998		n		GSE209998, samples excluded with reason organ_rule:8		
excl8_gse41258_n	config/aux_eval_labels.tsv	cohort == 'GSE41258' and exclude_reason == 'organ_rule:8'		count	0	num	data description	GSE41258		n		GSE41258, samples excluded with reason organ_rule:8		
excl8_gse50760_n	config/aux_eval_labels.tsv	cohort == 'GSE50760' and exclude_reason == 'organ_rule:8'		count	0	num	data description	GSE50760		n		GSE50760, samples excluded with reason organ_rule:8		
excl8_gse71729_n	config/aux_eval_labels.tsv	cohort == 'GSE71729' and exclude_reason == 'organ_rule:8'		count	0	num	data description	GSE71729		n		GSE71729, samples excluded with reason organ_rule:8		
excl2_gse41258_n	config/aux_eval_labels.tsv	cohort == 'GSE41258' and exclude_reason == 'organ_rule:2'		count	0	num	data description	GSE41258		n		GSE41258, samples excluded with reason organ_rule:2		
excl2_gse71729_n	config/aux_eval_labels.tsv	cohort == 'GSE71729' and exclude_reason == 'organ_rule:2'		count	0	num	data description	GSE71729		n		GSE71729, samples excluded with reason organ_rule:2		
excl1_su2c_n	config/aux_eval_labels.tsv	cohort == 'prad_su2c_2019' and exclude_reason == 'organ_rule:1'		count	0	num	data description	SU2C		n		SU2C, samples excluded with reason organ_rule:1		
excl1_gse74685_n	config/aux_eval_labels.tsv	cohort == 'GSE74685' and exclude_reason == 'organ_rule:1'		count	0	num	data description	GSE74685		n		GSE74685, samples excluded with reason organ_rule:1		
exclc_imv_n	config/aux_eval_labels.tsv	cohort == 'blca_iatlas_imvigor210_2017' and exclude_reason == 'organ_rule:cohort'		count	0	num	data description	IMvigor210		n		IMvigor210, samples excluded with reason organ_rule:cohort		
exclc_prince_n	config/aux_eval_labels.tsv	cohort == 'paad_iatlas_prince_2022' and exclude_reason == 'organ_rule:cohort'		count	0	num	data description	PRINCE		n		PRINCE, samples excluded with reason organ_rule:cohort		
exclc_anders_n	config/aux_eval_labels.tsv	cohort == 'brca_iatlas_anders_2022' and exclude_reason == 'organ_rule:cohort'		count	0	num	data description	Anders		n		Anders, samples excluded with reason organ_rule:cohort		
exclc_total_n	config/aux_eval_labels.tsv	exclude_reason == 'organ_rule:cohort'		count	0	num	data description	aux		n		auxiliary samples that kept the cohort organ label without a standard biopsy site		
proxy_corr_n	results/stage2/proxy_correlation.tsv	all		count	0	num	exploratory			count		Spearman correlations computed to choose the lymph node and bone marrow proxies		
sa_mix_seed	results/stage2/augmentation_seeds.json	all	seeds.SA	none	0	num	exploratory		HostMix-TOO	seed		mixture seed recorded for HostMix-TOO		
dev_candidates_n	results/stage2/candidate_rank.tsv	all		count	0	num	exploratory	MET500		count		classifiers in the development candidate ranking		
loho_host_min	derived			derived: min(php_lohoadiposesc_host, php_lohoadiposevis_host, php_lohoadrenal_host, php_lohoblood_host, php_lohobrain_host, php_loholiver_host, php_loholung_host, php_lohomuscle_host, php_lohoskin_host, php_lohospleen_host)	3	num	exploratory	POG570	LOHO	host-attraction rate	at risk	min POG570 host-attraction rate over the ten leave-one-host-out models		
loho_host_max	derived			derived: max(php_lohoadiposesc_host, php_lohoadiposevis_host, php_lohoadrenal_host, php_lohoblood_host, php_lohobrain_host, php_loholiver_host, php_loholung_host, php_lohomuscle_host, php_lohoskin_host, php_lohospleen_host)	3	num	exploratory	POG570	LOHO	host-attraction rate	at risk	max POG570 host-attraction rate over the ten leave-one-host-out models		
power_alpha	results/stage3/power.json	all	alpha	none	2	num	design			alpha		one-sided alpha of the design power simulation		
power_nsim	results/stage3/power.json	all	n_sim	none	0	num	design			n		simulations per scenario of the design power simulation		
power_seed	results/stage3/power.json	all	seed	none	0	num	design			seed		seed of the design power simulation		
planted_rows_n	results/stage7/planted/compare.tsv	all		count	0	num	design	aux		n		rows of the independent-checker comparison on planted predictions		
planted_mismatch_n	results/stage7/planted/compare.tsv	match == False		count	0	num	design	aux		n		mismatches of the independent-checker comparison on planted predictions		
scale_pog_frac	results/stage8/external/scope/scale_check.tsv	cohort == 'POG570'	top1_changed_fraction	none	3	num	pre-specified descriptive	POG570	SCOPE	fraction		POG570, fraction of samples whose SCOPE top-1 class changed in the doubled run		
scale_imv_frac	results/stage8/external/scope/scale_check.tsv	cohort == 'blca_iatlas_imvigor210_2017'	top1_changed_fraction	none	3	num	pre-specified descriptive	blca_iatlas_imvigor210_2017	SCOPE	fraction		blca_iatlas_imvigor210_2017, fraction of samples whose SCOPE top-1 class changed in the doubled run		
scale_anders_frac	results/stage8/external/scope/scale_check.tsv	cohort == 'brca_iatlas_anders_2022'	top1_changed_fraction	none	3	num	pre-specified descriptive	brca_iatlas_anders_2022	SCOPE	fraction		brca_iatlas_anders_2022, fraction of samples whose SCOPE top-1 class changed in the doubled run		
scale_prince_frac	results/stage8/external/scope/scale_check.tsv	cohort == 'paad_iatlas_prince_2022'	top1_changed_fraction	none	3	num	pre-specified descriptive	paad_iatlas_prince_2022	SCOPE	fraction		paad_iatlas_prince_2022, fraction of samples whose SCOPE top-1 class changed in the doubled run		
scale_dfci_frac	results/stage8/external/scope/scale_check.tsv	cohort == 'mel_dfci_2019'	top1_changed_fraction	none	3	num	pre-specified descriptive	mel_dfci_2019	SCOPE	fraction		mel_dfci_2019, fraction of samples whose SCOPE top-1 class changed in the doubled run		
scale_dfci_n	results/stage8/external/scope/scale_check.tsv	cohort == 'mel_dfci_2019'	n	none	0	num	pre-specified descriptive	DFCI melanoma	SCOPE	n		DFCI melanoma, samples of the SCOPE scale check		
scale_dfci_changed	derived			derived: round(scale_dfci_frac * scale_dfci_n)	0	num	pre-specified descriptive	DFCI melanoma	SCOPE	n		DFCI melanoma, samples whose SCOPE top-1 class changed in the doubled run		
scale_four_max	derived			derived: max(scale_pog_frac, scale_imv_frac, scale_anders_frac, scale_prince_frac)	0	num	pre-specified descriptive	POG570, IMvigor210, Anders, PRINCE	SCOPE	fraction		largest changed fraction of the four cohorts other than DFCI melanoma		
m1_host_max	derived			derived: max(dev_m1_host, pog_m1_host)	0	num	post hoc		masking	host-attraction rate	at risk	host-attraction rate of native-organ masking		
set9_sets_n	results/stage9/set_metrics.tsv	all		nunique:set	0	num	post hoc			count		analysis sets of the post hoc set metrics (Figure S2)		
ma_eval_samples_n	results/stage7/confirm/tables/metrics.tsv	layer == '마이크로어레이' and cohort == 'all' and standard_site == 'all' and method == 'SA-Z'	n	none	0	num	pre-specified descriptive	microarray		n	evaluation	microarray evaluation samples, one per patient within each cohort		
overlap_eval_n	results/stage10/derived/patient_overlap.tsv	set == 'evaluation'	n_both	none	0	num	post hoc	GSE74685 and FHCRC		n		patients evaluated in both GSE74685 and FHCRC	post hoc recount, A17 section 4.7	
overlap_risk_n	results/stage10/derived/patient_overlap.tsv	set == 'at risk'	n_both	none	0	num	post hoc	GSE74685 and FHCRC		n		at-risk patients of GSE74685 also at risk in FHCRC	post hoc recount, A17 section 4.7	
meta_gse74685_n	results/stage7/confirm/tables/meta_analysis.tsv	cohort == 'GSE74685'	n	none	0	num	pre-specified descriptive	GSE74685		n	at risk	GSE74685 at-risk n of the cohort meta-analysis		
meta_rna_k	results/stage7/confirm/tables/meta_analysis.tsv	status == '계산' and layer == 'RNA-seq'	k	none	0	num	pre-specified descriptive			count		RNA-seq cohorts of the meta-analysis		
meta_ma_k	results/stage7/confirm/tables/meta_analysis.tsv	status == '계산' and layer == '마이크로어레이'	k	none	0	num	pre-specified descriptive			count		microarray cohorts of the meta-analysis		
contrib_base_n	results/stage9/imvigor_contribution_fix1.tsv	method == 'BASE-Z' and rank == 1	n_samples	none	0	num	post hoc	IMvigor210	baseline	n	native truth	IMvigor210 native-truth bladder tumors called esophagus by the baseline (gene contributions)		
contrib_sa_n	results/stage9/imvigor_contribution_fix1.tsv	method == 'SA-Z' and rank == 1	n_samples	none	0	num	post hoc	IMvigor210	HostMix-TOO	n	native truth	IMvigor210 native-truth bladder tumors called esophagus by the HostMix-TOO (gene contributions)		
abl_rna_models_n	results/stage9/ablation/metrics.tsv	all		nunique:method	0	num	post hoc			count		logistic models of the post hoc ablation		
mixmodel_check_n	manuscript/checks/posthoc_model_check.json	all	n_met500	none	0	num	post hoc	MET500	MIX-Z0	n		MET500 biopsies of the released unstandardized mixture model check		
mixmodel_check_mismatch	manuscript/checks/posthoc_model_check.json	all	joblib_top1_mismatch_vs_stage9	none	0	num	post hoc	MET500	MIX-Z0	n		top-1 mismatches of the released unstandardized mixture model check		
pub_host_min_pct0	derived			derived: pub_host_min * 100	0	num	pre-specified descriptive	MET500 and POG570 and aux	SCOPE and CUP-AI-Dx	host-attraction rate	at risk	min host-attraction rate of the published classifiers (percent, integer)		
pub_host_max_pct0	derived			derived: pub_host_max * 100	0	num	pre-specified descriptive	MET500 and POG570 and aux	SCOPE and CUP-AI-Dx	host-attraction rate	at risk	max host-attraction rate of the published classifiers (percent, integer)		
